838074,3.069,3.409,8.880,0.046,0.070,-0.035,2495,0
838094,3.007,3.136,9.014,0.008,0.022,-0.046,2495,0
838114,2.899,2.710,8.830,0.098,-0.044,-0.075,2494,0
838134,2.717,2.583,8.681,0.291,-0.095,-0.097,2493,0
838154,2.557,2.911,8.672,0.418,-0.157,-0.055,2493,0
838174,2.653,3.304,8.736,0.476,-0.318,0.080,2497,0
838194,3.120,3.620,8.686,0.409,-0.413,0.159,2501,0
838214,3.287,3.560,8.973,0.350,-0.396,0.099,2502,0
838234,3.517,3.282,8.813,0.141,-0.431,0.018,2505,0
838254,3.752,3.333,8.566,0.097,-0.288,-0.063,2511,0
838274,3.591,3.450,8.265,0.066,-0.129,-0.102,2522,0
838294,3.412,3.745,7.956,0.006,-0.005,-0.079,2532,0
838314,3.431,3.670,8.056,-0.120,0.083,-0.060,2540,0
838334,3.400,3.627,8.147,-0.207,0.207,-0.057,2539,0
838354,3.282,3.651,8.418,-0.254,0.308,-0.045,2537,0
838374,3.179,3.531,8.794,-0.286,0.309,-0.026,2539,0
838394,3.086,3.330,8.995,-0.265,0.254,-0.002,2538,0
838414,3.048,3.074,9.086,-0.208,0.172,0.003,2536,0
838434,3.010,3.002,9.017,-0.126,0.119,-0.003,2536,0
838454,3.010,3.151,8.799,-0.068,0.123,0.003,2533,0
838474,2.962,3.220,8.782,-0.074,0.125,0.009,2532,0
838494,2.744,2.837,9.337,-0.059,0.080,0.016,2529,0
838514,2.758,2.780,9.395,0.070,-0.099,-0.001,2527,0
838534,2.789,2.677,9.527,0.235,-0.260,-0.023,2524,0
838554,2.873,2.828,9.246,0.353,-0.414,-0.047,2520,0
838574,2.954,3.184,8.856,0.359,-0.550,-0.062,2516,0
838594,3.129,3.342,8.554,0.302,-0.584,-0.064,2512,0
838614,3.263,3.326,8.499,0.288,-0.503,-0.053,2511,0
838634,3.373,3.282,8.543,0.338,-0.429,-0.053,2509,0
838654,3.381,3.393,8.559,0.391,-0.396,-0.046,2504,0
838674,3.366,3.675,8.538,0.339,-0.455,-0.004,2504,0
838694,3.613,3.752,8.248,0.260,-0.486,0.041,2501,0
838714,3.855,3.661,8.068,0.253,-0.342,0.040,2499,0
838734,3.850,3.673,8.037,0.239,-0.204,0.012,2500,0
838754,3.797,3.766,7.932,0.197,-0.121,-0.012,2496,0
838774,3.766,3.855,7.949,0.075,-0.056,0.005,2497,0
838794,3.804,3.816,8.085,-0.020,-0.019,0.016,2498,0
838814,3.776,3.677,8.234,-0.061,-0.003,0.013,2497,0
838834,3.778,3.594,8.241,-0.052,0.048,0.006,2497,0
838854,3.737,3.721,8.102,-0.073,0.122,-0.005,2497,0
838874,3.699,3.687,8.243,-0.154,0.174,-0.003,2497,0
838894,3.632,3.479,8.454,-0.179,0.166,-0.006,2497,0
838914,3.594,3.412,8.464,-0.135,0.174,-0.003,2499,0
838934,3.584,3.385,8.464,-0.132,0.203,0.002,2499,0
838954,3.517,3.428,8.598,-0.132,0.220,-0.001,2499,0
838974,3.426,3.421,8.741,-0.110,0.175,0.005,2500,0
838994,3.390,3.333,8.765,-0.060,0.115,0.009,2498,0
839014,3.373,3.268,8.799,-0.003,0.059,0.001,2499,0
839034,3.349,3.290,8.705,0.024,0.006,-0.001,2498,0
839054,3.393,3.361,8.607,0.041,-0.011,-0.001,2497,0
839074,3.393,3.345,8.554,0.047,-0.010,-0.006,2497,0
839094,3.390,3.357,8.550,0.041,-0.012,-0.012,2498,0
839114,3.421,3.395,8.538,0.041,0.009,-0.015,2498,0
839134,3.390,3.479,8.598,0.033,0.032,-0.018,2499,0
839154,3.318,3.436,8.626,0.021,0.014,-0.012,2498,0
839174,3.326,3.335,8.636,0.022,-0.010,-0.003,2497,0
839194,3.371,3.285,8.588,0.039,0.002,-0.003,2498,0
839214,3.373,3.342,8.586,0.041,0.004,-0.008,2497,0
839234,3.400,3.409,8.535,0.017,0.020,-0.011,2498,0
839254,3.359,3.371,8.583,0.006,0.036,-0.013,2498,0
839274,3.280,3.330,8.674,0.015,0.027,-0.013,2496,0
839294,3.280,3.309,8.660,0.033,-0.001,-0.010,2497,0
839314,3.321,3.364,8.610,0.039,-0.010,-0.014,2496,0
839334,3.338,3.424,8.650,0.030,-0.002,-0.013,2497,0
839354,3.287,3.402,8.693,0.036,0.002,-0.011,2496,0
839374,3.220,3.366,8.648,0.038,-0.019,-0.006,2497,0
839394,3.239,3.359,8.576,0.036,-0.037,-0.003,2497,0
839414,3.282,3.395,8.545,0.027,-0.033,0.003,2496,0
839434,3.311,3.388,8.583,0.019,-0.024,0.006,2497,0
839454,3.330,3.321,8.648,0.019,-0.018,0.001,2496,0
839474,3.302,3.278,8.665,0.027,-0.019,-0.006,2498,0
839494,3.287,3.330,8.672,0.031,-0.014,-0.005,2498,0
839514,3.275,3.361,8.619,0.018,-0.015,-0.003,2497,0
839534,3.294,3.369,8.598,-0.005,-0.023,-0.005,2496,0
839554,3.373,3.472,8.554,-0.027,-0.003,-0.015,2497,0
839574,3.448,3.575,8.729,-0.026,0.083,-0.023,2498,0
839594,3.304,3.666,8.823,-0.066,0.093,-0.001,2496,0
839614,3.249,3.366,8.734,-0.101,0.069,0.019,2496,0
839634,3.275,3.091,8.813,-0.090,0.015,-0.003,2495,0
839654,3.285,2.914,8.837,-0.030,0.002,-0.049,2495,0
839674,3.184,2.799,8.691,0.039,0.024,-0.079,2492,0
839694,3.014,2.883,8.665,0.121,0.040,-0.098,2493,0
839714,2.950,3.304,8.691,0.147,0.020,-0.071,2490,0
839734,3.000,3.618,8.667,0.068,-0.019,-0.007,2488,0
839754,3.089,3.395,8.641,-0.006,-0.061,0.017,2488,0
839774,3.115,3.005,8.657,0.027,-0.069,-0.002,2488,0
839794,3.189,3.062,8.717,0.089,-0.041,-0.014,2487,0
839814,3.254,3.359,8.760,0.087,-0.008,-0.028,2484,0
839834,3.211,3.419,8.739,0.062,0.001,-0.025,2485,0
839854,3.134,3.165,8.667,0.054,-0.010,-0.019,2487,0
839874,3.136,3.122,8.715,0.072,-0.013,-0.026,2485,0
839894,3.105,3.402,8.712,0.082,-0.028,-0.023,2489,0
839914,3.096,3.539,8.693,0.050,-0.040,-0.001,2485,0
839934,3.136,3.326,8.686,0.033,-0.049,0.010,2485,0
839954,3.172,3.098,8.768,0.060,-0.040,-0.005,2485,0
839974,3.177,3.242,8.650,0.082,-0.043,-0.028,2487,0
839994,3.117,3.548,8.614,0.055,-0.040,-0.021,2488,0
840014,3.132,3.500,8.633,0.027,-0.035,-0.002,2486,0
840034,3.124,3.323,8.698,0.021,-0.041,0.009,2486,0
840054,3.184,3.134,8.717,0.038,-0.041,0.003,2488,0
840074,3.184,3.136,8.722,0.081,-0.037,-0.021,2486,0
840094,3.129,3.326,8.674,0.082,-0.046,-0.034,2486,0
840114,3.127,3.491,8.681,0.062,-0.038,-0.022,2488,0
840134,3.115,3.417,8.665,0.044,-0.026,-0.005,2488,0
840154,3.139,3.292,8.667,0.039,-0.034,-0.006,2485,0
840174,3.136,3.261,8.703,0.054,-0.039,-0.018,2486,0
840194,3.158,3.338,8.729,0.071,-0.048,-0.027,2488,0
840214,3.158,3.417,8.681,0.064,-0.052,-0.024,2487,0
840234,3.153,3.388,8.672,0.047,-0.055,-0.016,2486,0
840254,3.165,3.249,8.712,0.054,-0.064,-0.016,2486,0
840274,3.175,3.141,8.684,0.090,-0.071,-0.034,2487,0
840294,3.160,3.390,8.643,0.096,-0.059,-0.042,2489,0
840314,3.163,3.603,8.705,0.053,-0.064,-0.032,2490,0
840334,3.165,3.481,8.708,0.039,-0.087,-0.026,2488,0
840354,3.170,3.448,8.672,0.029,-0.079,-0.021,2488,0
840374,3.184,3.474,8.593,0.018,-0.045,-0.010,2488,0
840394,3.175,3.479,8.653,-0.002,-0.039,0.002,2488,0
840414,3.199,3.388,8.638,-0.011,-0.048,0.009,2489,0
840434,3.223,3.215,8.672,0.014,-0.037,0.011,2488,0
840454,3.230,3.227,8.698,0.045,-0.022,0.007,2487,0
840474,3.196,3.302,8.708,0.045,-0.035,0.000,2487,0
840494,3.194,3.352,8.602,0.048,-0.035,0.003,2488,0
840514,3.187,3.338,8.602,0.046,-0.021,0.006,2486,0
840534,3.223,3.273,8.672,0.052,-0.019,-0.001,2488,0
840554,3.196,3.270,8.729,0.059,-0.020,-0.019,2487,0
840574,3.067,3.290,8.610,0.105,-0.035,-0.019,2490,0
840594,2.957,3.187,8.954,0.261,-0.061,-0.018,2491,0
840614,2.998,3.096,8.935,0.485,-0.155,0.010,2495,0
840634,3.136,3.134,9.184,0.605,-0.248,0.016,2496,0
840654,3.215,3.144,9.383,0.626,-0.487,-0.070,2495,0
840674,3.311,3.491,9.534,0.794,-0.663,-0.174,2494,0
840694,3.582,3.601,9.014,0.901,-0.807,-0.225,2493,0
840714,3.788,3.503,8.346,0.914,-0.731,-0.287,2492,0
840734,3.867,3.752,8.217,0.929,-0.617,-0.362,2496,0
840754,3.795,4.221,8.179,1.018,-0.582,-0.462,2497,0
840774,3.723,4.590,8.047,1.079,-0.593,-0.515,2500,0
840794,3.716,4.755,8.052,1.069,-0.582,-0.492,2502,0
840814,3.838,4.812,7.961,1.105,-0.561,-0.482,2505,0
840834,3.919,4.985,7.736,1.203,-0.579,-0.544,2507,0
840854,3.955,5.234,7.348,1.270,-0.609,-0.589,2509,0
840874,4.015,5.461,7.116,1.296,-0.554,-0.586,2512,0
840894,3.958,5.811,7.118,1.292,-0.487,-0.579,2514,0
840914,3.749,6.314,7.228,1.219,-0.494,-0.541,2515,0
840934,3.749,6.536,7.226,0.978,-0.585,-0.431,2517,0
840954,3.996,6.397,7.487,0.691,-0.682,-0.320,2520,0
840974,4.288,6.160,7.623,0.669,-0.779,-0.332,2520,0
840994,4.274,6.163,7.365,0.799,-0.873,-0.383,2523,0
841014,4.362,6.388,7.183,0.855,-0.995,-0.396,2525,0
841034,4.436,6.586,6.879,0.838,-1.044,-0.404,2528,0
841054,4.355,6.835,6.608,0.690,-1.020,-0.396,2530,0
841074,4.207,6.869,6.244,0.532,-1.054,-0.362,2531,0
841094,4.362,6.622,6.031,0.473,-1.152,-0.346,2533,0
841114,4.484,6.359,5.741,0.536,-1.143,-0.370,2533,0
841134,4.496,6.292,5.394,0.622,-1.079,-0.428,2534,0
841154,4.448,6.393,5.152,0.665,-1.027,-0.503,2532,0
841174,4.345,6.522,4.925,0.703,-1.026,-0.566,2533,0
841194,4.441,6.673,4.796,0.745,-1.126,-0.594,2533,0
841214,4.410,6.742,4.381,0.849,-1.186,-0.659,2533,0
841234,4.396,6.895,4.022,0.983,-1.167,-0.757,2532,0
841254,4.606,7.032,3.567,1.117,-1.179,-0.851,2533,0
841274,4.518,6.998,3.007,1.345,-1.249,-0.985,2535,0
841294,4.405,7.262,2.600,1.572,-1.299,-1.079,2538,0
841314,4.128,7.468,2.114,1.791,-1.274,-1.153,2543,0
841334,3.548,8.028,1.535,1.950,-1.274,-1.233,2543,0
841354,3.141,8.401,0.639,2.019,-1.378,-1.274,2544,0
841374,2.775,9.397,-0.512,1.888,-1.455,-1.214,2550,0
841394,2.672,10.192,-1.173,1.384,-1.332,-0.982,2558,0
841414,2.789,9.977,-1.633,0.826,-1.063,-0.670,2559,0
841434,2.887,9.273,-1.796,0.702,-0.884,-0.538,2559,0
841454,3.249,8.612,-1.942,0.954,-0.711,-0.628,2559,0
841474,3.292,9.170,-1.841,1.231,-0.494,-0.768,2558,0
841494,2.895,10.180,-1.772,1.279,-0.346,-0.776,2558,0
841514,2.753,10.546,-1.690,1.198,-0.272,-0.622,2558,0
841534,2.880,10.288,-1.511,1.121,-0.257,-0.448,2558,0
841554,2.777,9.972,-1.317,1.025,-0.346,-0.359,2556,0
841574,2.540,9.931,-1.010,0.896,-0.519,-0.328,2554,0
841594,2.136,10.381,-1.111,0.677,-0.693,-0.229,2551,0
841614,1.736,10.831,-1.197,0.298,-0.771,-0.025,2549,0
841634,1.559,10.448,-1.161,-0.112,-0.868,0.188,2546,0
841654,1.223,9.914,-1.046,-0.227,-0.940,0.269,2544,0
841674,0.819,9.744,-0.986,-0.103,-1.034,0.286,2540,0
841694,0.718,9.876,-1.262,0.124,-1.108,0.298,2538,0
841714,0.541,10.353,-2.023,0.323,-1.033,0.366,2538,0
841734,0.828,10.230,-1.884,0.332,-0.906,0.497,2536,0
841754,1.106,9.558,-1.894,0.459,-0.866,0.532,2534,0
841774,1.197,9.131,-2.296,0.668,-0.892,0.490,2534,0
841794,1.377,9.220,-2.770,0.647,-1.014,0.510,2535,0
841814,1.767,9.266,-3.266,0.369,-1.026,0.665,2539,0
841834,2.397,8.837,-3.062,0.076,-0.935,0.763,2540,0
841854,2.533,8.238,-3.436,-0.002,-0.711,0.696,2541,0
841874,2.361,8.073,-3.915,0.044,-0.551,0.526,2543,0
841894,2.389,8.351,-3.718,0.079,-0.520,0.417,2544,0
841914,2.583,9.172,-3.950,-0.219,-0.636,0.506,2545,0
841934,3.129,9.086,-3.749,-0.629,-0.520,0.637,2545,0
841954,3.153,8.411,-3.512,-0.700,-0.257,0.703,2549,0
841974,3.541,7.997,-2.670,-0.418,-0.293,0.540,2552,0
841994,3.790,8.253,-3.179,-0.020,-0.216,0.330,2551,0
842014,3.543,8.602,-3.201,0.203,-0.197,0.224,2552,0
842034,3.903,8.641,-3.086,0.250,-0.294,0.153,2550,0
842054,4.152,8.631,-3.709,0.294,-0.030,0.096,2552,0
842074,4.089,8.404,-4.441,0.404,0.420,-0.009,2550,0
842094,3.699,8.519,-5.365,0.446,1.076,-0.138,2548,0
842114,3.598,8.574,-7.324,0.292,2.062,-0.277,2544,0
842134,3.213,9.151,-8.128,-0.159,4.225,-0.245,2536,0
842154,2.571,9.187,-5.662,-0.737,6.244,-0.165,2527,0
842174,2.318,8.349,-3.637,-0.970,7.209,-0.141,2502,0
842194,1.875,8.447,-3.694,-0.330,8.043,-0.364,2437,0
842214,0.620,8.521,-1.571,-0.232,7.805,-0.438,2371,0
842234,0.678,9.313,0.464,-0.509,7.129,-0.418,2338,0
842254,0.414,10.326,3.328,-1.128,5.829,-0.349,2318,0
842274,1.322,9.938,5.205,-1.689,3.903,-0.189,2312,0
842294,1.858,8.995,6.318,-1.981,2.017,-0.153,2309,0
842314,2.274,7.913,6.812,-1.876,0.759,-0.124,2310,0
842334,2.490,7.386,7.094,-1.668,-0.079,-0.165,2310,0
842354,2.780,6.993,7.063,-1.398,-0.488,-0.171,2311,0
842374,3.201,6.309,6.807,-0.941,-0.856,-0.141,2315,0
842394,3.285,5.902,6.294,-0.236,-1.171,-0.104,2323,0
842414,3.141,6.127,5.660,0.602,-1.295,-0.122,2341,0
842434,2.940,6.771,5.272,1.315,-1.297,-0.131,2349,0
842454,2.787,7.446,4.671,1.653,-1.442,-0.108,2352,0
842474,2.909,7.898,3.871,1.711,-1.612,-0.143,2359,0
842494,2.983,8.167,3.141,1.563,-1.620,-0.264,2369,0
842514,3.115,8.258,2.626,1.307,-1.426,-0.429,2386,0
842534,3.007,8.447,2.148,0.967,-1.203,-0.545,2403,0
842554,2.595,8.811,1.745,0.788,-1.079,-0.649,2415,0
842574,2.543,8.995,1.585,0.754,-1.000,-0.699,2427,0
842594,2.526,9.342,1.762,0.740,-0.901,-0.685,2436,0
842614,2.365,9.934,1.446,0.577,-0.813,-0.618,2437,0
842634,1.848,9.938,1.207,0.313,-0.756,-0.549,2438,0
842654,2.004,9.424,1.642,0.120,-0.560,-0.435,2439,0
842674,2.004,9.079,2.279,0.298,-0.250,-0.417,2441,0
842694,1.786,9.345,2.119,0.503,-0.144,-0.485,2442,0
842714,1.657,9.728,1.456,0.565,-0.280,-0.497,2440,0
842734,1.824,9.785,0.994,0.456,-0.532,-0.415,2440,0
842754,1.975,9.467,0.843,0.413,-0.618,-0.359,2443,0
842774,1.968,9.306,0.486,0.427,-0.625,-0.372,2447,0
842794,2.011,9.340,0.069,0.368,-0.612,-0.382,2450,0
842814,2.152,9.256,-0.084,0.305,-0.551,-0.349,2454,0
842834,1.877,9.292,0.031,0.384,-0.393,-0.315,2461,0
842854,1.736,9.325,0.005,0.501,-0.224,-0.294,2466,0
842874,1.882,9.481,-0.055,0.609,-0.076,-0.263,2466,0
842894,1.762,9.519,-0.077,0.711,0.009,-0.256,2466,0
842914,1.741,10.094,-0.292,0.645,-0.044,-0.224,2466,0
842934,1.753,10.558,-0.520,0.217,-0.250,-0.151,2465,0
842954,1.779,10.221,-0.512,-0.349,-0.391,-0.082,2466,0
842974,2.126,9.407,-0.072,-0.594,-0.312,-0.060,2470,0
842994,2.143,8.760,0.117,-0.421,-0.177,-0.141,2471,0
843014,1.812,8.842,-0.134,-0.056,-0.228,-0.256,2471,0
843034,1.702,9.601,-0.448,0.192,-0.349,-0.293,2471,0
843054,1.690,10.104,-0.524,0.203,-0.293,-0.224,2474,0
843074,1.573,10.075,-0.546,0.123,-0.216,-0.180,2474,0
843094,1.796,10.175,-0.426,0.063,-0.143,-0.161,2476,0
843114,1.781,10.077,-0.237,0.082,-0.052,-0.113,2479,0
843134,1.729,9.878,0.105,0.165,0.016,-0.076,2478,0
843154,1.628,9.938,0.192,0.249,0.009,-0.077,2479,0
843174,1.542,10.130,0.136,0.208,-0.100,-0.081,2479,0
843194,1.559,10.154,0.242,0.130,-0.183,-0.053,2480,0
843214,1.358,9.910,0.237,0.094,-0.247,-0.047,2480,0
843234,1.219,9.902,-0.148,0.080,-0.367,-0.058,2480,0
843254,1.274,9.955,-0.567,0.097,-0.419,-0.047,2482,0
843274,1.271,9.883,-0.582,0.155,-0.322,-0.023,2486,0
843294,1.396,9.725,-0.668,0.258,-0.207,-0.002,2490,0
843314,1.427,9.780,-0.795,0.289,-0.171,0.045,2491,0
843334,1.528,9.697,-0.649,0.229,-0.129,0.108,2493,0
843354,1.484,9.443,-0.409,0.235,-0.074,0.094,2493,0
843374,1.542,9.249,-0.371,0.359,-0.108,0.042,2493,0
843394,1.776,9.285,-0.433,0.500,-0.179,0.047,2494,0
843414,1.872,9.340,-0.484,0.628,-0.163,0.083,2494,0
843434,1.753,9.165,-0.464,0.778,-0.147,0.094,2492,0
843454,1.489,9.141,-0.575,0.996,-0.181,0.107,2490,0
843474,1.259,9.199,-0.797,1.122,-0.265,0.091,2487,0
843494,1.480,9.488,-1.166,1.124,-0.341,0.065,2490,0
843514,1.518,9.725,-1.391,1.132,-0.361,0.020,2493,0
843534,1.149,10.003,-1.767,1.156,-0.368,-0.022,2495,0
843554,0.967,10.412,-2.377,0.982,-0.515,-0.028,2498,0
843574,1.293,10.451,-2.909,0.688,-0.678,0.071,2501,0
843594,1.460,9.931,-3.098,0.442,-0.707,0.209,2507,0
843614,1.492,9.515,-2.957,0.333,-0.622,0.265,2509,0
843634,1.657,9.227,-2.703,0.403,-0.409,0.235,2511,0
843654,1.523,9.407,-2.741,0.598,-0.236,0.195,2510,0
843674,1.025,10.475,-3.333,0.616,-0.354,0.210,2507,0
843694,1.041,11.140,-4.020,0.232,-0.654,0.357,2509,0
843714,1.279,11.021,-4.391,-0.390,-0.766,0.613,2511,0
843734,0.929,11.047,-4.731,-1.015,-0.784,0.845,2512,0
843754,1.453,10.084,-4.594,-1.378,-0.586,1.002,2516,0
843774,1.669,9.419,-4.269,-1.351,-0.358,1.062,2522,0
843794,1.350,9.799,-4.305,-1.260,-0.300,1.085,2519,0
843814,1.733,9.711,-4.147,-1.352,-0.192,1.174,2521,0
843834,2.152,9.364,-3.704,-1.415,-0.033,1.294,2520,0
843854,2.428,8.926,-3.340,-1.376,0.117,1.315,2518,0
843874,2.727,9.333,-3.270,-1.507,0.164,1.310,2517,0
843894,3.179,9.052,-2.988,-1.740,0.225,1.335,2514,0
843914,3.309,8.736,-2.334,-1.869,0.345,1.394,2515,0
843934,3.414,8.792,-1.609,-1.932,0.460,1.482,2512,0
843954,3.871,9.155,-0.481,-2.362,0.689,1.559,2513,0
843974,4.211,8.279,0.280,-2.404,0.813,1.683,2512,0
843994,4.786,7.171,1.188,-2.216,0.804,1.726,2511,0
844014,5.097,7.214,1.750,-2.002,0.836,1.666,2507,0
844034,5.282,7.013,2.564,-2.004,0.972,1.607,2505,0
844054,5.811,6.754,3.417,-1.992,1.129,1.570,2505,0
844074,6.076,6.433,4.290,-1.854,1.216,1.597,2500,0
844094,6.129,5.775,4.820,-1.632,1.170,1.604,2498,0
844114,6.244,5.126,4.939,-1.211,0.910,1.442,2493,0
844134,5.918,4.836,5.286,-0.874,0.799,1.158,2493,0
844154,6.108,4.970,5.899,-0.546,0.912,0.934,2493,0
844174,6.041,4.882,5.978,-0.337,1.001,0.835,2493,0
844194,5.861,5.377,5.143,-0.263,0.747,0.738,2491,0
844214,6.464,5.234,5.076,-0.327,0.516,0.642,2493,0
844234,6.177,4.736,5.677,-0.459,0.645,0.589,2495,0
844254,5.823,4.685,5.885,-0.424,0.844,0.519,2494,0
844274,6.033,4.422,5.916,-0.317,0.780,0.402,2493,0
844294,6.158,4.470,5.717,-0.257,0.577,0.329,2493,0
844314,6.436,4.762,5.516,-0.238,0.465,0.247,2491,0
844334,6.507,4.700,5.368,-0.240,0.403,0.187,2489,0
844354,6.560,4.662,5.339,-0.262,0.402,0.205,2489,0
844374,6.529,4.219,5.744,-0.309,0.507,0.248,2489,0
844394,6.412,3.888,6.254,-0.144,0.730,0.217,2490,0
844414,6.448,4.391,6.321,-0.092,0.757,0.054,2488,0
844434,5.995,4.901,6.318,-0.174,0.583,-0.064,2489,0
844454,5.488,4.925,6.479,-0.359,0.411,-0.038,2485,0
844474,5.373,4.697,6.852,-0.309,0.326,-0.063,2482,0
844494,5.329,4.594,6.867,0.033,0.241,-0.142,2481,0
844514,5.480,5.334,6.553,0.338,0.213,-0.141,2480,0
844534,5.430,5.890,6.349,0.285,0.212,-0.069,2479,0
844554,4.980,5.863,6.596,0.065,0.206,-0.009,2479,0
844574,4.776,5.095,6.886,0.042,0.079,0.021,2477,0
844594,5.176,4.566,6.644,0.376,-0.217,-0.034,2475,0
844614,5.088,4.865,6.165,0.677,-0.450,-0.118,2473,0
844634,4.925,6.211,5.880,0.395,-0.465,-0.156,2472,0
844654,4.578,6.979,5.895,-0.323,-0.349,-0.172,2471,0
844674,4.946,5.720,5.904,-0.672,-0.355,-0.047,2473,0
844694,5.827,4.410,5.569,-0.377,-0.519,0.053,2472,0
844714,5.799,3.390,5.818,0.168,-0.411,0.134,2469,0
844734,6.076,3.630,6.249,0.733,-0.032,0.162,2470,0
844754,6.268,4.415,6.124,1.111,0.314,0.150,2469,0
844774,6.041,5.095,5.883,1.162,0.380,0.140,2470,0
844794,6.196,6.127,5.339,0.818,0.107,0.034,2471,0
844814,6.014,5.921,4.762,0.355,-0.333,0.033,2469,0
844834,6.141,6.127,4.803,0.046,-0.328,-0.035,2468,0
844854,5.837,6.852,5.131,-0.200,0.098,-0.164,2468,0
844874,5.552,7.465,5.332,-0.466,0.411,-0.111,2468,0
844894,5.583,6.723,5.413,-0.618,0.371,0.125,2471,0
844914,5.820,5.801,5.471,-0.498,0.274,0.334,2472,0
844934,6.057,4.690,6.256,-0.349,0.498,0.434,2472,0
844954,5.930,4.417,6.627,-0.298,0.638,0.387,2472,0
844974,5.739,4.444,6.764,-0.255,0.467,0.249,2472,0
844994,4.762,4.549,6.682,-0.143,0.306,0.223,2470,0
845014,5.282,5.052,7.140,-0.310,0.190,0.155,2471,0
845034,5.397,5.219,6.677,-0.456,0.008,0.146,2474,0
845054,5.449,4.549,6.807,-0.531,-0.011,0.228,2474,0
845074,5.203,4.161,7.015,-0.486,0.054,0.221,2474,0
845094,5.183,4.137,7.223,-0.354,0.110,0.129,2475,0
845114,5.219,4.606,7.135,-0.240,0.094,0.057,2477,0
845134,5.250,4.946,6.998,-0.271,0.090,0.002,2477,0
845154,5.174,4.475,7.034,-0.318,0.147,0.023,2477,0
845174,5.095,4.044,7.123,-0.175,0.128,0.034,2478,0
845194,5.353,4.259,7.204,0.018,0.101,0.013,2478,0
845214,5.389,4.513,7.180,-0.005,0.119,0.013,2479,0
845234,5.356,4.353,7.269,-0.100,0.212,0.043,2478,0
845254,5.466,4.530,7.333,-0.152,0.194,0.013,2477,0
845274,5.267,4.233,7.326,-0.167,0.082,-0.074,2477,0
845294,5.662,3.965,7.113,-0.079,-0.049,0.008,2479,0
845314,5.739,4.149,6.448,-0.009,-0.201,0.022,2479,0
845334,5.648,4.221,6.103,0.006,-0.209,0.019,2480,0
845354,5.760,4.125,6.045,-0.009,-0.173,0.037,2480,0
845374,5.485,4.209,6.325,-0.007,0.022,0.017,2479,0
845394,5.212,4.341,6.800,-0.044,0.269,-0.022,2479,0
845414,5.322,4.290,6.740,-0.039,0.272,-0.014,2479,0
845434,5.270,4.173,6.567,0.014,0.076,0.006,2479,0
845454,5.138,3.974,6.979,0.129,0.025,0.036,2479,0
845474,5.088,4.264,7.439,0.215,0.144,0.054,2477,0
845494,5.215,4.717,7.348,0.107,0.167,0.007,2475,0
845514,5.298,4.810,7.082,-0.051,-0.027,-0.020,2477,0
845534,5.171,4.082,6.907,-0.028,-0.205,0.041,2475,0
845554,5.198,4.195,7.168,0.186,-0.110,0.094,2474,0
845574,5.298,4.458,7.180,0.277,0.054,0.106,2472,0
845594,5.344,4.726,7.010,0.242,0.052,0.134,2470,0
845614,5.145,4.731,7.065,0.096,-0.032,0.130,2472,0
845634,4.978,4.872,7.183,-0.058,-0.022,0.119,2472,0
845654,5.054,4.427,7.503,-0.138,0.035,0.143,2472,0
845674,5.169,4.156,7.623,-0.044,0.066,0.151,2470,0
845694,5.116,4.166,7.592,0.062,0.049,0.147,2472,0
845714,5.126,4.324,7.451,0.099,-0.043,0.163,2469,0
845734,5.308,4.362,7.259,0.065,-0.158,0.178,2471,0
845754,5.442,3.958,7.144,0.022,-0.206,0.168,2469,0
845774,5.452,3.766,6.981,0.033,-0.184,0.138,2470,0
845794,5.456,3.565,6.785,0.064,-0.155,0.118,2467,0
845814,5.538,3.361,6.653,0.109,-0.127,0.103,2469,0
845834,5.638,3.182,6.586,0.215,-0.124,0.082,2469,0
845854,5.710,3.464,6.740,0.325,-0.043,0.022,2468,0
845874,5.521,4.235,6.766,0.215,0.051,-0.083,2468,0
845894,5.430,4.446,6.764,-0.050,0.020,-0.119,2468,0
845914,5.495,3.919,6.800,-0.129,-0.113,-0.075,2470,0
845934,5.557,3.706,6.687,0.059,-0.175,-0.063,2467,0
845954,5.442,4.034,6.670,0.193,-0.025,-0.086,2467,0
845974,5.344,4.451,6.814,0.191,0.168,-0.090,2468,0
845994,5.344,4.458,6.941,0.122,0.192,-0.073,2467,13
846014,5.274,4.250,7.032,0.120,0.098,-0.047,2467,369
846034,5.241,4.235,7.046,0.187,-0.000,-0.036,2467,487
846054,5.284,4.587,6.965,0.242,-0.006,-0.041,2466,559
846074,5.294,4.616,6.948,0.225,0.040,-0.020,2467,614
846094,5.437,4.453,6.855,0.257,0.059,0.018,2467,689
846114,5.413,4.398,6.716,0.319,0.029,0.029,2467,709
846134,5.385,4.542,6.618,0.338,0.029,0.028,2467,739
846154,5.370,4.470,6.764,0.343,0.060,0.041,2468,766
846174,5.344,4.269,6.953,0.421,0.103,0.056,2465,789
846194,5.377,4.386,6.950,0.548,0.102,0.050,2465,816
846214,5.365,4.693,6.661,0.548,0.028,0.027,2466,832
846234,5.255,4.800,6.524,0.452,-0.038,0.013,2468,838
846254,5.186,4.633,6.539,0.409,-0.046,0.011,2466,849
846274,5.157,4.487,6.658,0.480,0.036,0.005,2466,848
846294,5.169,4.616,6.642,0.598,0.121,0.005,2465,859
846314,5.155,4.666,6.665,0.691,0.164,0.017,2465,862
846334,5.267,4.693,6.783,0.738,0.180,0.017,2463,866
846354,5.444,5.284,6.467,0.681,0.048,-0.054,2465,877
846374,5.681,5.521,5.971,0.455,-0.159,-0.100,2464,868
846394,5.796,4.791,5.878,0.262,-0.223,-0.054,2464,872
846414,5.748,4.183,5.995,0.327,-0.082,-0.070,2465,884
846434,5.382,4.683,6.120,0.432,0.077,-0.204,2465,881
846454,4.831,5.825,6.297,0.359,0.163,-0.306,2466,863
846474,4.635,6.172,6.390,0.206,0.172,-0.275,2466,847
846494,4.812,5.488,6.608,0.282,0.055,-0.167,2467,845
846514,4.767,5.243,6.498,0.584,-0.099,-0.109,2467,844
846534,4.365,5.605,6.630,0.861,-0.076,-0.137,2466,824
846554,4.228,6.620,6.680,0.874,0.059,-0.179,2466,783
846574,4.453,7.233,6.297,0.712,0.062,-0.177,2466,723
846594,4.547,6.974,6.144,0.514,-0.046,-0.109,2465,672
846614,4.930,6.615,5.959,0.379,-0.124,-0.021,2465,663
846634,5.138,6.517,5.708,0.215,-0.192,0.005,2465,636
846654,5.205,6.598,5.653,0.015,-0.236,-0.006,2463,618
846674,5.169,6.548,5.669,-0.183,-0.290,0.028,2464,561
846694,5.234,6.203,5.665,-0.305,-0.317,0.060,2463,432
846714,5.792,5.890,5.655,-0.379,-0.274,0.075,2466,394
846734,5.772,5.397,5.631,-0.498,-0.266,0.023,2463,336
846754,5.270,5.660,6.120,-0.422,-0.131,-0.079,2462,143
846774,4.911,5.703,6.328,-0.196,-0.056,-0.128,2463,8
846794,5.107,6.062,6.270,0.025,-0.110,-0.177,2465,0
846814,4.978,6.199,5.856,0.184,-0.198,-0.131,2464,0
846834,4.961,6.194,5.502,0.298,-0.262,-0.078,2466,0
846854,5.203,6.582,5.361,0.232,-0.280,-0.069,2466,0
846874,5.267,6.179,5.440,0.116,-0.151,-0.017,2469,0
846894,5.308,6.170,5.586,0.037,-0.064,-0.034,2467,0
846914,5.107,6.378,5.657,0.017,-0.015,-0.079,2467,0
846934,4.961,6.531,5.859,-0.003,0.043,-0.062,2466,0
846954,4.946,6.325,5.950,-0.088,0.055,-0.023,2465,0
846974,5.052,6.163,6.021,-0.124,-0.005,-0.010,2465,0
846994,5.042,5.906,6.091,-0.171,-0.059,-0.007,2466,0
847014,5.150,5.887,6.043,-0.203,-0.101,-0.021,2464,0
847034,5.102,5.942,5.930,-0.272,-0.124,-0.044,2466,0
847054,4.968,5.588,6.139,-0.350,-0.055,-0.029,2464,0
847074,4.994,5.236,6.464,-0.352,0.007,-0.028,2465,0
847094,5.119,5.090,6.457,-0.218,-0.058,-0.058,2462,0
847114,4.994,5.339,6.340,-0.094,-0.168,-0.120,2464,0
847134,5.071,5.734,6.043,0.004,-0.261,-0.146,2464,0
847154,5.133,5.849,5.820,0.050,-0.301,-0.128,2464,0
847174,5.296,5.689,5.777,0.128,-0.197,-0.084,2467,0
847194,5.337,5.713,5.909,0.202,-0.077,-0.068,2465,0
847214,5.083,5.914,6.414,0.265,0.056,-0.075,2464,0
847234,4.824,5.832,6.809,0.372,0.107,-0.033,2464,0
847254,4.772,5.397,7.025,0.520,0.017,0.021,2463,0
847274,4.858,5.308,7.168,0.688,-0.170,0.017,2465,0
847294,4.578,5.409,7.374,0.794,-0.448,-0.007,2465,0
847314,4.683,5.353,7.575,0.921,-0.764,-0.018,2462,0
847334,4.729,5.329,7.365,1.053,-1.060,-0.040,2463,0
847354,4.975,4.614,7.412,1.401,-1.077,0.027,2461,0
847374,5.080,4.496,7.013,1.695,-1.035,-0.138,2456,0
847394,4.666,5.499,6.718,1.692,-1.169,-0.317,2456,0
847414,4.290,6.359,6.017,1.463,-1.482,-0.359,2454,0
847434,4.058,6.359,5.722,1.089,-2.001,-0.350,2456,0
847454,4.501,5.703,5.188,0.927,-2.456,-0.430,2455,0
847474,4.848,5.691,4.338,1.027,-2.688,-0.580,2458,0
847494,4.999,6.433,3.613,1.163,-2.772,-0.700,2458,0
847514,5.045,7.111,3.163,1.090,-2.809,-0.784,2460,0
847534,4.855,7.307,2.265,1.056,-2.769,-0.850,2460,0
847554,4.568,7.207,1.341,1.150,-2.954,-0.885,2458,0
847574,4.187,7.824,-0.007,1.375,-3.438,-0.917,2467,0
847594,4.492,9.266,-1.233,1.181,-3.761,-0.832,2486,0
847614,4.501,9.455,-2.792,0.766,-3.433,-0.634,2499,0
847634,3.847,8.964,-4.254,0.528,-3.114,-0.476,2510,0
847654,3.603,8.528,-4.731,0.482,-3.351,-0.475,2519,0
847674,3.464,8.435,-4.911,0.452,-3.520,-0.513,2529,0
847694,2.964,8.571,-6.761,0.734,-3.484,-0.492,2542,0
847714,3.187,9.395,-7.281,0.730,-2.915,-0.367,2550,0
847734,3.807,9.266,-7.341,0.431,-2.179,-0.174,2558,0
847754,4.068,8.344,-8.262,0.282,-1.055,-0.100,2558,0
847774,4.345,7.843,-8.382,0.359,0.399,-0.203,2557,0
847794,4.001,7.484,-8.485,0.592,1.597,-0.420,2544,0
847814,3.718,7.491,-8.698,0.862,2.723,-0.743,2535,0
847834,3.852,8.392,-9.165,0.710,4.247,-0.880,2524,0
847854,3.531,8.878,-6.948,-0.222,6.453,-0.744,2503,0
847874,3.780,8.471,-7.080,-0.727,7.694,-0.674,2471,0
847894,2.523,8.097,-6.024,-0.009,8.731,-0.624,2399,0
847914,1.551,7.884,-3.555,0.207,8.704,-0.435,2349,0
847934,1.434,8.528,-0.383,0.135,7.861,-0.310,2316,0
847954,1.324,8.799,2.547,-0.067,6.610,-0.347,2294,0
847974,1.219,8.775,5.006,-0.279,5.181,-0.482,2287,0
847994,1.305,8.617,6.735,-0.536,3.548,-0.632,2279,0
848014,1.453,8.337,7.676,-0.706,1.848,-0.720,2276,0
848034,1.611,8.183,7.784,-0.769,0.264,-0.745,2275,0
848054,1.628,8.203,7.609,-0.631,-0.998,-0.630,2275,0
848074,1.621,8.066,6.962,-0.369,-1.950,-0.441,2278,0
848094,1.798,8.444,6.527,0.003,-2.685,-0.243,2279,0
848114,1.298,8.576,5.748,0.371,-3.495,-0.087,2281,0
848134,1.290,8.712,4.585,0.741,-4.127,-0.027,2286,0
848154,1.820,8.835,3.184,1.014,-4.453,-0.030,2288,0
848174,2.349,9.294,2.588,1.019,-4.545,0.016,2296,0
848194,2.514,9.996,1.659,0.691,-4.679,0.156,2305,0
848214,2.693,9.376,0.512,0.215,-4.757,0.249,2313,0
848234,3.306,8.918,-0.620,-0.220,-4.388,0.203,2324,0
848254,3.838,8.516,-1.128,-0.398,-3.823,0.055,2344,0
848274,3.484,8.796,-2.313,-0.360,-3.150,-0.050,2370,0
848294,3.871,9.244,-2.428,-0.397,-2.634,-0.005,2409,0
848314,3.601,9.261,-3.345,-0.406,-2.180,0.211,2436,0
848334,3.785,9.455,-2.660,-0.522,-2.026,0.430,2452,0
848354,3.989,9.850,-1.894,-0.733,-1.936,0.523,2465,0
848374,4.276,8.756,-3.237,-0.799,-1.679,0.474,2473,0
848394,4.202,8.301,-4.015,-0.609,-1.411,0.347,2480,0
848414,3.804,9.402,-3.323,-0.682,-1.668,0.369,2491,0
848434,4.276,9.706,-2.114,-0.940,-2.112,0.475,2489,0
848454,4.156,8.669,-4.424,-0.839,-1.937,0.478,2493,0
848474,3.472,8.708,-5.564,-0.447,-1.771,0.355,2488,0
848494,4.041,9.534,-5.528,-0.414,-1.565,0.284,2477,0
848514,4.336,9.158,-6.021,-0.386,-0.528,0.318,2471,0
848534,4.750,8.590,-6.783,-0.325,1.190,0.341,2463,0
848554,5.634,7.250,-6.474,-0.201,3.862,0.146,2452,0
848574,5.358,6.574,-4.779,0.565,6.894,-0.391,2449,0
848594,4.772,6.232,-3.170,0.967,8.089,-0.659,2457,0
848614,4.108,6.191,-6.206,1.879,8.731,-0.582,2412,0
848634,1.279,8.564,-3.572,2.811,8.731,-0.283,2325,0
848654,-0.453,10.470,-1.113,2.333,8.731,-0.066,2269,0
848674,-1.140,12.091,1.899,1.364,7.673,0.026,2239,0
848694,-0.725,12.002,5.547,0.337,5.506,0.115,2224,0
848714,-0.043,10.364,7.714,-0.141,2.843,0.156,2217,0
848734,0.488,8.782,7.547,-0.059,0.209,0.216,2217,0
848754,1.267,8.384,6.251,0.210,-1.527,0.351,2219,0
848774,2.430,8.588,4.626,0.448,-2.882,0.479,2219,0
848794,2.761,8.059,2.646,0.711,-4.065,0.491,2224,0
848814,2.717,8.107,0.271,0.928,-4.761,0.325,2240,0
848834,2.811,8.171,-0.874,0.989,-4.677,0.185,2262,0
848854,2.274,9.108,-1.616,0.860,-4.135,0.075,2284,0
848874,2.365,10.551,-0.761,0.202,-2.807,0.147,2309,0
848894,3.335,10.130,0.235,-0.484,-1.590,0.136,2335,0
848914,4.140,9.208,0.699,-0.745,-0.710,0.009,2345,0
848934,4.029,8.832,0.936,-0.356,-0.315,-0.075,2345,0
848954,3.761,8.801,0.757,0.015,-0.470,0.056,2341,0
848974,4.451,9.998,1.329,0.050,-0.678,0.224,2347,0
848994,4.930,10.116,1.561,-0.231,-0.593,0.327,2358,0
849014,5.229,9.510,1.913,-0.632,-0.398,0.347,2366,0
849034,5.361,9.038,2.634,-0.890,-0.356,0.334,2367,0
849054,5.059,8.830,2.667,-0.942,-0.723,0.390,2367,0
849074,5.157,8.624,2.631,-0.895,-1.354,0.417,2370,0
849094,5.406,8.423,2.559,-0.887,-1.862,0.361,2384,0
849114,5.535,7.764,1.942,-0.648,-2.096,0.301,2391,0
849134,5.203,7.108,0.654,-0.200,-2.122,0.227,2402,0
849154,4.863,7.733,0.247,0.119,-2.520,0.265,2417,0
849174,5.064,8.459,0.589,-0.013,-3.074,0.334,2434,0
849194,4.908,8.332,-0.158,-0.313,-3.408,0.368,2448,0
849214,3.962,8.169,-3.091,-0.499,-3.348,0.348,2458,0
849234,3.448,8.701,-3.728,-0.942,-3.775,0.283,2471,0
849254,3.661,8.593,-2.373,-1.077,-4.434,0.054,2480,0
849274,3.970,8.045,-4.025,-0.787,-4.373,-0.135,2484,0
849294,3.187,8.557,-7.894,-0.484,-3.381,-0.177,2493,0
849314,2.315,10.262,-8.128,-0.431,-2.164,0.001,2486,0
849334,2.732,10.597,-9.852,-0.571,-0.500,0.258,2480,0
849354,4.044,10.027,-9.290,-0.536,2.388,0.530,2466,0
849374,4.436,9.002,-8.064,-0.208,5.932,0.718,2448,0
849394,3.191,7.254,-5.004,0.296,8.731,0.246,2447,0
849414,3.359,6.321,-2.152,0.733,8.731,-0.484,2438,0
849434,3.833,7.214,-4.166,1.480,8.731,-0.831,2393,0
849454,0.723,8.971,-1.288,1.661,8.731,-0.812,2322,0
849474,-0.955,10.544,0.713,0.623,8.295,-0.572,2273,0
849494,-0.611,11.389,3.594,-0.485,6.662,-0.264,2242,0
849514,-0.455,9.799,6.091,-1.125,4.742,-0.114,2227,0
849534,0.067,7.841,7.764,-1.089,2.935,-0.146,2224,0
849554,0.603,7.128,8.368,-0.756,1.318,-0.231,2222,0
849574,1.034,7.257,7.934,-0.541,-0.088,-0.320,2224,0
849594,1.164,7.752,7.104,-0.508,-1.023,-0.379,2226,0
849614,1.113,8.195,6.606,-0.602,-1.511,-0.380,2230,0
849634,1.374,8.191,6.254,-0.717,-1.783,-0.364,2235,0
849654,1.856,7.853,5.713,-0.702,-1.874,-0.397,2241,0
849674,2.095,7.906,5.353,-0.576,-1.753,-0.452,2247,0
849694,2.222,8.183,5.358,-0.405,-1.569,-0.414,2248,0
849714,2.143,8.119,5.634,-0.135,-1.658,-0.193,2248,0
849734,2.148,7.968,5.471,0.334,-1.906,0.061,2259,0
849754,2.444,7.822,5.104,0.736,-2.005,0.157,2284,0
849774,2.749,8.124,4.831,1.088,-2.017,0.180,2289,0
849794,2.708,8.734,4.511,1.295,-2.342,0.248,2292,0
849814,2.866,8.380,3.467,1.454,-2.873,0.351,2292,0
849834,3.519,8.291,2.823,1.568,-3.194,0.311,2301,0
849854,4.058,8.626,2.461,1.376,-3.236,0.221,2319,0
849874,4.209,8.495,1.544,1.214,-3.157,0.123,2336,0
849894,3.836,7.954,0.347,1.120,-3.160,0.103,2363,0
849914,4.154,8.507,0.443,0.895,-3.366,0.052,2406,0
849934,4.489,8.966,0.536,0.617,-3.426,0.025,2439,0
849954,4.477,8.440,-0.239,0.385,-3.211,-0.019,2450,0
849974,4.453,8.253,-1.542,0.255,-2.711,-0.059,2459,0
849994,4.413,9.050,-2.365,0.008,-2.022,-0.029,2467,0
850014,4.094,9.304,-2.701,-0.266,-1.330,0.031,2475,0
850034,3.697,9.172,-2.052,-0.602,-1.189,0.093,2478,0
850054,3.541,8.602,-2.200,-0.744,-1.401,0.119,2480,0
850074,3.299,8.485,-2.500,-0.469,-1.600,0.099,2481,0
850094,3.124,8.595,-2.887,-0.198,-1.828,0.075,2483,0
850114,3.670,8.961,-2.851,-0.088,-1.887,0.100,2480,0
850134,4.128,8.674,-3.215,-0.053,-1.610,0.156,2480,0
850154,3.898,8.377,-3.979,0.079,-1.212,0.135,2479,0
850174,3.388,8.686,-4.020,0.114,-1.361,0.041,2473,0
850194,3.711,9.005,-3.273,-0.093,-1.670,0.010,2459,0
850214,4.001,8.799,-3.680,-0.297,-1.490,0.087,2455,0
850234,3.407,8.447,-4.319,-0.341,-1.164,0.149,2454,0
850254,2.648,8.847,-4.065,-0.347,-1.567,0.023,2445,0
850274,2.945,8.686,-3.141,-0.396,-2.176,-0.228,2438,0
850294,3.625,8.576,-5.294,-0.248,-1.959,-0.432,2439,0
850314,3.996,8.722,-6.416,0.101,-0.406,-0.353,2439,0
850334,4.278,9.213,-7.317,0.490,1.599,-0.210,2433,0
850354,4.470,8.981,-7.312,0.632,4.264,-0.180,2430,0
850374,3.874,8.507,-6.366,0.842,7.208,-0.465,2431,0
850394,3.007,7.705,-4.908,1.040,8.673,-0.836,2439,0
850414,2.933,7.013,-7.887,1.757,8.731,-0.951,2403,0
850434,0.031,9.261,-5.832,2.340,8.731,-0.791,2310,0
850454,-1.753,11.267,-3.098,1.633,8.731,-0.568,2258,0
850474,-1.516,12.036,0.417,0.380,8.713,-0.430,2234,0
850494,-1.094,11.509,4.331,-0.728,6.762,-0.292,2224,0
850514,-0.014,9.560,7.472,-1.050,4.411,-0.276,2213,0
850534,0.907,8.236,8.274,-0.808,1.828,-0.277,2210,0
850554,1.492,7.726,7.295,-0.309,-0.372,-0.203,2208,0
850574,1.841,8.353,5.770,0.083,-1.831,-0.020,2207,0
850594,2.184,9.060,4.630,0.189,-2.516,0.105,2212,0
850614,2.531,9.357,3.697,0.253,-2.938,0.157,2213,0
850634,3.033,8.641,2.519,0.514,-3.526,0.141,2221,0
850654,3.036,8.878,0.996,0.847,-3.817,0.102,2228,0
850674,3.112,9.201,0.486,0.996,-3.481,0.134,2242,0
850694,3.510,9.677,0.220,1.200,-3.095,0.257,2251,0
850714,3.788,8.875,-0.290,1.411,-3.195,0.409,2266,0
850734,4.283,8.894,-1.798,1.503,-3.222,0.470,2288,0
850754,4.743,9.201,-2.413,1.355,-2.571,0.444,2309,0
850774,5.042,8.868,-2.780,1.404,-1.241,0.288,2326,0
850794,4.513,8.188,-3.536,1.551,-0.753,0.064,2350,0
850814,4.271,9.522,-3.187,1.363,-0.404,0.034,2382,0
850834,4.219,9.498,-2.883,0.942,-0.561,0.176,2407,0
850854,4.156,9.182,-2.825,0.568,-0.605,0.292,2416,0
850874,4.128,8.164,-2.950,0.517,-0.538,0.234,2417,0
850894,3.910,7.626,-2.887,0.658,-0.614,0.061,2424,0
850914,4.152,8.408,-2.775,0.485,-0.801,0.046,2435,0
850934,4.269,8.444,-2.650,0.125,-0.724,0.171,2447,0
850954,4.039,7.942,-2.327,-0.011,-0.502,0.228,2450,0
850974,3.828,7.092,-1.784,0.265,-0.778,0.190,2458,0
850994,4.001,7.501,-1.793,0.567,-1.312,0.100,2470,0
851014,4.231,8.159,-2.602,0.482,-1.612,0.013,2481,0
851034,4.039,8.349,-3.254,0.202,-1.344,-0.029,2492,0
851054,3.515,8.200,-3.364,0.100,-1.041,-0.086,2501,0
851074,2.804,8.076,-3.421,0.388,-1.046,-0.142,2511,0
851094,2.840,8.502,-3.306,0.650,-1.454,-0.145,2520,0
851114,4.623,8.969,-3.129,0.295,-0.969,-0.026,2526,0
851134,4.204,8.930,-2.375,0.362,-0.210,-0.091,2528,0
851154,3.194,8.317,-2.492,0.729,-0.105,-0.276,2527,0
851174,2.519,8.942,-3.780,1.023,-0.708,-0.353,2526,0
851194,2.370,9.321,-5.169,0.548,-1.155,-0.053,2531,0
851214,2.495,8.502,-5.950,-0.234,-1.356,0.329,2541,0
851234,2.497,7.151,-6.115,-0.498,-1.285,0.455,2547,0
851254,2.696,6.584,-6.227,-0.109,-1.118,0.217,2553,0
851274,2.447,6.685,-5.947,0.426,-0.937,-0.026,2558,0
851294,2.425,7.630,-6.244,0.596,-0.876,-0.049,2556,0
851314,2.907,8.207,-6.093,0.339,-0.545,0.069,2556,0
851334,3.132,8.219,-5.155,0.070,-0.116,0.070,2554,0
851354,2.533,8.112,-4.295,0.035,-0.135,0.018,2548,0
851374,1.549,8.147,-4.913,-0.003,-0.423,0.140,2545,0
851394,2.119,8.430,-5.198,-0.273,-0.618,0.462,2542,0
851414,2.614,7.949,-5.179,-0.355,-0.422,0.558,2539,0
851434,3.062,7.910,-4.922,-0.224,-0.192,0.403,2534,0
851454,3.232,8.262,-4.752,-0.177,-0.049,0.244,2524,0
851474,2.945,9.342,-4.975,-0.424,-0.146,0.310,2512,0
851494,2.682,9.874,-5.085,-0.992,-0.379,0.666,2501,0
851514,2.519,8.550,-4.767,-1.308,-0.456,1.029,2484,0
851534,2.911,7.221,-4.750,-1.434,-0.455,1.138,2463,0
851554,3.464,6.270,-5.392,-1.057,-0.314,0.791,2432,0
851574,3.199,6.431,-6.615,-0.314,0.207,0.295,2402,0
851594,2.780,7.752,-5.409,-0.310,0.568,0.258,2373,0
851614,3.658,8.923,-4.401,-0.472,0.504,0.398,2350,0
851634,4.044,9.230,-4.017,-0.620,0.447,0.369,2331,0
851654,3.826,8.976,-3.857,-0.648,0.276,0.329,2318,0
851674,3.685,8.945,-4.776,-0.713,0.298,0.434,2302,0
851694,3.637,9.005,-4.855,-0.936,0.173,0.555,2289,0
851714,4.197,8.004,-4.951,-0.870,0.221,0.522,2276,0
851734,4.197,7.439,-5.260,-0.537,0.528,0.423,2263,0
851754,4.032,8.083,-4.053,-0.456,0.855,0.329,2253,0
851774,3.522,8.253,-3.100,-0.383,0.905,0.158,2238,0
851794,3.594,7.676,-3.390,-0.246,0.744,0.035,2225,0
851814,4.243,8.138,-2.952,-0.055,0.889,-0.079,2213,0
851834,4.597,8.061,-1.676,-0.439,1.084,-0.034,2203,0
851854,4.970,7.992,-1.156,-0.843,0.936,-0.005,2195,0
851874,5.468,7.867,-0.692,-1.124,0.538,-0.035,2194,0
851894,5.116,7.501,-1.063,-0.971,0.002,-0.131,2193,0
851914,4.422,8.473,-1.094,-0.293,-0.310,-0.260,2198,0
851934,3.864,9.752,-0.852,0.381,-0.177,-0.339,2207,0
851954,3.778,10.475,-0.421,0.731,-0.202,-0.322,2216,0
851974,3.242,10.278,-1.209,0.706,-0.510,-0.182,2229,0
851994,2.727,9.275,-2.646,0.551,-1.035,0.026,2244,0
852014,3.807,8.516,-3.821,0.211,-0.985,0.255,2263,0
852034,4.824,7.977,-3.194,-0.444,-0.131,0.444,2273,0
852054,5.404,7.501,-2.128,-0.768,0.304,0.395,2276,0
852074,5.571,7.276,-1.477,-0.759,0.390,0.233,2277,0
852094,5.224,7.470,-1.446,-0.577,0.416,0.037,2279,0
852114,4.927,7.887,-1.415,-0.669,0.377,-0.060,2285,0
852134,4.542,8.473,-1.281,-0.884,0.504,-0.073,2293,0
852154,4.283,8.607,-1.120,-1.201,0.752,0.042,2308,0
852174,4.250,8.873,-1.166,-1.443,1.027,0.148,2323,0
852194,4.073,8.988,-1.188,-1.721,1.379,0.134,2339,0
852214,3.785,8.416,-1.434,-2.008,1.715,0.119,2343,0
852234,3.419,7.922,-0.979,-2.435,1.775,0.162,2334,0
852254,3.883,7.781,0.441,-2.457,1.472,0.082,2327,0
852274,4.247,7.925,1.118,-2.435,1.213,-0.002,2321,0
852294,4.384,8.205,1.403,-2.406,1.099,0.008,2318,0
852314,4.401,8.289,1.724,-2.421,1.131,0.074,2312,0
852334,4.580,8.248,2.425,-2.382,1.162,0.119,2307,0
852354,4.357,8.033,3.560,-2.141,1.033,0.055,2306,0
852374,4.329,7.934,4.630,-1.743,0.759,0.005,2307,0
852394,4.372,8.066,5.136,-1.280,0.532,0.005,2307,0
852414,4.326,7.980,5.409,-0.916,0.526,0.052,2309,0
852434,4.317,7.982,5.725,-0.699,0.659,0.105,2310,0
852454,4.147,7.719,5.887,-0.583,0.736,0.132,2310,0
852474,3.929,7.858,6.244,-0.602,0.579,0.165,2309,0
852494,3.903,7.484,6.752,-0.744,0.338,0.208,2311,0
852514,3.977,6.847,6.979,-0.816,0.175,0.226,2311,0
852534,4.410,3.689,6.809,-0.270,-0.155,0.576,2314,0
852554,4.051,4.767,6.172,0.585,-0.094,0.228,2319,0
852574,4.166,6.852,5.772,0.528,-0.096,-0.332,2318,0
852594,3.639,8.109,5.205,-0.170,-0.132,-0.370,2319,0
852614,3.491,8.669,4.829,-0.924,-0.269,-0.200,2320,0
852634,3.883,7.616,5.294,-1.336,-0.296,0.014,2321,0
852654,4.166,6.548,6.218,-1.065,-0.145,0.012,2325,0
852674,4.314,6.697,5.854,-0.663,-0.070,-0.111,2324,0
852694,3.977,6.843,5.806,-0.297,-0.143,-0.073,2324,0
852714,3.682,6.931,6.048,-0.033,-0.123,0.015,2322,0
852734,4.152,7.163,6.464,0.112,-0.039,0.048,2319,0
852754,3.855,6.862,6.115,0.144,-0.179,0.095,2320,0
852774,3.919,7.113,5.634,0.100,-0.326,0.060,2318,0
852794,4.125,7.159,5.131,-0.082,-0.427,0.027,2314,0
852814,4.475,5.868,6.244,-0.155,-0.080,0.160,2309,0
852834,4.750,4.417,7.053,0.234,0.465,0.207,2301,0
852854,4.561,4.937,6.814,0.658,0.442,-0.028,2288,0
852874,3.785,6.290,6.539,0.514,0.123,-0.203,2282,0
852894,3.335,6.704,5.950,-0.027,-0.239,-0.211,2270,0
852914,3.639,6.610,4.697,-0.670,-0.536,-0.110,2255,0
852934,3.371,6.823,4.657,-0.972,-0.183,0.073,2237,0
852954,1.908,6.728,5.404,-0.707,0.534,0.322,2212,0
852974,5.308,6.081,5.344,-0.433,0.782,0.093,2173,0
852994,3.211,6.457,5.703,-0.231,0.545,-0.014,2144,0
853014,4.295,7.278,6.225,-0.169,0.367,-0.035,2116,0
853034,5.416,7.228,5.629,0.087,0.098,0.200,2097,0
853054,6.218,6.409,4.640,-0.362,0.321,-0.048,2085,0
853074,4.781,5.950,5.231,-0.576,0.780,-0.176,2075,0
853094,4.463,5.442,6.436,-0.553,1.035,-0.218,2063,0
853114,3.946,4.994,8.267,-0.058,0.808,-0.204,2041,0
853134,2.935,6.206,8.124,0.422,0.261,-0.173,2032,0
853154,2.128,8.126,7.784,0.253,0.065,-0.171,2021,0
853174,3.120,7.867,8.353,-0.258,0.261,-0.091,2010,0
853194,4.776,6.907,8.892,-0.117,0.176,0.045,2004,0
853214,4.384,6.232,7.690,0.240,-0.062,0.083,2001,0
853234,3.318,5.157,6.141,0.432,-0.284,0.151,2000,0
853254,3.019,5.437,6.155,0.637,-0.351,0.167,1999,0
853274,3.572,5.394,6.780,0.725,-0.426,0.140,2000,0
853294,4.108,5.863,6.285,0.674,-0.168,0.029,2002,0
853314,3.790,6.349,5.966,0.481,0.021,-0.067,2008,0
853334,3.802,6.292,6.500,0.473,0.116,-0.103,2014,0
853354,3.859,6.476,6.517,0.649,0.044,-0.015,2021,0
853374,3.812,5.861,6.512,1.072,-0.239,0.096,2032,0
853394,3.725,5.210,5.780,1.474,-0.533,0.085,2045,0
853414,4.202,4.458,3.812,1.568,-1.013,0.008,2068,0
853434,3.847,6.807,3.847,1.442,-1.034,-0.201,2097,0
853454,3.651,8.294,4.796,0.980,-0.504,-0.130,2125,0
853474,3.440,8.375,5.511,0.914,0.045,0.135,2146,0
853494,4.166,8.794,6.115,1.053,0.269,0.140,2161,0
853514,5.210,10.465,5.054,0.737,0.046,-0.461,2188,0
853534,2.021,10.501,5.535,0.082,-0.134,-0.301,2220,0
853554,3.124,9.649,5.780,-0.279,-0.241,0.165,2234,0
853574,3.759,8.543,6.304,-0.483,-0.408,0.390,2249,0
853594,4.005,7.817,6.596,-0.515,-0.478,0.355,2260,0
853614,4.132,7.125,6.797,-0.325,-0.483,0.290,2267,0
853634,4.089,6.740,6.819,-0.032,-0.555,0.246,2264,0
853654,4.020,6.711,6.888,0.082,-0.619,0.194,2268,0
853674,4.049,6.881,7.374,-0.137,-0.569,0.115,2271,0
853694,3.881,6.852,8.140,-0.533,-0.547,0.060,2275,0
853714,3.797,6.752,8.724,-0.803,-0.721,0.059,2286,0
853734,3.934,6.761,8.679,-0.960,-0.945,0.064,2290,0
853754,3.900,6.764,8.552,-1.099,-0.959,0.034,2300,0
853774,3.721,6.651,8.995,-1.249,-0.880,-0.011,2304,0
853794,3.328,6.560,9.206,-1.469,-0.920,-0.007,2308,0
853814,3.220,6.244,9.191,-1.749,-1.043,0.031,2314,0
853834,3.287,5.787,9.246,-1.942,-1.080,0.009,2319,0
853854,3.062,5.112,9.143,-2.062,-1.089,-0.111,2323,0
853874,2.756,4.573,8.897,-2.104,-1.232,-0.292,2327,0
853894,2.667,4.350,8.674,-2.174,-1.560,-0.449,2333,0
853914,2.878,4.223,7.989,-2.227,-1.728,-0.593,2349,0
853934,3.146,4.039,7.681,-2.331,-1.646,-0.759,2361,0
853954,3.230,3.761,7.389,-2.423,-1.500,-0.963,2372,0
853974,3.187,3.424,7.123,-2.443,-1.554,-1.174,2386,0
853994,3.254,3.354,6.917,-2.402,-1.702,-1.385,2396,0
854014,3.500,3.649,6.721,-2.416,-1.580,-1.559,2406,0
854034,3.524,4.070,6.859,-2.576,-1.186,-1.706,2414,0
854054,3.187,4.228,7.140,-2.793,-0.818,-1.875,2415,0
854074,2.727,4.140,7.319,-2.947,-0.757,-2.010,2416,0
854094,2.792,3.596,7.049,-3.041,-0.966,-2.054,2417,0
854114,3.302,4.041,7.355,-3.269,-0.944,-2.028,2422,0
854134,3.086,4.875,8.454,-3.511,-0.533,-2.063,2428,0
854154,2.471,4.626,9.299,-3.429,-0.170,-2.206,2431,0
854174,2.301,3.845,9.402,-2.892,-0.258,-2.385,2431,0
854194,2.660,3.201,8.543,-2.148,-0.560,-2.569,2432,0
854214,3.100,3.986,7.542,-1.648,-0.781,-2.737,2439,0
854234,3.069,5.533,7.300,-1.651,-0.659,-2.767,2447,0
854254,2.533,6.043,7.005,-1.633,-0.368,-2.747,2450,0
854274,2.181,5.962,6.445,-1.382,-0.355,-2.719,2451,0
854294,2.009,6.412,5.710,-0.977,-0.550,-2.689,2455,0
854314,1.688,8.356,5.337,-0.881,-0.506,-2.518,2462,0
854334,1.932,8.825,4.903,-1.032,-0.189,-2.147,2465,0
854354,2.732,8.519,4.470,-1.088,0.001,-1.796,2469,0
854374,3.314,8.844,4.312,-1.025,0.071,-1.545,2469,0
854394,3.529,8.521,4.573,-0.889,0.284,-1.252,2472,0
854414,4.231,8.049,5.112,-0.761,0.567,-0.920,2473,0
854434,4.525,7.645,5.710,-0.672,0.815,-0.726,2471,0
854454,4.211,7.537,6.840,-0.679,1.051,-0.630,2472,0
854474,4.087,7.032,8.135,-0.727,1.042,-0.433,2468,0
854494,4.312,6.086,8.866,-0.798,0.728,-0.262,2463,0
854514,4.640,4.477,9.220,-0.786,0.365,-0.228,2465,0
854534,4.903,3.721,9.005,-0.498,0.209,-0.291,2468,0
854554,4.875,3.637,8.547,-0.144,0.303,-0.365,2469,0
854574,4.520,3.481,8.614,-0.066,0.431,-0.429,2467,0
854594,4.180,3.005,9.357,-0.184,0.251,-0.462,2465,0
854614,3.895,2.076,9.591,-0.266,0.017,-0.457,2464,0
854634,3.749,2.306,9.242,-0.137,0.095,-0.505,2466,0
854654,3.251,2.969,9.486,0.061,0.319,-0.592,2469,0
854674,2.933,3.491,9.948,0.256,0.530,-0.588,2467,0
854694,2.772,3.472,9.969,0.393,0.601,-0.431,2462,0
854714,2.579,3.548,9.613,0.286,0.386,-0.169,2456,0
854734,2.449,3.515,9.591,0.056,0.107,0.074,2455,0
854754,2.368,3.443,9.443,-0.098,-0.034,0.211,2457,0
854774,2.595,3.139,9.218,-0.189,0.098,0.272,2455,0
854794,2.926,2.761,9.448,-0.203,0.353,0.323,2454,0
854814,2.976,2.555,9.773,-0.265,0.383,0.331,2452,0
854834,2.581,2.224,9.883,-0.311,0.369,0.289,2449,0
854854,2.576,2.277,10.108,-0.303,0.459,0.202,2446,0
854874,2.397,1.913,10.783,-0.225,0.328,0.075,2437,0
854894,2.342,2.016,10.795,0.036,0.037,-0.095,2432,0
854914,1.702,2.497,10.084,0.187,-0.159,-0.184,2429,0
854934,1.621,3.055,9.309,-0.034,-0.288,-0.038,2426,0
854954,2.303,2.679,9.194,-0.250,-0.243,0.174,2423,0
854974,2.598,2.184,9.546,-0.101,-0.107,0.170,2421,0
854994,2.210,1.951,9.567,0.136,-0.057,0.066,2421,0
855014,1.932,2.174,9.342,0.297,-0.114,-0.055,2420,0
855034,1.990,2.322,9.012,0.258,-0.205,-0.055,2420,0
855054,2.602,2.258,9.084,0.163,-0.198,-0.036,2421,0
855074,2.339,2.145,8.693,0.181,-0.092,-0.139,2422,0
855094,2.512,2.239,9.189,0.245,-0.069,-0.276,2423,0
855114,2.717,2.634,9.052,0.178,0.013,-0.358,2426,0
855134,2.665,2.828,9.148,0.064,0.123,-0.346,2430,0
855154,2.631,2.078,9.354,0.092,0.173,-0.392,2435,0
855174,2.294,1.820,9.376,0.307,0.144,-0.503,2438,0
855194,2.155,2.255,9.110,0.326,0.092,-0.498,2446,0
855214,2.222,2.433,9.175,0.351,0.085,-0.546,2458,0
855234,2.210,2.952,9.328,0.348,0.038,-0.598,2467,0
855254,2.368,3.024,9.254,0.186,-0.027,-0.570,2471,0
855274,2.315,2.729,9.134,-0.037,-0.103,-0.566,2473,0
855294,2.351,2.277,9.201,-0.063,-0.169,-0.611,2475,0
855314,2.255,2.523,9.280,0.070,-0.193,-0.711,2480,0
855334,2.255,2.555,9.218,0.109,-0.188,-0.744,2484,0
855354,2.167,3.029,8.969,0.115,-0.177,-0.735,2490,0
855374,1.927,3.725,9.124,0.077,-0.169,-0.710,2496,0
855394,1.762,4.207,8.904,0.006,-0.164,-0.586,2502,0
855414,1.518,4.041,8.708,0.005,-0.122,-0.438,2505,0
855434,1.499,3.802,8.775,0.104,-0.087,-0.323,2503,0
855454,1.233,3.893,8.461,0.159,-0.138,-0.186,2506,0
855474,1.621,4.264,8.454,0.086,-0.136,0.041,2505,0
855494,1.860,3.869,8.873,-0.014,-0.136,0.180,2506,0
855514,2.243,3.263,9.266,-0.036,-0.070,0.246,2510,0
855534,2.057,2.921,9.591,0.051,-0.083,0.301,2509,0
855554,2.449,3.110,9.074,0.120,-0.155,0.353,2509,0
855574,2.605,2.897,8.961,0.096,-0.072,0.271,2509,0
855594,2.514,2.756,9.191,0.031,-0.045,0.134,2508,0
855614,2.490,2.624,9.215,0.102,-0.034,0.015,2508,0
855634,2.210,3.189,8.959,0.077,-0.043,-0.001,2507,0
855654,2.215,3.503,9.005,0.066,-0.037,0.004,2507,0
855674,2.263,3.402,9.002,-0.017,-0.093,0.003,2507,0
855694,2.112,3.302,8.849,-0.092,-0.086,0.003,2510,0
855714,2.315,3.153,8.763,-0.143,-0.060,0.028,2512,0
855734,2.598,2.840,8.765,-0.152,0.074,-0.014,2519,0
855754,2.416,3.299,9.199,-0.386,0.083,-0.013,2535,0
855774,2.349,2.794,9.452,-0.265,0.007,-0.091,2543,0
855794,2.073,2.765,9.194,-0.016,0.042,-0.159,2554,0
855814,1.894,2.758,9.007,0.082,0.048,-0.088,2556,0
855834,1.839,2.660,9.014,0.142,0.052,0.006,2555,0
855854,2.057,2.938,9.098,0.215,0.019,0.050,2553,0
855874,2.306,3.153,9.234,0.214,-0.042,0.055,2553,0
855894,2.188,3.115,9.117,0.156,-0.104,0.045,2550,0
855914,2.303,3.244,8.942,0.106,-0.146,0.051,2547,0
855934,2.365,3.069,9.112,0.026,-0.128,0.055,2545,0
855954,2.502,3.053,9.299,0.070,-0.107,0.042,2544,0
855974,2.471,2.926,9.124,0.094,-0.067,0.021,2543,0
855994,2.164,2.859,9.201,0.149,0.009,0.036,2543,0
856014,2.188,2.926,9.165,0.197,0.048,0.067,2540,0
856034,2.308,3.223,8.988,0.253,0.098,0.059,2539,0
856054,2.301,3.615,8.789,0.282,0.191,-0.007,2533,0
856074,2.045,3.666,8.997,0.267,0.246,-0.038,2535,0
856094,1.980,3.414,9.012,0.216,0.237,0.027,2532,0
856114,2.028,3.237,8.981,0.253,0.175,0.097,2530,0
856134,1.992,3.321,8.887,0.315,0.083,0.078,2528,0
856154,1.846,3.460,8.612,0.199,-0.034,0.079,2526,0
856174,2.040,3.450,8.614,-0.051,-0.136,0.143,2525,0
856194,2.251,3.218,8.904,-0.207,-0.142,0.161,2523,0
856214,2.198,3.024,9.294,-0.202,-0.154,0.116,2524,0
856234,2.095,2.990,9.306,-0.136,-0.155,0.075,2522,0
856254,1.999,2.995,9.096,-0.091,-0.138,0.082,2521,0
856274,2.040,3.242,8.988,-0.096,-0.120,0.106,2519,0
856294,2.148,3.261,9.038,-0.120,-0.138,0.117,2521,0
856314,2.272,3.196,9.050,-0.136,-0.115,0.135,2519,0
856334,2.116,3.330,9.014,-0.151,-0.103,0.175,2519,0
856354,2.121,3.251,8.983,-0.173,-0.123,0.222,2520,0
856374,2.377,3.108,8.976,-0.191,-0.111,0.238,2520,0
856394,2.401,2.966,9.079,-0.194,-0.095,0.240,2519,0
856414,2.387,2.928,9.189,-0.209,-0.139,0.247,2520,0
856434,2.440,2.713,9.199,-0.209,-0.180,0.248,2519,0
856454,2.612,2.459,9.208,-0.184,-0.171,0.218,2519,0
856474,2.612,2.401,9.167,-0.157,-0.157,0.146,2521,0
856494,2.483,2.385,9.321,-0.143,-0.196,0.099,2524,0
856514,2.504,2.310,9.256,-0.114,-0.256,0.090,2522,0
856534,2.622,2.349,9.100,-0.088,-0.266,0.076,2526,0
856554,2.818,2.332,9.069,-0.079,-0.240,0.041,2528,0
856574,2.837,2.354,9.079,-0.026,-0.171,-0.012,2525,0
856594,2.636,2.313,9.268,0.050,-0.156,-0.035,2524,0
856614,2.715,2.282,9.309,0.148,-0.197,-0.061,2521,0
856634,2.672,2.239,9.596,0.234,-0.249,-0.081,2520,0
856654,2.875,2.028,9.663,0.383,-0.398,-0.118,2517,0
856674,2.765,1.779,9.629,0.599,-0.468,-0.233,2516,0
856694,2.885,2.095,9.871,0.815,-0.628,-0.342,2515,0
856714,3.230,2.040,9.625,1.002,-0.799,-0.491,2516,0
856734,3.393,1.978,9.170,1.236,-0.855,-0.684,2520,0
856754,3.287,2.504,8.751,1.519,-0.831,-0.878,2528,0
856774,3.000,3.773,8.590,1.612,-0.860,-0.923,2529,0
856794,3.191,4.748,8.751,1.515,-0.997,-0.811,2533,0
856814,3.768,5.306,9.055,1.386,-1.229,-0.677,2539,0
856834,4.118,5.480,9.143,1.357,-1.414,-0.598,2542,0
856854,4.082,5.952,8.957,1.401,-1.585,-0.478,2544,0
856874,4.135,6.268,8.255,1.343,-1.730,-0.353,2549,0
856894,4.465,6.120,7.496,1.346,-1.763,-0.322,2559,0
856914,4.942,6.591,7.034,1.474,-1.747,-0.293,2559,0
856934,4.911,7.077,6.163,1.523,-1.691,-0.225,2582,0
856954,5.562,7.365,5.128,1.367,-1.496,-0.141,2595,0
856974,5.782,7.499,4.417,1.155,-1.254,-0.044,2602,0
856994,6.100,7.561,4.041,0.990,-0.998,0.066,2606,0
857014,6.072,8.045,3.809,0.783,-0.820,0.213,2608,0
857034,6.045,8.150,3.594,0.481,-0.730,0.379,2609,0
857054,5.895,7.336,3.723,0.436,-0.534,0.437,2609,0
857074,5.677,7.245,4.111,0.591,-0.276,0.434,2611,0
857094,5.351,7.377,4.338,0.674,-0.122,0.438,2609,0
857114,5.485,7.017,4.645,0.638,-0.181,0.434,2607,0
857134,6.146,6.165,4.492,0.730,-0.223,0.356,2606,0
857154,6.572,5.916,4.175,0.796,-0.152,0.241,2603,0
857174,6.299,5.602,4.111,0.833,-0.022,0.054,2603,0
857194,6.017,5.277,3.984,0.816,0.099,-0.114,2602,0
857214,6.524,4.776,3.575,0.715,0.068,-0.221,2598,0
857234,6.936,4.702,3.024,0.604,0.124,-0.421,2598,0
857254,6.653,4.927,2.452,0.725,0.361,-0.812,2601,0
857274,5.820,5.971,1.894,0.875,0.785,-1.178,2600,0
857294,5.124,7.147,2.523,0.986,1.180,-1.377,2603,0
857314,4.135,7.659,3.263,1.121,1.532,-1.329,2604,0
857334,3.833,8.001,4.195,1.148,1.427,-1.192,2603,0
857354,3.694,8.425,4.250,1.003,1.115,-1.046,2600,0
857374,3.266,8.396,4.132,0.559,0.775,-0.896,2594,0
857394,3.424,7.812,4.573,0.107,0.573,-0.754,2597,0
857414,3.438,7.934,4.499,-0.225,0.388,-0.651,2597,0
857434,2.818,7.602,4.238,-0.383,0.297,-0.593,2595,0
857454,3.007,7.463,4.082,-0.602,0.193,-0.556,2593,0
857474,2.887,7.161,4.831,-0.675,0.095,-0.512,2591,0
857494,2.413,7.396,6.045,-0.509,0.067,-0.425,2590,0
857514,1.973,7.961,6.139,-0.417,-0.054,-0.479,2587,0
857534,2.614,7.350,5.298,-0.287,-0.308,-0.713,2583,0
857554,3.151,6.460,4.317,0.083,-0.366,-0.849,2579,0
857574,2.380,7.944,3.804,0.064,-0.012,-0.654,2561,0
857594,1.008,8.389,4.362,-0.315,0.249,-0.370,2559,0
857614,0.359,7.944,4.800,-0.524,0.141,-0.198,2559,0
857634,1.772,7.681,4.393,-0.624,-0.257,-0.151,2559,0
857654,2.157,7.360,4.211,-0.777,-0.370,-0.012,2559,0
857674,1.659,7.072,4.453,-0.799,-0.133,0.144,2559,0
857694,1.683,6.455,4.846,-0.493,0.164,0.181,2559,0
857714,1.985,6.567,5.157,-0.153,0.213,0.038,2562,0
857734,2.236,6.802,5.073,-0.093,0.006,-0.138,2559,0
857754,2.545,6.838,5.042,-0.228,-0.148,-0.134,2559,0
857774,2.806,6.991,5.145,-0.314,-0.062,-0.130,2559,0
857794,3.021,7.034,5.789,-0.293,0.010,-0.281,2561,0
857814,3.050,6.958,6.318,-0.211,-0.107,-0.359,2559,0
857834,3.026,7.432,6.749,-0.067,-0.261,-0.314,2564,0
857854,2.966,7.920,6.282,-0.021,-0.284,-0.366,2564,0
857874,3.019,8.322,5.885,-0.104,-0.205,-0.395,2576,0
857894,2.832,8.595,6.100,-0.277,-0.064,-0.298,2569,0
857914,2.478,8.384,6.677,-0.352,-0.118,-0.194,2569,0
857934,2.713,8.432,6.747,-0.278,-0.430,-0.139,2577,0
857954,2.710,8.471,6.158,-0.359,-0.548,-0.047,2590,0
857974,2.370,8.076,5.600,-0.498,-0.406,0.072,2595,0
857994,2.476,7.642,5.571,-0.521,-0.296,0.136,2601,0
858014,2.768,7.491,6.000,-0.535,-0.294,0.127,2605,0
858034,2.435,7.130,6.321,-0.507,-0.419,0.127,2605,0
858054,2.373,7.207,6.088,-0.495,-0.563,0.193,2609,0
858074,2.715,7.535,5.473,-0.551,-0.434,0.295,2620,0
858094,3.242,7.458,5.650,-0.459,-0.171,0.259,2625,0
858114,3.275,7.053,6.093,-0.244,0.017,0.162,2639,0
858134,2.746,6.613,6.206,0.050,0.072,0.083,2657,0
858154,1.899,6.773,6.888,0.420,-0.115,0.077,2667,0
858174,2.413,7.307,6.527,0.442,-0.459,0.072,2679,0
858194,3.352,6.862,5.952,0.298,-0.562,0.079,2706,0
858214,3.488,6.625,5.801,0.244,-0.492,-0.002,2739,0
858234,2.772,7.087,5.856,0.268,-0.395,-0.051,2759,0
858254,2.959,7.805,6.014,0.217,-0.438,-0.015,2760,0
858274,3.261,7.764,5.823,0.118,-0.410,0.065,2760,0
858294,3.493,7.202,6.012,0.055,-0.289,0.120,2766,0
858314,3.426,7.393,6.045,0.006,-0.175,0.141,2772,0
858334,2.988,7.740,6.191,-0.035,-0.261,0.209,2776,0
858354,3.287,7.120,5.770,-0.142,-0.404,0.339,2775,0
858374,3.661,6.512,5.413,-0.103,-0.271,0.333,2770,0
858394,3.546,6.653,5.528,0.063,-0.072,0.218,2771,0
858414,3.431,6.876,5.866,0.239,-0.011,0.145,2774,0
858434,3.555,7.331,5.641,0.213,-0.033,0.201,2784,0
858454,3.790,7.372,5.782,0.146,0.029,0.290,2788,0
858474,3.704,7.180,6.045,0.160,0.046,0.278,2786,0
858494,3.689,7.175,5.279,0.169,0.035,0.295,2779,0
858514,3.766,7.154,5.131,0.139,0.177,0.372,2770,0
858534,3.838,7.501,5.641,0.136,0.294,0.377,2764,0
858554,3.661,7.556,5.667,0.172,0.261,0.346,2757,0
858574,3.697,7.118,5.375,0.154,0.205,0.348,2752,0
858594,3.965,6.709,5.562,0.153,0.220,0.313,2751,0
858614,3.948,6.886,5.725,0.216,0.239,0.273,2752,0
858634,4.051,7.175,5.873,0.226,0.220,0.279,2749,0
858654,4.029,7.020,5.413,0.266,0.204,0.263,2751,0
858674,3.919,6.804,5.464,0.309,0.223,0.268,2745,103
858694,3.888,6.721,5.564,0.304,0.224,0.273,2746,334
858714,3.977,6.953,5.526,0.245,0.252,0.322,2742,707
858734,4.070,7.348,5.437,0.132,0.192,0.389,2740,1403
858754,4.130,7.053,5.588,0.058,0.124,0.376,2737,1426
858774,4.290,6.902,5.799,0.114,0.118,0.290,2738,1890
858794,4.391,6.886,5.511,0.209,0.173,0.241,2738,2052
858814,4.144,7.010,5.588,0.216,0.198,0.232,2740,2044
858834,4.094,7.192,5.555,0.116,0.163,0.281,2744,1916
858854,4.338,7.025,5.488,0.067,0.186,0.313,2749,1879
858874,4.384,7.111,5.734,0.090,0.213,0.281,2751,2152
858894,4.128,7.207,5.569,0.096,0.175,0.265,2750,2443
858914,4.118,6.967,5.430,0.088,0.159,0.283,2749,2535
858934,4.120,6.869,5.387,0.087,0.181,0.272,2749,2602
858954,4.178,6.970,5.504,0.057,0.150,0.252,2748,2624
858974,4.389,6.852,5.799,-0.032,0.109,0.295,2751,2715
858994,4.523,6.558,5.600,-0.064,0.152,0.341,2757,2750
859014,4.226,6.558,5.703,0.099,0.207,0.242,2766,2829
859034,3.998,7.068,5.710,0.212,0.239,0.202,2768,2986
859054,3.936,7.075,5.406,0.197,0.251,0.304,2770,3098
859074,3.958,6.900,5.488,0.200,0.241,0.372,2768,3226
859094,4.195,6.598,5.653,0.242,0.220,0.340,2766,3091
859114,4.312,6.567,5.727,0.290,0.159,0.256,2756,2978
859134,4.544,6.656,5.780,0.343,0.124,0.167,2747,2947
859154,4.472,7.051,5.835,0.428,0.193,0.104,2741,2938
859174,4.231,7.276,5.689,0.411,0.255,0.177,2741,2949
859194,4.159,7.417,5.720,0.389,0.278,0.250,2742,2985
859214,4.171,7.626,5.737,0.373,0.281,0.276,2746,3005
859234,3.883,7.879,5.698,0.345,0.274,0.367,2744,3038
859254,3.941,7.733,5.737,0.326,0.231,0.504,2742,3057
859274,4.240,7.590,5.918,0.400,0.215,0.507,2743,3051
859294,4.087,7.884,5.765,0.421,0.227,0.528,2740,3014
859314,3.982,7.652,5.504,0.456,0.237,0.599,2745,3068
859334,4.142,7.518,5.461,0.576,0.268,0.596,2753,3069
859354,3.972,7.819,5.430,0.661,0.290,0.608,2752,3080
859374,3.931,8.164,5.385,0.675,0.290,0.706,2749,3090
859394,4.099,8.334,5.262,0.632,0.294,0.818,2749,3093
859414,4.178,8.200,5.250,0.625,0.360,0.885,2747,3094
859434,4.108,8.215,5.076,0.641,0.432,0.969,2746,3114
859454,4.185,8.231,5.009,0.672,0.494,1.026,2746,3106
859474,4.312,8.150,4.946,0.707,0.563,1.079,2748,3090
859494,4.305,8.222,4.858,0.729,0.624,1.174,2746,3126
859514,4.283,8.157,4.863,0.715,0.668,1.300,2744,3168
859534,4.389,7.817,4.853,0.786,0.745,1.310,2745,3171
859554,4.374,7.697,4.760,0.916,0.832,1.286,2742,3128
859574,4.532,7.666,4.551,0.988,0.925,1.346,2742,3123
859594,4.662,7.568,4.448,1.010,1.071,1.418,2740,3110
859614,4.537,7.276,4.424,1.079,1.167,1.363,2739,3064
859634,4.329,7.037,4.393,1.228,1.230,1.298,2736,3044
859654,4.281,6.812,4.223,1.405,1.297,1.264,2736,3012
859674,4.506,6.740,4.183,1.571,1.399,1.247,2735,3024
859694,4.671,6.646,4.262,1.719,1.572,1.225,2735,3005
859714,4.535,6.586,4.137,1.811,1.686,1.164,2734,3012
859734,4.626,6.278,4.085,1.885,1.705,1.078,2736,3051
859754,4.468,6.383,4.223,1.980,1.738,1.016,2733,3060
859774,4.345,6.582,4.137,2.093,1.838,1.020,2731,3044
859794,4.338,6.613,4.113,2.112,1.874,1.078,2730,3052
859814,3.467,5.389,3.618,2.220,1.861,1.016,2728,3047
859834,4.264,6.223,3.637,2.311,1.745,0.845,2728,3118
859854,4.580,6.843,3.536,2.336,1.959,0.717,2726,3225
859874,4.085,7.597,3.742,2.242,2.150,0.762,2725,3078
859894,3.960,7.511,4.008,1.848,2.099,1.053,2721,3170
859914,4.128,6.998,4.135,1.725,1.995,1.082,2721,3254
859934,4.056,6.993,4.187,1.731,1.890,0.933,2717,3275
859954,4.147,7.161,4.271,1.654,1.785,0.906,2716,3252
859974,4.714,6.917,4.161,1.578,1.767,0.922,2715,3178
859994,4.939,6.709,4.367,1.510,1.800,0.881,2715,3243
860014,4.523,7.365,4.647,1.406,1.838,0.827,2714,3273
860034,4.104,7.604,4.827,1.212,1.767,0.852,2714,3279
860054,4.216,6.900,4.714,1.157,1.654,0.815,2712,3154
860074,4.654,7.065,4.889,1.146,1.588,0.659,2711,3090
860094,4.642,7.776,5.322,1.056,1.656,0.569,2710,3045
860114,4.017,8.260,5.583,0.881,1.689,0.621,2706,2946
860134,3.761,7.408,5.543,0.812,1.623,0.693,2704,2887
860154,4.094,7.209,5.794,0.852,1.512,0.605,2702,2853
860174,4.171,7.621,5.729,0.845,1.425,0.497,2702,2869
860194,3.989,8.009,5.751,0.633,1.267,0.535,2703,2923
860214,3.915,7.345,5.657,0.538,1.138,0.496,2702,2920
860234,3.816,7.405,5.679,0.537,1.053,0.434,2700,2887
860254,3.907,7.427,5.770,0.490,1.012,0.421,2698,2711
860274,3.962,7.441,5.521,0.351,0.935,0.400,2696,2630
860294,4.070,6.814,5.547,0.250,0.843,0.337,2696,2677
860314,3.907,6.603,5.385,0.288,0.806,0.209,2694,2591
860334,3.685,6.852,5.428,0.287,0.744,0.128,2696,2273
860354,3.838,6.924,5.504,0.182,0.667,0.089,2696,2288
860374,3.666,7.072,6.065,0.145,0.579,0.063,2704,2509
860394,3.807,7.269,6.481,0.134,0.485,0.050,2712,2391
860414,3.979,6.302,6.146,0.185,0.385,-0.137,2715,2129
860434,3.910,6.258,5.174,0.463,0.488,-0.353,2716,1977
860454,3.757,7.451,4.877,0.663,0.706,-0.410,2721,1409
860474,3.393,8.569,4.776,0.580,0.970,-0.374,2724,1027
860494,3.031,7.642,6.752,0.782,1.499,-0.387,2732,213
860514,2.456,8.622,6.000,0.948,1.548,-0.350,2717,0
860534,2.052,8.662,5.540,1.216,1.588,-0.168,2700,0
860554,1.798,8.368,5.650,1.451,1.357,-0.048,2684,276
860574,1.444,8.006,5.667,1.616,0.968,0.024,2650,143
860594,1.274,7.791,5.770,1.638,0.362,0.039,2618,251
860614,1.188,7.647,5.969,1.458,-0.234,0.042,2596,35
860634,1.022,6.838,5.511,1.303,-0.744,0.002,2575,157
860654,1.386,6.335,4.398,1.332,-1.100,-0.069,2565,0
860674,1.743,5.952,3.627,1.362,-1.338,-0.175,2562,0
860694,1.946,5.789,2.933,1.313,-1.347,-0.338,2572,0
860714,1.999,6.045,2.770,1.181,-1.250,-0.509,2574,0
860734,2.717,6.299,2.263,0.803,-1.231,-0.596,2571,0
860754,3.062,6.203,2.308,0.142,-1.323,-0.674,2578,100
860774,3.045,4.741,2.468,-0.188,-1.651,-0.886,2579,126
860794,3.443,3.524,1.468,0.170,-2.090,-1.208,2576,175
860814,3.996,3.673,-0.474,0.770,-2.198,-1.576,2574,12
860834,4.393,4.820,-1.535,0.805,-1.860,-1.872,2575,21
860854,3.883,5.653,-1.427,0.624,-1.317,-2.209,2577,113
860874,2.796,5.777,-1.058,0.819,-1.025,-2.483,2584,10
860894,1.530,6.622,-1.872,1.543,-0.985,-2.708,2589,5
860914,0.864,8.547,-3.730,1.794,-0.932,-2.771,2588,0
860934,0.055,10.111,-4.429,1.205,-0.646,-2.723,2587,0
860954,-0.594,10.654,-4.422,0.910,-0.235,-2.716,2581,0
860974,-1.832,10.975,-4.369,1.128,0.245,-2.701,2559,114
860994,-3.804,12.474,-5.456,1.541,0.535,-2.651,2559,225
861014,-4.860,15.048,-6.390,1.080,0.922,-2.367,2558,344
861034,-5.327,15.488,-5.775,0.230,1.442,-1.897,2544,421
861054,-5.409,14.921,-4.599,-0.143,1.653,-1.429,2527,197
861074,-5.289,13.927,-3.654,-0.407,1.739,-1.069,2507,431
861094,-4.918,13.022,-2.215,-0.589,1.675,-0.882,2488,212
861114,-4.638,13.091,-0.536,-0.541,1.545,-0.763,2471,203
861134,-4.199,12.622,0.378,-0.436,1.558,-0.611,2454,206
861154,-3.862,12.201,1.279,-0.517,1.197,-0.398,2438,220
861174,-3.857,11.672,1.841,-0.717,0.530,-0.343,2424,143
861194,-3.907,10.690,1.997,-0.935,-0.237,-0.239,2421,196
861214,-3.464,9.840,1.149,-0.792,-0.430,-0.152,2417,184
861234,-3.036,8.617,-0.366,-0.661,-0.150,-0.174,2416,216
861254,-3.464,8.100,-1.152,-0.557,0.047,-0.364,2416,217
861274,-4.602,7.903,-0.852,-0.862,-0.274,-0.522,2417,146
861294,-5.229,7.779,-0.462,-1.199,-1.058,-0.678,2418,0
861314,-5.909,8.832,1.817,-0.782,-1.166,-0.673,2424,0
861334,-5.847,10.398,3.314,-0.515,-0.994,-0.414,2425,0
861354,-4.374,8.538,1.712,-0.296,-0.521,-0.302,2429,0
861374,-4.532,9.242,0.747,0.083,-0.225,-0.235,2431,0
861394,-4.427,9.725,0.328,0.052,-0.191,-0.084,2431,1954
861414,-3.850,9.237,0.414,-0.085,-0.176,-0.056,2433,2619
861434,-3.747,8.705,0.093,-0.102,-0.202,-0.082,2433,3201
861454,-3.651,8.861,0.158,0.017,-0.207,-0.133,2434,3252
861474,-3.673,9.230,0.383,0.055,-0.178,-0.110,2434,3346
861494,-3.618,9.261,0.702,-0.062,-0.203,-0.031,2435,3538
861514,-3.831,8.851,0.792,-0.045,-0.144,0.017,2436,3686
861534,-4.144,8.708,0.567,0.070,-0.083,0.020,2436,3730
861554,-4.319,9.160,0.335,0.023,-0.122,0.001,2435,3770
861574,-4.307,9.103,0.347,-0.087,-0.204,-0.018,2440,3808
861594,-4.266,9.096,0.680,-0.118,-0.248,-0.033,2437,3822
861614,-4.058,9.419,1.144,-0.169,-0.173,-0.054,2436,3808
861634,-3.747,9.519,1.583,-0.267,0.030,-0.025,2433,3722
861654,-3.426,9.239,2.401,-0.191,0.361,-0.049,2427,3602
861674,-3.428,9.404,2.770,0.252,0.761,-0.068,2418,3554
861694,-3.692,9.857,2.722,0.741,1.181,0.114,2415,3269
861714,-4.123,9.129,3.378,1.035,1.379,0.279,2409,3037
861734,-4.077,8.042,4.494,1.756,0.811,0.134,2403,3055
861754,-3.704,8.507,1.743,2.274,0.138,0.072,2396,3129
861774,-3.998,9.438,-0.359,2.766,-0.119,0.243,2391,3154
861794,-4.116,10.029,-2.682,2.605,-0.486,0.516,2385,3151
861814,-4.362,10.508,-4.415,1.727,-1.001,0.702,2388,3185
861834,-4.025,10.180,-5.440,0.641,-1.262,0.734,2390,3203
861854,-3.273,9.084,-6.110,-0.440,-1.081,0.697,2392,3226
861874,-2.993,8.246,-5.720,-0.820,-0.647,0.610,2390,3259
861894,-2.933,8.698,-4.748,-0.882,-0.422,0.599,2388,3280
861914,-2.883,9.661,-4.044,-0.959,-0.326,0.661,2387,3287
861934,-2.665,9.488,-3.472,-1.135,-0.029,0.558,2386,3284
861954,-2.502,9.352,-2.717,-1.386,0.051,0.549,2382,3272
861974,-2.413,9.052,-2.480,-1.578,-0.002,0.546,2379,3293
861994,-2.454,9.146,-1.753,-1.939,-0.123,0.552,2373,3304
862014,-2.413,8.502,-1.192,-2.322,-0.124,0.591,2369,3313
862034,-2.155,7.475,-0.208,-2.200,-0.039,0.515,2363,3346
862054,-1.772,6.867,0.225,-1.745,0.044,0.321,2357,3308
862074,-1.755,6.742,0.180,-1.513,0.244,0.119,2352,3311
862094,-2.121,6.285,0.572,-1.361,0.426,-0.188,2342,3303
862114,-2.320,6.170,0.685,-1.080,0.383,-0.576,2329,3314
862134,-2.279,5.976,0.385,-0.946,0.480,-0.788,2321,3281
862154,-3.148,7.113,0.338,-0.988,0.687,-0.758,2309,3283
862174,-6.680,13.594,8.684,-1.974,-0.842,-0.181,2304,3211
862194,-4.975,7.573,10.980,-1.851,-1.182,-0.017,2315,2996
862214,-3.041,8.303,7.439,-0.595,-0.455,-0.433,2323,2938
862234,-3.347,8.756,5.277,0.258,0.097,-0.369,2336,3026
862254,-3.862,10.374,4.314,0.730,0.258,-0.239,2348,3130
862274,-4.173,10.094,3.038,0.388,-0.049,-0.184,2352,3174
862294,-3.469,8.598,2.150,0.023,-0.230,-0.268,2356,3217
862314,-2.583,8.310,2.804,-0.295,-0.019,-0.175,2357,3214
862334,-2.571,7.688,3.984,-0.239,0.092,-0.192,2360,3648
862354,-3.010,7.652,4.046,0.148,0.185,-0.253,2363,3799
862374,-3.141,8.001,3.103,0.501,0.188,-0.263,2363,3878
862394,-3.259,8.947,2.722,0.460,0.110,-0.207,2361,3900
862414,-3.524,8.897,3.093,0.300,0.118,-0.173,2362,3959
862434,-3.694,8.535,2.907,0.261,0.131,-0.185,2360,3975
862454,-3.689,8.650,2.471,0.248,0.057,-0.176,2362,3995
862474,-3.591,8.930,2.277,0.152,-0.033,-0.172,2361,4033
862494,-3.522,9.373,2.502,0.135,-0.020,-0.196,2357,4055
862514,-3.591,9.203,2.658,0.113,-0.007,-0.201,2355,4076
862534,-3.491,8.447,3.005,0.210,0.053,-0.234,2355,4080
862554,-2.873,8.284,2.768,0.301,0.060,-0.183,2356,4093
862574,-3.601,8.504,2.617,0.298,0.041,-0.063,2358,4095
862594,-3.546,8.040,2.377,0.232,0.058,-0.161,2362,4095
862614,-3.646,8.926,2.796,0.266,0.050,-0.158,2365,4095
862634,-4.226,8.516,2.602,0.418,0.104,-0.195,2367,4095
862654,-3.354,8.729,2.442,0.322,0.096,-0.091,2369,4095
862674,-4.204,8.155,2.394,0.327,0.102,-0.063,2369,4095
862694,-3.632,8.586,2.253,0.278,0.096,-0.085,2369,4095
862714,-4.709,9.191,2.236,0.354,0.131,-0.140,2371,4095
862734,-3.402,8.758,2.296,0.260,0.136,-0.117,2374,4095
862754,-4.355,8.751,2.128,0.289,0.109,-0.073,2372,4095
862774,-3.436,8.523,1.762,0.129,0.072,-0.002,2374,4095
862794,-4.654,8.765,1.805,0.092,0.043,-0.066,2375,4095
862814,-3.457,9.002,1.990,-0.015,-0.010,-0.062,2377,4095
862834,-4.520,9.129,2.009,0.096,-0.006,-0.054,2380,4095
862854,-3.318,8.645,2.030,0.025,0.010,-0.005,2384,4095
862874,-4.587,8.696,1.805,0.086,-0.013,0.001,2385,4095
862894,-3.457,8.595,1.683,-0.041,-0.086,0.014,2388,4095
862914,-4.635,9.177,1.961,0.030,-0.113,-0.004,2389,4095
862934,-3.239,8.576,2.411,-0.010,-0.013,-0.006,2392,4095
862954,-4.389,8.715,2.102,0.133,0.009,-0.004,2390,4095
862974,-3.342,8.492,1.927,0.039,-0.018,-0.003,2391,4095
862994,-4.678,8.935,1.944,0.106,-0.068,-0.033,2392,4095
863014,-3.328,8.712,2.121,0.004,-0.044,-0.020,2392,4095
863034,-4.348,8.602,1.899,0.074,-0.023,-0.014,2391,4095
863054,-3.297,8.454,2.059,-0.041,-0.044,0.015,2393,4095
863074,-4.482,8.847,2.028,0.070,-0.032,-0.037,2392,4095
863094,-3.462,9.021,2.100,-0.030,-0.034,-0.019,2393,4095
863114,-4.374,8.696,1.939,0.061,-0.036,-0.049,2394,4095
863134,-3.534,8.550,2.164,-0.007,-0.058,0.023,2395,4095
863154,-4.341,8.387,1.985,0.084,-0.042,-0.043,2394,4095
863174,-3.668,9.208,2.150,-0.049,-0.080,-0.007,2396,4095
863194,-4.281,8.703,2.071,-0.002,-0.044,-0.049,2397,4095
863214,-3.883,9.060,2.195,-0.111,-0.116,0.033,2402,4095
863234,-4.377,8.337,1.911,-0.182,-0.149,0.052,2411,4095
863254,-4.022,8.813,2.152,-0.287,-0.185,0.110,2423,4095
863274,-4.020,8.942,2.021,-0.231,-0.136,0.005,2439,4095
863294,-4.444,10.324,2.009,-0.475,-0.225,0.142,2452,4095
863314,-4.113,8.641,2.078,-0.772,-0.332,0.133,2463,4095
863334,-4.496,9.390,1.506,-0.817,-0.470,0.193,2477,4095
863354,-3.584,8.504,2.588,-1.052,-0.456,0.211,2484,4095
863374,-3.893,8.770,2.942,-1.077,-0.507,0.244,2481,4095
863394,-2.500,7.922,3.417,-1.002,-0.407,0.205,2479,4095
863414,-3.527,8.033,3.745,-0.746,-0.267,0.176,2479,4095
863434,-2.940,8.056,3.838,-0.735,-0.272,0.238,2477,4095
863454,-3.651,7.389,3.326,-0.602,-0.292,0.231,2470,4095
863474,-2.849,8.095,3.879,-0.568,-0.234,0.191,2466,4095
863494,-3.606,8.291,4.216,-0.524,-0.081,0.131,2464,4095
863514,-3.335,8.157,3.754,-0.492,-0.022,0.131,2454,4095
863534,-3.558,7.973,4.424,-0.365,0.060,0.127,2450,4095
863554,-2.962,7.865,4.130,-0.409,0.084,0.150,2447,4095
863574,-3.685,8.370,4.183,-0.475,0.049,0.192,2438,4095
863594,-3.103,7.482,3.893,-0.386,0.064,0.122,2428,4095
863614,-2.947,8.325,4.523,-0.443,0.023,0.178,2418,4087
863634,-2.636,7.640,4.944,-0.325,0.096,0.091,2414,4087
863654,-3.424,7.946,5.291,-0.247,0.037,0.137,2412,4079
863674,-2.737,7.080,4.496,-0.041,0.135,0.080,2414,4078
863694,-3.448,8.322,4.630,-0.054,0.147,0.090,2415,4055
863714,-2.796,7.915,4.736,-0.196,0.128,0.062,2415,4009
863734,-3.845,7.812,5.057,-0.007,0.114,-0.006,2413,4003
863754,-2.837,8.045,4.774,0.047,0.151,0.043,2411,3995
863774,-3.100,7.728,4.889,0.231,0.172,-0.020,2405,4007
863794,-3.323,8.533,4.484,0.072,0.020,0.001,2404,4006
863814,-3.642,7.954,4.149,0.050,-0.028,-0.050,2403,4011
863834,-3.591,8.523,4.542,-0.135,-0.115,0.033,2403,4015
863854,-2.531,7.321,4.592,-0.022,-0.021,-0.014,2403,4022
863874,-3.496,8.011,4.939,0.057,-0.031,0.026,2402,4013
863894,-2.772,7.178,4.231,0.180,-0.011,-0.005,2405,3997
863914,-4.010,8.370,4.489,0.183,-0.094,0.029,2407,3980
863934,-3.024,8.140,4.240,-0.060,-0.174,0.052,2413,3962
863954,-3.682,8.248,4.853,-0.078,-0.311,0.037,2414,3917
863974,-2.832,7.810,5.212,-0.063,-0.487,0.072,2419,3680
863994,-3.383,6.907,5.387,0.246,-0.754,0.050,2424,3231
864014,-3.378,7.518,4.470,0.275,-1.052,0.151,2428,2839
864034,-3.479,7.080,4.523,0.232,-1.174,0.198,2431,2464
864054,-3.467,8.212,4.934,0.129,-1.338,0.335,2442,1894
864074,-2.509,7.355,5.782,0.238,-1.317,0.223,2459,1677
864094,-2.775,8.071,5.885,0.569,-1.356,0.161,2479,1649
864114,-1.980,8.368,5.133,0.857,-1.279,0.017,2483,1145
864134,-2.753,9.713,4.492,0.813,-1.030,0.120,2491,586
864154,-1.298,8.875,4.865,0.693,-0.707,0.181,2490,0
864174,-1.796,8.605,4.870,0.788,-0.395,0.271,2487,0
864194,-0.790,8.605,4.647,0.774,-0.103,0.297,2481,0
864214,-1.721,8.641,4.690,0.751,0.131,0.163,2478,0
864234,-1.554,9.400,4.736,0.602,0.231,0.237,2469,0
864254,-1.985,8.588,4.630,0.616,0.157,0.379,2461,0
864274,-2.765,9.852,4.925,0.552,0.025,0.561,2457,0
864294,-2.023,8.966,4.496,0.351,-0.068,0.571,2455,0
864314,-2.504,8.449,3.962,0.327,-0.082,0.529,2452,0
864334,-2.459,10.147,3.881,0.422,0.030,0.508,2449,0
864354,-1.958,9.242,4.068,0.605,0.229,0.496,2448,0
864374,-2.562,9.749,4.116,0.850,0.403,0.531,2446,0
864394,-2.399,10.697,4.082,0.989,0.390,0.574,2443,0
864414,-1.539,9.761,3.706,1.029,0.237,0.551,2438,0
864434,-1.666,9.033,3.259,1.202,0.043,0.520,2434,0
864454,-2.480,9.936,2.871,1.579,0.037,0.600,2431,0
864474,-2.049,10.597,2.543,1.944,0.095,0.737,2431,0
864494,-1.152,10.307,1.654,1.891,0.102,0.843,2429,0
864514,-1.463,11.540,0.984,1.384,0.043,0.911,2429,0
864534,-1.259,11.782,1.147,0.505,-0.345,1.085,2427,0
864554,-1.405,12.105,1.365,-0.372,-1.075,1.350,2433,0
864574,-1.018,11.576,0.764,-1.337,-1.629,1.584,2438,0
864594,-0.591,11.933,0.445,-2.170,-1.784,1.672,2432,21
864614,-0.113,11.782,0.342,-3.062,-1.968,1.809,2431,0
864634,0.670,10.903,0.546,-3.822,-2.026,2.076,2435,0
864654,1.355,9.620,1.257,-4.051,-1.790,2.381,2446,52
864674,2.090,9.407,2.440,-3.987,-1.496,2.589,2449,98
864694,2.188,8.945,3.062,-3.812,-1.398,2.693,2448,82
864714,2.667,8.947,3.567,-3.935,-1.629,2.862,2441,0
864734,3.522,7.638,3.242,-4.049,-1.742,2.963,2443,783
864754,4.343,5.906,4.271,-3.638,-1.486,2.874,2447,1116
864774,4.755,4.870,5.042,-2.964,-1.310,2.707,2447,1150
864794,5.303,3.716,4.990,-2.262,-1.226,2.620,2448,1107
864814,5.866,4.108,5.155,-1.982,-1.258,2.543,2448,1122
864834,6.048,2.715,5.404,-1.970,-1.356,2.518,2453,1148
864854,6.778,0.718,5.485,-1.555,-1.301,2.398,2451,1138
864874,7.298,-0.275,5.476,-0.902,-1.129,2.129,2454,1029
864894,7.298,-0.213,5.356,-0.407,-1.018,1.823,2449,66
864914,7.259,0.247,5.286,-0.347,-1.040,1.684,2448,0
864934,7.484,0.211,5.401,-0.527,-1.061,1.633,2448,27
864954,7.724,-0.826,5.672,-0.553,-1.083,1.575,2449,3
864974,7.968,-1.688,5.454,-0.273,-1.051,1.381,2449,70
864994,8.095,-1.827,5.128,0.119,-0.954,1.119,2451,0
865014,8.171,-1.082,4.604,0.311,-0.822,0.899,2448,0
865034,7.925,-0.551,4.377,0.114,-0.666,0.857,2449,146
865054,7.745,-0.883,4.693,-0.046,-0.628,0.897,2448,164
865074,7.896,-1.233,4.736,-0.009,-0.706,0.843,2449,168
865094,8.140,-1.468,4.508,0.168,-0.658,0.685,2448,0
865114,8.246,-1.094,4.350,0.322,-0.567,0.551,2448,0
865134,8.248,-0.634,4.010,0.223,-0.476,0.527,2448,0
865154,8.135,-0.836,4.044,0.062,-0.408,0.577,2448,0
865174,8.210,-1.207,4.056,-0.014,-0.379,0.589,2448,0
865194,8.425,-1.571,4.130,0.060,-0.300,0.495,2448,0
865214,8.380,-1.700,4.051,0.225,-0.229,0.365,2448,0
865234,8.203,-1.374,3.812,0.283,-0.222,0.297,2448,0
865254,8.217,-1.188,3.761,0.174,-0.236,0.323,2448,0
865274,8.349,-1.453,3.795,0.037,-0.240,0.345,2448,0
865294,8.554,-1.836,3.962,0.015,-0.199,0.291,2447,0
865314,8.581,-2.069,3.869,0.116,-0.158,0.171,2447,0
865334,8.492,-1.980,3.637,0.241,-0.112,0.048,2447,0
865354,8.353,-1.520,3.543,0.239,-0.044,-0.013,2448,0
865374,8.279,-1.484,3.505,0.188,0.022,-0.038,2447,0
865394,8.176,-1.726,3.701,0.170,0.033,-0.064,2448,0
865414,8.327,-1.753,3.780,0.229,0.072,-0.149,2448,0
865434,8.284,-1.183,3.881,0.241,0.143,-0.232,2447,0
865454,8.188,-0.785,4.130,0.147,0.184,-0.241,2448,0
865474,8.253,-0.876,4.405,0.109,0.218,-0.245,2448,0
865494,8.305,-1.049,4.707,0.196,0.241,-0.326,2447,0
865514,8.260,-0.730,4.731,0.327,0.236,-0.400,2448,52
865534,8.179,-0.160,4.685,0.253,0.175,-0.361,2446,1050
865554,8.344,-0.275,4.812,0.150,0.152,-0.314,2446,1164
865574,8.545,-0.634,5.102,0.204,0.158,-0.327,2447,1199
865594,8.605,-0.728,5.085,0.351,0.185,-0.395,2447,1231
865614,8.614,-0.350,5.150,0.410,0.204,-0.439,2446,1231
865634,8.516,0.014,5.131,0.295,0.173,-0.410,2445,1216
865654,8.502,-0.050,5.171,0.142,0.124,-0.360,2445,1229
865674,8.600,-0.160,5.389,0.122,0.087,-0.361,2444,1249
865694,8.574,-0.158,5.392,0.200,0.048,-0.382,2446,1242
865714,8.655,-0.053,5.318,0.297,0.028,-0.425,2446,1233
865734,8.535,0.081,5.179,0.324,0.043,-0.447,2447,1209
865754,8.440,0.366,5.097,0.288,0.047,-0.427,2447,1211
865774,8.404,0.527,4.911,0.172,0.033,-0.377,2445,1216
865794,8.408,0.417,4.894,0.092,0.041,-0.365,2445,1225
865814,8.456,0.321,4.887,0.158,0.049,-0.394,2446,1218
865834,8.475,0.280,4.918,0.351,0.061,-0.461,2445,1193
865854,8.516,0.340,5.095,0.680,0.086,-0.560,2446,1228
865874,8.495,1.204,5.076,0.981,0.121,-0.624,2448,1238
865894,8.358,1.997,4.827,1.055,0.119,-0.585,2447,1267
865914,8.375,2.339,4.650,0.920,0.103,-0.459,2447,1263
865934,8.547,2.090,4.750,0.730,0.142,-0.331,2447,1233
865954,8.571,1.568,4.956,0.658,0.179,-0.279,2447,1255
865974,8.468,1.432,5.066,0.706,0.189,-0.288,2447,1269
865994,8.332,1.755,5.171,0.679,0.181,-0.280,2446,1280
866014,8.231,1.985,5.239,0.574,0.158,-0.259,2447,1282
866034,8.128,2.042,5.270,0.400,0.108,-0.211,2447,1280
866054,8.131,1.937,5.318,0.287,0.059,-0.178,2447,1268
866074,8.109,2.037,5.284,0.221,0.037,-0.159,2447,1249
866094,8.056,2.071,5.325,0.186,0.039,-0.145,2446,1261
866114,8.004,2.167,5.329,0.168,0.033,-0.150,2448,1263
866134,7.884,2.231,5.315,0.157,0.021,-0.146,2448,1265
866154,7.858,2.231,5.296,0.161,0.007,-0.145,2447,1258
866174,7.898,2.377,5.215,0.185,0.014,-0.156,2448,1259
866194,7.918,2.413,5.119,0.170,0.030,-0.145,2447,1270
866214,7.954,2.490,5.069,0.153,0.054,-0.133,2447,1268
866234,7.939,2.605,5.100,0.116,0.082,-0.122,2447,1264
866254,7.894,2.564,5.128,0.091,0.087,-0.106,2447,1267
866274,7.896,2.547,5.210,0.110,0.075,-0.101,2447,1269
866294,7.889,2.523,5.250,0.166,0.056,-0.099,2447,1276
866314,7.939,2.533,5.167,0.226,0.042,-0.101,2446,1280
866334,8.033,2.576,5.059,0.239,0.051,-0.101,2448,1281
866354,8.047,2.672,5.076,0.199,0.065,-0.092,2447,1257
866374,7.966,2.679,5.138,0.132,0.060,-0.066,2446,1275
866394,7.980,2.588,5.258,0.099,0.045,-0.055,2447,1269
866414,7.999,2.514,5.318,0.119,0.024,-0.067,2447,1268
866434,7.997,2.602,5.329,0.156,0.016,-0.085,2447,1270
866454,7.937,2.693,5.289,0.169,0.024,-0.094,2447,1277
866474,7.908,2.732,5.303,0.155,0.013,-0.086,2448,1290
866494,7.942,2.799,5.286,0.129,0.003,-0.071,2447,1282
866514,7.925,2.784,5.284,0.098,0.015,-0.059,2447,1300
866534,7.901,2.768,5.270,0.103,0.011,-0.048,2447,1301
866554,7.913,2.775,5.291,0.138,0.006,-0.046,2447,1301
866574,7.834,2.914,5.318,0.137,0.021,-0.041,2446,1298
866594,7.757,2.945,5.387,0.090,0.018,-0.025,2446,1328
866614,7.738,2.808,5.404,0.074,-0.020,-0.019,2446,1332
866634,7.791,2.768,5.286,0.105,-0.042,-0.033,2447,1334
866654,7.772,2.847,5.231,0.123,-0.019,-0.046,2447,1340
866674,7.695,2.871,5.191,0.123,-0.008,-0.044,2447,1343
866694,7.697,2.880,5.169,0.123,-0.018,-0.044,2446,1344
866714,7.755,2.916,5.126,0.116,-0.004,-0.046,2447,1344
866734,7.724,2.907,5.116,0.097,0.013,-0.036,2447,1346
866754,7.738,2.904,5.136,0.085,0.021,-0.035,2447,1347
866774,7.757,2.883,5.219,0.077,0.039,-0.039,2447,1349
866794,7.673,2.950,5.365,0.072,0.041,-0.038,2447,1351
866814,7.666,2.892,5.373,0.061,0.023,-0.035,2446,1348
866834,7.762,2.820,5.334,0.062,0.004,-0.046,2445,1353
866854,7.812,2.842,5.282,0.076,0.002,-0.065,2446,1354
866874,7.810,2.942,5.298,0.079,0.014,-0.069,2445,1355
866894,7.750,3.021,5.339,0.064,0.025,-0.063,2446,1353
866914,7.731,3.031,5.449,0.044,0.015,-0.049,2446,1351
866934,7.736,3.012,5.480,0.042,-0.001,-0.035,2444,1353
866954,7.712,2.964,5.447,0.050,-0.018,-0.031,2446,1349
866974,7.752,2.935,5.353,0.061,-0.023,-0.031,2445,1354
866994,7.752,2.966,5.318,0.063,-0.006,-0.038,2446,1349
867014,7.724,3.000,5.265,0.055,0.005,-0.032,2446,1341
867034,7.702,2.981,5.265,0.047,0.006,-0.026,2446,1342
867054,7.673,2.938,5.272,0.048,0.004,-0.038,2446,1342
867074,7.647,2.976,5.325,0.042,-0.000,-0.040,2445,1345
867094,7.661,2.954,5.392,0.041,0.003,-0.040,2445,1346
867114,7.649,2.897,5.365,0.051,0.003,-0.044,2446,1349
867134,7.635,2.947,5.349,0.068,-0.001,-0.051,2446,1350
867154,7.652,2.990,5.351,0.072,-0.010,-0.052,2445,1357
867174,7.657,3.024,5.322,0.063,-0.009,-0.056,2446,1358
867194,7.582,2.998,5.368,0.044,-0.012,-0.055,2447,1349
867214,7.582,2.978,5.399,0.041,-0.021,-0.054,2445,1352
867234,7.558,3.045,5.442,0.070,-0.034,-0.066,2445,1353
867254,7.568,3.146,5.423,0.086,-0.040,-0.067,2445,1326
867274,7.563,3.213,5.313,0.078,-0.038,-0.061,2446,1331
867294,7.561,3.278,5.332,0.050,-0.017,-0.054,2447,1314
867314,7.515,3.237,5.418,0.025,-0.011,-0.043,2445,1334
867334,7.535,3.093,5.459,0.029,-0.019,-0.038,2446,1316
867354,7.611,2.966,5.392,0.056,-0.024,-0.050,2445,1305
867374,7.685,3.043,5.313,0.078,-0.008,-0.068,2445,1326
867394,7.717,3.189,5.260,0.055,0.010,-0.061,2444,1319
867414,7.705,3.182,5.306,0.026,0.017,-0.044,2446,1317
867434,7.702,3.194,5.404,0.039,0.013,-0.030,2445,1312
867454,7.669,3.230,5.401,0.060,0.011,-0.024,2446,1299
867474,7.628,3.256,5.411,0.062,0.004,-0.017,2446,1297
867494,7.666,3.201,5.428,0.059,-0.015,-0.013,2445,1309
867514,7.645,3.187,5.392,0.053,-0.022,-0.019,2443,1302
867534,7.587,3.206,5.399,0.050,-0.026,-0.019,2445,1296
867554,7.561,3.230,5.375,0.062,-0.030,-0.021,2445,1320
867574,7.532,3.263,5.411,0.066,-0.026,-0.014,2444,1335
867594,7.561,3.227,5.435,0.072,-0.029,-0.005,2445,1349
867614,7.604,3.199,5.373,0.090,-0.033,-0.006,2444,1378
867634,7.582,3.184,5.296,0.093,-0.033,-0.019,2444,1323
867654,7.578,3.230,5.270,0.073,-0.021,-0.025,2445,1302
867674,7.511,3.278,5.351,0.046,-0.012,-0.009,2445,1339
867694,7.539,3.194,5.389,0.044,-0.017,0.005,2445,1317
867714,7.594,3.175,5.368,0.073,-0.029,-0.010,2443,1325
867734,7.578,3.261,5.327,0.080,-0.026,-0.023,2444,1326
867754,7.506,3.299,5.375,0.090,-0.028,-0.020,2445,1278
867774,7.491,3.266,5.341,0.098,-0.050,-0.013,2444,1301
867794,7.575,3.230,5.298,0.097,-0.054,-0.014,2444,1363
867814,7.547,3.213,5.255,0.086,-0.031,-0.019,2445,1264
867834,7.590,3.259,5.294,0.092,-0.021,-0.011,2444,1293
867854,7.580,3.309,5.332,0.100,-0.020,-0.013,2443,1348
867874,7.547,3.338,5.339,0.102,-0.023,-0.011,2444,1355
867894,7.530,3.302,5.332,0.112,-0.019,0.006,2444,1336
867914,7.523,3.237,5.361,0.124,0.003,0.021,2441,1359
867934,7.611,3.237,5.327,0.126,-0.001,0.015,2444,1358
867954,7.628,3.318,5.356,0.100,0.000,-0.008,2444,1381
867974,7.568,3.402,5.464,0.075,0.009,-0.012,2443,1375
867994,7.520,3.376,5.521,0.079,0.002,0.002,2443,1404
868014,7.535,3.321,5.509,0.104,-0.016,0.012,2445,1389
868034,7.535,3.318,5.488,0.118,-0.024,0.011,2443,1380
868054,7.558,3.361,5.432,0.100,-0.022,0.015,2443,1394
868074,7.515,3.371,5.418,0.069,-0.023,0.010,2444,1391
868094,7.463,3.311,5.368,0.044,-0.018,0.015,2443,1387
868114,7.491,3.227,5.356,0.061,-0.015,0.011,2445,1370
868134,7.503,3.247,5.315,0.079,-0.011,-0.003,2443,1369
868154,7.499,3.302,5.332,0.056,0.002,-0.007,2441,1382
868174,7.503,3.270,5.353,0.027,-0.002,-0.007,2442,1388
868194,7.551,3.232,5.365,0.030,-0.011,-0.017,2444,1381
868214,7.561,3.287,5.339,0.042,-0.006,-0.030,2442,1398
868234,7.518,3.373,5.382,0.039,0.004,-0.030,2443,1423
868254,7.518,3.400,5.377,0.047,-0.006,-0.023,2442,1425
868274,7.535,3.400,5.310,0.050,-0.006,-0.018,2442,1395
868294,7.556,3.393,5.284,0.045,-0.003,-0.011,2442,1392
868314,7.532,3.383,5.272,0.035,0.002,-0.006,2444,1391
868334,7.511,3.371,5.327,0.034,0.011,0.000,2443,1384
868354,7.525,3.419,5.334,0.053,0.017,0.010,2443,1416
868374,7.506,3.467,5.361,0.067,0.013,0.006,2442,1413
868394,7.465,3.551,5.397,0.071,0.013,0.014,2442,1424
868414,7.439,3.524,5.437,0.070,0.011,0.033,2442,1411
868434,7.446,3.426,5.440,0.088,0.006,0.042,2443,1421
868454,7.460,3.373,5.404,0.100,0.007,0.042,2442,1429
868474,7.472,3.328,5.385,0.086,0.006,0.039,2444,1422
868494,7.477,3.239,5.425,0.066,0.012,0.034,2442,1438
868514,7.448,3.215,5.476,0.074,0.004,0.030,2442,1398
868534,7.441,3.247,5.442,0.091,-0.003,0.029,2440,1409
868554,7.439,3.249,5.432,0.098,-0.000,0.030,2444,1412
868574,7.487,3.292,5.420,0.088,0.010,0.029,2441,1418
868594,7.465,3.311,5.476,0.063,0.024,0.021,2442,1398
868614,7.403,3.275,5.567,0.056,0.019,0.022,2440,1402
868634,7.389,3.261,5.610,0.073,0.000,0.019,2441,1404
868654,7.398,3.263,5.619,0.093,-0.016,0.014,2441,1415
868674,7.434,3.297,5.514,0.095,-0.020,0.009,2442,1423
868694,7.400,3.419,5.497,0.077,-0.019,0.003,2441,1423
868714,7.384,3.426,5.468,0.048,-0.019,0.018,2443,1424
868734,7.391,3.290,5.492,0.056,-0.019,0.025,2442,1411
868754,7.398,3.304,5.437,0.079,-0.015,0.024,2441,1384
868774,7.377,3.311,5.430,0.074,-0.011,0.021,2441,1407
868794,7.384,3.259,5.440,0.061,-0.014,0.016,2441,1403
868814,7.408,3.211,5.440,0.067,-0.015,0.010,2442,1405
868834,7.432,3.235,5.456,0.075,-0.010,-0.002,2442,1407
868854,7.424,3.268,5.425,0.070,-0.004,-0.007,2442,1383
868874,7.415,3.275,5.413,0.060,0.001,-0.011,2441,1419
868894,7.420,3.335,5.447,0.054,0.015,-0.007,2441,1404
868914,7.372,3.316,5.555,0.043,0.022,0.002,2441,1425
868934,7.331,3.242,5.624,0.046,0.007,-0.003,2441,1439
868954,7.393,3.117,5.514,0.070,-0.025,-0.019,2440,1428
868974,7.530,3.179,5.332,0.083,-0.024,-0.042,2439,1423
868994,7.542,3.385,5.313,0.051,0.009,-0.047,2441,1392
869014,7.465,3.500,5.490,0.012,0.033,-0.026,2443,1424
869034,7.427,3.469,5.667,0.021,0.026,-0.012,2440,1446
869054,7.422,3.450,5.655,0.045,0.011,-0.009,2440,1433
869074,7.386,3.431,5.698,0.046,0.007,-0.010,2439,1424
869094,7.372,3.421,5.693,0.035,-0.011,-0.013,2440,1409
869114,7.396,3.316,5.662,0.043,-0.029,-0.016,2441,1445
869134,7.465,3.302,5.511,0.065,-0.033,-0.019,2441,1432
869154,7.448,3.352,5.397,0.049,-0.014,-0.019,2441,1437
869174,7.434,3.323,5.466,0.021,0.003,-0.012,2441,1433
869194,7.398,3.302,5.519,0.015,0.008,-0.016,2439,1453
869214,7.360,3.306,5.562,0.036,-0.001,-0.015,2441,1455
869234,7.350,3.342,5.545,0.047,-0.009,-0.016,2439,1450
869254,7.348,3.424,5.538,0.042,-0.015,-0.020,2441,1455
869274,7.355,3.431,5.576,0.032,-0.025,-0.022,2441,1432
869294,7.288,3.431,5.646,0.037,-0.034,-0.017,2441,1437
869314,7.281,3.395,5.581,0.056,-0.046,-0.010,2440,1442
869334,7.314,3.402,5.526,0.071,-0.044,-0.011,2439,1453
869354,7.309,3.493,5.492,0.068,-0.025,-0.012,2440,1457
869374,7.295,3.503,5.571,0.052,-0.011,-0.000,2438,1475
869394,7.326,3.412,5.614,0.061,-0.021,0.006,2438,1478
869414,7.367,3.388,5.602,0.070,-0.022,0.006,2438,1474
869434,7.365,3.359,5.547,0.056,-0.021,0.005,2439,1455
869454,7.372,3.297,5.595,0.041,-0.021,0.000,2438,1442
869474,7.384,3.280,5.569,0.043,-0.019,-0.009,2438,1392
869494,7.398,3.311,5.593,0.054,-0.019,-0.010,2438,1434
869514,7.389,3.385,5.567,0.053,-0.029,-0.009,2439,1460
869534,7.365,3.357,5.607,0.039,-0.032,-0.010,2437,1463
869554,7.365,3.316,5.595,0.033,-0.032,-0.015,2438,1469
869574,7.374,3.297,5.535,0.042,-0.038,-0.025,2439,1488
869594,7.410,3.388,5.511,0.050,-0.043,-0.027,2438,1493
869614,7.391,3.467,5.519,0.042,-0.036,-0.017,2439,1497
869634,7.384,3.467,5.511,0.027,-0.031,-0.008,2439,1493
869654,7.372,3.424,5.555,0.027,-0.026,-0.007,2439,1483
869674,7.343,3.452,5.605,0.037,-0.021,-0.011,2438,1467
869694,7.324,3.460,5.614,0.044,-0.026,-0.009,2440,1440
869714,7.281,3.460,5.622,0.051,-0.038,-0.008,2439,1440
869734,7.288,3.409,5.581,0.052,-0.052,-0.005,2438,1465
869754,7.324,3.385,5.533,0.055,-0.046,-0.003,2438,1465
869774,7.312,3.421,5.535,0.047,-0.032,0.002,2437,1472
869794,7.321,3.352,5.583,0.030,-0.026,0.004,2438,1467
869814,7.314,3.297,5.612,0.033,-0.032,-0.006,2438,1479
869834,7.319,3.352,5.657,0.052,-0.038,-0.011,2437,1484
869854,7.309,3.424,5.677,0.052,-0.042,-0.014,2439,1487
869874,7.321,3.426,5.669,0.041,-0.051,-0.013,2439,1480
869894,7.345,3.285,5.588,0.030,-0.058,-0.017,2439,1479
869914,7.355,3.273,5.521,0.033,-0.052,-0.021,2439,1488
869934,7.348,3.342,5.492,0.030,-0.038,-0.027,2439,1492
869954,7.312,3.405,5.526,0.013,-0.034,-0.022,2440,1489
869974,7.341,3.378,5.531,0.013,-0.037,-0.022,2438,1498
869994,7.321,3.323,5.488,0.021,-0.026,-0.031,2439,1499
870014,7.283,3.302,5.464,0.027,-0.020,-0.038,2439,1502
870034,7.331,3.318,5.459,0.023,-0.019,-0.045,2439,1501
870054,7.329,3.373,5.495,0.020,-0.021,-0.049,2437,1508
870074,7.333,3.366,5.562,0.029,-0.026,-0.054,2437,1517
870094,7.355,3.405,5.507,0.047,-0.025,-0.059,2438,1520
870114,7.365,3.390,5.454,0.052,-0.015,-0.057,2437,1523
870134,7.355,3.400,5.473,0.047,-0.008,-0.060,2437,1528
870154,7.410,3.457,5.538,0.038,-0.007,-0.063,2438,1531
870174,7.410,3.539,5.559,0.028,-0.007,-0.062,2439,1524
870194,7.396,3.584,5.583,0.026,-0.004,-0.053,2438,1509
870214,7.309,3.651,5.636,0.013,0.007,-0.043,2439,1500
870234,7.257,3.627,5.705,0.008,-0.001,-0.032,2439,1530
870254,7.278,3.587,5.681,0.017,-0.016,-0.031,2437,1535
870274,7.281,3.555,5.641,0.028,-0.026,-0.030,2438,1535
870294,7.226,3.524,5.576,0.026,-0.034,-0.024,2437,1534
870314,7.247,3.371,5.435,0.031,-0.035,-0.031,2439,1520
870334,7.252,3.314,5.298,0.036,-0.012,-0.049,2438,1535
870354,7.197,3.376,5.334,0.041,0.014,-0.055,2437,1535
870374,7.211,3.414,5.337,0.059,0.024,-0.051,2439,1535
870394,7.219,3.440,5.349,0.077,0.048,-0.053,2437,1503
870414,7.204,3.407,5.385,0.082,0.070,-0.057,2441,1470
870434,7.192,3.417,5.495,0.060,0.074,-0.073,2437,1509
870454,7.087,3.431,5.622,0.061,0.053,-0.087,2438,1519
870474,7.061,3.464,5.605,0.087,0.029,-0.090,2438,1520
870494,7.192,3.378,5.499,0.115,0.041,-0.097,2439,1520
870514,7.250,3.481,5.528,0.113,0.081,-0.111,2439,1525
870534,7.120,3.567,5.674,0.068,0.091,-0.107,2440,1525
870554,7.029,3.598,5.816,0.018,0.060,-0.098,2438,1525
870574,7.108,3.428,5.715,0.021,0.064,-0.101,2439,1531
870594,7.195,3.311,5.588,0.061,0.111,-0.123,2438,1533
870614,7.163,3.479,5.684,0.083,0.157,-0.156,2439,1534
870634,6.946,3.699,5.825,0.048,0.158,-0.152,2438,1535
870654,6.924,3.706,5.942,-0.015,0.133,-0.137,2438,1535
870674,6.960,3.536,6.021,-0.063,0.132,-0.140,2438,1535
870694,6.977,3.388,6.043,-0.062,0.105,-0.171,2439,1535
870714,6.948,3.670,6.105,-0.047,0.080,-0.206,2439,1535
870734,6.919,3.883,6.132,-0.056,0.065,-0.205,2437,1535
870754,6.929,3.984,6.163,-0.073,0.050,-0.201,2438,1535
870774,6.912,3.924,6.167,-0.079,0.039,-0.195,2437,1535
870794,6.859,3.950,6.175,-0.083,0.028,-0.193,2438,1502
870814,6.843,3.962,6.167,-0.098,0.018,-0.177,2439,1500
870834,6.821,4.020,6.165,-0.112,0.021,-0.165,2437,1501
870854,6.771,4.111,6.196,-0.120,0.022,-0.143,2438,1502
870874,6.723,4.111,6.340,-0.136,0.009,-0.112,2437,1503
870894,6.682,4.039,6.448,-0.138,-0.020,-0.093,2438,1493
870914,6.665,3.912,6.440,-0.124,-0.066,-0.090,2438,1495
870934,6.663,3.850,6.333,-0.100,-0.099,-0.095,2438,1496
870954,6.644,3.917,6.189,-0.081,-0.106,-0.093,2438,1518
870974,6.661,3.869,6.124,-0.077,-0.109,-0.083,2439,1539
870994,6.670,3.809,6.041,-0.064,-0.100,-0.081,2438,1537
871014,6.591,3.816,6.045,-0.042,-0.083,-0.073,2436,1537
871034,6.627,3.754,5.962,-0.025,-0.078,-0.053,2439,1551
871054,6.692,3.656,5.883,-0.019,-0.059,-0.047,2439,1550
871074,6.709,3.704,5.895,-0.025,-0.025,-0.051,2439,1561
871094,6.615,3.816,6.026,-0.033,0.002,-0.047,2437,1566
871114,6.570,3.783,6.194,-0.017,-0.009,-0.040,2437,1570
871134,6.632,3.735,6.175,0.034,-0.033,-0.044,2438,1569
871154,6.682,3.713,6.127,0.068,-0.039,-0.049,2437,1570
871174,6.723,3.788,6.117,0.068,-0.029,-0.052,2437,1571
871194,6.680,3.812,6.122,0.040,-0.023,-0.047,2439,1571
871214,6.642,3.773,6.158,0.024,-0.039,-0.044,2438,1570
871234,6.680,3.711,6.187,0.033,-0.057,-0.046,2439,1568
871254,6.704,3.718,6.163,0.050,-0.072,-0.056,2440,1573
871274,6.732,3.780,6.124,0.044,-0.075,-0.066,2438,1566
871294,6.721,3.826,6.108,0.027,-0.082,-0.072,2439,1524
871314,6.740,3.855,6.088,0.026,-0.086,-0.074,2438,1561
871334,6.735,3.938,6.055,0.027,-0.080,-0.071,2438,1562
871354,6.749,3.970,6.072,0.027,-0.075,-0.063,2438,1565
871374,6.756,3.962,6.012,0.021,-0.071,-0.056,2438,1561
871394,6.744,3.941,5.983,0.017,-0.069,-0.052,2437,1560
871414,6.768,3.941,5.952,0.006,-0.067,-0.048,2439,1556
871434,6.776,3.938,5.954,-0.006,-0.053,-0.040,2438,1506
871454,6.759,3.972,5.950,-0.001,-0.044,-0.031,2438,1507
871474,6.749,3.924,5.928,0.007,-0.043,-0.029,2438,1511
871494,6.742,3.922,5.873,0.022,-0.042,-0.036,2437,1510
871514,6.756,3.931,5.801,0.031,-0.027,-0.040,2437,1514
871534,6.735,3.960,5.801,0.038,-0.004,-0.035,2436,1525
871554,6.699,3.979,5.868,0.029,0.015,-0.021,2439,1520
871574,6.682,3.926,5.950,0.026,0.024,-0.014,2438,1532
871594,6.677,3.859,5.962,0.041,0.018,-0.017,2440,1565
871614,6.668,3.850,5.930,0.051,0.017,-0.024,2438,1566
871634,6.637,3.883,5.947,0.062,0.020,-0.026,2440,1566
871654,6.610,3.879,6.062,0.062,0.027,-0.015,2440,1563
871674,6.630,3.876,6.096,0.061,0.026,-0.016,2438,1562
871694,6.663,3.819,6.048,0.060,0.014,-0.028,2441,1569
871714,6.685,3.807,6.021,0.054,0.017,-0.032,2440,1575
871734,6.656,3.833,6.091,0.048,0.036,-0.037,2439,1579
871754,6.567,3.934,6.223,0.039,0.050,-0.026,2439,1576
871774,6.546,3.926,6.333,0.034,0.026,-0.014,2438,1575
871794,6.529,3.852,6.316,0.038,-0.002,-0.018,2439,1576
871814,6.555,3.819,6.235,0.040,-0.008,-0.026,2440,1574
871834,6.498,3.895,6.218,0.030,0.006,-0.029,2438,1577
871854,6.455,3.943,6.261,0.018,-0.008,-0.024,2440,1577
871874,6.510,3.864,6.199,0.021,-0.030,-0.027,2439,1577
871894,6.565,3.759,6.060,0.028,-0.017,-0.033,2441,1578
871914,6.579,3.701,6.048,0.021,0.016,-0.036,2440,1576
871934,6.572,3.735,6.146,0.004,0.025,-0.046,2440,1569
871954,6.553,3.821,6.213,-0.018,0.024,-0.052,2440,1568
871974,6.572,3.864,6.225,-0.030,0.015,-0.051,2440,1567
871994,6.598,3.833,6.211,-0.022,0.014,-0.053,2440,1557
872014,6.570,3.941,6.263,-0.002,0.025,-0.060,2439,1562
872034,6.488,4.094,6.378,-0.018,0.035,-0.051,2439,1537
872054,6.457,4.077,6.462,-0.035,0.019,-0.029,2438,1535
872074,6.474,3.977,6.428,-0.034,-0.010,-0.020,2440,1539
872094,6.507,3.922,6.404,-0.013,-0.021,-0.027,2439,1535
872114,6.524,3.924,6.345,0.005,-0.016,-0.027,2440,1535
872134,6.512,3.919,6.335,0.010,-0.009,-0.028,2441,1541
872154,6.481,3.948,6.354,-0.001,-0.007,-0.022,2439,1535
872174,6.460,3.924,6.364,-0.020,-0.007,-0.012,2442,1563
872194,6.457,3.864,6.402,-0.021,-0.005,-0.004,2442,1564
872214,6.455,3.788,6.407,-0.005,-0.011,-0.010,2440,1559
872234,6.433,3.771,6.395,0.014,-0.029,-0.019,2439,1559
872254,6.438,3.807,6.328,0.027,-0.040,-0.029,2441,1559
872274,6.440,3.871,6.278,0.021,-0.034,-0.029,2439,1535
872294,6.448,3.812,6.304,0.013,-0.027,-0.021,2441,1525
872314,6.481,3.759,6.196,0.021,-0.034,-0.023,2440,1561
872334,6.500,3.800,6.167,0.025,-0.024,-0.034,2440,1563
872354,6.450,3.879,6.167,0.022,-0.007,-0.037,2441,1563
872374,6.421,3.900,6.256,0.017,-0.008,-0.036,2439,1563
872394,6.424,3.922,6.337,0.026,-0.009,-0.035,2441,1564
872414,6.407,3.943,6.333,0.030,-0.009,-0.030,2440,1564
872434,6.438,3.974,6.333,0.030,-0.006,-0.029,2442,1564
872454,6.443,4.001,6.359,0.023,-0.005,-0.026,2439,1562
872474,6.448,3.972,6.383,0.025,-0.005,-0.018,2441,1557
872494,6.443,3.967,6.421,0.033,-0.001,-0.016,2440,1557
872514,6.452,3.972,6.438,0.042,-0.002,-0.004,2439,1558
872534,6.428,3.869,6.393,0.052,-0.011,0.004,2441,1556
872554,6.448,3.804,6.290,0.052,-0.025,0.004,2441,1561
872574,6.483,3.819,6.325,0.044,-0.016,-0.007,2440,1553
872594,6.443,3.874,6.364,0.032,-0.007,-0.005,2441,1527
872614,6.407,3.893,6.416,0.032,-0.015,-0.001,2439,1520
872634,6.366,3.845,6.407,0.048,-0.024,0.000,2440,1520
872654,6.371,3.845,6.366,0.064,-0.028,0.003,2438,1520
872674,6.352,3.852,6.361,0.059,-0.030,0.001,2442,1522
872694,6.354,3.826,6.335,0.051,-0.028,-0.000,2442,1523
872714,6.366,3.838,6.337,0.044,-0.017,-0.002,2441,1526
872734,6.354,3.850,6.359,0.046,-0.011,-0.007,2441,1530
872754,6.359,3.900,6.371,0.053,-0.010,-0.010,2441,1531
872774,6.366,3.910,6.404,0.050,-0.010,-0.005,2440,1529
872794,6.359,3.862,6.421,0.046,-0.010,-0.002,2441,1531
872814,6.383,3.821,6.440,0.049,-0.010,-0.003,2441,1532
872834,6.378,3.831,6.443,0.045,-0.008,-0.002,2440,1530
872854,6.357,3.838,6.431,0.033,-0.007,-0.004,2442,1525
872874,6.381,3.792,6.479,0.027,-0.015,-0.006,2442,1520
872894,6.359,3.785,6.457,0.038,-0.022,-0.007,2443,1527
872914,6.390,3.819,6.412,0.042,-0.035,-0.009,2441,1525
872934,6.395,3.831,6.345,0.029,-0.031,-0.014,2440,1520
872954,6.378,3.859,6.364,0.019,-0.021,-0.017,2440,1519
872974,6.347,3.876,6.400,0.018,-0.011,-0.018,2440,1518
872994,6.340,3.867,6.443,0.026,-0.016,-0.021,2442,1517
873014,6.349,3.926,6.431,0.034,-0.029,-0.020,2440,1520
873034,6.369,3.934,6.381,0.028,-0.030,-0.011,2442,1521
873054,6.390,3.881,6.395,0.028,-0.026,-0.007,2440,1520
873074,6.404,3.871,6.416,0.039,-0.022,-0.007,2441,1522
873094,6.388,3.917,6.464,0.037,-0.017,-0.009,2440,1524
873114,6.364,3.910,6.515,0.025,-0.028,-0.004,2441,1526
873134,6.385,3.833,6.510,0.031,-0.047,-0.005,2442,1526
873154,6.383,3.852,6.462,0.046,-0.051,-0.004,2441,1523
873174,6.349,3.864,6.397,0.035,-0.046,-0.004,2444,1524
873194,6.345,3.857,6.428,0.015,-0.038,0.002,2440,1523
873214,6.323,3.807,6.481,0.014,-0.043,0.004,2441,1526
873234,6.357,3.728,6.488,0.029,-0.055,-0.004,2441,1525
873254,6.373,3.749,6.445,0.032,-0.064,-0.020,2441,1526
873274,6.390,3.780,6.486,0.007,-0.054,-0.023,2441,1525
873294,6.354,3.728,6.577,-0.010,-0.058,-0.018,2441,1526
873314,6.383,3.625,6.584,-0.001,-0.078,-0.025,2442,1526
873334,6.474,3.661,6.531,0.004,-0.082,-0.042,2443,1526
873354,6.515,3.730,6.529,-0.020,-0.074,-0.053,2441,1526
873374,6.493,3.735,6.577,-0.048,-0.077,-0.059,2442,1529
873394,6.483,3.697,6.618,-0.055,-0.082,-0.067,2442,1528
873414,6.412,3.735,6.618,-0.054,-0.087,-0.080,2441,1529
873434,6.328,3.804,6.673,-0.069,-0.106,-0.090,2442,1528
873454,6.314,3.852,6.613,-0.087,-0.121,-0.090,2441,1524
873474,6.352,3.804,6.567,-0.086,-0.126,-0.095,2441,1528
873494,6.337,3.833,6.512,-0.084,-0.122,-0.098,2443,1523
873514,6.364,3.907,6.548,-0.097,-0.126,-0.086,2443,1525
873534,6.400,3.869,6.541,-0.100,-0.137,-0.085,2442,1527
873554,6.393,3.871,6.515,-0.096,-0.139,-0.088,2443,1525
873574,6.388,3.824,6.534,-0.098,-0.137,-0.085,2443,1528
873594,6.352,3.733,6.579,-0.094,-0.159,-0.077,2443,1535
873614,6.352,3.666,6.488,-0.071,-0.189,-0.080,2445,1527
873634,6.416,3.701,6.393,-0.067,-0.194,-0.090,2444,1530
873654,6.431,3.711,6.366,-0.072,-0.189,-0.095,2444,1533
873674,6.318,3.752,6.352,-0.066,-0.202,-0.082,2445,1533
873694,6.330,3.563,6.263,-0.061,-0.238,-0.084,2445,1534
873714,6.460,3.428,5.997,-0.030,-0.242,-0.100,2446,1533
873734,6.586,3.412,5.789,-0.022,-0.198,-0.123,2446,1533
873754,6.646,3.541,5.758,-0.044,-0.142,-0.143,2445,1535
873774,6.584,3.730,5.909,-0.070,-0.101,-0.138,2446,1535
873794,6.603,3.819,6.041,-0.057,-0.088,-0.126,2446,1535
873814,6.601,3.833,6.069,-0.027,-0.086,-0.125,2446,1535
873834,6.601,3.917,6.055,-0.006,-0.076,-0.120,2446,1535
873854,6.572,4.013,6.074,-0.006,-0.063,-0.112,2445,1535
873874,6.586,4.120,6.177,-0.017,-0.059,-0.093,2446,1535
873894,6.551,4.087,6.196,-0.010,-0.074,-0.075,2444,1535
873914,6.522,4.130,6.189,0.013,-0.075,-0.064,2445,1534
873934,6.498,4.113,6.220,0.027,-0.072,-0.048,2445,1534
873954,6.481,4.037,6.199,0.040,-0.066,-0.034,2447,1531
873974,6.462,3.984,6.182,0.052,-0.065,-0.025,2444,1528
873994,6.479,3.936,6.141,0.058,-0.075,-0.020,2446,1529
874014,6.534,3.888,6.086,0.062,-0.062,-0.018,2446,1530
874034,6.553,3.922,6.103,0.051,-0.025,-0.010,2446,1520
874054,6.505,3.852,6.141,0.038,-0.001,0.001,2447,1519
874074,6.495,3.792,6.232,0.047,0.001,0.011,2447,1520
874094,6.558,3.701,6.230,0.060,-0.009,0.013,2447,1521
874114,6.639,3.677,6.225,0.050,0.004,-0.002,2447,1520
874134,6.625,3.745,6.311,0.010,0.024,-0.022,2447,1519
874154,6.577,3.788,6.515,-0.016,0.018,-0.025,2448,1519
874174,6.491,3.819,6.608,0.001,-0.026,-0.024,2448,1514
874194,6.553,3.804,6.579,0.024,-0.073,-0.024,2447,1516
874214,6.546,3.804,6.438,0.022,-0.092,-0.026,2448,1515
874234,6.596,3.809,6.376,-0.009,-0.090,-0.019,2447,1518
874254,6.546,3.728,6.393,-0.018,-0.093,-0.013,2448,1520
874274,6.488,3.651,6.328,0.001,-0.118,-0.011,2448,1519
874294,6.539,3.613,6.223,0.017,-0.122,-0.018,2448,1504
874314,6.553,3.584,6.179,0.007,-0.108,-0.034,2448,1519
874334,6.529,3.594,6.158,0.000,-0.110,-0.051,2448,1472
874354,6.560,3.601,6.069,0.006,-0.108,-0.062,2448,1475
874374,6.586,3.649,6.043,0.019,-0.084,-0.078,2450,1473
874394,6.567,3.797,6.053,-0.003,-0.061,-0.080,2448,1495
874414,6.536,3.840,6.110,-0.027,-0.049,-0.074,2448,1497
874434,6.493,3.874,6.194,-0.019,-0.045,-0.071,2448,1498
874454,6.450,3.903,6.261,0.012,-0.055,-0.064,2448,1485
874474,6.500,3.974,6.254,0.028,-0.066,-0.062,2448,1487
874494,6.512,4.010,6.182,0.026,-0.075,-0.067,2448,1490
874514,6.582,4.044,6.103,0.031,-0.071,-0.069,2447,1498
874534,6.620,4.125,6.091,0.026,-0.044,-0.054,2448,1502
874554,6.618,4.152,6.175,0.023,-0.015,-0.024,2448,1518
874574,6.644,4.116,6.249,0.026,-0.003,0.006,2448,1515
874594,6.639,3.994,6.321,0.035,-0.013,0.019,2448,1497
874614,6.663,3.879,6.244,0.045,-0.024,0.026,2447,1513
874634,6.677,3.824,6.223,0.053,-0.026,0.030,2448,1526
874654,6.663,3.807,6.220,0.053,-0.017,0.042,2448,1532
874674,6.634,3.733,6.191,0.034,-0.020,0.044,2448,1561
874694,6.618,3.644,6.110,0.022,-0.053,0.021,2448,1567
874714,6.637,3.661,6.007,0.021,-0.062,0.001,2448,1558
874734,6.665,3.728,5.995,0.024,-0.029,-0.007,2448,1571
874754,6.625,3.800,6.041,0.034,-0.008,-0.017,2447,1584
874774,6.582,3.926,6.112,0.049,-0.018,-0.021,2447,1584
874794,6.574,3.984,6.151,0.048,-0.020,-0.007,2448,1603
874814,6.555,3.941,6.179,0.040,-0.019,0.005,2448,1607
874834,6.551,3.941,6.184,0.048,-0.022,0.011,2447,1602
874854,6.572,3.931,6.167,0.061,-0.018,0.017,2448,1599
874874,6.555,3.967,6.136,0.076,-0.015,0.023,2448,1599
874894,6.536,3.922,6.148,0.077,-0.014,0.036,2448,1598
874914,6.548,3.862,6.158,0.079,-0.010,0.042,2447,1591
874934,6.579,3.773,6.182,0.080,-0.000,0.050,2448,1591
874954,6.603,3.754,6.230,0.079,0.014,0.046,2448,1594
874974,6.603,3.816,6.299,0.068,0.026,0.041,2448,1584
874994,6.572,3.797,6.325,0.058,0.016,0.041,2448,1584
875014,6.563,3.718,6.388,0.060,0.000,0.039,2448,1583
875034,6.555,3.673,6.402,0.064,-0.016,0.034,2448,1575
875054,6.539,3.670,6.373,0.056,-0.027,0.029,2448,1585
875074,6.594,3.613,6.311,0.059,-0.034,0.029,2447,1584
875094,6.589,3.591,6.199,0.063,-0.035,0.014,2448,1583
875114,6.567,3.713,6.153,0.059,-0.027,-0.009,2448,1570
875134,6.507,3.883,6.194,0.038,-0.007,-0.011,2447,1574
875154,6.481,3.869,6.187,0.027,-0.005,0.001,2448,1589
875174,6.507,3.821,6.232,0.046,-0.003,0.005,2447,1584
875194,6.510,3.898,6.244,0.064,0.003,0.008,2448,1581
875214,6.495,3.847,6.275,0.053,0.002,0.012,2447,1583
875234,6.512,3.761,6.285,0.059,-0.002,0.018,2448,1584
875254,6.570,3.685,6.258,0.070,0.005,0.018,2447,1587
875274,6.610,3.637,6.201,0.070,0.015,0.012,2446,1599
875294,6.618,3.709,6.244,0.054,0.036,-0.001,2450,1607
875314,6.596,3.771,6.357,0.031,0.045,-0.005,2448,1604
875334,6.543,3.752,6.462,0.019,0.039,-0.001,2447,1603
875354,6.553,3.723,6.534,0.027,0.021,0.000,2447,1595
875374,6.498,3.723,6.541,0.036,-0.004,-0.004,2448,1600
875394,6.517,3.725,6.483,0.028,-0.034,-0.006,2448,1600
875414,6.515,3.749,6.455,0.025,-0.045,-0.014,2447,1604
875434,6.481,3.785,6.424,0.026,-0.047,-0.012,2448,1600
875454,6.457,3.797,6.378,0.033,-0.055,-0.009,2449,1600
875474,6.481,3.816,6.304,0.030,-0.051,-0.005,2446,1609
875494,6.476,3.773,6.278,0.007,-0.039,0.001,2448,1582
875514,6.524,3.673,6.237,-0.003,-0.033,-0.002,2447,1587
875534,6.524,3.685,6.261,0.006,-0.020,-0.014,2447,1599
875554,6.486,3.752,6.263,0.012,-0.025,-0.018,2447,1598
875574,6.507,3.759,6.311,0.013,-0.042,-0.019,2448,1601
875594,6.524,3.749,6.244,0.021,-0.051,-0.021,2448,1583
875614,6.522,3.761,6.187,0.030,-0.049,-0.020,2448,1600
875634,6.543,3.804,6.189,0.035,-0.038,-0.016,2447,1605
875654,6.555,3.843,6.187,0.032,-0.025,-0.010,2448,1603
875674,6.558,3.833,6.211,0.029,-0.026,-0.007,2448,1607
875694,6.577,3.831,6.184,0.037,-0.030,-0.010,2449,1608
875714,6.570,3.895,6.167,0.044,-0.022,-0.013,2448,1605
875734,6.567,3.895,6.187,0.045,-0.009,0.000,2448,1614
875754,6.570,3.845,6.160,0.062,-0.002,0.013,2448,1616
875774,6.582,3.843,6.175,0.072,0.007,0.019,2449,1615
875794,6.546,3.800,6.251,0.063,0.016,0.023,2447,1618
875814,6.486,3.682,6.314,0.056,0.013,0.025,2448,1616
875834,6.505,3.567,6.342,0.071,-0.006,0.020,2447,1626
875854,6.522,3.577,6.275,0.092,-0.020,-0.006,2448,1627
875874,6.529,3.737,6.230,0.085,-0.001,-0.026,2448,1618
875894,6.476,3.833,6.330,0.056,0.021,-0.021,2448,1614
875914,6.486,3.807,6.393,0.048,0.026,-0.010,2447,1616
875934,6.481,3.845,6.438,0.066,0.027,-0.012,2448,1622
875954,6.445,3.881,6.457,0.061,0.030,-0.002,2448,1629
875974,6.452,3.850,6.428,0.047,0.023,0.005,2447,1630
875994,6.450,3.785,6.464,0.036,0.022,0.006,2448,1630
876014,6.445,3.771,6.500,0.045,0.017,0.004,2447,1621
876034,6.400,3.807,6.481,0.048,0.012,0.005,2448,1630
876054,6.424,3.814,6.483,0.043,-0.002,0.010,2448,1620
876074,6.426,3.780,6.472,0.040,-0.010,0.010,2447,1629
876094,6.397,3.713,6.431,0.036,-0.014,0.012,2448,1632
876114,6.419,3.622,6.431,0.046,-0.019,0.011,2448,1632
876134,6.412,3.663,6.393,0.064,-0.023,-0.004,2447,1639
876154,6.407,3.785,6.395,0.054,-0.020,-0.003,2448,1647
876174,6.404,3.814,6.383,0.038,-0.018,0.001,2447,1648
876194,6.438,3.809,6.395,0.041,-0.018,0.004,2447,1648
876214,6.438,3.871,6.407,0.049,-0.012,0.007,2447,1649
876234,6.414,3.883,6.440,0.048,-0.009,0.016,2447,1649
876254,6.416,3.847,6.448,0.050,-0.019,0.020,2446,1651
876274,6.426,3.843,6.476,0.058,-0.025,0.019,2447,1650
876294,6.402,3.879,6.481,0.056,-0.025,0.025,2447,1649
876314,6.400,3.855,6.481,0.049,-0.023,0.031,2447,1648
876334,6.388,3.776,6.505,0.059,-0.037,0.036,2448,1651
876354,6.443,3.735,6.460,0.064,-0.045,0.031,2447,1649
876374,6.450,3.761,6.424,0.054,-0.029,0.032,2448,1656
876394,6.440,3.728,6.460,0.034,-0.018,0.043,2447,1652
876414,6.462,3.572,6.479,0.037,-0.033,0.048,2449,1653
876434,6.500,3.527,6.457,0.057,-0.037,0.031,2448,1656
876454,6.486,3.646,6.436,0.052,-0.027,0.010,2447,1659
876474,6.462,3.699,6.474,0.028,-0.030,0.007,2448,1657
876494,6.462,3.713,6.493,0.030,-0.045,0.005,2447,1657
876514,6.467,3.723,6.424,0.044,-0.053,0.006,2447,1659
876534,6.460,3.790,6.381,0.041,-0.046,0.013,2447,1659
876554,6.404,3.831,6.433,0.031,-0.034,0.019,2447,1660
876574,6.397,3.788,6.452,0.031,-0.046,0.032,2449,1663
876594,6.397,3.737,6.464,0.051,-0.055,0.034,2447,1661
876614,6.419,3.728,6.397,0.069,-0.052,0.029,2447,1665
876634,6.416,3.685,6.316,0.067,-0.043,0.030,2448,1660
876654,6.445,3.625,6.270,0.059,-0.044,0.033,2446,1660
876674,6.483,3.613,6.266,0.058,-0.030,0.028,2447,1658
876694,6.457,3.692,6.273,0.052,-0.014,0.021,2447,1655
876714,6.414,3.704,6.280,0.047,-0.012,0.021,2447,1653
876734,6.424,3.675,6.203,0.059,-0.011,0.023,2448,1649
876754,6.493,3.692,6.225,0.069,0.006,0.017,2447,1648
876774,6.483,3.754,6.258,0.053,0.024,0.017,2447,1650
876794,6.436,3.768,6.352,0.038,0.021,0.020,2447,1662
876814,6.450,3.697,6.304,0.056,0.007,0.019,2447,1664
876834,6.527,3.716,6.299,0.081,0.011,0.014,2446,1661
876854,6.474,3.824,6.333,0.072,0.034,0.012,2448,1663
876874,6.488,3.807,6.421,0.047,0.039,0.021,2447,1664
876894,6.481,3.780,6.488,0.049,0.029,0.027,2447,1665
876914,6.498,3.764,6.498,0.058,0.020,0.033,2447,1667
876934,6.474,3.713,6.433,0.070,0.015,0.033,2447,1669
876954,6.448,3.718,6.378,0.076,0.017,0.035,2447,1670
876974,6.479,3.723,6.428,0.065,0.029,0.039,2447,1669
876994,6.467,3.713,6.428,0.056,0.034,0.032,2447,1667
877014,6.428,3.728,6.464,0.058,0.032,0.026,2448,1667
877034,6.388,3.819,6.493,0.066,0.032,0.028,2448,1667
877054,6.400,3.816,6.548,0.069,0.029,0.041,2447,1670
877074,6.409,3.752,6.495,0.073,0.025,0.050,2447,1672
877094,6.393,3.692,6.481,0.066,0.030,0.058,2450,1670
877114,6.395,3.630,6.553,0.060,0.033,0.063,2447,1672
877134,6.347,3.613,6.622,0.048,0.024,0.061,2448,1672
877154,6.323,3.594,6.697,0.037,0.011,0.060,2448,1668
877174,6.335,3.484,6.680,0.046,-0.006,0.055,2447,1668
877194,6.340,3.438,6.589,0.063,-0.015,0.038,2448,1667
877214,6.345,3.488,6.567,0.061,-0.009,0.026,2448,1668
877234,6.328,3.496,6.553,0.034,-0.006,0.022,2447,1665
877254,6.349,3.486,6.613,0.019,-0.005,0.009,2449,1663
877274,6.349,3.534,6.637,0.022,-0.011,-0.004,2447,1671
877294,6.354,3.534,6.586,0.025,-0.018,-0.010,2447,1670
877314,6.378,3.596,6.543,0.023,-0.017,-0.011,2447,1666
877334,6.378,3.644,6.553,0.013,-0.011,-0.008,2448,1668
877354,6.385,3.632,6.563,0.019,-0.017,-0.003,2447,1671
877374,6.388,3.666,6.579,0.024,-0.026,-0.004,2448,1676
877394,6.359,3.752,6.620,0.021,-0.025,0.002,2447,1677
877414,6.318,3.675,6.625,0.019,-0.035,0.011,2446,1678
877434,6.321,3.603,6.560,0.043,-0.050,0.006,2448,1677
877454,6.316,3.567,6.462,0.063,-0.057,0.004,2447,1679
877474,6.330,3.570,6.390,0.066,-0.046,0.003,2447,1679
877494,6.309,3.508,6.390,0.048,-0.026,0.005,2447,1678
877514,6.316,3.462,6.347,0.055,-0.025,-0.001,2448,1679
877534,6.337,3.479,6.376,0.067,-0.019,-0.007,2447,1679
877554,6.354,3.541,6.325,0.070,-0.007,-0.021,2447,1679
877574,6.354,3.637,6.352,0.064,0.007,-0.037,2446,1676
877594,6.357,3.742,6.421,0.059,0.023,-0.040,2447,1679
877614,6.323,3.831,6.546,0.070,0.029,-0.035,2446,1679
877634,6.345,3.895,6.536,0.087,0.018,-0.020,2446,1677
877654,6.378,3.847,6.551,0.103,0.015,-0.008,2447,1675
877674,6.397,3.797,6.524,0.102,0.025,0.002,2446,1676
877694,6.445,3.725,6.493,0.090,0.035,0.009,2447,1676
877714,6.448,3.711,6.584,0.078,0.045,0.015,2448,1676
877734,6.400,3.783,6.711,0.064,0.051,0.021,2447,1673
877754,6.347,3.692,6.721,0.054,0.041,0.028,2448,1679
877774,6.359,3.606,6.699,0.067,0.017,0.025,2448,1674
877794,6.393,3.675,6.663,0.078,0.008,0.011,2448,1669
877814,6.337,3.773,6.630,0.055,0.007,0.010,2447,1654
877834,6.292,3.778,6.665,0.033,-0.002,0.018,2447,1663
877854,6.290,3.740,6.653,0.048,-0.013,0.017,2447,1659
877874,6.287,3.771,6.555,0.065,-0.007,0.018,2446,1663
877894,6.246,3.831,6.519,0.049,0.005,0.029,2447,1661
877914,6.239,3.723,6.579,0.031,0.008,0.046,2446,1660
877934,6.235,3.620,6.577,0.054,-0.004,0.046,2447,1660
877954,6.225,3.634,6.582,0.080,-0.012,0.037,2446,1652
877974,6.239,3.656,6.519,0.073,-0.002,0.034,2447,1650
877994,6.232,3.589,6.543,0.066,0.001,0.033,2447,1651
878014,6.184,3.565,6.606,0.074,-0.006,0.030,2448,1657
878034,6.182,3.575,6.632,0.096,-0.012,0.025,2448,1659
878054,6.237,3.589,6.630,0.101,-0.013,0.022,2448,1658
878074,6.211,3.613,6.618,0.088,-0.005,0.016,2446,1659
878094,6.158,3.560,6.634,0.080,-0.006,0.022,2447,1650
878114,6.218,3.469,6.665,0.104,-0.012,0.021,2447,1649
878134,6.237,3.575,6.639,0.115,-0.000,0.008,2447,1648
878154,6.153,3.697,6.728,0.083,0.014,0.011,2447,1648
878174,6.160,3.582,6.831,0.060,-0.001,0.015,2447,1650
878194,6.203,3.486,6.840,0.092,-0.021,-0.003,2447,1652
878214,6.196,3.548,6.771,0.111,-0.030,-0.019,2447,1650
878234,6.225,3.625,6.694,0.090,-0.026,-0.020,2447,1649
878254,6.218,3.603,6.694,0.065,-0.021,-0.019,2446,1648
878274,6.263,3.596,6.687,0.057,-0.015,-0.027,2446,1647
878294,6.227,3.670,6.721,0.052,-0.008,-0.030,2447,1647
878314,6.191,3.677,6.735,0.040,-0.017,-0.024,2446,1649
878334,6.218,3.627,6.735,0.042,-0.034,-0.032,2446,1648
878354,6.249,3.673,6.665,0.045,-0.043,-0.049,2446,1648
878374,6.249,3.759,6.606,0.035,-0.039,-0.057,2447,1647
878394,6.215,3.871,6.646,0.018,-0.035,-0.059,2444,1652
878414,6.235,3.855,6.627,0.017,-0.044,-0.046,2447,1653
878434,6.280,3.826,6.618,0.038,-0.044,-0.044,2447,1662
878454,6.273,3.912,6.551,0.042,-0.037,-0.042,2446,1661
878474,6.232,3.950,6.615,0.016,-0.035,-0.029,2448,1663
878494,6.290,3.812,6.586,0.012,-0.042,-0.020,2447,1658
878514,6.323,3.773,6.529,0.041,-0.038,-0.023,2446,1657
878534,6.299,3.879,6.539,0.038,-0.030,-0.021,2446,1654
878554,6.266,3.941,6.574,0.011,-0.026,-0.007,2446,1651
878574,6.251,3.874,6.653,0.011,-0.023,0.003,2447,1650
878594,6.244,3.809,6.632,0.043,-0.033,0.006,2446,1649
878614,6.268,3.838,6.574,0.060,-0.037,0.007,2447,1657
878634,6.225,3.843,6.574,0.043,-0.030,0.013,2447,1661
878654,6.206,3.754,6.594,0.032,-0.031,0.021,2447,1668
878674,6.246,3.644,6.567,0.052,-0.039,0.015,2447,1686
878694,6.246,3.704,6.503,0.062,-0.028,0.007,2446,1693
878714,6.179,3.790,6.598,0.037,-0.014,0.006,2446,1694
878734,6.153,3.766,6.699,0.026,-0.014,0.007,2446,1673
878754,6.146,3.711,6.709,0.046,-0.025,0.006,2445,1675
878774,6.184,3.747,6.651,0.070,-0.031,0.006,2446,1678
878794,6.213,3.802,6.658,0.058,-0.024,0.010,2447,1679
878814,6.194,3.754,6.675,0.029,-0.014,0.017,2447,1679
878834,6.148,3.694,6.744,0.032,-0.025,0.015,2447,1680
878854,6.151,3.642,6.709,0.051,-0.041,0.011,2447,1681
878874,6.167,3.680,6.682,0.058,-0.038,0.000,2447,1681
878894,6.167,3.725,6.668,0.041,-0.038,0.001,2448,1686
878914,6.201,3.654,6.665,0.034,-0.054,0.000,2445,1683
878934,6.232,3.637,6.579,0.043,-0.055,-0.009,2446,1683
878954,6.235,3.704,6.582,0.042,-0.034,-0.016,2447,1702
878974,6.194,3.800,6.649,0.023,-0.024,-0.012,2446,1707
878994,6.206,3.752,6.706,0.010,-0.033,-0.005,2446,1706
879014,6.208,3.716,6.716,0.030,-0.042,-0.006,2447,1706
879034,6.246,3.713,6.639,0.047,-0.047,-0.007,2447,1713
879054,6.275,3.749,6.625,0.039,-0.041,-0.008,2447,1715
879074,6.275,3.754,6.661,0.016,-0.040,-0.007,2446,1718
879094,6.254,3.749,6.766,0.013,-0.051,-0.007,2446,1713
879114,6.239,3.759,6.759,0.026,-0.070,-0.007,2445,1717
879134,6.237,3.721,6.723,0.043,-0.088,-0.007,2447,1719
879154,6.275,3.718,6.656,0.047,-0.095,-0.004,2447,1718
879174,6.273,3.711,6.596,0.033,-0.089,-0.009,2448,1724
879194,6.249,3.639,6.584,0.033,-0.102,-0.007,2447,1727
879214,6.275,3.519,6.467,0.053,-0.112,-0.005,2446,1729
879234,6.294,3.505,6.385,0.072,-0.105,-0.017,2447,1728
879254,6.261,3.697,6.328,0.059,-0.080,-0.032,2446,1728
879274,6.220,3.792,6.385,0.035,-0.064,-0.035,2446,1729
879294,6.232,3.718,6.347,0.071,-0.077,-0.034,2446,1728
879314,6.316,3.764,6.213,0.128,-0.073,-0.042,2447,1728
879334,6.366,3.850,6.122,0.162,-0.044,-0.045,2447,1728
879354,6.357,3.998,6.110,0.165,-0.010,-0.037,2447,1729
879374,6.347,4.108,6.144,0.151,0.025,-0.016,2447,1729
879394,6.369,4.051,6.036,0.146,0.046,0.006,2448,1731
879414,6.419,4.044,5.954,0.179,0.075,0.018,2447,1729
879434,6.431,4.161,5.923,0.202,0.124,0.032,2447,1731
879454,6.378,4.348,6.076,0.176,0.188,0.068,2447,1730
879474,6.383,4.199,6.302,0.144,0.222,0.102,2447,1731
879494,6.383,4.063,6.515,0.161,0.222,0.107,2447,1731
879514,6.333,4.108,6.682,0.185,0.209,0.116,2448,1732
879534,6.282,4.120,6.778,0.189,0.178,0.131,2447,1732
879554,6.304,4.089,6.802,0.199,0.147,0.141,2447,1730
879574,6.299,4.068,6.833,0.193,0.140,0.160,2447,1729
879594,6.270,4.037,6.867,0.170,0.139,0.174,2447,1729
879614,6.167,4.058,6.958,0.147,0.122,0.182,2446,1732
879634,6.072,3.984,6.962,0.150,0.073,0.198,2446,1730
879654,6.079,3.850,6.809,0.193,0.031,0.193,2449,1729
879674,6.050,3.881,6.670,0.221,0.036,0.181,2447,1730
879694,5.930,3.936,6.682,0.200,0.056,0.184,2447,1730
879714,5.887,3.869,6.718,0.159,0.043,0.194,2447,1732
879734,5.952,3.668,6.675,0.169,0.020,0.179,2447,1732
879754,6.000,3.601,6.529,0.209,0.029,0.151,2447,1733
879774,5.952,3.622,6.388,0.230,0.046,0.125,2445,1734
879794,5.981,3.730,6.349,0.207,0.083,0.106,2447,1733
879814,6.029,3.797,6.443,0.147,0.144,0.101,2447,1734
879834,6.069,3.663,6.531,0.109,0.176,0.084,2447,1734
879854,6.139,3.536,6.493,0.113,0.194,0.050,2447,1734
879874,6.208,3.539,6.522,0.136,0.240,0.022,2446,1734
879894,6.239,3.761,6.694,0.120,0.294,0.000,2447,1735
879914,6.196,3.989,6.917,0.062,0.300,-0.006,2447,1735
879934,6.184,4.101,7.063,-0.015,0.276,0.003,2447,1738
879954,6.158,4.144,7.173,-0.060,0.259,0.017,2446,1738
879974,6.136,4.096,7.230,-0.049,0.227,0.029,2448,1738
879994,6.086,4.223,7.331,-0.012,0.192,0.029,2447,1738
880014,5.957,4.396,7.377,-0.016,0.141,0.046,2447,1737
880034,5.883,4.386,7.336,-0.054,0.064,0.081,2446,1740
880054,5.885,4.101,7.233,-0.044,-0.001,0.096,2448,1741
880074,5.861,3.907,6.989,0.026,-0.048,0.078,2447,1739
880094,5.777,3.929,6.721,0.105,-0.075,0.053,2447,1739
880114,5.715,4.044,6.613,0.118,-0.073,0.048,2447,1736
880134,5.710,4.015,6.563,0.079,-0.059,0.057,2447,1683
880154,5.689,3.833,6.574,0.047,-0.041,0.046,2447,1727
880174,5.622,3.572,6.539,0.050,-0.045,0.032,2447,1729
880194,5.667,3.335,6.438,0.104,-0.043,0.001,2447,1727
880214,5.720,3.273,6.366,0.171,0.012,-0.041,2447,1724
880234,5.725,3.433,6.488,0.200,0.110,-0.064,2448,1719
880254,5.629,3.517,6.694,0.161,0.157,-0.070,2448,1723
880274,5.547,3.428,6.778,0.112,0.143,-0.082,2447,1717
880294,5.543,3.522,6.883,0.090,0.139,-0.106,2447,1719
880314,5.485,3.790,7.034,0.056,0.172,-0.118,2447,1719
880334,5.459,3.955,7.178,0.027,0.199,-0.114,2446,1726
880354,5.420,3.903,7.276,0.017,0.196,-0.118,2447,1729
880374,5.375,3.821,7.257,0.034,0.179,-0.137,2446,1727
880394,5.303,3.996,7.377,0.035,0.193,-0.157,2447,1727
880414,5.198,4.099,7.549,0.005,0.205,-0.155,2445,1726
880434,5.160,4.058,7.671,-0.007,0.180,-0.155,2447,1728
880454,5.119,4.149,7.614,-0.017,0.156,-0.165,2447,1730
880474,5.042,4.202,7.633,-0.035,0.153,-0.160,2447,1729
880494,4.906,4.137,7.714,-0.071,0.138,-0.141,2448,1733
880514,4.903,3.984,7.721,-0.072,0.097,-0.136,2447,1732
880534,4.858,3.970,7.685,-0.058,0.076,-0.145,2448,1734
880554,4.863,3.948,7.645,-0.052,0.056,-0.140,2447,1742
880574,4.918,3.852,7.623,-0.045,0.038,-0.140,2448,1744
880594,4.956,3.821,7.652,-0.044,0.021,-0.145,2447,1742
880614,4.973,3.785,7.678,-0.065,-0.011,-0.152,2447,1740
880634,5.011,3.764,7.661,-0.066,-0.042,-0.169,2447,1738
880654,5.016,3.855,7.585,-0.054,-0.054,-0.188,2447,1740
880674,5.035,3.888,7.513,-0.039,-0.060,-0.192,2447,1741
880694,5.085,3.864,7.369,-0.014,-0.057,-0.201,2447,1741
880714,5.179,3.929,7.274,-0.003,-0.029,-0.217,2448,1743
880734,5.167,4.144,7.286,-0.046,0.014,-0.219,2448,1741
880754,5.109,4.357,7.446,-0.134,0.041,-0.202,2447,1724
880774,5.018,4.312,7.659,-0.180,0.044,-0.180,2447,1695
880794,4.980,4.132,7.685,-0.123,0.025,-0.175,2447,1727
880814,4.999,4.032,7.518,-0.032,0.019,-0.187,2447,1733
880834,5.011,4.077,7.410,0.008,0.047,-0.194,2447,1737
880854,4.884,4.271,7.580,-0.059,0.072,-0.183,2447,1738
880874,4.788,4.156,7.690,-0.141,0.027,-0.164,2446,1741
880894,4.894,3.790,7.537,-0.120,-0.025,-0.176,2448,1744
880914,4.954,3.701,7.259,-0.013,-0.013,-0.229,2447,1744
880934,4.913,3.826,7.154,0.051,0.047,-0.261,2449,1744
880954,4.870,4.096,7.259,0.011,0.108,-0.265,2442,1742
880974,4.767,4.290,7.422,-0.086,0.131,-0.256,2447,1744
880994,4.733,4.274,7.523,-0.155,0.107,-0.237,2446,1745
881014,4.764,4.140,7.597,-0.137,0.090,-0.235,2447,1745
881034,4.764,4.068,7.676,-0.082,0.106,-0.242,2446,1746
881054,4.662,4.104,7.733,-0.038,0.083,-0.260,2447,1745
881074,4.575,4.262,7.774,-0.023,0.038,-0.276,2446,1744
881094,4.475,4.549,7.843,-0.036,0.018,-0.273,2446,1746
881114,4.360,4.611,7.870,-0.087,-0.010,-0.245,2446,1744
881134,4.381,4.398,7.805,-0.100,-0.055,-0.231,2446,1743
881154,4.441,4.180,7.707,-0.062,-0.072,-0.236,2445,1706
881174,4.436,4.281,7.721,-0.011,-0.048,-0.241,2447,1709
881194,4.377,4.391,7.738,-0.024,-0.035,-0.220,2446,1697
881214,4.326,4.353,7.705,-0.068,-0.054,-0.192,2445,1697
881234,4.393,4.192,7.681,-0.095,-0.059,-0.170,2446,1697
881254,4.439,4.209,7.697,-0.105,-0.022,-0.164,2444,1696
881274,4.369,4.302,7.855,-0.119,0.012,-0.158,2446,1694
881294,4.293,4.317,7.894,-0.145,-0.001,-0.139,2445,1691
881314,4.324,4.221,7.944,-0.156,-0.011,-0.126,2445,1703
881334,4.348,4.231,8.049,-0.174,0.019,-0.113,2446,1704
881354,4.338,4.190,8.183,-0.209,0.034,-0.099,2445,1709
881374,4.367,4.049,8.179,-0.218,0.004,-0.093,2447,1709
881394,4.432,3.922,8.078,-0.193,-0.016,-0.082,2446,1678
881414,4.503,3.910,7.963,-0.189,-0.004,-0.064,2446,1660
881434,4.453,3.824,7.956,-0.205,-0.006,-0.048,2446,1628
881454,4.393,3.757,7.879,-0.222,-0.031,-0.030,2445,1664
881474,4.403,3.692,7.805,-0.207,-0.040,-0.027,2446,1667
881494,4.331,3.680,7.750,-0.175,-0.026,-0.033,2446,1665
881514,4.264,3.749,7.757,-0.159,-0.016,-0.021,2445,1649
881534,4.257,3.706,7.767,-0.148,-0.017,-0.007,2445,1653
881554,4.250,3.603,7.764,-0.120,-0.006,-0.006,2445,1648
881574,4.245,3.613,7.707,-0.086,0.012,0.003,2444,1636
881594,4.295,3.656,7.784,-0.080,0.035,0.024,2445,1636
881614,4.293,3.515,7.855,-0.064,0.038,0.046,2445,1626
881634,4.288,3.419,7.903,-0.031,0.035,0.054,2445,1630
881654,4.257,3.424,7.997,-0.008,0.044,0.058,2446,1640
881674,4.219,3.412,8.109,0.002,0.030,0.057,2444,1668
881694,4.228,3.321,8.107,0.030,-0.009,0.052,2446,1652
881714,4.259,3.282,7.992,0.071,-0.021,0.036,2444,1610
881734,4.204,3.405,7.958,0.074,0.023,0.017,2445,1612
881754,4.032,3.555,8.135,0.029,0.054,0.020,2445,1635
881774,4.003,3.496,8.250,0.000,0.044,0.026,2445,1643
881794,4.044,3.373,8.236,0.024,0.033,0.015,2445,1628
881814,4.063,3.349,8.195,0.056,0.021,-0.005,2444,1621
881834,4.137,3.366,8.159,0.076,0.019,-0.030,2446,1634
881854,4.166,3.417,8.145,0.047,0.028,-0.049,2446,1633
881874,4.183,3.412,8.150,0.009,0.013,-0.068,2445,1627
881894,4.171,3.469,8.133,-0.008,0.008,-0.088,2446,1604
881914,4.147,3.527,8.150,-0.003,0.022,-0.098,2445,1603
881934,4.106,3.505,8.224,-0.009,0.040,-0.105,2445,1589
881954,4.058,3.467,8.236,-0.027,0.035,-0.122,2445,1619
881974,4.008,3.529,8.262,-0.046,0.024,-0.150,2445,1614
881994,3.972,3.551,8.279,-0.059,0.013,-0.168,2445,1617
882014,4.025,3.536,8.250,-0.049,-0.001,-0.187,2446,1648
882034,4.053,3.548,8.200,-0.039,-0.010,-0.208,2445,1629
882054,4.065,3.666,8.181,-0.045,-0.002,-0.227,2444,1639
882074,4.003,3.768,8.262,-0.080,0.022,-0.221,2445,1639
882094,3.967,3.675,8.329,-0.114,0.035,-0.202,2446,1647
882114,3.943,3.536,8.320,-0.102,0.005,-0.193,2445,1646
882134,4.008,3.412,8.260,-0.073,-0.023,-0.206,2445,1647
882154,3.986,3.469,8.155,-0.060,-0.015,-0.220,2445,1646
882174,3.883,3.594,8.212,-0.092,0.004,-0.221,2445,1633
882194,3.768,3.519,8.279,-0.119,-0.002,-0.219,2445,1644
882214,3.747,3.436,8.296,-0.092,-0.015,-0.223,2446,1653
882234,3.759,3.428,8.183,-0.046,-0.011,-0.230,2445,1638
882254,3.745,3.630,8.255,-0.037,0.035,-0.230,2446,1645
882274,3.680,3.766,8.461,-0.084,0.066,-0.205,2446,1639
882294,3.649,3.634,8.595,-0.126,0.062,-0.188,2444,1645
882314,3.699,3.448,8.588,-0.121,0.039,-0.183,2445,1647
882334,3.733,3.390,8.605,-0.092,0.029,-0.196,2444,1648
882354,3.701,3.551,8.619,-0.084,0.026,-0.199,2445,1660
882374,3.656,3.627,8.622,-0.099,0.025,-0.180,2445,1656
882394,3.625,3.524,8.633,-0.104,0.003,-0.160,2445,1656
882414,3.625,3.333,8.554,-0.090,-0.026,-0.148,2443,1660
882434,3.620,3.247,8.464,-0.072,-0.022,-0.157,2444,1659
882454,3.560,3.254,8.380,-0.065,-0.021,-0.172,2445,1659
882474,3.517,3.359,8.373,-0.065,-0.013,-0.173,2443,1663
882494,3.445,3.426,8.404,-0.065,0.009,-0.155,2445,1672
882514,3.426,3.393,8.435,-0.065,0.010,-0.135,2444,1677
882534,3.433,3.242,8.394,-0.039,-0.009,-0.130,2444,1677
882554,3.476,3.294,8.329,0.006,-0.004,-0.133,2445,1691
882574,3.378,3.512,8.392,0.018,0.026,-0.123,2445,1666
882594,3.309,3.603,8.473,-0.002,0.031,-0.093,2444,1664
882614,3.342,3.500,8.507,-0.016,0.021,-0.061,2444,1671
882634,3.414,3.395,8.610,-0.015,0.031,-0.039,2444,1671
882654,3.361,3.357,8.775,-0.001,0.032,-0.029,2445,1674
882674,3.328,3.299,8.849,0.032,-0.010,-0.019,2444,1676
882694,3.373,3.290,8.734,0.082,-0.053,-0.015,2444,1677
882714,3.381,3.361,8.641,0.101,-0.057,-0.004,2445,1686
882734,3.354,3.400,8.610,0.078,-0.056,0.015,2445,1689
882754,3.342,3.338,8.569,0.052,-0.056,0.035,2442,1691
882774,3.340,3.268,8.578,0.065,-0.052,0.041,2444,1692
882794,3.364,3.273,8.626,0.093,-0.040,0.047,2443,1697
882814,3.366,3.328,8.653,0.097,-0.039,0.054,2444,1701
882834,3.371,3.352,8.657,0.083,-0.056,0.055,2444,1715
882854,3.371,3.311,8.586,0.083,-0.070,0.055,2444,1713
882874,3.397,3.287,8.523,0.098,-0.068,0.044,2444,1713
882894,3.426,3.388,8.507,0.107,-0.064,0.033,2444,1713
882914,3.464,3.462,8.452,0.106,-0.061,0.033,2447,1706
882934,3.512,3.479,8.444,0.101,-0.039,0.034,2444,1707
882954,3.536,3.503,8.389,0.091,-0.027,0.026,2443,1697
882974,3.567,3.515,8.387,0.069,-0.014,0.028,2444,1695
882994,3.596,3.529,8.442,0.072,-0.001,0.025,2444,1697
883014,3.577,3.644,8.523,0.083,-0.007,0.019,2443,1694
883034,3.551,3.749,8.653,0.075,-0.027,0.026,2446,1697
883054,3.512,3.675,8.633,0.071,-0.050,0.037,2443,1665
883074,3.522,3.591,8.581,0.092,-0.073,0.040,2444,1661
883094,3.510,3.543,8.483,0.096,-0.085,0.040,2444,1628
883114,3.551,3.424,8.296,0.083,-0.097,0.024,2445,1620
883134,3.591,3.486,8.188,0.076,-0.075,-0.001,2444,1613
883154,3.560,3.697,8.253,0.066,-0.011,-0.000,2444,1629
883174,3.496,3.773,8.401,0.038,0.022,0.021,2443,1630
883194,3.512,3.634,8.468,0.019,0.015,0.032,2444,1634
883214,3.548,3.450,8.497,0.029,-0.006,0.025,2442,1639
883234,3.584,3.433,8.464,0.053,-0.022,-0.000,2444,1640
883254,3.579,3.567,8.416,0.061,-0.023,-0.013,2444,1643
883274,3.534,3.651,8.423,0.049,-0.007,-0.003,2444,1645
883294,3.505,3.613,8.543,0.030,0.018,0.021,2444,1648
883314,3.508,3.469,8.633,0.019,0.013,0.035,2445,1650
883334,3.572,3.273,8.677,0.033,-0.012,0.029,2443,1650
883354,3.608,3.225,8.684,0.057,-0.030,0.020,2444,1652
883374,3.553,3.314,8.732,0.063,-0.046,0.012,2444,1649
883394,3.486,3.326,8.763,0.052,-0.075,0.020,2445,1649
883414,3.488,3.158,8.808,0.054,-0.111,0.029,2443,1649
883434,3.551,2.993,8.794,0.069,-0.144,0.032,2444,1649
883454,3.577,2.897,8.751,0.090,-0.183,0.013,2444,1652
883474,3.584,2.902,8.672,0.093,-0.217,-0.001,2444,1654
883494,3.656,2.909,8.643,0.088,-0.237,-0.006,2442,1654
883514,3.685,2.804,8.569,0.107,-0.262,-0.026,2443,1654
883534,3.757,2.825,8.394,0.145,-0.280,-0.056,2443,1656
883554,3.864,2.957,8.373,0.165,-0.252,-0.073,2443,1657
883574,3.876,3.182,8.456,0.155,-0.226,-0.076,2443,1664
883594,3.871,3.354,8.562,0.125,-0.237,-0.056,2442,1665
883614,3.982,3.306,8.583,0.121,-0.254,-0.020,2444,1665
883634,4.132,3.431,8.617,0.126,-0.237,0.007,2443,1667
883654,4.183,3.558,8.566,0.114,-0.238,0.022,2443,1667
883674,4.262,3.668,8.511,0.123,-0.261,0.036,2443,1670
883694,4.257,3.840,8.442,0.145,-0.267,0.051,2443,1670
883714,4.175,4.001,8.423,0.146,-0.284,0.071,2444,1673
883734,4.175,3.972,8.212,0.169,-0.341,0.098,2443,1673
883754,4.286,3.735,7.884,0.220,-0.362,0.115,2444,1684
883774,4.312,3.462,7.544,0.292,-0.339,0.102,2442,1690
883794,4.319,3.383,7.307,0.375,-0.313,0.065,2444,1693
883814,4.221,3.378,7.192,0.463,-0.327,0.027,2445,1692
883834,4.204,3.290,7.135,0.530,-0.326,0.010,2446,1697
883854,4.300,3.067,7.072,0.590,-0.372,-0.041,2446,1704
883874,4.271,3.105,7.072,0.676,-0.457,-0.142,2445,1695
883894,4.161,3.338,6.869,0.796,-0.491,-0.252,2447,1695
883914,4.022,3.986,6.687,0.881,-0.478,-0.318,2447,1695
883934,3.871,4.439,6.433,0.936,-0.484,-0.378,2447,1665
883954,3.953,4.745,6.304,0.969,-0.488,-0.426,2451,1652
883974,3.996,4.903,6.065,0.988,-0.386,-0.437,2449,1661
883994,3.943,5.294,5.959,0.975,-0.288,-0.433,2453,1671
884014,3.895,5.804,5.959,0.904,-0.201,-0.400,2453,1678
884034,4.085,5.969,6.153,0.830,-0.074,-0.336,2455,1681
884054,4.235,6.029,6.431,0.751,0.011,-0.273,2454,1691
884074,4.183,6.165,6.577,0.682,0.018,-0.243,2456,1695
884094,4.137,6.357,6.630,0.678,-0.027,-0.235,2455,1691
884114,4.369,6.493,6.589,0.689,-0.044,-0.188,2459,1692
884134,4.719,6.481,6.665,0.664,-0.016,-0.133,2456,1692
884154,4.997,6.407,6.723,0.615,0.001,-0.112,2457,1701
884174,5.195,6.359,6.723,0.618,-0.017,-0.090,2458,1717
884194,5.227,6.412,6.732,0.600,-0.020,-0.042,2458,1736
884214,5.195,6.230,6.855,0.525,-0.041,0.004,2458,1730
884234,5.195,5.883,7.051,0.468,-0.112,-0.002,2458,1732
884254,5.049,5.792,7.151,0.491,-0.229,-0.052,2459,1726
884274,4.834,5.837,6.958,0.532,-0.323,-0.106,2460,1735
884294,4.549,6.321,6.814,0.529,-0.354,-0.150,2461,1743
884314,4.190,6.783,6.807,0.472,-0.346,-0.160,2463,1746
884334,4.166,6.960,6.634,0.487,-0.364,-0.143,2463,1759
884354,4.324,6.910,6.256,0.561,-0.376,-0.134,2465,1785
884374,4.331,6.970,5.827,0.597,-0.371,-0.146,2466,1790
884394,4.336,7.108,5.595,0.534,-0.330,-0.148,2465,1779
884414,4.271,6.974,5.351,0.444,-0.279,-0.124,2466,1793
884434,4.429,6.622,5.078,0.432,-0.261,-0.098,2466,1795
884454,4.633,6.342,4.784,0.496,-0.208,-0.106,2466,1801
884474,4.774,6.335,4.700,0.576,-0.104,-0.144,2466,1803
884494,4.681,6.663,4.664,0.589,-0.064,-0.177,2466,1808
884514,4.640,6.967,4.671,0.568,-0.081,-0.195,2466,1789
884534,4.554,7.161,4.563,0.570,-0.090,-0.200,2466,1748
884554,4.508,7.257,4.396,0.613,-0.086,-0.205,2467,1742
884574,4.460,7.422,4.125,0.666,-0.067,-0.214,2465,1747
884594,4.377,7.717,3.950,0.682,-0.039,-0.206,2468,1759
884614,4.276,7.987,3.919,0.648,0.016,-0.174,2466,1758
884634,4.180,8.195,3.895,0.581,0.050,-0.117,2465,1754
884654,4.075,8.260,3.824,0.499,0.034,-0.063,2465,1764
884674,4.149,8.238,3.730,0.414,0.035,-0.007,2467,1760
884694,4.142,8.308,3.888,0.340,0.094,0.040,2465,1757
884714,4.135,8.277,4.159,0.301,0.148,0.083,2466,1754
884734,4.164,8.013,4.290,0.324,0.131,0.092,2465,1759
884754,4.250,7.918,4.207,0.378,0.072,0.054,2465,1766
884774,4.209,8.131,4.214,0.384,0.054,0.019,2464,1768
884794,4.144,8.334,4.283,0.355,0.059,0.029,2465,1771
884814,4.278,8.145,4.355,0.323,0.058,0.060,2464,1773
884834,4.410,7.788,4.314,0.333,0.045,0.043,2465,1771
884854,4.401,7.733,4.235,0.350,0.017,0.007,2465,1771
884874,4.386,7.879,4.101,0.348,-0.022,-0.022,2465,1772
884894,4.424,7.987,3.941,0.303,-0.050,-0.025,2465,1770
884914,4.472,7.927,3.804,0.275,-0.059,-0.013,2469,1768
884934,4.403,7.927,3.728,0.290,-0.040,-0.019,2467,1768
884954,4.281,8.035,3.737,0.293,-0.022,-0.024,2466,1765
884974,4.223,8.068,3.677,0.285,-0.054,-0.030,2466,1760
884994,4.197,8.085,3.493,0.286,-0.107,-0.051,2467,1772
885014,4.173,8.150,3.263,0.305,-0.149,-0.079,2467,1770
885034,4.080,8.265,3.132,0.345,-0.151,-0.107,2466,1776
885054,3.982,8.370,2.995,0.379,-0.136,-0.118,2466,1775
885074,3.948,8.452,2.916,0.390,-0.130,-0.107,2466,1769
885094,3.931,8.461,2.751,0.381,-0.143,-0.102,2466,1775
885114,3.903,8.504,2.619,0.364,-0.134,-0.111,2467,1773
885134,3.931,8.554,2.504,0.338,-0.111,-0.101,2467,1762
885154,3.962,8.574,2.483,0.293,-0.052,-0.077,2466,1765
885174,3.958,8.554,2.617,0.239,0.025,-0.057,2466,1763
885194,3.946,8.519,2.825,0.208,0.075,-0.046,2464,1765
885214,3.989,8.492,2.959,0.202,0.092,-0.042,2466,1773
885234,4.058,8.475,2.993,0.195,0.092,-0.050,2466,1772
885254,4.128,8.622,3.069,0.176,0.111,-0.056,2467,1774
885274,4.156,8.681,3.141,0.132,0.131,-0.031,2467,1776
885294,4.281,8.499,3.275,0.095,0.140,0.002,2467,1755
885314,4.314,8.327,3.361,0.075,0.133,-0.004,2469,1754
885334,4.314,8.384,3.376,0.060,0.112,-0.028,2465,1746
885354,4.281,8.475,3.369,0.047,0.056,-0.047,2466,1748
885374,4.300,8.483,3.275,0.069,0.010,-0.053,2466,1752
885394,4.362,8.502,3.268,0.097,0.005,-0.053,2466,1743
885414,4.329,8.554,3.237,0.120,-0.017,-0.055,2466,1724
885434,4.228,8.581,3.203,0.128,-0.048,-0.051,2468,1728
885454,4.130,8.545,3.103,0.143,-0.094,-0.037,2470,1717
885474,4.152,8.392,2.825,0.180,-0.131,-0.034,2472,1728
885494,4.159,8.363,2.598,0.220,-0.120,-0.039,2469,1731
885514,4.130,8.430,2.466,0.221,-0.089,-0.026,2468,1730
885534,4.128,8.329,2.387,0.202,-0.075,-0.008,2470,1736
885554,4.164,8.234,2.243,0.194,-0.063,-0.008,2469,1745
885574,4.171,8.351,2.176,0.188,-0.009,-0.019,2470,1755
885594,4.108,8.480,2.224,0.166,0.064,-0.018,2472,1747
885614,4.053,8.547,2.234,0.141,0.118,0.002,2470,1758
885634,4.063,8.598,2.274,0.105,0.135,0.019,2473,1745
885654,4.128,8.583,2.375,0.079,0.158,0.009,2471,1741
885674,4.161,8.657,2.485,0.084,0.194,0.003,2472,1722
885694,4.125,8.806,2.593,0.081,0.218,0.021,2473,1743
885714,4.044,8.868,2.701,0.080,0.242,0.039,2471,1732
885734,3.950,8.835,2.756,0.098,0.241,0.062,2473,1723
885754,3.871,8.839,2.739,0.123,0.226,0.088,2473,1739
885774,3.840,8.784,2.772,0.114,0.213,0.113,2476,1749
885794,3.771,8.806,2.895,0.091,0.201,0.120,2476,1751
885814,3.651,8.811,2.931,0.060,0.191,0.145,2477,1769
885834,3.577,8.696,2.952,0.042,0.188,0.186,2479,1778
885854,3.572,8.612,3.132,0.006,0.153,0.210,2480,1776
885874,3.649,8.485,3.306,-0.039,0.116,0.203,2482,1763
885894,3.694,8.401,3.263,-0.058,0.113,0.191,2485,1738
885914,3.613,8.210,3.115,-0.053,0.131,0.163,2489,1731
885934,3.663,8.260,3.093,-0.063,0.106,0.120,2493,1727
885954,3.850,8.365,3.263,-0.120,0.103,0.106,2495,1726
885974,4.025,8.492,3.457,-0.163,0.145,0.128,2498,1729
885994,4.154,8.485,3.656,-0.159,0.157,0.157,2500,1731
886014,4.288,8.392,3.694,-0.106,0.133,0.164,2499,1725
886034,4.300,8.502,3.780,-0.093,0.117,0.168,2500,1712
886054,4.290,8.473,3.871,-0.152,0.068,0.209,2500,1697
886074,4.417,8.358,3.922,-0.225,0.004,0.238,2498,1682
886094,4.460,8.143,3.888,-0.252,-0.025,0.232,2500,1618
886114,4.386,8.102,4.044,-0.226,-0.013,0.210,2498,1617
886134,4.223,8.056,4.101,-0.192,-0.017,0.203,2497,1609
886154,4.214,7.951,4.032,-0.167,-0.116,0.176,2497,1601
886174,4.247,7.980,3.876,-0.142,-0.208,0.125,2497,1572
886194,4.317,8.021,3.673,-0.120,-0.219,0.083,2497,1581
886214,4.386,8.054,3.594,-0.092,-0.182,0.049,2497,1569
886234,4.492,8.169,3.584,-0.098,-0.144,0.051,2497,1582
886254,4.647,8.198,3.656,-0.168,-0.136,0.086,2498,1539
886274,4.776,7.977,3.572,-0.216,-0.119,0.092,2497,1532
886294,4.810,7.932,3.589,-0.238,-0.097,0.092,2497,1482
886314,4.882,8.155,3.527,-0.257,-0.057,0.112,2498,1419
886334,4.908,8.483,3.634,-0.359,-0.085,0.156,2498,1352
886354,4.925,8.665,3.752,-0.472,-0.116,0.239,2500,1334
886374,4.757,8.959,3.871,-0.549,-0.100,0.355,2501,1318
886394,4.594,9.869,3.757,-0.801,-0.161,0.535,2506,1292
886414,4.843,9.483,3.730,-1.260,-0.279,0.746,2512,1356
886434,5.057,8.420,3.903,-1.435,-0.289,0.880,2512,1373
886454,4.879,7.796,3.924,-1.261,-0.221,0.922,2515,1352
886474,4.891,7.652,4.053,-1.041,-0.215,0.958,2519,1363
886494,5.121,7.707,4.128,-0.936,-0.216,1.020,2525,1348
886514,5.150,7.690,4.159,-1.139,-0.198,1.188,2529,1270
886534,5.471,6.500,4.487,-1.286,-0.200,1.309,2529,1290
886554,5.765,5.626,4.678,-1.134,-0.138,1.271,2527,1305
886574,5.820,5.306,4.848,-0.827,-0.078,1.188,2527,1308
886594,5.799,5.399,4.946,-0.669,-0.123,1.188,2526,1280
886614,5.957,5.449,4.932,-0.779,-0.217,1.241,2528,1267
886634,6.100,4.980,4.985,-1.080,-0.218,1.305,2530,1211
886654,6.421,4.137,5.274,-1.286,-0.172,1.332,2529,1162
886674,6.486,3.450,5.540,-1.324,-0.135,1.285,2528,1177
886694,6.292,2.909,5.801,-1.254,-0.143,1.230,2529,1151
886714,6.393,2.334,6.065,-1.105,-0.244,1.124,2529,830
886734,6.620,2.152,6.086,-0.936,-0.318,1.000,2532,0
886754,6.522,2.169,5.962,-0.943,-0.374,0.963,2533,0
886774,7.001,1.580,5.940,-0.879,-0.498,0.902,2536,0
886794,7.487,0.986,5.693,-0.538,-0.516,0.705,2537,0
886814,7.355,1.113,5.234,-0.100,-0.399,0.459,2537,0
886834,7.113,1.372,5.186,0.096,-0.258,0.336,2538,0
886854,7.147,1.343,5.385,-0.016,-0.217,0.289,2539,0
886874,7.345,0.764,5.337,-0.141,-0.307,0.198,2538,0
886894,7.870,0.524,4.949,-0.096,-0.339,0.050,2538,0
886914,8.265,0.651,4.410,0.045,-0.227,-0.092,2538,0
927005,4.252,3.919,8.794,-0.575,2.366,1.659,2460,0
933719,6.325,7.381,-0.500,0.027,-0.219,-0.047,2558,0
933739,6.263,7.360,-0.560,0.050,-0.200,-0.068,2559,0
933759,6.184,7.458,-0.608,0.043,-0.203,-0.064,2558,0
933779,6.232,7.482,-0.646,0.001,-0.233,-0.052,2558,0
933799,6.393,7.453,-0.675,-0.030,-0.211,-0.038,2558,0
933819,6.393,7.389,-0.642,-0.005,-0.186,-0.050,2559,0
933839,6.337,7.403,-0.711,0.035,-0.189,-0.072,2558,0
933859,6.309,7.463,-0.812,0.055,-0.201,-0.096,2558,0
933879,6.299,7.616,-0.819,0.054,-0.192,-0.100,2558,0
933899,6.309,7.676,-0.788,0.048,-0.199,-0.085,2558,0
933919,6.297,7.717,-0.869,0.060,-0.208,-0.079,2557,0
933939,6.275,7.702,-0.960,0.072,-0.189,-0.087,2557,0
933959,6.237,7.736,-0.967,0.078,-0.158,-0.085,2557,0
933979,6.127,7.776,-0.960,0.074,-0.143,-0.075,2555,0
933999,6.055,7.853,-0.900,0.070,-0.140,-0.050,2557,0
934019,6.055,7.829,-0.886,0.048,-0.149,-0.018,2557,0
934039,6.065,7.693,-0.943,0.045,-0.144,-0.010,2555,0
934059,6.086,7.558,-0.982,0.052,-0.115,-0.018,2555,0
934079,6.021,7.530,-0.986,0.048,-0.088,-0.033,2556,0
934099,5.962,7.523,-0.927,0.054,-0.099,-0.052,2556,0
934119,5.981,7.602,-0.939,0.066,-0.098,-0.054,2556,0
934139,6.045,7.693,-0.917,0.041,-0.093,-0.037,2554,0
934159,6.057,7.645,-0.874,0.019,-0.093,-0.037,2556,0
934179,6.033,7.626,-0.881,0.051,-0.095,-0.056,2554,0
934199,5.993,7.709,-0.955,0.081,-0.089,-0.064,2555,0
934219,6.048,7.760,-0.989,0.068,-0.080,-0.055,2552,0
934239,6.067,7.781,-0.950,0.037,-0.076,-0.039,2552,0
934259,6.067,7.728,-0.929,0.032,-0.087,-0.030,2554,0
934279,6.079,7.666,-1.015,0.049,-0.080,-0.039,2554,0
934299,6.069,7.702,-1.053,0.068,-0.063,-0.055,2553,0
934319,6.065,7.822,-1.049,0.069,-0.047,-0.058,2553,0
934339,5.997,7.898,-0.972,0.068,-0.030,-0.046,2554,0
934359,5.962,7.910,-1.032,0.053,-0.046,-0.014,2552,0
934379,6.033,7.815,-1.018,0.018,-0.029,0.019,2552,0
934399,6.069,7.669,-0.879,0.009,-0.017,0.023,2554,0
934419,6.072,7.606,-0.833,0.036,-0.023,0.004,2554,0
934439,6.062,7.669,-0.919,0.058,-0.029,-0.014,2553,0
934459,6.033,7.717,-0.881,0.053,-0.043,-0.020,2554,0
934479,6.026,7.745,-0.857,0.045,-0.050,-0.014,2554,0
934499,6.033,7.748,-0.893,0.047,-0.048,-0.007,2554,0
934519,5.986,7.705,-0.958,0.048,-0.051,-0.005,2556,0
934539,6.012,7.661,-0.984,0.041,-0.051,-0.011,2555,0
934559,6.014,7.666,-0.996,0.050,-0.045,-0.015,2554,0
934579,6.017,7.719,-0.986,0.059,-0.044,-0.018,2555,0
934599,5.993,7.736,-0.970,0.055,-0.029,-0.018,2552,0
934619,5.945,7.755,-0.965,0.049,-0.029,-0.016,2554,0
934639,5.986,7.726,-0.950,0.043,-0.041,-0.002,2552,0
934659,6.096,7.666,-0.924,0.026,-0.052,0.007,2554,0
934679,6.091,7.592,-0.857,0.026,-0.057,-0.009,2553,0
934699,6.050,7.602,-0.898,0.055,-0.063,-0.033,2551,0
934719,6.029,7.733,-0.939,0.066,-0.075,-0.039,2549,0
934739,6.029,7.755,-1.006,0.064,-0.076,-0.035,2551,0
934759,6.029,7.740,-0.979,0.062,-0.076,-0.024,2551,0
934779,5.986,7.721,-0.998,0.061,-0.079,-0.025,2550,0
934799,5.942,7.772,-1.034,0.057,-0.076,-0.029,2552,0
934819,5.942,7.757,-1.020,0.052,-0.079,-0.023,2552,0
934839,5.966,7.757,-0.994,0.051,-0.074,-0.017,2551,0
934859,5.962,7.748,-1.010,0.055,-0.074,-0.019,2551,0
934879,5.969,7.769,-1.049,0.055,-0.078,-0.025,2551,0
934899,5.962,7.757,-1.053,0.056,-0.068,-0.022,2552,0
934919,5.938,7.745,-1.056,0.060,-0.078,-0.022,2549,0
934939,6.026,7.738,-1.089,0.054,-0.071,-0.013,2549,0
934959,6.026,7.709,-1.051,0.044,-0.040,-0.011,2549,0
934979,5.966,7.671,-1.022,0.049,-0.045,-0.017,2547,0
934999,5.978,7.705,-1.065,0.052,-0.070,-0.031,2550,0
935019,5.969,7.702,-1.070,0.056,-0.071,-0.039,2547,0
935039,5.952,7.721,-1.106,0.068,-0.070,-0.046,2547,0
935059,5.966,7.743,-1.152,0.079,-0.077,-0.048,2546,0
935079,5.988,7.762,-1.183,0.067,-0.065,-0.040,2548,0
935099,5.954,7.764,-1.142,0.051,-0.060,-0.031,2546,0
935119,5.883,7.757,-1.118,0.052,-0.053,-0.040,2545,0
935139,5.851,7.827,-1.077,0.077,-0.059,-0.053,2544,0
935159,5.837,7.903,-1.173,0.087,-0.062,-0.050,2544,0
935179,5.866,7.937,-1.171,0.075,-0.050,-0.033,2544,0
935199,5.851,7.879,-1.130,0.054,-0.027,-0.013,2546,0
935219,5.863,7.784,-1.082,0.037,-0.040,0.002,2544,0
935239,5.930,7.697,-1.099,0.022,-0.066,-0.002,2545,0
935259,5.962,7.671,-1.125,0.027,-0.065,-0.020,2544,0
935279,5.923,7.728,-1.159,0.057,-0.046,-0.034,2543,0
935299,5.851,7.839,-1.173,0.063,-0.041,-0.036,2543,0
935319,5.837,7.865,-1.171,0.045,-0.056,-0.027,2544,0
935339,5.863,7.855,-1.192,0.026,-0.054,-0.009,2543,0
935359,5.887,7.810,-1.154,0.028,-0.049,-0.010,2543,0
935379,5.921,7.776,-1.178,0.045,-0.047,-0.019,2542,0
935399,5.885,7.788,-1.247,0.048,-0.041,-0.021,2543,0
935419,5.849,7.807,-1.219,0.050,-0.043,-0.025,2542,0
935439,5.789,7.867,-1.245,0.055,-0.041,-0.029,2541,0
935459,5.789,7.954,-1.274,0.050,-0.039,-0.018,2543,0
935479,5.890,7.906,-1.302,0.037,-0.015,0.000,2542,0
935499,5.883,7.817,-1.183,0.038,0.004,0.013,2542,0
935519,5.942,7.781,-1.092,0.044,-0.002,0.010,2542,0
935539,5.950,7.736,-0.986,0.043,-0.026,0.006,2542,0
935559,5.930,7.740,-1.008,0.047,-0.063,0.000,2540,0
935579,5.909,7.740,-1.135,0.054,-0.065,-0.013,2540,0
935599,5.863,7.788,-1.166,0.066,-0.055,-0.030,2542,0
935619,5.854,7.863,-1.204,0.063,-0.056,-0.024,2542,0
935639,5.861,7.867,-1.271,0.050,-0.052,-0.012,2542,0
935659,5.827,7.793,-1.257,0.040,-0.039,-0.007,2542,0
935679,5.816,7.776,-1.247,0.044,-0.020,-0.014,2542,0
935699,5.806,7.805,-1.211,0.050,-0.019,-0.019,2541,0
935719,5.801,7.848,-1.185,0.044,-0.023,-0.014,2542,0
935739,5.830,7.776,-1.202,0.035,-0.026,-0.006,2541,0
935759,5.804,7.738,-1.221,0.037,-0.018,-0.012,2543,0
935779,5.825,7.731,-1.202,0.041,-0.023,-0.024,2542,0
935799,5.849,7.760,-1.207,0.037,-0.023,-0.024,2542,0
935819,5.851,7.779,-1.171,0.034,-0.026,-0.022,2542,0
935839,5.856,7.764,-1.161,0.036,-0.026,-0.026,2541,0
935859,5.842,7.807,-1.180,0.044,-0.023,-0.036,2541,0
935879,5.842,7.860,-1.231,0.052,-0.013,-0.041,2543,0
935899,5.794,7.882,-1.216,0.047,-0.013,-0.031,2542,0
935919,5.792,7.877,-1.228,0.036,-0.027,-0.023,2543,0
935939,5.823,7.879,-1.207,0.035,-0.012,-0.025,2541,0
935959,5.837,7.896,-1.214,0.051,0.004,-0.023,2541,0
935979,5.835,7.934,-1.188,0.043,0.004,-0.013,2541,0
935999,5.854,7.875,-1.116,0.026,-0.006,-0.005,2542,0
936019,5.832,7.800,-1.106,0.032,-0.028,-0.012,2543,0
936039,5.856,7.870,-1.164,0.050,-0.033,-0.024,2542,0
936059,5.871,7.922,-1.173,0.061,-0.021,-0.026,2543,0
936079,5.868,7.958,-1.164,0.055,-0.005,-0.012,2541,0
936099,5.825,7.920,-1.085,0.032,-0.007,0.006,2541,0
936119,5.859,7.798,-1.075,0.017,-0.038,0.015,2542,0
936139,5.926,7.762,-1.049,0.031,-0.040,0.001,2542,0
936159,5.890,7.800,-1.044,0.061,-0.030,-0.011,2541,0
936179,5.830,7.843,-1.077,0.055,-0.037,-0.011,2541,0
936199,5.801,7.803,-1.053,0.023,-0.059,-0.005,2540,0
936219,5.856,7.781,-1.085,0.022,-0.094,-0.014,2541,0
936239,5.847,7.879,-1.135,0.046,-0.082,-0.030,2541,0
936259,5.796,7.949,-1.226,0.064,-0.059,-0.024,2539,0
936279,5.763,7.934,-1.228,0.056,-0.064,-0.003,2541,0
936299,5.832,7.915,-1.235,0.029,-0.086,0.007,2541,0
936319,5.847,7.882,-1.226,0.032,-0.068,0.001,2539,0
936339,5.801,7.879,-1.228,0.056,-0.056,-0.001,2540,0
936359,5.789,7.860,-1.290,0.056,-0.062,0.004,2540,0
936379,5.796,7.836,-1.326,0.047,-0.060,0.005,2542,0
936399,5.808,7.822,-1.317,0.047,-0.060,0.003,2541,0
936419,5.792,7.834,-1.302,0.057,-0.050,-0.004,2540,0
936439,5.765,7.827,-1.331,0.061,-0.043,-0.004,2540,0
936459,5.794,7.788,-1.358,0.048,-0.044,-0.001,2541,0
936479,5.830,7.745,-1.326,0.049,-0.046,-0.008,2540,0
936499,5.818,7.760,-1.293,0.067,-0.041,-0.019,2540,0
936519,5.775,7.800,-1.293,0.071,-0.040,-0.023,2540,0
936539,5.799,7.779,-1.247,0.066,-0.039,-0.023,2540,0
936559,5.806,7.767,-1.283,0.072,-0.048,-0.032,2540,0
936579,5.789,7.769,-1.326,0.079,-0.052,-0.038,2540,0
936599,5.746,7.736,-1.314,0.101,-0.066,-0.052,2540,0
936619,5.701,7.865,-1.317,0.100,-0.109,-0.064,2539,0
936639,5.725,7.973,-1.362,0.095,-0.115,-0.067,2539,0
936659,5.686,7.966,-1.446,0.109,-0.083,-0.062,2539,0
936679,5.717,7.958,-1.475,0.118,-0.055,-0.052,2538,0
936699,5.713,7.915,-1.520,0.102,-0.015,-0.038,2538,0
936719,5.689,7.913,-1.429,0.095,-0.011,-0.036,2536,0
936739,5.734,7.922,-1.365,0.077,-0.010,-0.029,2537,0
936759,5.744,7.901,-1.314,0.063,-0.002,-0.021,2534,0
936779,5.772,7.863,-1.235,0.059,0.006,-0.021,2533,0
936799,5.756,7.875,-1.178,0.070,-0.007,-0.033,2531,0
936819,5.772,7.910,-1.250,0.085,-0.043,-0.037,2529,0
936839,5.751,7.915,-1.302,0.092,-0.062,-0.033,2530,0
936859,5.734,7.860,-1.355,0.093,-0.073,-0.027,2527,0
936879,5.710,7.846,-1.448,0.088,-0.063,-0.029,2527,0
936899,5.693,7.827,-1.458,0.083,-0.049,-0.041,2527,0
936919,5.646,7.810,-1.496,0.095,-0.059,-0.050,2527,0
936939,5.619,7.858,-1.561,0.091,-0.083,-0.051,2526,0
936959,5.631,7.877,-1.616,0.080,-0.084,-0.050,2525,0
936979,5.614,7.867,-1.592,0.090,-0.053,-0.061,2524,0
936999,5.607,7.877,-1.585,0.104,-0.044,-0.064,2519,0
937019,5.562,7.918,-1.566,0.099,-0.031,-0.065,2522,0
937039,5.523,7.944,-1.549,0.095,0.017,-0.062,2523,0
937059,5.504,7.944,-1.484,0.095,0.041,-0.055,2521,0
937079,5.567,7.961,-1.408,0.078,0.028,-0.054,2519,0
937099,5.600,7.927,-1.360,0.059,0.029,-0.048,2519,0
937119,5.631,7.906,-1.302,0.055,0.033,-0.047,2517,0
937139,5.622,7.954,-1.252,0.054,0.033,-0.055,2519,0
937159,5.674,7.973,-1.176,0.041,0.021,-0.053,2518,0
937179,5.696,8.001,-1.159,0.026,0.010,-0.045,2517,0
937199,5.662,8.045,-1.123,0.033,-0.020,-0.052,2516,0
937219,5.653,8.109,-1.199,0.048,-0.044,-0.051,2519,0
937239,5.636,8.138,-1.288,0.051,-0.062,-0.038,2516,0
937259,5.674,8.119,-1.314,0.042,-0.077,-0.024,2517,0
937279,5.660,8.059,-1.401,0.033,-0.082,-0.012,2516,0
937299,5.626,8.059,-1.499,0.031,-0.073,-0.012,2515,0
937319,5.598,8.061,-1.563,0.044,-0.054,-0.015,2517,0
937339,5.567,8.102,-1.599,0.055,-0.047,-0.007,2515,0
937359,5.571,8.092,-1.609,0.044,-0.046,0.007,2514,0
937379,5.550,8.009,-1.609,0.033,-0.040,0.016,2514,0
937399,5.552,7.963,-1.566,0.041,-0.043,0.015,2516,0
937419,5.612,7.966,-1.578,0.039,-0.038,0.016,2517,0
937439,5.624,7.918,-1.563,0.038,-0.021,0.017,2516,0
937459,5.550,7.937,-1.520,0.055,-0.019,0.007,2515,0
937479,5.552,7.989,-1.470,0.060,-0.043,0.004,2513,0
937499,5.605,7.980,-1.494,0.045,-0.041,0.015,2515,0
937519,5.583,7.887,-1.448,0.047,-0.040,0.018,2514,0
937539,5.586,7.858,-1.444,0.059,-0.060,0.009,2515,0
937559,5.602,7.858,-1.496,0.055,-0.060,0.003,2514,0
937579,5.578,7.865,-1.484,0.053,-0.060,-0.008,2513,0
937599,5.574,7.875,-1.492,0.060,-0.068,-0.021,2515,0
937619,5.557,7.891,-1.523,0.067,-0.071,-0.028,2514,0
937639,5.497,7.970,-1.559,0.068,-0.089,-0.030,2514,0
937659,5.545,7.939,-1.587,0.060,-0.115,-0.025,2515,0
937679,5.574,7.913,-1.626,0.072,-0.123,-0.029,2513,0
937699,5.624,7.942,-1.635,0.075,-0.136,-0.037,2515,0
937719,5.626,7.906,-1.741,0.094,-0.126,-0.053,2514,0
937739,5.614,7.898,-1.846,0.123,-0.135,-0.072,2514,0
937759,5.674,7.934,-1.930,0.163,-0.153,-0.104,2514,0
937779,5.643,7.989,-2.131,0.240,-0.182,-0.147,2515,0
937799,5.612,8.159,-2.447,0.316,-0.257,-0.184,2514,0
937819,5.562,8.322,-2.765,0.370,-0.327,-0.190,2516,0
937839,5.583,8.382,-3.278,0.416,-0.384,-0.175,2515,0
937859,5.562,8.370,-3.800,0.489,-0.478,-0.191,2513,0
937879,5.181,8.408,-4.554,0.678,-0.568,-0.263,2515,0
937899,4.472,8.674,-5.423,0.832,-0.653,-0.313,2518,0
937919,3.895,8.885,-6.412,0.907,-0.749,-0.306,2525,0
937939,3.527,8.768,-7.487,0.960,-0.734,-0.292,2527,0
937959,2.849,8.715,-8.538,1.031,-0.437,-0.266,2534,0
937979,2.014,8.966,-9.139,0.985,0.028,-0.239,2538,0
937999,1.506,8.871,-9.457,0.912,0.463,-0.261,2539,0
938019,1.132,8.815,-9.922,1.027,0.914,-0.399,2542,0
938039,0.670,8.827,-10.364,1.173,1.684,-0.531,2543,0
938059,0.019,9.086,-10.475,1.277,2.838,-0.597,2546,0
938079,-0.371,9.467,-10.202,1.234,4.302,-0.605,2541,0
938099,-1.341,9.043,-9.282,1.230,5.744,-0.645,2531,0
938119,-2.437,8.657,-8.143,1.394,6.946,-0.866,2515,0
938139,-3.998,8.480,-7.709,1.608,8.152,-1.263,2502,0
938159,-6.139,9.313,-6.709,1.414,8.731,-1.399,2491,0
938179,-7.997,10.005,-4.053,0.707,8.731,-1.123,2473,0
938199,-8.820,10.101,-0.601,-0.222,8.731,-0.589,2439,0
938219,-9.560,8.712,1.975,-0.909,8.731,-0.076,2393,0
938239,-10.537,8.586,5.097,-1.022,8.731,0.487,2353,0
938259,-10.704,8.990,8.820,-1.153,8.731,1.254,2328,0
938279,-9.074,7.697,11.801,-1.089,7.931,1.475,2306,0
938299,-7.326,6.146,12.627,-0.865,5.969,1.174,2294,0
938319,-6.668,5.835,13.573,-0.675,4.646,0.652,2289,0
938339,-6.653,6.680,15.014,-0.940,3.841,0.282,2288,0
938359,-6.225,6.244,15.972,-1.491,2.823,0.162,2287,0
938379,-5.382,4.571,15.814,-1.470,1.553,0.035,2284,0
938399,-4.456,3.814,14.784,-0.783,0.507,-0.166,2286,0
938419,-3.740,4.527,13.443,-0.060,-0.261,-0.347,2285,0
938439,-2.725,5.595,11.851,0.337,-0.737,-0.472,2285,0
938459,-1.602,6.692,10.154,0.296,-1.000,-0.573,2284,0
938479,-0.620,7.072,8.684,0.100,-1.127,-0.655,2288,0
938499,0.103,7.309,7.623,-0.072,-1.218,-0.687,2288,0
938519,0.785,7.420,6.972,-0.182,-1.203,-0.658,2291,0
938539,1.530,7.453,6.330,-0.223,-1.087,-0.574,2297,0
938559,1.884,7.403,5.830,-0.157,-0.954,-0.462,2303,0
938579,1.788,7.408,5.586,-0.024,-0.811,-0.345,2307,0
938599,1.707,7.671,5.564,0.062,-0.664,-0.221,2309,0
938619,1.968,7.757,5.547,0.058,-0.519,-0.100,2310,0
938639,2.066,7.604,5.516,0.078,-0.378,-0.001,2311,0
938659,1.781,7.338,5.586,0.154,-0.259,0.079,2315,0
938679,1.532,7.293,5.763,0.204,-0.117,0.132,2315,0
938699,1.425,7.362,5.954,0.161,0.033,0.169,2314,0
938719,1.255,7.168,6.153,0.042,0.112,0.187,2313,0
938739,1.006,6.773,6.450,0.001,0.095,0.184,2314,0
938759,0.955,6.495,6.764,0.052,0.064,0.165,2315,0
938779,1.053,6.483,6.960,0.133,0.072,0.133,2315,0
938799,1.006,6.584,7.049,0.176,0.080,0.099,2315,0
938819,0.958,6.639,7.125,0.165,0.060,0.068,2317,0
938839,1.037,6.776,7.266,0.120,0.039,0.035,2316,0
938859,1.140,6.852,7.389,0.060,-0.002,0.003,2316,0
938879,1.120,6.804,7.451,0.030,-0.069,-0.021,2318,0
938899,1.101,6.721,7.400,0.059,-0.143,-0.033,2316,0
938919,1.185,6.833,7.336,0.120,-0.197,-0.042,2318,0
938939,1.211,7.075,7.254,0.135,-0.239,-0.054,2318,0
938959,1.211,7.163,7.137,0.103,-0.313,-0.053,2319,0
938979,1.298,7.082,7.044,0.083,-0.394,-0.043,2320,0
938999,1.393,6.979,6.888,0.119,-0.436,-0.035,2322,0
939019,1.511,6.998,6.792,0.185,-0.430,-0.033,2326,0
939039,1.566,7.044,6.589,0.239,-0.422,-0.029,2330,0
939059,1.563,7.163,6.390,0.257,-0.403,-0.019,2333,0
939079,1.568,7.293,6.235,0.225,-0.378,-0.009,2336,0
939099,1.561,7.357,6.194,0.155,-0.360,-0.001,2339,0
939119,1.695,7.211,6.179,0.121,-0.335,0.006,2339,0
939139,1.803,7.094,6.129,0.163,-0.306,0.009,2345,0
939159,1.841,7.070,6.141,0.242,-0.248,0.010,2349,0
939179,1.791,7.240,6.132,0.271,-0.169,0.006,2351,0
939199,1.820,7.386,6.088,0.231,-0.137,-0.000,2352,0
939219,1.824,7.417,6.043,0.149,-0.146,-0.009,2354,0
939239,1.769,7.357,6.093,0.078,-0.140,-0.010,2355,0
939259,1.741,7.209,6.199,0.066,-0.098,-0.010,2355,0
939279,1.863,7.166,6.215,0.104,-0.051,-0.012,2355,0
939299,1.867,7.228,6.223,0.123,-0.028,-0.019,2356,0
939319,1.762,7.345,6.266,0.095,-0.025,-0.025,2358,0
939339,1.714,7.309,6.369,0.050,-0.030,-0.024,2358,0
939359,1.733,7.235,6.397,0.040,-0.044,-0.027,2361,0
939379,1.736,7.204,6.400,0.063,-0.054,-0.036,2363,0
939399,1.654,7.331,6.364,0.071,-0.048,-0.041,2363,0
939419,1.623,7.391,6.388,0.044,-0.058,-0.037,2362,0
939439,1.686,7.348,6.364,0.037,-0.078,-0.032,2363,0
939459,1.743,7.333,6.325,0.063,-0.095,-0.034,2363,0
939479,1.729,7.400,6.302,0.073,-0.091,-0.026,2364,0
939499,1.834,7.386,6.352,0.075,-0.075,-0.018,2365,0
939519,1.915,7.420,6.263,0.083,-0.082,-0.018,2367,0
939539,1.827,7.532,6.191,0.067,-0.107,-0.018,2368,0
939559,1.762,7.544,6.194,0.031,-0.120,-0.005,2369,0
939579,1.815,7.379,6.187,0.053,-0.112,0.002,2369,0
939599,1.906,7.384,6.167,0.107,-0.088,0.007,2374,0
939619,1.884,7.424,6.170,0.109,-0.062,0.013,2378,0
939639,1.834,7.412,6.177,0.073,-0.049,0.013,2380,0
939659,1.805,7.374,6.153,0.026,-0.052,0.012,2379,0
939679,1.846,7.250,6.189,0.022,-0.056,0.011,2381,0
939699,1.836,7.209,6.244,0.062,-0.040,0.006,2382,0
939719,1.798,7.240,6.199,0.094,-0.037,0.001,2380,0
939739,1.875,7.250,6.230,0.115,-0.048,-0.005,2381,0
939759,1.856,7.362,6.206,0.100,-0.056,-0.017,2381,0
939779,1.753,7.403,6.163,0.042,-0.058,-0.020,2382,0
939799,1.762,7.283,6.191,0.026,-0.067,-0.019,2381,0
939819,1.899,7.317,6.189,0.067,-0.070,-0.022,2383,0
939839,1.879,7.432,6.177,0.091,-0.060,-0.025,2384,0
939859,1.827,7.453,6.189,0.101,-0.050,-0.020,2383,0
939879,1.851,7.487,6.189,0.090,-0.059,-0.014,2384,0
939899,1.961,7.511,6.096,0.061,-0.074,-0.015,2384,0
939919,1.954,7.535,6.127,0.036,-0.075,-0.022,2387,0
939939,1.829,7.535,6.129,0.039,-0.062,-0.014,2387,0
939959,1.829,7.515,6.129,0.052,-0.062,-0.003,2390,0
939979,1.891,7.503,6.079,0.060,-0.062,0.001,2391,0
939999,1.827,7.506,6.103,0.042,-0.048,0.000,2389,0
940019,1.817,7.427,6.079,0.029,-0.040,0.003,2391,0
940039,1.913,7.357,6.093,0.052,-0.050,0.003,2388,0
940059,1.899,7.396,6.074,0.062,-0.046,-0.005,2393,0
940079,1.829,7.422,6.093,0.031,-0.041,-0.005,2392,0
940099,1.856,7.386,6.105,0.004,-0.049,-0.005,2391,0
940119,1.925,7.338,6.141,0.025,-0.044,-0.002,2394,0
940139,1.853,7.360,6.220,0.071,-0.028,-0.001,2394,0
940159,1.798,7.367,6.280,0.086,-0.041,-0.001,2395,0
940179,1.834,7.432,6.230,0.064,-0.091,-0.012,2393,0
940199,1.834,7.458,6.098,0.027,-0.127,-0.024,2395,0
940219,1.836,7.398,6.091,0.029,-0.097,-0.014,2397,0
940239,1.915,7.331,6.115,0.071,-0.050,-0.007,2400,0
940259,1.990,7.367,6.060,0.089,-0.035,-0.016,2400,0
940279,1.918,7.525,6.019,0.051,-0.056,-0.030,2401,0
940299,1.870,7.570,6.079,-0.004,-0.062,-0.025,2400,0
940319,1.913,7.415,6.084,-0.000,-0.049,-0.010,2400,0
940339,1.932,7.384,6.036,0.060,-0.048,-0.010,2400,0
940359,1.877,7.547,6.005,0.085,-0.057,-0.012,2403,0
940379,1.875,7.575,5.964,0.037,-0.048,-0.004,2404,0
940399,1.942,7.434,6.029,-0.000,-0.018,-0.001,2402,0
940419,1.939,7.331,6.091,0.008,-0.005,-0.010,2402,0
940439,1.824,7.355,6.122,0.046,-0.007,-0.012,2402,0
940459,1.805,7.429,6.144,0.071,-0.017,-0.005,2402,0
940479,1.927,7.475,6.105,0.058,-0.023,-0.003,2401,0
940499,1.951,7.463,6.096,0.012,-0.024,-0.011,2403,0
940519,1.875,7.379,6.189,-0.001,-0.017,-0.016,2405,0
940539,1.865,7.389,6.201,0.043,-0.031,-0.011,2403,0
940559,1.939,7.465,6.167,0.076,-0.046,-0.005,2402,0
940579,1.918,7.530,6.115,0.061,-0.045,-0.007,2403,0
940599,1.867,7.561,6.132,0.010,-0.036,-0.011,2404,0
940619,1.867,7.439,6.134,-0.016,-0.042,-0.005,2403,0
940639,1.908,7.372,6.132,0.024,-0.055,-0.005,2404,0
940659,1.867,7.479,6.067,0.064,-0.042,-0.007,2405,0
940679,1.889,7.566,6.067,0.039,-0.012,-0.001,2404,0
940699,1.894,7.487,6.108,-0.006,-0.014,0.005,2405,0
940719,1.879,7.381,6.141,0.002,-0.032,0.005,2404,0
940739,1.853,7.367,6.165,0.036,-0.037,0.010,2405,0
940759,1.923,7.396,6.117,0.058,-0.036,0.009,2406,0
940779,1.908,7.451,6.048,0.047,-0.052,0.002,2405,0
940799,1.844,7.484,6.017,0.019,-0.062,0.000,2405,0
940819,1.836,7.357,6.026,0.015,-0.043,0.006,2405,0
940839,1.908,7.300,6.029,0.052,-0.003,0.003,2406,0
940859,1.901,7.365,6.036,0.063,0.005,0.000,2406,0
940879,1.875,7.422,6.069,0.029,-0.011,-0.001,2407,0
940899,1.896,7.345,6.122,-0.007,-0.026,-0.005,2408,0
940919,1.894,7.293,6.144,0.025,-0.025,-0.014,2408,0
940939,1.805,7.446,6.115,0.072,-0.022,-0.014,2409,0
940959,1.767,7.561,6.110,0.064,-0.007,0.002,2407,0
940979,1.836,7.470,6.129,0.029,-0.007,0.007,2408,0
940999,1.903,7.348,6.199,0.018,-0.021,0.000,2409,0
941019,1.867,7.360,6.179,0.040,-0.033,-0.006,2408,0
941039,1.810,7.434,6.206,0.058,-0.026,-0.001,2407,0
941059,1.851,7.451,6.208,0.055,-0.029,-0.001,2408,0
941079,1.889,7.439,6.158,0.038,-0.037,-0.001,2409,0
941099,1.870,7.408,6.182,0.033,-0.039,-0.001,2406,0
941119,1.875,7.341,6.177,0.051,-0.044,0.002,2407,0
941139,1.956,7.343,6.165,0.055,-0.055,0.002,2405,0
941159,1.939,7.386,6.098,0.048,-0.060,-0.011,2407,0
