51993,6.354,5.138,5.564,0.005,0.130,0.141,2626,0
52013,6.369,5.114,5.626,0.045,0.069,0.083,2625,0
52033,6.373,5.078,5.650,0.067,0.031,0.004,2624,0
52053,6.361,5.066,5.674,0.118,-0.019,-0.094,2625,0
52073,6.318,5.258,5.622,0.151,-0.084,-0.145,2625,0
52093,6.330,5.425,5.456,0.149,-0.147,-0.149,2624,0
52113,6.287,5.509,5.296,0.125,-0.181,-0.133,2624,0
52133,6.369,5.406,5.143,0.094,-0.198,-0.124,2625,0
52153,6.404,5.267,5.107,0.107,-0.181,-0.156,2624,0
52173,6.440,5.188,5.100,0.141,-0.165,-0.201,2623,0
52193,6.457,5.272,5.045,0.177,-0.181,-0.230,2624,0
52213,6.486,5.437,5.035,0.157,-0.211,-0.229,2623,0
52233,6.579,5.543,4.934,0.134,-0.218,-0.201,2623,0
52253,6.622,5.526,4.779,0.129,-0.190,-0.196,2622,0
52273,6.682,5.468,4.642,0.147,-0.145,-0.212,2624,0
52293,6.711,5.459,4.594,0.188,-0.082,-0.245,2623,0
52313,6.452,5.650,4.659,0.195,-0.035,-0.237,2623,0
52333,6.349,5.962,4.717,0.149,-0.030,-0.167,2622,0
52353,6.311,6.084,4.738,0.083,-0.027,-0.077,2622,0
52373,6.287,6.043,4.688,0.050,-0.013,-0.010,2623,0
52393,6.246,5.873,4.628,0.034,0.013,0.021,2622,0
52413,6.325,5.686,4.647,0.031,0.047,0.025,2621,0
52433,6.330,5.564,4.791,0.037,0.084,0.003,2622,0
52453,6.292,5.689,5.042,0.050,0.058,-0.012,2621,0
52473,6.318,5.732,5.047,0.051,0.017,-0.013,2620,0
52493,6.292,5.732,5.004,0.065,-0.017,-0.018,2620,0
52513,6.325,5.748,4.851,0.059,-0.038,-0.010,2621,0
52533,6.361,5.667,4.798,0.067,-0.029,-0.028,2621,0
52553,6.304,5.722,4.846,0.070,-0.021,-0.042,2619,0
52573,6.285,5.772,4.887,0.051,-0.029,-0.037,2620,0
52593,6.246,5.861,4.911,0.036,-0.060,-0.021,2621,0
52613,6.292,5.916,4.779,0.022,-0.076,0.002,2620,0
52633,6.328,5.861,4.705,0.036,-0.054,0.007,2619,0
52653,6.323,5.799,4.690,0.030,-0.032,0.009,2620,0
52673,6.314,5.780,4.762,0.021,-0.031,0.020,2620,0
52693,6.366,5.756,4.767,0.014,-0.034,0.036,2620,0
52713,6.440,5.751,4.635,0.007,-0.024,0.062,2620,0
52733,6.486,5.701,4.616,0.002,0.022,0.090,2619,0
52753,6.419,5.667,4.810,0.009,0.072,0.100,2621,0
52773,6.335,5.705,4.956,0.013,0.091,0.100,2619,0
52793,6.237,5.691,5.057,0.017,0.079,0.097,2618,0
52813,6.309,5.698,5.112,0.023,0.041,0.100,2620,0
52833,6.364,5.648,4.985,0.031,0.024,0.093,2620,0
52853,6.361,5.564,4.999,0.037,0.028,0.068,2619,0
52873,6.321,5.483,5.025,0.041,0.020,0.038,2619,0
52893,6.282,5.447,5.097,0.045,-0.006,0.006,2618,0
52913,6.309,5.468,5.136,0.060,-0.032,-0.039,2617,0
52933,6.361,5.550,5.112,0.079,-0.053,-0.077,2618,0
52953,6.268,5.715,5.092,0.085,-0.077,-0.083,2617,0
52973,6.282,5.787,5.009,0.073,-0.119,-0.070,2617,0
52993,6.321,5.758,4.853,0.070,-0.105,-0.062,2617,0
53013,6.297,5.748,4.786,0.051,-0.069,-0.048,2617,0
53033,6.285,5.660,4.841,0.042,-0.043,-0.043,2618,0
53053,6.316,5.686,4.911,0.053,-0.043,-0.048,2618,0
53073,6.316,5.710,4.994,0.054,-0.063,-0.047,2618,0
53093,6.337,5.667,4.911,0.061,-0.074,-0.053,2618,0
53113,6.352,5.705,4.841,0.063,-0.071,-0.057,2616,0
53133,6.340,5.729,4.793,0.056,-0.064,-0.057,2617,0
53153,6.345,5.751,4.774,0.056,-0.052,-0.058,2616,0
53173,6.371,5.777,4.781,0.059,-0.053,-0.056,2616,0
53193,6.373,5.787,4.779,0.055,-0.054,-0.049,2614,0
53213,6.325,5.823,4.781,0.048,-0.042,-0.037,2616,0
53233,6.275,5.806,4.757,0.040,-0.034,-0.023,2615,0
53253,6.282,5.772,4.760,0.038,-0.017,-0.014,2615,0
53273,6.266,5.780,4.839,0.037,-0.006,-0.010,2614,0
53293,6.323,5.842,4.887,0.030,-0.013,0.004,2614,0
53313,6.325,5.787,4.894,0.026,-0.015,0.006,2616,0
53333,6.287,5.713,4.870,0.018,-0.011,0.009,2616,0
53353,6.280,5.710,4.906,0.024,-0.015,-0.002,2616,0
53373,6.270,5.768,4.889,0.034,-0.019,-0.013,2615,0
53393,6.292,5.801,4.891,0.029,-0.029,-0.009,2614,0
53413,6.278,5.708,4.803,0.024,-0.026,-0.010,2615,0
53433,6.258,5.641,4.827,0.015,-0.005,-0.019,2615,0
53453,6.246,5.741,5.011,0.023,0.002,-0.030,2614,0
53473,6.278,5.909,5.073,0.037,-0.026,-0.022,2617,0
53493,6.337,5.856,5.033,0.061,-0.054,-0.013,2613,0
53513,6.393,5.825,4.882,0.085,-0.060,-0.015,2614,0
53533,6.436,5.660,4.896,0.105,-0.049,-0.040,2614,0
53553,6.369,5.353,5.361,0.200,-0.037,-0.149,2614,0
53573,6.251,5.454,5.634,0.303,-0.153,-0.248,2613,0
53593,6.642,5.454,5.318,0.347,-0.297,-0.302,2613,0
53613,6.816,5.507,5.413,0.474,-0.276,-0.413,2611,0
53633,7.240,5.540,5.995,0.679,-0.237,-0.591,2612,0
53653,6.948,5.363,6.548,0.983,-0.128,-0.875,2611,0
53673,6.469,5.739,6.309,1.293,-0.326,-1.087,2612,0
53693,6.977,6.464,5.878,1.253,-0.552,-1.091,2610,0
53713,7.841,7.113,6.311,0.849,-0.637,-0.845,2612,0
53733,8.179,6.622,7.118,0.637,-0.763,-0.706,2609,0
53753,8.296,6.946,7.142,0.783,-0.962,-0.879,2608,0
53773,8.023,7.664,6.400,0.956,-1.236,-1.049,2608,0
53793,7.592,8.315,5.444,0.962,-1.427,-1.038,2607,0
53813,7.041,8.854,4.872,0.771,-1.522,-0.835,2606,0
53833,6.311,8.859,4.396,0.572,-1.620,-0.600,2607,0
53853,5.588,8.571,3.754,0.609,-1.713,-0.473,2607,0
53873,4.891,8.356,2.904,0.784,-1.834,-0.406,2606,0
53893,4.324,8.317,1.800,0.876,-1.943,-0.305,2607,0
53913,3.912,8.504,0.658,0.711,-1.956,-0.106,2607,0
53933,3.450,8.396,-0.163,0.370,-1.872,0.144,2606,0
53953,3.201,7.925,-0.704,0.090,-1.753,0.344,2606,0
53973,3.160,7.537,-1.113,-0.039,-1.604,0.430,2606,0
53993,3.292,7.195,-1.415,0.009,-1.399,0.367,2606,0
54013,3.244,7.125,-1.738,0.122,-1.178,0.245,2606,0
54033,3.227,7.250,-2.011,0.169,-0.979,0.168,2604,0
54053,3.469,7.374,-2.035,0.110,-0.768,0.159,2606,0
54073,3.891,7.408,-1.729,-0.010,-0.542,0.205,2608,0
54093,4.195,7.240,-1.293,-0.104,-0.432,0.249,2607,0
54113,4.633,7.070,-1.082,-0.128,-0.430,0.234,2606,0
54133,5.152,6.977,-0.917,-0.143,-0.384,0.185,2606,0
54153,5.413,6.917,-0.637,-0.129,-0.325,0.099,2605,0
54173,5.677,6.931,-0.373,-0.061,-0.313,-0.012,2605,0
54193,5.804,7.044,-0.235,0.022,-0.387,-0.103,2606,0
54213,5.851,7.175,-0.338,0.119,-0.497,-0.181,2607,0
54233,5.842,7.369,-0.646,0.188,-0.551,-0.268,2608,0
54253,5.784,7.525,-0.871,0.264,-0.532,-0.358,2610,0
54273,5.756,7.877,-1.037,0.322,-0.463,-0.396,2611,0
54293,5.533,8.124,-1.240,0.335,-0.401,-0.377,2611,0
54313,5.370,8.310,-1.367,0.304,-0.375,-0.322,2612,0
54333,5.315,8.346,-1.482,0.238,-0.360,-0.241,2613,0
54353,5.358,8.399,-1.590,0.190,-0.295,-0.156,2615,0
54373,5.413,8.356,-1.678,0.137,-0.197,-0.086,2618,0
54393,5.409,8.284,-1.659,0.100,-0.086,-0.038,2618,0
54413,5.298,8.236,-1.597,0.078,-0.005,-0.004,2620,0
54433,5.308,8.167,-1.463,0.067,0.027,0.033,2619,0
54453,5.495,8.045,-1.374,0.060,0.055,0.064,2619,0
54473,5.557,7.958,-1.216,0.064,0.072,0.064,2619,0
54493,5.617,7.903,-1.137,0.088,0.078,0.041,2618,0
54513,5.643,7.882,-1.037,0.107,0.096,0.031,2618,0
54533,5.636,7.922,-0.927,0.112,0.075,0.038,2618,0
54553,5.713,7.865,-0.855,0.106,0.027,0.044,2617,0
54573,5.760,7.772,-0.891,0.118,0.018,0.028,2617,0
54593,5.794,7.717,-0.876,0.119,0.006,0.014,2618,0
54613,5.861,7.654,-0.927,0.118,0.001,-0.005,2618,0
54633,5.861,7.635,-0.939,0.112,0.016,-0.021,2617,0
54653,5.823,7.647,-0.946,0.083,0.014,-0.034,2617,0
54673,5.830,7.645,-0.879,0.068,0.019,-0.048,2617,0
54693,5.811,7.728,-0.886,0.074,0.029,-0.070,2618,0
54713,5.794,7.841,-0.857,0.065,0.025,-0.083,2618,0
54733,5.780,7.896,-0.797,0.029,0.017,-0.074,2617,0
54753,5.748,7.927,-0.754,0.003,-0.001,-0.062,2619,0
54773,5.720,7.975,-0.752,0.020,-0.002,-0.068,2618,0
54793,5.655,8.030,-0.745,0.040,-0.011,-0.072,2617,0
54813,5.705,8.083,-0.848,0.026,-0.033,-0.063,2617,0
54833,5.727,8.030,-0.879,0.013,-0.030,-0.062,2619,0
54853,5.734,8.045,-0.879,0.026,-0.036,-0.062,2619,0
54873,5.763,8.042,-0.881,0.033,-0.045,-0.056,2618,0
54893,5.780,8.021,-0.898,0.028,-0.052,-0.053,2619,0
54913,5.801,8.004,-0.943,0.031,-0.048,-0.058,2618,0
54933,5.746,8.033,-0.946,0.034,-0.038,-0.054,2619,0
54953,5.665,8.073,-0.924,0.026,-0.048,-0.038,2619,0
54973,5.648,8.078,-0.929,0.029,-0.069,-0.031,2619,0
54993,5.622,8.056,-0.989,0.042,-0.064,-0.039,2621,0
55013,5.578,8.025,-1.003,0.070,-0.046,-0.051,2620,0
55033,5.543,8.124,-0.998,0.077,-0.037,-0.043,2622,0
55053,5.509,8.104,-1.013,0.049,-0.040,-0.025,2621,0
55073,5.480,8.080,-1.003,0.025,-0.051,-0.008,2621,0
55093,5.468,8.011,-1.003,0.013,-0.059,-0.007,2622,0
55113,5.495,7.956,-1.027,0.039,-0.055,-0.024,2621,0
55133,5.502,8.011,-1.018,0.071,-0.050,-0.034,2622,0
55153,5.504,8.045,-1.039,0.063,-0.037,-0.025,2621,0
55173,5.538,7.973,-1.034,0.033,-0.039,-0.015,2622,0
55193,5.602,7.958,-0.998,0.035,-0.031,-0.032,2623,0
55213,5.557,8.049,-0.941,0.068,-0.035,-0.063,2621,0
55233,5.523,8.186,-0.984,0.083,-0.048,-0.067,2622,0
55253,5.533,8.270,-1.006,0.077,-0.054,-0.044,2621,0
55273,5.550,8.270,-1.008,0.066,-0.057,-0.021,2622,0
55293,5.567,8.234,-0.982,0.070,-0.055,-0.010,2622,0
55313,5.564,8.183,-1.034,0.062,-0.046,0.002,2622,0
55333,5.543,8.083,-1.025,0.044,-0.046,0.010,2622,0
55353,5.595,8.016,-1.075,0.042,-0.043,0.014,2622,0
55373,5.583,7.946,-1.077,0.029,-0.022,0.019,2622,0
55393,5.612,7.853,-1.080,0.013,-0.013,0.008,2624,0
55413,5.576,7.848,-1.018,0.016,-0.018,-0.022,2623,0
55433,5.543,7.925,-1.013,0.032,-0.042,-0.048,2622,0
55453,5.555,8.011,-1.039,0.030,-0.050,-0.050,2622,0
55473,5.502,7.994,-1.063,0.022,-0.042,-0.047,2622,0
55493,5.459,7.989,-1.085,0.025,-0.034,-0.052,2621,0
55513,5.461,8.049,-1.046,0.036,-0.025,-0.066,2621,0
55533,5.406,8.116,-1.044,0.055,-0.023,-0.076,2622,0
55553,5.375,8.193,-1.097,0.051,-0.029,-0.064,2621,0
55573,5.363,8.167,-1.065,0.030,-0.031,-0.050,2621,0
55593,5.397,8.150,-1.046,0.035,-0.026,-0.054,2621,0
55613,5.430,8.162,-1.063,0.041,-0.020,-0.054,2621,0
55633,5.428,8.171,-1.022,0.039,-0.014,-0.047,2622,0
55653,5.418,8.126,-0.998,0.029,-0.023,-0.040,2623,0
55673,5.490,8.107,-1.006,0.023,-0.029,-0.041,2621,0
55693,5.471,8.080,-0.979,0.036,-0.026,-0.056,2622,0
55713,5.428,8.138,-1.034,0.054,-0.022,-0.068,2622,0
55733,5.406,8.198,-1.032,0.060,-0.023,-0.063,2621,0
55753,5.409,8.191,-1.111,0.029,-0.023,-0.041,2621,0
55773,5.413,8.176,-1.039,0.012,-0.020,-0.031,2621,0
55793,5.404,8.164,-0.965,0.030,-0.027,-0.046,2621,0
55813,5.397,8.222,-0.919,0.056,-0.041,-0.060,2621,0
55833,5.370,8.260,-1.008,0.054,-0.039,-0.052,2621,0
55853,5.341,8.226,-1.034,0.043,-0.041,-0.043,2621,0
55873,5.353,8.258,-1.037,0.050,-0.036,-0.046,2620,0
55893,5.365,8.267,-1.058,0.062,-0.021,-0.042,2621,0
55913,5.380,8.241,-1.051,0.056,-0.013,-0.028,2621,0
55933,5.387,8.155,-1.003,0.049,-0.014,-0.019,2619,0
55953,5.373,8.104,-1.039,0.046,-0.024,-0.024,2620,0
55973,5.368,8.109,-1.058,0.050,-0.024,-0.037,2620,0
55993,5.291,8.186,-1.061,0.057,-0.016,-0.052,2621,0
56013,5.270,8.226,-1.099,0.062,-0.015,-0.060,2621,0
56033,5.286,8.258,-1.101,0.067,-0.009,-0.060,2620,0
56053,5.265,8.298,-1.082,0.067,-0.002,-0.051,2621,0
56073,5.222,8.313,-1.037,0.062,-0.009,-0.037,2620,0
56093,5.262,8.322,-1.039,0.062,-0.020,-0.031,2620,0
56113,5.270,8.294,-1.065,0.059,-0.009,-0.026,2619,0
56133,5.277,8.260,-1.006,0.055,0.003,-0.021,2621,0
56153,5.282,8.241,-0.936,0.056,-0.010,-0.020,2619,0
56173,5.320,8.234,-0.919,0.066,-0.015,-0.022,2618,0
56193,5.351,8.229,-0.936,0.055,-0.013,-0.017,2618,0
56213,5.337,8.195,-0.974,0.037,-0.015,-0.015,2619,0
56233,5.296,8.164,-0.962,0.043,-0.023,-0.025,2620,0
56253,5.262,8.238,-0.927,0.067,-0.035,-0.040,2620,0
56273,5.250,8.356,-0.989,0.077,-0.033,-0.039,2619,0
56293,5.265,8.346,-1.015,0.062,-0.030,-0.017,2619,0
56313,5.272,8.267,-1.010,0.045,-0.024,0.003,2619,0
56333,5.274,8.207,-1.008,0.042,-0.020,-0.000,2619,0
56353,5.250,8.224,-0.994,0.056,-0.018,-0.014,2618,0
56373,5.260,8.212,-1.006,0.051,-0.016,-0.012,2620,0
56393,5.282,8.133,-1.039,0.034,-0.022,-0.007,2621,0
56413,5.296,8.131,-0.989,0.027,-0.020,-0.015,2619,0
56433,5.291,8.138,-0.998,0.030,-0.017,-0.033,2620,0
56453,5.301,8.191,-1.015,0.038,-0.015,-0.049,2619,0
56473,5.265,8.215,-0.994,0.042,-0.018,-0.047,2620,0
56493,5.255,8.320,-1.037,0.036,-0.027,-0.036,2619,0
56513,5.246,8.305,-0.986,0.018,-0.029,-0.024,2619,0
56533,5.260,8.282,-0.965,0.024,-0.025,-0.019,2619,0
56553,5.255,8.260,-1.001,0.029,-0.025,-0.017,2619,0
56573,5.227,8.253,-0.972,0.029,-0.031,-0.021,2618,0
56593,5.229,8.274,-0.953,0.027,-0.042,-0.030,2620,0
56613,5.222,8.317,-0.958,0.030,-0.045,-0.038,2619,0
56633,5.227,8.377,-1.006,0.037,-0.049,-0.037,2619,0
56653,5.227,8.389,-0.970,0.037,-0.048,-0.025,2620,0
56673,5.241,8.363,-1.015,0.026,-0.051,-0.012,2619,0
56693,5.210,8.322,-1.049,0.030,-0.050,-0.011,2619,0
56713,5.207,8.341,-1.049,0.038,-0.055,-0.013,2619,0
56733,5.193,8.334,-1.075,0.037,-0.051,-0.011,2619,0
56753,5.174,8.341,-1.077,0.038,-0.041,-0.008,2620,0
56773,5.167,8.332,-1.077,0.033,-0.037,-0.000,2619,0
56793,5.205,8.267,-1.082,0.023,-0.041,0.008,2617,0
56813,5.217,8.200,-1.063,0.023,-0.039,0.002,2618,0
56833,5.198,8.222,-1.018,0.042,-0.039,-0.017,2619,0
56853,5.212,8.301,-1.044,0.050,-0.043,-0.025,2622,0
56873,5.200,8.325,-1.068,0.033,-0.047,-0.014,2619,0
56893,5.210,8.303,-1.085,0.024,-0.048,-0.008,2617,0
56913,5.155,8.270,-1.049,0.041,-0.036,-0.011,2619,0
56933,5.186,8.267,-1.101,0.050,-0.034,-0.011,2620,0
56953,5.181,8.282,-1.101,0.041,-0.031,-0.011,2619,0
56973,5.179,8.279,-1.058,0.037,-0.035,-0.016,2617,0
56993,5.160,8.313,-1.056,0.047,-0.029,-0.021,2617,0
57013,5.157,8.339,-1.049,0.043,-0.031,-0.014,2619,0
57033,5.145,8.339,-1.037,0.037,-0.032,-0.007,2617,0
57053,5.162,8.279,-1.046,0.041,-0.023,-0.007,2618,0
57073,5.148,8.279,-1.065,0.048,-0.019,-0.011,2619,0
57093,5.183,8.270,-1.020,0.036,-0.020,-0.010,2619,0
57113,5.179,8.246,-0.996,0.033,-0.024,-0.012,2621,0
57133,5.205,8.279,-0.972,0.047,-0.025,-0.022,2618,0
57153,5.181,8.337,-0.982,0.049,-0.021,-0.024,2617,0
57173,5.167,8.370,-0.986,0.034,-0.018,-0.011,2619,0
57193,5.148,8.284,-0.955,0.026,-0.033,-0.001,2618,0
57213,5.203,8.272,-0.970,0.044,-0.034,-0.011,2618,0
57233,5.167,8.322,-0.984,0.055,-0.024,-0.015,2618,0
57253,5.160,8.310,-1.020,0.041,-0.028,-0.003,2618,0
57273,5.169,8.258,-1.015,0.022,-0.035,-0.003,2618,0
57293,5.183,8.274,-0.967,0.034,-0.040,-0.019,2619,0
57313,5.193,8.334,-1.013,0.058,-0.040,-0.032,2619,0
57333,5.186,8.387,-1.025,0.055,-0.031,-0.024,2619,0
57353,5.179,8.356,-1.058,0.043,-0.029,-0.007,2619,0
57373,5.167,8.310,-1.020,0.040,-0.033,-0.009,2618,0
57393,5.155,8.349,-1.041,0.043,-0.043,-0.011,2618,0
57413,5.145,8.368,-1.046,0.042,-0.034,-0.006,2618,0
57433,5.119,8.356,-1.018,0.054,-0.029,-0.001,2617,0
57453,5.128,8.334,-1.020,0.051,-0.038,0.007,2619,0
57473,5.152,8.296,-1.010,0.039,-0.038,0.008,2618,0
57493,5.143,8.246,-1.034,0.039,-0.030,0.000,2619,0
57513,5.143,8.215,-1.039,0.041,-0.027,-0.007,2619,0
57533,5.102,8.231,-1.013,0.044,-0.034,-0.016,2618,0
57553,5.138,8.291,-1.049,0.042,-0.040,-0.022,2617,0
57573,5.167,8.325,-1.049,0.038,-0.036,-0.017,2617,0
57593,5.160,8.327,-1.013,0.036,-0.030,-0.014,2616,0
57613,5.143,8.332,-1.037,0.039,-0.030,-0.017,2617,0
57633,5.104,8.344,-1.032,0.040,-0.037,-0.017,2619,0
57653,5.092,8.384,-1.065,0.043,-0.044,-0.013,2616,0
57673,5.136,8.392,-1.061,0.048,-0.045,-0.007,2617,0
57693,5.152,8.349,-1.065,0.045,-0.034,-0.001,2617,0
57713,5.100,8.301,-1.015,0.047,-0.032,-0.005,2616,0
57733,5.114,8.322,-1.039,0.047,-0.039,-0.007,2617,0
57753,5.143,8.294,-1.051,0.035,-0.035,-0.003,2617,0
57773,5.143,8.258,-1.025,0.038,-0.030,-0.009,2618,0
57793,5.126,8.294,-1.046,0.047,-0.023,-0.019,2617,0
57813,5.102,8.320,-1.039,0.047,-0.022,-0.021,2617,0
57833,5.126,8.349,-1.010,0.045,-0.028,-0.013,2619,0
57853,5.128,8.308,-1.020,0.030,-0.029,-0.005,2617,0
57873,5.138,8.255,-1.001,0.029,-0.025,-0.006,2618,0
57893,5.126,8.272,-1.018,0.041,-0.025,-0.025,2618,0
57913,5.121,8.373,-0.996,0.050,-0.033,-0.030,2617,0
57933,5.140,8.389,-1.003,0.040,-0.022,-0.013,2618,0
57953,5.121,8.291,-0.974,0.026,-0.030,0.008,2617,0
57973,5.150,8.226,-0.965,0.017,-0.038,-0.006,2617,0
57993,5.128,8.241,-0.939,0.036,-0.036,-0.040,2616,0
58013,5.097,8.365,-0.970,0.056,-0.042,-0.047,2617,0
58033,5.097,8.392,-1.001,0.040,-0.044,-0.033,2617,0
58053,5.107,8.384,-1.001,0.024,-0.043,-0.016,2616,0
58073,5.126,8.346,-0.989,0.026,-0.047,-0.016,2616,0
58093,5.148,8.351,-1.027,0.032,-0.045,-0.021,2618,0
58113,5.104,8.363,-1.058,0.029,-0.040,-0.021,2616,0
58133,5.061,8.411,-1.087,0.034,-0.041,-0.021,2615,0
58153,5.049,8.452,-1.097,0.039,-0.038,-0.019,2616,0
58173,5.054,8.432,-1.154,0.032,-0.034,-0.005,2616,0
58193,5.033,8.368,-1.097,0.019,-0.025,0.011,2617,0
58213,5.076,8.291,-1.077,0.028,-0.036,0.005,2616,0
58233,5.085,8.260,-1.061,0.047,-0.034,-0.018,2616,0
58253,5.047,8.358,-1.113,0.054,-0.034,-0.029,2616,0
58273,5.066,8.380,-1.097,0.043,-0.034,-0.017,2615,0
58293,5.085,8.349,-1.099,0.032,-0.024,-0.009,2616,0
58313,5.066,8.339,-1.065,0.035,-0.024,-0.012,2616,0
58333,5.092,8.305,-1.063,0.046,-0.028,-0.019,2617,0
58353,5.092,8.332,-1.106,0.050,-0.024,-0.018,2616,0
58373,5.088,8.315,-1.097,0.041,-0.027,-0.023,2616,0
58393,5.073,8.353,-1.118,0.046,-0.023,-0.031,2615,0
58413,5.028,8.404,-1.082,0.048,-0.011,-0.030,2617,0
58433,5.030,8.420,-1.087,0.041,-0.018,-0.019,2618,0
58453,5.025,8.396,-1.073,0.042,-0.017,-0.021,2617,0
58473,5.009,8.456,-1.085,0.047,-0.010,-0.022,2618,0
58493,4.999,8.440,-1.094,0.042,-0.006,-0.013,2616,0
58513,5.037,8.356,-1.113,0.034,0.005,-0.003,2614,0
58533,5.042,8.327,-1.068,0.035,0.018,-0.010,2616,0
58553,5.011,8.346,-1.001,0.050,0.019,-0.022,2617,0
58573,5.033,8.399,-0.934,0.050,0.007,-0.018,2616,0
58593,5.054,8.394,-0.931,0.042,-0.005,-0.009,2615,0
58613,5.076,8.358,-0.898,0.049,-0.001,-0.017,2617,0
58633,5.033,8.349,-0.898,0.053,-0.003,-0.021,2618,0
58653,5.037,8.320,-0.927,0.038,-0.022,-0.020,2616,0
58673,5.066,8.329,-0.979,0.035,-0.028,-0.027,2617,0
58693,5.064,8.382,-1.008,0.047,-0.013,-0.042,2617,0
58713,5.013,8.456,-0.989,0.056,-0.006,-0.041,2615,0
58733,5.021,8.514,-0.984,0.033,-0.015,-0.015,2616,0
58753,5.054,8.452,-0.998,0.013,-0.009,0.005,2615,0
58773,5.047,8.389,-0.953,0.029,-0.012,-0.005,2616,0
58793,5.059,8.401,-0.948,0.057,-0.015,-0.022,2615,0
58813,4.999,8.499,-0.929,0.065,-0.022,-0.025,2616,0
58833,5.021,8.526,-0.955,0.045,-0.025,-0.007,2616,0
58853,5.023,8.452,-0.934,0.034,-0.023,0.009,2617,0
58873,5.028,8.361,-0.936,0.034,-0.020,0.013,2618,0
58893,5.054,8.313,-0.934,0.038,-0.028,0.003,2617,0
58913,5.085,8.322,-0.917,0.041,-0.029,-0.008,2617,0
58933,5.083,8.346,-0.922,0.045,-0.039,-0.011,2616,0
58953,5.095,8.384,-0.905,0.041,-0.039,-0.017,2616,0
58973,5.045,8.447,-0.874,0.043,-0.042,-0.014,2616,0
58993,5.028,8.452,-0.852,0.040,-0.048,-0.001,2615,0
59013,5.037,8.406,-0.917,0.029,-0.056,0.009,2617,0
59033,5.057,8.329,-1.010,0.027,-0.055,0.000,2616,0
59053,4.997,8.322,-1.013,0.037,-0.052,-0.014,2616,0
59073,4.990,8.406,-1.041,0.045,-0.053,-0.013,2616,0
59093,5.009,8.425,-1.058,0.031,-0.047,-0.001,2616,0
59113,4.975,8.423,-1.039,0.027,-0.043,-0.003,2617,0
59133,4.942,8.430,-1.041,0.042,-0.045,-0.013,2615,0
59153,4.911,8.478,-1.056,0.049,-0.041,-0.017,2616,0
59173,4.939,8.444,-1.061,0.047,-0.042,-0.006,2616,0
59193,4.966,8.423,-1.061,0.044,-0.041,0.005,2615,0
59213,4.990,8.387,-1.075,0.042,-0.034,0.004,2617,0
59233,5.009,8.320,-1.068,0.044,-0.026,-0.003,2616,0
59253,5.042,8.294,-1.053,0.045,-0.022,-0.008,2616,0
59273,5.013,8.296,-1.061,0.041,-0.031,-0.013,2615,0
59293,5.023,8.344,-1.034,0.043,-0.031,-0.023,2615,0
59313,5.030,8.428,-1.027,0.049,-0.022,-0.029,2615,0
59333,4.987,8.466,-1.044,0.048,-0.020,-0.021,2615,0
59353,4.982,8.442,-0.998,0.039,-0.027,-0.007,2615,0
59373,4.980,8.425,-0.958,0.041,-0.033,-0.002,2615,0
59393,4.973,8.425,-1.003,0.045,-0.034,-0.010,2615,0
59413,4.980,8.425,-0.977,0.046,-0.037,-0.016,2614,0
59433,5.009,8.454,-1.030,0.042,-0.034,-0.013,2616,0
59453,5.004,8.420,-0.998,0.038,-0.029,-0.014,2615,0
59473,5.021,8.428,-1.001,0.048,-0.030,-0.011,2616,0
59493,5.035,8.428,-1.015,0.040,-0.031,-0.004,2614,0
59513,5.030,8.406,-1.013,0.038,-0.027,-0.005,2616,0
59533,4.990,8.416,-1.030,0.046,-0.028,-0.014,2615,0
59553,4.954,8.454,-1.003,0.048,-0.028,-0.016,2615,0
59573,4.925,8.495,-0.972,0.041,-0.023,-0.009,2617,0
59593,4.961,8.440,-0.996,0.035,-0.018,0.006,2614,0
59613,4.997,8.358,-0.984,0.027,-0.013,0.014,2617,0
59633,4.997,8.310,-0.950,0.028,-0.013,-0.003,2616,0
59653,4.970,8.346,-0.917,0.042,-0.026,-0.018,2615,0
59673,4.992,8.428,-0.948,0.043,-0.037,-0.018,2616,0
59693,4.985,8.454,-0.977,0.041,-0.038,-0.016,2616,0
59713,4.973,8.497,-0.989,0.050,-0.038,-0.015,2615,0
59733,4.975,8.502,-1.008,0.044,-0.038,-0.008,2615,0
59753,4.987,8.507,-1.025,0.038,-0.031,0.002,2616,0
59773,4.978,8.475,-1.044,0.031,-0.032,0.006,2615,0
59793,4.990,8.399,-1.018,0.039,-0.036,0.002,2615,0
59813,5.011,8.418,-1.068,0.045,-0.025,-0.002,2617,0
59833,4.985,8.420,-1.039,0.042,-0.021,0.001,2616,0
59853,4.990,8.375,-1.027,0.039,-0.035,0.004,2615,0
59873,5.001,8.361,-1.056,0.040,-0.035,0.003,2615,0
59893,4.999,8.368,-1.034,0.052,-0.026,-0.012,2616,0
59913,4.980,8.413,-1.051,0.066,-0.023,-0.022,2615,0
59933,4.973,8.449,-1.010,0.055,-0.031,-0.012,2615,0
59953,4.992,8.437,-1.013,0.036,-0.027,-0.001,2614,0
59973,4.994,8.406,-0.948,0.046,-0.017,-0.005,2615,0
59993,4.990,8.485,-0.962,0.059,-0.013,-0.010,2615,0
60013,4.990,8.468,-0.994,0.040,-0.017,0.005,2617,0
60033,4.992,8.375,-0.984,0.031,-0.021,0.013,2616,0
60053,5.040,8.327,-0.965,0.045,-0.021,-0.003,2615,0
60073,5.004,8.396,-0.931,0.061,-0.019,-0.013,2616,0
60093,4.985,8.432,-1.006,0.046,-0.029,-0.003,2615,0
60113,5.011,8.384,-1.015,0.027,-0.037,-0.003,2615,0
60133,4.982,8.411,-0.996,0.046,-0.025,-0.023,2614,0
60153,4.925,8.550,-0.965,0.062,-0.025,-0.025,2615,0
60173,4.956,8.595,-0.982,0.044,-0.027,0.002,2614,0
60193,4.982,8.514,-0.965,0.024,-0.037,0.029,2617,0
60213,5.009,8.432,-0.974,0.033,-0.033,0.027,2616,0
60233,4.944,8.442,-0.955,0.059,-0.031,0.004,2616,0
60253,4.896,8.535,-0.970,0.077,-0.036,0.002,2616,0
60273,4.925,8.543,-1.032,0.068,-0.046,0.026,2615,0
60293,4.954,8.432,-1.039,0.060,-0.054,0.038,2615,0
60313,5.040,8.315,-1.085,0.059,-0.043,0.037,2616,0
60333,5.035,8.260,-1.111,0.061,-0.026,0.026,2615,0
60353,5.018,8.267,-1.068,0.055,-0.025,0.012,2616,0
60373,5.013,8.265,-1.101,0.051,-0.034,-0.003,2616,0
60393,5.073,8.320,-1.097,0.053,-0.031,-0.012,2616,0
60413,5.045,8.344,-1.130,0.060,-0.020,-0.014,2615,0
60433,5.042,8.361,-1.135,0.054,-0.013,-0.005,2615,0
60453,5.033,8.332,-1.118,0.040,-0.005,-0.000,2615,0
60473,4.999,8.375,-1.061,0.050,-0.011,-0.017,2616,0
60493,5.004,8.442,-1.075,0.072,-0.019,-0.027,2614,0
60513,4.985,8.511,-1.101,0.067,-0.015,-0.014,2616,0
60533,4.968,8.487,-1.152,0.074,-0.011,-0.011,2614,0
60553,4.925,8.540,-1.058,0.078,-0.002,-0.010,2614,0
60573,4.932,8.533,-1.061,0.072,-0.001,0.001,2614,0
60593,4.927,8.504,-1.041,0.069,-0.010,0.010,2614,0
60613,4.992,8.502,-1.044,0.083,-0.017,0.015,2614,0
60633,5.013,8.459,-1.039,0.078,-0.010,0.026,2614,0
60653,5.054,8.346,-1.044,0.069,-0.007,0.029,2613,0
60673,5.073,8.332,-1.077,0.067,-0.004,0.024,2615,0
60693,5.057,8.332,-1.022,0.069,-0.003,0.014,2615,0
60713,5.035,8.353,-1.015,0.070,-0.015,0.010,2614,0
60733,5.049,8.358,-1.041,0.066,-0.018,0.006,2615,0
60753,5.042,8.346,-1.049,0.064,-0.010,0.001,2614,0
60773,4.997,8.346,-1.056,0.060,-0.010,0.002,2614,0
60793,4.994,8.349,-1.046,0.052,-0.011,0.007,2614,0
60813,5.033,8.313,-1.030,0.047,-0.020,0.017,2613,0
60833,5.080,8.255,-1.099,0.046,-0.022,0.009,2613,0
60853,5.057,8.231,-1.082,0.051,-0.012,-0.014,2614,0
60873,5.037,8.315,-1.128,0.062,-0.023,-0.031,2613,0
60893,5.104,8.380,-1.116,0.054,-0.018,-0.029,2612,0
60913,5.092,8.396,-1.130,0.041,-0.005,-0.011,2613,0
60933,5.080,8.389,-1.113,0.033,-0.009,-0.003,2614,0
60953,5.088,8.356,-1.075,0.042,-0.012,-0.010,2614,0
60973,5.052,8.418,-1.041,0.054,-0.017,-0.012,2612,0
60993,5.025,8.435,-1.101,0.048,-0.033,-0.010,2613,0
61013,5.011,8.430,-1.104,0.045,-0.028,-0.011,2613,0
61033,4.975,8.437,-1.092,0.061,-0.016,-0.010,2612,0
61053,4.963,8.440,-1.089,0.053,-0.010,0.007,2616,0
61073,4.982,8.329,-1.053,0.030,-0.019,0.020,2613,0
61093,5.023,8.231,-1.037,0.030,-0.031,0.004,2615,0
61113,5.042,8.274,-1.087,0.057,-0.025,-0.023,2614,0
61133,5.013,8.375,-1.087,0.072,-0.021,-0.034,2611,0
61153,4.999,8.401,-1.063,0.057,-0.023,-0.017,2612,0
61173,5.016,8.389,-1.044,0.037,-0.021,0.005,2613,0
61193,5.045,8.272,-0.994,0.022,-0.030,0.008,2611,0
61213,5.092,8.234,-0.970,0.043,-0.038,-0.015,2613,0
61233,5.028,8.308,-1.034,0.062,-0.038,-0.033,2612,0
61253,5.004,8.365,-1.056,0.054,-0.046,-0.029,2612,0
61273,4.992,8.384,-1.082,0.041,-0.046,-0.027,2613,0
61293,4.966,8.430,-1.087,0.040,-0.037,-0.023,2613,0
61313,4.922,8.452,-1.106,0.032,-0.041,-0.018,2612,0
61333,4.939,8.404,-1.109,0.031,-0.039,-0.017,2613,0
61353,4.975,8.399,-1.111,0.036,-0.033,-0.018,2612,0
61373,5.004,8.396,-1.085,0.034,-0.027,-0.016,2613,0
61393,5.021,8.428,-1.077,0.027,-0.030,-0.015,2614,0
61413,5.049,8.389,-1.075,0.018,-0.034,-0.010,2612,0
61433,5.061,8.399,-1.073,0.031,-0.036,-0.018,2613,0
61453,5.052,8.413,-1.085,0.050,-0.029,-0.020,2612,0
61473,5.009,8.428,-1.097,0.046,-0.038,-0.012,2612,0
61493,5.047,8.432,-1.144,0.030,-0.043,-0.005,2612,0
61513,5.001,8.411,-1.099,0.028,-0.034,-0.007,2612,0
61533,5.001,8.480,-1.080,0.046,-0.038,-0.006,2611,0
61553,5.016,8.480,-1.104,0.046,-0.040,0.001,2613,0
61573,4.982,8.444,-1.077,0.043,-0.042,0.009,2612,0
61593,4.980,8.404,-1.094,0.046,-0.058,0.011,2612,0
61613,4.997,8.363,-1.137,0.050,-0.061,0.005,2611,0
61633,4.954,8.358,-1.188,0.051,-0.049,-0.004,2612,0
61653,4.906,8.375,-1.185,0.055,-0.041,-0.007,2615,0
61673,4.903,8.382,-1.161,0.050,-0.036,-0.007,2613,0
61693,4.951,8.370,-1.123,0.041,-0.027,0.001,2614,0
61713,4.954,8.332,-1.106,0.035,-0.017,0.006,2612,0
61733,4.994,8.241,-1.094,0.033,-0.018,-0.006,2612,0
61753,4.982,8.234,-1.116,0.038,-0.008,-0.031,2613,0
61773,4.956,8.305,-1.085,0.048,-0.002,-0.051,2612,0
61793,4.968,8.373,-1.056,0.042,-0.014,-0.048,2612,0
61813,5.021,8.435,-1.027,0.030,-0.020,-0.035,2613,0
61833,5.016,8.423,-1.015,0.026,-0.017,-0.031,2612,0
61853,5.021,8.490,-0.989,0.031,-0.031,-0.031,2613,0
61873,5.006,8.531,-1.006,0.038,-0.044,-0.030,2612,0
61893,5.018,8.521,-1.037,0.035,-0.057,-0.022,2614,0
61913,4.980,8.526,-1.068,0.050,-0.057,-0.025,2612,0
61933,4.985,8.514,-1.089,0.057,-0.067,-0.018,2611,0
61953,4.980,8.507,-1.140,0.036,-0.068,-0.006,2613,0
61973,4.975,8.502,-1.149,0.029,-0.062,-0.002,2611,0
61993,4.973,8.502,-1.147,0.036,-0.052,-0.003,2611,0
62013,4.973,8.490,-1.188,0.039,-0.028,0.003,2612,0
62033,4.937,8.437,-1.144,0.026,-0.026,0.014,2612,0
62053,4.956,8.394,-1.094,0.016,-0.040,0.016,2612,0
62073,4.975,8.370,-1.075,0.023,-0.039,0.007,2613,0
62093,4.954,8.401,-1.101,0.044,-0.033,-0.001,2613,0
62113,4.939,8.444,-1.070,0.049,-0.030,0.007,2611,0
62133,4.930,8.389,-1.104,0.026,-0.045,0.019,2611,0
62153,4.920,8.322,-1.132,0.019,-0.051,0.009,2611,0
62173,4.918,8.325,-1.135,0.042,-0.051,-0.019,2610,0
62193,4.918,8.461,-1.199,0.055,-0.043,-0.030,2611,0
62213,4.896,8.475,-1.209,0.042,-0.028,-0.015,2611,0
62233,4.911,8.473,-1.164,0.030,-0.025,-0.001,2613,0
62253,4.968,8.413,-1.171,0.029,-0.028,0.004,2612,0
62273,4.966,8.440,-1.120,0.036,-0.019,-0.005,2611,0
62293,4.946,8.473,-1.092,0.054,-0.022,-0.015,2612,0
62313,4.932,8.485,-1.109,0.058,-0.029,-0.008,2612,0
62333,4.958,8.468,-1.123,0.050,-0.027,0.007,2612,0
62353,4.973,8.423,-1.056,0.033,-0.029,0.014,2611,0
62373,4.999,8.365,-1.063,0.033,-0.031,0.010,2612,0
62393,4.946,8.353,-1.075,0.045,-0.033,-0.001,2611,0
62413,4.982,8.363,-1.087,0.049,-0.040,-0.010,2612,0
62433,4.966,8.396,-1.099,0.044,-0.039,-0.014,2612,0
62453,4.942,8.425,-1.099,0.038,-0.035,-0.014,2609,0
62473,4.937,8.456,-1.101,0.038,-0.026,-0.008,2611,0
62493,4.913,8.475,-1.070,0.037,-0.023,0.003,2611,0
62513,4.922,8.447,-1.073,0.033,-0.036,0.007,2612,0
62533,4.939,8.384,-1.104,0.037,-0.042,0.001,2612,0
62553,4.934,8.387,-1.082,0.046,-0.046,-0.009,2611,0
62573,4.934,8.428,-1.120,0.055,-0.056,-0.014,2611,0
62593,4.939,8.473,-1.154,0.052,-0.052,-0.013,2612,0
62613,4.920,8.466,-1.183,0.040,-0.043,-0.005,2611,0
62633,4.961,8.420,-1.152,0.042,-0.038,0.002,2611,0
62653,5.009,8.401,-1.154,0.042,-0.031,0.004,2611,0
62673,4.994,8.389,-1.132,0.044,-0.023,-0.005,2610,0
62693,4.987,8.384,-1.116,0.043,-0.033,-0.009,2611,0
62713,4.973,8.416,-1.094,0.042,-0.035,-0.008,2612,0
62733,4.975,8.461,-1.099,0.044,-0.041,-0.007,2611,0
62753,4.978,8.483,-1.123,0.045,-0.035,-0.005,2610,0
62773,4.978,8.461,-1.142,0.044,-0.035,0.001,2612,0
62793,4.944,8.418,-1.132,0.041,-0.031,0.000,2613,0
62813,4.908,8.430,-1.128,0.046,-0.033,-0.005,2612,0
62833,4.934,8.454,-1.147,0.043,-0.032,-0.001,2612,0
62853,4.937,8.420,-1.089,0.030,-0.021,0.017,2611,0
62873,4.927,8.315,-1.087,0.019,-0.031,0.017,2611,0
62893,4.937,8.294,-1.094,0.032,-0.040,-0.010,2611,0
62913,4.922,8.399,-1.104,0.052,-0.043,-0.031,2610,0
62933,4.934,8.466,-1.113,0.053,-0.046,-0.029,2611,0
62953,4.915,8.492,-1.166,0.040,-0.044,-0.014,2610,0
62973,4.913,8.495,-1.142,0.034,-0.041,0.001,2610,0
62993,4.937,8.432,-1.116,0.035,-0.037,0.001,2612,0
63013,4.956,8.416,-1.135,0.046,-0.038,-0.008,2611,0
63033,4.949,8.425,-1.144,0.053,-0.033,-0.016,2612,0
63053,4.915,8.466,-1.156,0.054,-0.028,-0.013,2610,0
63073,4.954,8.490,-1.144,0.035,-0.023,0.001,2612,0
63093,4.987,8.428,-1.101,0.025,-0.014,0.011,2613,0
63113,4.966,8.394,-1.092,0.033,-0.023,0.006,2610,0
63133,4.978,8.399,-1.085,0.043,-0.039,-0.005,2611,0
63153,5.006,8.413,-1.140,0.053,-0.037,-0.016,2612,0
63173,4.942,8.490,-1.125,0.056,-0.033,-0.016,2610,0
63193,4.922,8.533,-1.140,0.044,-0.034,0.002,2610,0
63213,4.939,8.440,-1.125,0.029,-0.032,0.017,2612,0
63233,4.958,8.382,-1.106,0.039,-0.032,0.014,2610,0
63253,4.968,8.325,-1.130,0.047,-0.031,0.003,2610,0
63273,4.922,8.341,-1.130,0.044,-0.033,-0.007,2612,0
63293,4.944,8.370,-1.168,0.038,-0.032,-0.009,2612,0
63313,4.922,8.380,-1.137,0.038,-0.033,-0.015,2611,0
63333,4.925,8.461,-1.144,0.046,-0.033,-0.018,2611,0
63353,4.920,8.473,-1.149,0.038,-0.029,-0.008,2611,0
63373,4.925,8.449,-1.176,0.038,-0.026,-0.006,2611,0
63393,4.915,8.475,-1.192,0.048,-0.022,-0.013,2611,0
63413,4.911,8.495,-1.140,0.043,-0.016,0.000,2612,0
63433,4.915,8.444,-1.104,0.036,-0.025,0.013,2613,0
63453,4.951,8.370,-1.111,0.038,-0.029,0.006,2612,0
63473,4.958,8.358,-1.116,0.049,-0.021,-0.012,2612,0
63493,4.954,8.411,-1.128,0.047,-0.020,-0.018,2612,0
63513,4.932,8.478,-1.113,0.050,-0.024,-0.016,2610,0
63533,4.968,8.495,-1.094,0.042,-0.029,-0.002,2610,0
63553,4.978,8.435,-1.097,0.031,-0.024,0.006,2611,0
63573,4.992,8.406,-1.073,0.042,-0.020,-0.001,2613,0
63593,4.966,8.442,-1.022,0.047,-0.021,0.002,2612,0
63613,4.961,8.406,-1.034,0.036,-0.033,0.012,2613,0
63633,4.973,8.358,-1.085,0.030,-0.047,0.003,2612,0
63653,4.937,8.332,-1.123,0.041,-0.048,-0.019,2611,0
63673,4.920,8.432,-1.147,0.052,-0.046,-0.028,2610,0
63693,4.891,8.514,-1.161,0.054,-0.041,-0.020,2612,0
63713,4.899,8.487,-1.154,0.048,-0.034,-0.007,2611,0
63733,4.915,8.461,-1.168,0.042,-0.029,-0.003,2612,0
63753,4.913,8.440,-1.149,0.038,-0.026,-0.005,2611,0
63773,4.934,8.454,-1.159,0.045,-0.027,-0.009,2613,0
63793,4.963,8.473,-1.159,0.051,-0.017,-0.007,2611,0
63813,4.939,8.473,-1.111,0.045,-0.006,0.000,2612,0
63833,4.954,8.432,-1.077,0.037,-0.015,0.010,2612,0
63853,4.932,8.370,-1.053,0.027,-0.038,0.015,2612,0
63873,4.973,8.325,-1.106,0.038,-0.058,-0.000,2614,0
63893,4.954,8.377,-1.154,0.060,-0.052,-0.025,2611,0
63913,4.889,8.464,-1.247,0.067,-0.044,-0.027,2613,0
63933,4.887,8.504,-1.279,0.061,-0.032,-0.014,2611,0
63953,4.887,8.509,-1.226,0.037,-0.024,0.003,2611,0
63973,4.949,8.418,-1.171,0.026,-0.013,0.010,2612,0
63993,4.911,8.368,-1.118,0.038,-0.014,0.003,2612,0
64013,4.908,8.375,-1.085,0.050,-0.035,-0.009,2611,0
64033,4.915,8.382,-1.161,0.058,-0.048,-0.015,2610,0
64053,4.906,8.384,-1.211,0.050,-0.045,-0.013,2611,0
64073,4.908,8.380,-1.207,0.044,-0.032,-0.015,2610,0
64093,4.906,8.440,-1.204,0.049,-0.025,-0.022,2611,0
64113,4.877,8.511,-1.204,0.053,-0.015,-0.020,2611,0
64133,4.879,8.499,-1.207,0.042,-0.009,-0.012,2610,0
64153,4.915,8.519,-1.173,0.043,-0.007,-0.007,2610,0
64173,4.934,8.504,-1.154,0.048,-0.001,-0.006,2610,0
64193,4.985,8.466,-1.116,0.036,-0.003,0.005,2611,0
64213,5.033,8.435,-1.056,0.038,0.000,0.004,2612,0
64233,4.987,8.418,-1.068,0.046,-0.014,-0.002,2610,0
64253,5.011,8.413,-1.104,0.046,-0.016,0.001,2610,0
64273,4.985,8.416,-1.053,0.039,-0.011,0.007,2610,0
64293,4.932,8.387,-1.013,0.043,-0.031,0.001,2611,0
64313,4.932,8.447,-1.041,0.048,-0.051,-0.004,2611,0
64333,4.906,8.428,-1.149,0.037,-0.049,-0.008,2610,0
64353,4.913,8.416,-1.140,0.046,-0.048,-0.015,2610,0
64373,4.884,8.519,-1.176,0.059,-0.044,-0.019,2610,0
64393,4.884,8.562,-1.197,0.042,-0.041,0.005,2610,0
64413,4.901,8.464,-1.195,0.022,-0.035,0.023,2611,0
64433,4.908,8.382,-1.166,0.037,-0.032,0.007,2611,0
64453,4.889,8.440,-1.173,0.061,-0.027,-0.014,2611,0
64473,4.843,8.490,-1.159,0.058,-0.025,-0.005,2610,0
64493,4.915,8.442,-1.152,0.032,-0.033,0.019,2612,0
64513,4.961,8.337,-1.109,0.030,-0.027,0.022,2611,0
64533,4.954,8.291,-1.123,0.041,-0.032,0.003,2609,0
64553,4.954,8.325,-1.116,0.045,-0.043,-0.018,2611,0
64573,4.922,8.377,-1.173,0.051,-0.043,-0.027,2612,0
64593,4.906,8.423,-1.231,0.043,-0.041,-0.023,2613,0
64613,4.927,8.464,-1.197,0.038,-0.031,-0.015,2611,0
64633,4.918,8.483,-1.156,0.031,-0.020,-0.007,2612,0
64653,4.927,8.459,-1.128,0.032,-0.018,-0.003,2611,0
64673,4.939,8.430,-1.113,0.034,-0.025,-0.006,2611,0
64693,4.946,8.423,-1.152,0.039,-0.033,-0.011,2611,0
64713,4.915,8.440,-1.144,0.043,-0.045,-0.017,2613,0
64733,4.901,8.440,-1.183,0.045,-0.050,-0.017,2612,0
64753,4.911,8.459,-1.214,0.041,-0.044,-0.013,2611,0
64773,4.896,8.487,-1.235,0.041,-0.029,-0.011,2612,0
64793,4.894,8.497,-1.190,0.041,-0.021,-0.011,2612,0
64813,4.901,8.509,-1.173,0.038,-0.013,-0.005,2613,0
64833,4.915,8.507,-1.097,0.035,-0.008,0.001,2612,0
64853,4.956,8.480,-1.068,0.034,-0.023,0.009,2613,0
64873,4.987,8.435,-1.070,0.035,-0.028,0.009,2611,0
64893,4.949,8.404,-1.087,0.043,-0.033,0.001,2612,0
64913,4.942,8.442,-1.132,0.044,-0.051,-0.003,2611,0
64933,4.944,8.428,-1.142,0.042,-0.045,0.001,2612,0
64953,4.934,8.396,-1.132,0.035,-0.034,0.009,2612,0
64973,4.918,8.389,-1.147,0.027,-0.034,0.004,2612,0
64993,4.889,8.404,-1.140,0.033,-0.036,-0.013,2611,0
65013,4.882,8.468,-1.159,0.035,-0.033,-0.017,2611,0
65033,4.879,8.480,-1.159,0.027,-0.032,-0.003,2610,0
65053,4.920,8.449,-1.149,0.024,-0.034,0.007,2610,0
65073,4.925,8.392,-1.137,0.024,-0.043,0.006,2611,0
65093,4.913,8.375,-1.159,0.037,-0.044,-0.007,2612,0
65113,4.915,8.430,-1.173,0.050,-0.042,-0.017,2612,0
65133,4.896,8.495,-1.192,0.048,-0.039,-0.012,2611,0
65153,4.887,8.499,-1.216,0.045,-0.027,-0.001,2612,0
65173,4.889,8.456,-1.168,0.037,-0.019,0.010,2611,0
65193,4.932,8.396,-1.123,0.039,-0.019,0.015,2613,0
65213,4.911,8.346,-1.118,0.037,-0.035,0.001,2610,0
65233,4.932,8.327,-1.123,0.053,-0.043,-0.019,2611,0
65253,4.906,8.406,-1.135,0.063,-0.042,-0.024,2611,0
65273,4.891,8.452,-1.171,0.049,-0.039,-0.016,2611,0
65293,4.918,8.404,-1.161,0.032,-0.037,-0.010,2612,0
65313,4.899,8.404,-1.142,0.036,-0.036,-0.010,2611,0
65333,4.920,8.442,-1.123,0.037,-0.038,-0.014,2610,0
65353,4.903,8.447,-1.106,0.042,-0.038,-0.014,2611,0
65373,4.911,8.452,-1.128,0.046,-0.043,-0.015,2611,0
65393,4.918,8.461,-1.171,0.041,-0.051,-0.014,2611,0
65413,4.911,8.485,-1.159,0.039,-0.048,-0.014,2611,0
65433,4.915,8.490,-1.161,0.046,-0.045,-0.013,2611,0
65453,4.865,8.531,-1.233,0.050,-0.037,-0.008,2613,0
65473,4.911,8.449,-1.221,0.037,-0.041,0.003,2612,0
65493,4.963,8.375,-1.226,0.029,-0.030,0.001,2610,0
65513,4.920,8.401,-1.199,0.042,-0.017,-0.018,2610,0
65533,4.853,8.507,-1.204,0.047,-0.010,-0.020,2611,0
65553,4.820,8.507,-1.202,0.031,-0.006,-0.002,2610,0
65573,4.853,8.411,-1.149,0.022,-0.014,0.005,2612,0
65593,4.875,8.387,-1.223,0.035,-0.034,-0.008,2610,0
65613,4.860,8.497,-1.166,0.050,-0.029,-0.024,2610,0
65633,4.882,8.487,-1.173,0.048,-0.017,-0.018,2611,0
65653,4.894,8.459,-1.125,0.029,-0.019,0.003,2610,0
65673,4.927,8.370,-1.144,0.028,-0.030,-0.000,2610,0
65693,4.908,8.392,-1.118,0.033,-0.024,-0.022,2609,0
65713,4.877,8.514,-1.147,0.046,-0.035,-0.029,2611,0
65733,4.906,8.581,-1.125,0.043,-0.044,-0.017,2609,0
65753,4.925,8.578,-1.161,0.043,-0.038,-0.006,2611,0
65773,4.906,8.533,-1.188,0.044,-0.032,0.005,2610,0
65793,4.920,8.516,-1.168,0.037,-0.035,0.010,2609,0
65813,4.896,8.475,-1.164,0.042,-0.027,0.003,2609,0
65833,4.851,8.483,-1.104,0.054,-0.032,0.006,2610,0
65853,4.872,8.485,-1.120,0.053,-0.036,0.017,2612,0
65873,4.877,8.420,-1.106,0.037,-0.038,0.021,2610,0
65893,4.915,8.322,-1.116,0.036,-0.037,0.011,2611,0
65913,4.889,8.313,-1.106,0.043,-0.040,0.001,2611,0
65933,4.860,8.327,-1.173,0.044,-0.041,-0.012,2610,0
65953,4.867,8.370,-1.190,0.042,-0.037,-0.028,2610,0
65973,4.853,8.461,-1.190,0.041,-0.030,-0.029,2610,0
65993,4.872,8.533,-1.173,0.032,-0.015,-0.015,2610,0
66013,4.863,8.519,-1.111,0.025,-0.009,0.000,2609,0
66033,4.911,8.464,-1.085,0.024,-0.020,0.003,2611,0
66053,4.889,8.406,-1.094,0.033,-0.031,-0.008,2610,0
66073,4.889,8.425,-1.128,0.050,-0.046,-0.018,2609,0
66093,4.927,8.485,-1.192,0.049,-0.048,-0.017,2611,0
66113,4.906,8.464,-1.185,0.041,-0.030,-0.011,2610,0
66133,4.839,8.497,-1.171,0.037,-0.027,-0.006,2610,0
66153,4.843,8.487,-1.128,0.037,-0.035,-0.006,2610,0
66173,4.851,8.499,-1.147,0.041,-0.040,-0.010,2613,0
66193,4.865,8.495,-1.166,0.043,-0.043,-0.008,2610,0
66213,4.896,8.471,-1.207,0.038,-0.027,-0.003,2610,0
66233,4.848,8.468,-1.149,0.037,-0.013,-0.001,2610,0
66253,4.853,8.480,-1.106,0.032,-0.022,-0.000,2611,0
66273,4.853,8.428,-1.104,0.031,-0.027,-0.002,2609,0
66293,4.879,8.377,-1.195,0.030,-0.043,-0.007,2610,0
66313,4.925,8.351,-1.233,0.030,-0.019,-0.015,2610,0
66333,4.915,8.425,-1.223,0.021,0.001,-0.018,2609,0
66353,4.879,8.495,-1.178,0.008,0.000,-0.023,2610,0
66373,4.829,8.602,-1.056,0.029,-0.011,-0.027,2609,0
66393,4.853,8.727,-0.998,0.054,-0.027,-0.014,2611,0
66413,4.858,8.672,-0.958,0.059,-0.041,0.009,2611,0
66433,4.906,8.538,-0.979,0.052,-0.065,0.032,2610,0
66453,4.954,8.344,-1.010,0.044,-0.071,0.034,2610,0
66473,4.958,8.265,-1.041,0.057,-0.065,0.007,2611,0
66493,4.877,8.310,-1.085,0.074,-0.062,-0.015,2609,0
66513,4.846,8.392,-1.106,0.059,-0.066,-0.006,2609,0
66533,4.831,8.365,-1.111,0.027,-0.062,0.007,2610,0
66553,4.853,8.317,-1.123,0.020,-0.063,-0.002,2609,0
66573,4.865,8.356,-1.178,0.033,-0.059,-0.023,2609,0
66593,4.800,8.416,-1.257,0.032,-0.053,-0.035,2610,0
66613,4.779,8.456,-1.322,0.023,-0.041,-0.039,2610,0
66633,4.788,8.528,-1.317,0.039,-0.032,-0.043,2609,0
66653,4.839,8.622,-1.377,0.042,-0.010,-0.034,2611,0
66673,4.846,8.566,-1.288,0.039,0.002,-0.020,2611,0
66693,4.872,8.519,-1.226,0.062,0.001,-0.025,2609,0
66713,4.875,8.521,-1.166,0.082,-0.009,-0.031,2609,0
66733,4.882,8.581,-1.192,0.058,-0.030,-0.012,2610,0
66753,4.870,8.464,-1.144,0.051,-0.046,-0.002,2608,0
66773,4.896,8.454,-1.197,0.065,-0.047,-0.009,2610,0
66793,4.846,8.461,-1.207,0.062,-0.038,-0.011,2610,0
66813,4.805,8.471,-1.219,0.054,-0.046,-0.007,2609,0
66833,4.877,8.473,-1.245,0.044,-0.048,-0.005,2611,0
66853,4.846,8.483,-1.235,0.045,-0.028,-0.008,2610,0
66873,4.772,8.514,-1.214,0.052,-0.017,-0.013,2610,0
66893,4.762,8.543,-1.219,0.044,-0.022,-0.006,2610,0
66913,4.800,8.543,-1.199,0.029,-0.023,0.000,2609,0
66933,4.800,8.499,-1.156,0.028,-0.015,0.003,2611,0
66953,4.820,8.499,-1.120,0.033,-0.014,-0.002,2611,0
66973,4.836,8.502,-1.120,0.034,-0.019,-0.006,2609,0
66993,4.846,8.495,-1.149,0.032,-0.028,-0.003,2611,0
67013,4.896,8.466,-1.159,0.034,-0.024,-0.001,2611,0
67033,4.889,8.495,-1.125,0.036,-0.005,0.001,2610,0
67053,4.889,8.464,-1.104,0.019,-0.007,0.013,2609,0
67073,4.920,8.380,-1.104,0.007,-0.023,0.005,2610,0
67093,4.877,8.413,-1.113,0.028,-0.035,-0.024,2610,0
67113,4.851,8.578,-1.180,0.053,-0.038,-0.035,2610,0
67133,4.827,8.657,-1.240,0.046,-0.028,-0.008,2609,0
67153,4.798,8.547,-1.192,0.021,-0.027,0.022,2609,0
67173,4.831,8.423,-1.199,0.024,-0.029,0.023,2610,0
67193,4.810,8.394,-1.192,0.037,-0.022,0.009,2611,0
67213,4.798,8.418,-1.171,0.053,-0.026,-0.008,2608,0
67233,4.812,8.464,-1.183,0.056,-0.022,-0.007,2610,0
67253,4.788,8.495,-1.132,0.042,-0.030,-0.003,2609,0
67273,4.846,8.456,-1.140,0.033,-0.027,0.001,2608,0
67293,4.875,8.408,-1.125,0.028,-0.015,0.007,2610,0
67313,4.870,8.384,-1.082,0.033,-0.017,-0.010,2609,0
67333,4.822,8.423,-1.080,0.056,-0.026,-0.036,2610,0
67353,4.827,8.511,-1.152,0.058,-0.039,-0.032,2608,0
67373,4.841,8.531,-1.185,0.041,-0.037,-0.021,2610,0
67393,4.839,8.528,-1.154,0.059,-0.025,-0.024,2609,0
67413,4.803,8.586,-1.195,0.062,-0.013,-0.014,2608,0
67433,4.805,8.528,-1.132,0.044,-0.021,0.006,2610,0
67453,4.884,8.444,-1.113,0.036,-0.035,0.003,2611,0
67473,4.889,8.413,-1.094,0.052,-0.038,-0.015,2609,0
67493,4.872,8.480,-1.164,0.069,-0.040,-0.026,2609,0
67513,4.843,8.554,-1.202,0.059,-0.027,-0.013,2609,0
67533,4.786,8.535,-1.199,0.043,-0.025,-0.003,2609,0
67553,4.796,8.538,-1.216,0.042,-0.037,-0.001,2610,0
67573,4.805,8.554,-1.228,0.049,-0.020,-0.003,2609,0
67593,4.817,8.554,-1.190,0.055,-0.005,0.001,2609,0
67613,4.822,8.545,-1.125,0.048,-0.009,0.010,2609,0
67633,4.879,8.509,-1.113,0.036,-0.022,0.018,2610,0
67653,4.882,8.435,-1.120,0.036,-0.024,0.015,2610,0
67673,4.846,8.430,-1.106,0.053,-0.033,0.001,2610,0
67693,4.841,8.495,-1.154,0.062,-0.035,0.001,2609,0
67713,4.829,8.464,-1.168,0.037,-0.029,0.020,2612,0
67733,4.839,8.392,-1.171,0.025,-0.035,0.011,2609,0
67753,4.781,8.399,-1.166,0.046,-0.035,-0.020,2609,0
67773,4.779,8.545,-1.233,0.060,-0.035,-0.027,2609,0
67793,4.824,8.566,-1.223,0.039,-0.027,-0.005,2608,0
67813,4.848,8.495,-1.180,0.033,-0.023,0.007,2611,0
67833,4.875,8.447,-1.195,0.042,-0.023,0.003,2611,0
67853,4.843,8.478,-1.168,0.048,-0.025,-0.008,2610,0
67873,4.831,8.531,-1.132,0.055,-0.029,-0.009,2609,0
67893,4.817,8.578,-1.144,0.051,-0.031,0.003,2610,0
67913,4.841,8.519,-1.159,0.047,-0.035,0.011,2609,0
67933,4.855,8.468,-1.183,0.048,-0.028,0.013,2610,0
67953,4.843,8.442,-1.178,0.044,-0.026,0.014,2611,0
67973,4.858,8.416,-1.135,0.041,-0.029,0.007,2609,0
67993,4.853,8.440,-1.120,0.043,-0.036,0.001,2609,0
68013,4.839,8.475,-1.137,0.045,-0.043,-0.001,2609,0
68033,4.815,8.507,-1.156,0.046,-0.044,-0.002,2610,0
68053,4.798,8.504,-1.209,0.040,-0.044,0.001,2610,0
68073,4.805,8.487,-1.240,0.035,-0.031,0.006,2609,0
68093,4.836,8.471,-1.247,0.038,-0.026,0.009,2609,0
68113,4.855,8.449,-1.192,0.038,-0.018,0.012,2610,0
68133,4.843,8.447,-1.152,0.042,-0.025,0.014,2609,0
68153,4.839,8.454,-1.089,0.056,-0.038,0.009,2609,0
68173,4.846,8.483,-1.056,0.058,-0.053,0.009,2609,0
68193,4.810,8.432,-1.065,0.054,-0.067,0.006,2609,0
68213,4.805,8.380,-1.106,0.057,-0.078,-0.003,2611,0
68233,4.841,8.380,-1.197,0.049,-0.068,-0.006,2610,0
68253,4.882,8.334,-1.216,0.027,-0.045,-0.004,2610,0
68273,4.879,8.339,-1.202,0.023,-0.036,-0.014,2608,0
68293,4.870,8.452,-1.156,0.025,-0.035,-0.025,2609,0
68313,4.843,8.516,-1.147,0.021,-0.034,-0.017,2609,0
68333,4.865,8.550,-1.195,0.020,-0.041,-0.005,2608,0
68353,4.903,8.514,-1.132,0.026,-0.035,-0.003,2609,0
68373,4.891,8.502,-1.149,0.034,-0.035,0.002,2609,0
68393,4.875,8.478,-1.168,0.028,-0.052,-0.001,2609,0
68413,4.870,8.495,-1.183,0.039,-0.054,-0.017,2609,0
68433,4.843,8.566,-1.207,0.053,-0.049,-0.020,2609,0
68453,4.846,8.586,-1.240,0.044,-0.047,-0.003,2609,0
68473,4.889,8.480,-1.269,0.031,-0.045,0.013,2610,0
68493,4.870,8.394,-1.293,0.030,-0.039,0.007,2610,0
68513,4.841,8.399,-1.286,0.041,-0.040,-0.009,2608,0
68533,4.803,8.466,-1.295,0.044,-0.033,-0.012,2609,0
68553,4.757,8.487,-1.290,0.042,-0.031,-0.003,2609,0
68573,4.738,8.490,-1.223,0.043,-0.025,-0.004,2609,0
68593,4.755,8.487,-1.243,0.048,-0.020,-0.002,2610,0
68613,4.760,8.444,-1.173,0.042,-0.021,-0.001,2609,0
68633,4.808,8.380,-1.180,0.039,-0.023,-0.007,2610,0
68653,4.824,8.370,-1.159,0.042,-0.030,-0.026,2608,0
68673,4.820,8.444,-1.214,0.049,-0.034,-0.042,2609,0
68693,4.824,8.528,-1.262,0.034,-0.027,-0.034,2609,0
68713,4.836,8.526,-1.243,0.025,-0.010,-0.018,2611,0
68733,4.870,8.471,-1.247,0.019,-0.005,-0.013,2610,0
68753,4.879,8.499,-1.190,0.027,-0.003,-0.018,2610,0
68773,4.846,8.552,-1.142,0.041,-0.016,-0.025,2608,0
68793,4.791,8.612,-1.183,0.050,-0.028,-0.020,2610,0
68813,4.820,8.583,-1.207,0.042,-0.038,-0.007,2610,0
68833,4.853,8.514,-1.199,0.038,-0.031,0.001,2608,0
68853,4.858,8.468,-1.176,0.043,-0.027,-0.004,2609,0
68873,4.855,8.478,-1.180,0.040,-0.031,-0.008,2608,0
68893,4.853,8.483,-1.188,0.036,-0.026,-0.009,2608,0
68913,4.843,8.538,-1.118,0.042,-0.019,-0.010,2609,0
68933,4.846,8.545,-1.104,0.034,-0.023,-0.001,2608,0
68953,4.872,8.514,-1.087,0.023,-0.021,0.002,2610,0
68973,4.817,8.504,-1.053,0.038,-0.028,0.000,2609,0
68993,4.858,8.504,-1.092,0.042,-0.048,0.006,2608,0
69013,4.858,8.485,-1.082,0.038,-0.046,0.011,2610,0
69033,4.812,8.447,-1.137,0.039,-0.051,0.009,2609,0
69053,4.786,8.428,-1.156,0.037,-0.051,-0.002,2609,0
69073,4.755,8.466,-1.176,0.033,-0.054,-0.007,2609,0
69093,4.784,8.461,-1.221,0.039,-0.052,-0.011,2609,0
69113,4.817,8.466,-1.233,0.042,-0.039,-0.009,2609,0
69133,4.808,8.456,-1.228,0.035,-0.029,-0.004,2608,0
69153,4.831,8.449,-1.214,0.026,-0.031,-0.007,2610,0
69173,4.805,8.480,-1.171,0.032,-0.022,-0.019,2609,0
69193,4.800,8.540,-1.159,0.046,-0.035,-0.016,2609,0
69213,4.839,8.497,-1.199,0.034,-0.047,-0.005,2608,0
69233,4.793,8.425,-1.216,0.033,-0.042,-0.009,2608,0
69253,4.798,8.495,-1.219,0.050,-0.031,-0.021,2609,0
69273,4.752,8.562,-1.245,0.047,-0.018,-0.014,2609,0
69293,4.738,8.511,-1.207,0.030,-0.039,0.006,2608,0
69313,4.853,8.392,-1.269,0.025,-0.054,0.003,2609,0
69333,4.875,8.416,-1.214,0.046,-0.029,-0.021,2609,0
69353,4.810,8.528,-1.209,0.068,-0.017,-0.025,2609,0
69373,4.793,8.588,-1.226,0.039,-0.027,0.001,2608,0
69393,4.824,8.495,-1.135,0.021,-0.027,0.008,2610,0
69413,4.836,8.490,-1.109,0.038,-0.043,-0.008,2609,0
69433,4.867,8.511,-1.171,0.052,-0.046,-0.017,2609,0
69453,4.855,8.559,-1.235,0.051,-0.037,-0.009,2610,0
69473,4.855,8.540,-1.221,0.038,-0.038,-0.004,2610,0
69493,4.815,8.521,-1.192,0.036,-0.041,-0.013,2609,0
69513,4.800,8.578,-1.219,0.046,-0.037,-0.015,2609,0
69533,4.760,8.631,-1.204,0.052,-0.026,-0.011,2610,0
69553,4.748,8.629,-1.173,0.052,-0.022,0.008,2609,0
69573,4.760,8.543,-1.199,0.042,-0.028,0.024,2609,0
69593,4.779,8.413,-1.214,0.030,-0.024,0.027,2608,0
69613,4.767,8.356,-1.164,0.041,-0.030,0.011,2608,0
69633,4.800,8.416,-1.130,0.058,-0.031,-0.013,2609,0
69653,4.781,8.521,-1.180,0.054,-0.030,-0.017,2608,0
69673,4.803,8.519,-1.188,0.038,-0.027,-0.004,2608,0
69693,4.851,8.464,-1.195,0.023,-0.020,0.005,2608,0
69713,4.846,8.449,-1.120,0.037,-0.023,-0.004,2609,0
69733,4.872,8.507,-1.111,0.048,-0.027,-0.005,2608,0
69753,4.822,8.490,-1.137,0.033,-0.033,0.007,2609,0
69773,4.812,8.406,-1.168,0.026,-0.050,0.002,2608,0
69793,4.803,8.416,-1.211,0.038,-0.056,-0.021,2608,0
69813,4.786,8.499,-1.286,0.052,-0.039,-0.036,2608,0
69833,4.755,8.576,-1.274,0.051,-0.030,-0.025,2608,0
69853,4.796,8.507,-1.279,0.046,-0.027,-0.010,2608,0
69873,4.788,8.480,-1.243,0.041,-0.017,-0.007,2608,0
69893,4.752,8.507,-1.233,0.034,-0.016,-0.010,2609,0
69913,4.784,8.528,-1.159,0.042,-0.013,-0.014,2609,0
69933,4.772,8.559,-1.147,0.044,-0.007,-0.006,2608,0
69953,4.779,8.509,-1.135,0.036,-0.025,0.003,2608,0
69973,4.834,8.471,-1.149,0.035,-0.031,0.001,2608,0
69993,4.810,8.449,-1.137,0.038,-0.032,-0.010,2608,0
70013,4.784,8.466,-1.156,0.048,-0.038,-0.022,2609,0
70033,4.798,8.535,-1.166,0.046,-0.040,-0.018,2608,0
70053,4.822,8.543,-1.250,0.036,-0.029,-0.015,2608,0
70073,4.815,8.566,-1.183,0.041,-0.016,-0.015,2609,0
70093,4.788,8.638,-1.171,0.039,-0.014,-0.001,2607,0
70113,4.798,8.571,-1.099,0.024,-0.019,0.015,2609,0
70133,4.829,8.480,-1.085,0.027,-0.034,0.015,2608,0
70153,4.841,8.432,-1.137,0.046,-0.046,-0.001,2609,0
70173,4.757,8.464,-1.168,0.066,-0.058,-0.015,2609,0
70193,4.741,8.545,-1.243,0.057,-0.060,-0.011,2608,0
70213,4.729,8.547,-1.235,0.042,-0.049,0.001,2608,0
70233,4.743,8.533,-1.235,0.046,-0.036,0.009,2609,0
70253,4.767,8.483,-1.247,0.039,-0.031,0.010,2608,0
70273,4.803,8.437,-1.226,0.035,-0.026,0.001,2609,0
70293,4.817,8.459,-1.197,0.043,-0.022,-0.011,2608,0
70313,4.824,8.511,-1.161,0.038,-0.021,-0.010,2609,0
70333,4.839,8.507,-1.166,0.038,-0.025,-0.005,2608,0
70353,4.831,8.504,-1.185,0.034,-0.031,-0.005,2608,0
70373,4.820,8.533,-1.135,0.046,-0.029,-0.011,2609,0
70393,4.772,8.547,-1.211,0.047,-0.036,-0.004,2609,0
70413,4.781,8.495,-1.211,0.035,-0.039,0.007,2609,0
70433,4.786,8.437,-1.204,0.038,-0.031,0.009,2608,0
70453,4.776,8.408,-1.176,0.034,-0.032,0.002,2609,0
70473,4.755,8.396,-1.197,0.036,-0.032,-0.020,2608,0
70493,4.721,8.487,-1.216,0.044,-0.031,-0.033,2608,0
70513,4.733,8.595,-1.204,0.047,-0.030,-0.029,2608,0
70533,4.757,8.638,-1.238,0.037,-0.023,-0.013,2607,0
70553,4.791,8.593,-1.164,0.030,-0.021,0.003,2609,0
70573,4.820,8.502,-1.176,0.034,-0.022,0.003,2609,0
70593,4.796,8.485,-1.132,0.044,-0.030,-0.007,2608,0
70613,4.793,8.495,-1.130,0.048,-0.038,-0.013,2608,0
70633,4.793,8.554,-1.183,0.054,-0.037,-0.013,2609,0
70653,4.779,8.552,-1.188,0.044,-0.027,-0.003,2609,0
70673,4.786,8.519,-1.188,0.031,-0.025,0.006,2609,0
70693,4.786,8.473,-1.147,0.031,-0.027,0.003,2608,0
70713,4.800,8.454,-1.156,0.031,-0.033,-0.003,2608,0
70733,4.827,8.466,-1.207,0.039,-0.040,-0.014,2609,0
70753,4.820,8.526,-1.226,0.047,-0.034,-0.019,2608,0
70773,4.779,8.590,-1.221,0.041,-0.032,-0.007,2608,0
70793,4.772,8.586,-1.185,0.029,-0.034,0.009,2608,0
70813,4.779,8.519,-1.166,0.032,-0.036,0.007,2608,0
70833,4.776,8.502,-1.159,0.048,-0.038,-0.000,2609,0
70853,4.767,8.526,-1.202,0.048,-0.044,0.000,2608,0
70873,4.776,8.483,-1.202,0.041,-0.042,0.002,2608,0
70893,4.762,8.454,-1.231,0.039,-0.033,-0.004,2608,0
70913,4.741,8.447,-1.219,0.046,-0.029,-0.008,2607,0
70933,4.717,8.483,-1.226,0.042,-0.027,-0.008,2608,0
70953,4.726,8.495,-1.199,0.031,-0.032,-0.003,2608,0
70973,4.762,8.456,-1.171,0.033,-0.033,-0.009,2608,0
70993,4.762,8.480,-1.171,0.047,-0.029,-0.021,2608,0
71013,4.750,8.547,-1.192,0.054,-0.029,-0.020,2607,0
71033,4.776,8.547,-1.178,0.041,-0.023,-0.012,2608,0
71053,4.774,8.523,-1.140,0.042,-0.022,-0.010,2608,0
71073,4.812,8.523,-1.164,0.043,-0.023,-0.009,2608,0
71093,4.803,8.497,-1.166,0.039,-0.030,0.001,2608,0
71113,4.839,8.447,-1.202,0.039,-0.034,-0.007,2608,0
71133,4.798,8.466,-1.192,0.055,-0.025,-0.018,2608,0
71153,4.752,8.545,-1.221,0.044,-0.029,-0.017,2609,0
71173,4.748,8.545,-1.240,0.035,-0.032,-0.019,2608,0
71193,4.762,8.619,-1.226,0.042,-0.034,-0.021,2608,0
71213,4.786,8.610,-1.211,0.044,-0.021,-0.007,2609,0
71233,4.781,8.593,-1.219,0.038,-0.019,0.005,2608,0
71253,4.796,8.514,-1.240,0.037,-0.016,0.009,2608,0
71273,4.803,8.514,-1.199,0.037,-0.008,0.005,2609,0
71293,4.760,8.519,-1.159,0.040,-0.017,0.002,2608,0
71313,4.762,8.504,-1.166,0.039,-0.030,0.006,2609,0
71333,4.779,8.473,-1.178,0.038,-0.029,0.003,2608,0
71353,4.760,8.475,-1.180,0.044,-0.024,-0.005,2608,0
71373,4.748,8.519,-1.164,0.048,-0.025,-0.006,2608,0
71393,4.733,8.504,-1.171,0.047,-0.022,-0.001,2609,0
71413,4.760,8.497,-1.190,0.042,-0.033,-0.003,2608,0
71433,4.764,8.495,-1.199,0.040,-0.037,-0.012,2608,0
71453,4.760,8.531,-1.195,0.048,-0.037,-0.022,2609,0
71473,4.764,8.595,-1.159,0.052,-0.025,-0.013,2609,0
71493,4.788,8.605,-1.197,0.037,-0.018,0.002,2609,0
71513,4.796,8.516,-1.176,0.026,-0.021,0.012,2607,0
71533,4.810,8.444,-1.156,0.034,-0.035,0.005,2609,0
71553,4.820,8.483,-1.168,0.047,-0.035,-0.008,2608,0
71573,4.791,8.566,-1.185,0.052,-0.040,-0.013,2608,0
71593,4.776,8.602,-1.223,0.047,-0.040,-0.001,2608,0
71613,4.748,8.557,-1.214,0.042,-0.032,0.005,2609,0
71633,4.726,8.540,-1.211,0.041,-0.031,0.009,2608,0
71653,4.733,8.492,-1.204,0.038,-0.030,0.012,2608,0
71673,4.755,8.454,-1.168,0.036,-0.036,0.006,2608,0
71693,4.781,8.471,-1.207,0.048,-0.032,-0.003,2608,0
71713,4.760,8.485,-1.238,0.049,-0.025,-0.003,2608,0
71733,4.752,8.475,-1.243,0.031,-0.024,0.000,2608,0
71753,4.764,8.464,-1.149,0.029,-0.024,-0.003,2609,0
71773,4.750,8.495,-1.137,0.040,-0.022,-0.013,2608,0
71793,4.760,8.528,-1.161,0.044,-0.029,-0.015,2609,0
71813,4.788,8.528,-1.183,0.038,-0.028,-0.010,2608,0
71833,4.760,8.495,-1.142,0.035,-0.019,-0.003,2608,0
71853,4.757,8.519,-1.144,0.031,-0.035,-0.006,2609,0
71873,4.762,8.535,-1.161,0.036,-0.041,-0.017,2609,0
71893,4.748,8.562,-1.211,0.053,-0.037,-0.022,2608,0
71913,4.755,8.590,-1.238,0.052,-0.031,-0.016,2607,0
71933,4.784,8.598,-1.228,0.041,-0.022,-0.004,2608,0
71953,4.796,8.569,-1.192,0.040,-0.019,0.005,2609,0
71973,4.810,8.557,-1.178,0.040,-0.015,0.005,2608,0
71993,4.781,8.554,-1.132,0.049,-0.020,0.005,2608,0
72013,4.798,8.547,-1.125,0.053,-0.039,0.009,2608,0
72033,4.786,8.504,-1.195,0.047,-0.038,0.011,2607,0
72053,4.774,8.468,-1.202,0.041,-0.031,0.011,2608,0
72073,4.755,8.444,-1.176,0.038,-0.021,0.005,2608,0
72093,4.743,8.471,-1.161,0.040,-0.028,0.001,2609,0
72113,4.781,8.492,-1.199,0.040,-0.032,-0.003,2608,0
72133,4.786,8.495,-1.188,0.032,-0.029,-0.006,2608,0
72153,4.793,8.535,-1.156,0.039,-0.022,-0.009,2608,0
72173,4.776,8.605,-1.149,0.041,-0.020,-0.003,2607,0
72193,4.779,8.593,-1.099,0.027,-0.031,0.014,2608,0
72213,4.805,8.495,-1.154,0.023,-0.045,0.018,2608,0
72233,4.836,8.425,-1.188,0.039,-0.045,0.003,2608,0
72253,4.817,8.432,-1.243,0.059,-0.043,-0.019,2608,0
72273,4.757,8.559,-1.271,0.061,-0.037,-0.018,2608,0
72293,4.709,8.605,-1.267,0.042,-0.035,0.003,2608,0
72313,4.733,8.538,-1.257,0.035,-0.036,0.010,2607,0
72333,4.745,8.519,-1.243,0.049,-0.028,0.004,2608,0
72353,4.760,8.499,-1.235,0.057,-0.023,-0.005,2609,0
72373,4.779,8.485,-1.245,0.050,-0.023,0.001,2607,0
72393,4.805,8.485,-1.214,0.042,-0.022,0.006,2608,0
72413,4.800,8.473,-1.180,0.046,-0.014,-0.001,2609,0
72433,4.743,8.516,-1.144,0.060,-0.021,-0.009,2609,0
72453,4.767,8.526,-1.176,0.058,-0.030,-0.004,2609,0
72473,4.796,8.497,-1.147,0.042,-0.021,0.011,2608,0
72493,4.793,8.416,-1.135,0.030,-0.022,0.012,2608,0
72513,4.800,8.375,-1.123,0.037,-0.019,-0.010,2607,0
72533,4.726,8.485,-1.128,0.048,-0.023,-0.027,2608,0
72553,4.764,8.559,-1.111,0.043,-0.034,-0.022,2608,0
72573,4.800,8.583,-1.132,0.039,-0.029,-0.005,2608,0
72593,4.834,8.516,-1.137,0.027,-0.026,0.013,2609,0
72613,4.851,8.408,-1.106,0.017,-0.036,0.007,2608,0
72633,4.798,8.418,-1.135,0.036,-0.044,-0.021,2608,0
72653,4.717,8.547,-1.183,0.055,-0.054,-0.028,2607,0
72673,4.726,8.571,-1.262,0.040,-0.056,-0.014,2608,0
72693,4.745,8.533,-1.281,0.029,-0.034,-0.005,2609,0
72713,4.752,8.509,-1.199,0.023,-0.027,0.005,2609,0
72733,4.767,8.464,-1.147,0.020,-0.033,0.005,2608,0
72753,4.774,8.420,-1.178,0.027,-0.039,-0.009,2608,0
72773,4.745,8.437,-1.221,0.044,-0.055,-0.033,2607,0
72793,4.736,8.528,-1.295,0.055,-0.054,-0.040,2608,0
72813,4.712,8.600,-1.314,0.041,-0.044,-0.021,2608,0
72833,4.748,8.557,-1.267,0.030,-0.027,-0.008,2608,0
72853,4.767,8.511,-1.252,0.036,-0.015,-0.006,2609,0
72873,4.757,8.492,-1.240,0.040,-0.016,-0.010,2608,0
72893,4.779,8.507,-1.226,0.044,-0.025,-0.016,2609,0
72913,4.760,8.552,-1.209,0.056,-0.022,-0.021,2609,0
72933,4.733,8.622,-1.180,0.059,-0.031,-0.015,2609,0
72953,4.721,8.614,-1.154,0.051,-0.032,-0.004,2609,0
72973,4.714,8.543,-1.164,0.055,-0.032,-0.006,2608,0
72993,4.726,8.499,-1.228,0.060,-0.025,-0.014,2608,0
73013,4.757,8.485,-1.233,0.050,-0.016,-0.012,2608,0
73033,4.786,8.492,-1.154,0.041,-0.005,-0.011,2608,0
73053,4.798,8.521,-1.116,0.026,-0.003,-0.002,2608,0
73073,4.793,8.471,-1.058,0.026,-0.009,-0.007,2609,0
73093,4.779,8.485,-1.077,0.041,-0.023,-0.019,2608,0
73113,4.769,8.516,-1.087,0.047,-0.026,-0.021,2609,0
73133,4.736,8.554,-1.111,0.044,-0.035,-0.011,2609,0
73153,4.738,8.531,-1.135,0.025,-0.053,0.001,2608,0
73173,4.745,8.459,-1.168,0.022,-0.052,-0.013,2609,0
73193,4.719,8.531,-1.221,0.051,-0.045,-0.035,2608,0
73213,4.731,8.622,-1.276,0.054,-0.038,-0.030,2608,0
73233,4.736,8.602,-1.293,0.029,-0.032,-0.007,2608,0
73253,4.757,8.516,-1.281,0.021,-0.026,0.003,2608,0
73273,4.755,8.528,-1.245,0.036,-0.017,-0.010,2608,0
73293,4.705,8.588,-1.197,0.057,-0.018,-0.018,2609,0
73313,4.705,8.631,-1.228,0.056,-0.041,-0.004,2608,0
73333,4.724,8.557,-1.216,0.044,-0.043,0.007,2608,0
73353,4.729,8.507,-1.219,0.045,-0.029,0.004,2608,0
73373,4.717,8.461,-1.168,0.045,-0.022,-0.006,2609,0
73393,4.678,8.480,-1.152,0.047,-0.025,-0.011,2609,0
73413,4.671,8.516,-1.140,0.041,-0.031,-0.010,2609,0
73433,4.724,8.495,-1.166,0.034,-0.030,-0.017,2608,0
73453,4.741,8.562,-1.144,0.038,-0.020,-0.023,2608,0
73473,4.733,8.631,-1.101,0.035,-0.016,-0.016,2608,0
73493,4.748,8.590,-1.092,0.026,-0.017,0.003,2608,0
73513,4.726,8.490,-1.075,0.019,-0.035,0.010,2609,0
73533,4.757,8.408,-1.147,0.030,-0.054,-0.010,2608,0
73553,4.738,8.459,-1.209,0.040,-0.058,-0.033,2608,0
73573,4.678,8.559,-1.290,0.043,-0.046,-0.035,2608,0
73593,4.666,8.602,-1.324,0.035,-0.034,-0.022,2608,0
73613,4.640,8.619,-1.312,0.023,-0.013,-0.013,2608,0
73633,4.662,8.641,-1.214,0.022,-0.001,-0.011,2608,0
73653,4.650,8.653,-1.097,0.023,0.000,-0.008,2609,0
73673,4.714,8.674,-1.015,0.020,-0.003,-0.007,2608,0
73693,4.705,8.665,-0.991,0.011,-0.002,-0.005,2610,0
73713,4.760,8.619,-1.022,-0.015,0.002,0.015,2608,0
73733,4.834,8.432,-1.049,-0.042,-0.001,0.030,2608,0
73753,4.875,8.325,-1.073,-0.029,-0.007,0.008,2608,0
73773,4.829,8.401,-1.120,0.007,-0.014,-0.025,2608,0
73793,4.709,8.528,-1.195,0.030,-0.035,-0.032,2608,0
73813,4.645,8.629,-1.279,0.048,-0.047,-0.023,2608,0
73833,4.621,8.662,-1.274,0.056,-0.042,-0.001,2608,0
73853,4.585,8.598,-1.257,0.055,-0.036,0.009,2608,0
73873,4.566,8.526,-1.235,0.060,-0.037,-0.011,2608,0
73893,4.587,8.540,-1.279,0.078,-0.022,-0.034,2608,0
73913,4.662,8.607,-1.238,0.075,0.009,-0.031,2608,0
73933,4.741,8.638,-1.101,0.055,0.025,-0.014,2608,0
73953,4.791,8.655,-0.986,0.042,0.024,-0.002,2608,0
73973,4.767,8.629,-0.936,0.034,0.010,0.006,2608,0
73993,4.757,8.528,-0.943,0.030,-0.012,0.002,2607,0
74013,4.738,8.538,-0.936,0.050,-0.035,-0.013,2608,0
74033,4.760,8.605,-1.027,0.044,-0.041,-0.015,2608,0
74053,4.736,8.612,-1.053,0.027,-0.033,0.000,2608,0
74073,4.738,8.564,-1.070,0.019,-0.033,0.013,2609,0
74093,4.717,8.497,-1.109,0.027,-0.037,0.004,2608,0
74113,4.657,8.545,-1.168,0.031,-0.044,-0.009,2608,0
74133,4.664,8.569,-1.192,0.034,-0.033,-0.016,2609,0
74153,4.652,8.629,-1.209,0.039,-0.016,-0.016,2609,0
74173,4.664,8.624,-1.164,0.024,-0.002,-0.002,2608,0
74193,4.683,8.610,-1.070,0.016,0.004,0.003,2608,0
74213,4.707,8.602,-0.984,0.027,-0.001,0.003,2609,0
74233,4.731,8.607,-0.982,0.035,-0.013,0.006,2608,0
74253,4.743,8.564,-1.008,0.034,-0.033,0.003,2607,0
74273,4.726,8.562,-1.065,0.043,-0.049,-0.007,2608,0
74293,4.685,8.586,-1.147,0.055,-0.060,-0.007,2608,0
74313,4.676,8.590,-1.233,0.058,-0.066,-0.007,2608,0
74333,4.662,8.576,-1.288,0.064,-0.052,-0.010,2608,0
74353,4.628,8.614,-1.305,0.078,-0.038,-0.010,2608,0
74373,4.650,8.631,-1.302,0.078,-0.028,0.000,2608,0
74393,4.645,8.622,-1.290,0.068,-0.004,0.007,2608,0
74413,4.657,8.610,-1.197,0.065,0.019,0.013,2608,0
74433,4.671,8.602,-1.113,0.064,0.032,0.015,2608,0
74453,4.681,8.571,-1.022,0.056,0.033,0.020,2607,0
74473,4.724,8.535,-0.970,0.056,0.029,0.017,2608,0
74493,4.717,8.480,-0.929,0.061,0.021,0.002,2608,0
74513,4.729,8.471,-0.965,0.058,0.003,-0.007,2608,0
74533,4.743,8.413,-0.958,0.048,0.005,-0.007,2608,0
74553,4.781,8.396,-0.970,0.034,-0.001,-0.005,2608,0
74573,4.817,8.375,-0.991,0.023,0.001,-0.015,2607,0
74593,4.781,8.392,-0.994,0.025,-0.004,-0.035,2608,0
74613,4.738,8.471,-0.989,0.027,-0.017,-0.044,2609,0
74633,4.719,8.523,-1.032,0.028,-0.024,-0.046,2608,0
74653,4.688,8.569,-1.056,0.023,-0.037,-0.043,2609,0
74673,4.669,8.602,-1.082,0.025,-0.046,-0.035,2608,0
74693,4.666,8.605,-1.111,0.025,-0.044,-0.033,2608,0
74713,4.638,8.595,-1.159,0.036,-0.036,-0.034,2608,0
74733,4.633,8.624,-1.190,0.038,-0.022,-0.036,2608,0
74753,4.597,8.641,-1.176,0.031,-0.014,-0.033,2609,0
74773,4.599,8.626,-1.147,0.023,-0.012,-0.023,2608,0
74793,4.633,8.566,-1.123,0.017,0.001,-0.012,2608,0
74813,4.664,8.497,-1.075,0.015,0.007,-0.015,2608,0
74833,4.645,8.456,-1.025,0.032,0.005,-0.038,2608,0
74853,4.614,8.557,-0.962,0.059,-0.014,-0.056,2608,0
74873,4.590,8.660,-0.977,0.052,-0.026,-0.054,2608,0
74893,4.602,8.672,-0.974,0.040,-0.033,-0.039,2608,0
74913,4.628,8.617,-0.941,0.040,-0.042,-0.035,2607,0
74933,4.652,8.612,-0.979,0.042,-0.040,-0.046,2608,0
74953,4.638,8.650,-0.965,0.044,-0.038,-0.050,2607,0
74973,4.609,8.696,-1.018,0.041,-0.040,-0.047,2608,0
74993,4.599,8.674,-1.010,0.030,-0.042,-0.036,2608,0
75013,4.657,8.653,-1.020,0.016,-0.034,-0.027,2607,0
75033,4.700,8.672,-1.022,0.012,-0.029,-0.023,2608,0
75053,4.714,8.660,-1.013,0.020,-0.027,-0.024,2608,0
75073,4.712,8.681,-1.025,0.030,-0.033,-0.022,2608,0
75093,4.702,8.758,-1.044,0.034,-0.032,-0.020,2608,0
75113,4.645,8.827,-1.068,0.040,-0.038,-0.012,2607,0
75133,4.597,8.837,-1.111,0.036,-0.039,0.003,2607,0
75153,4.566,8.803,-1.159,0.030,-0.031,0.022,2608,0
75173,4.544,8.727,-1.147,0.037,-0.016,0.035,2608,0
75193,4.527,8.645,-1.192,0.033,-0.008,0.044,2608,0
75213,4.508,8.550,-1.204,0.023,-0.005,0.034,2608,0
75233,4.429,8.528,-1.228,0.025,-0.002,0.021,2607,0
75253,4.240,8.748,-1.499,-0.017,-0.001,0.050,2608,0
75273,4.192,8.732,-1.760,-0.132,0.044,0.139,2609,0
75293,4.137,8.502,-1.920,-0.188,0.139,0.184,2607,0
75313,3.922,8.535,-2.042,-0.227,0.235,0.195,2609,0
75333,3.764,8.521,-2.191,-0.272,0.343,0.212,2609,0
75353,3.960,8.509,-1.913,-0.304,0.526,0.237,2608,0
75373,4.130,8.420,-1.604,-0.351,0.665,0.267,2608,0
75393,4.274,8.284,-1.080,-0.389,0.716,0.288,2608,0
75413,4.472,8.155,-0.809,-0.384,0.720,0.280,2607,0
75433,4.580,7.958,-0.570,-0.312,0.727,0.206,2607,0
75453,4.724,8.045,-0.419,-0.165,0.745,0.101,2607,0
75473,4.793,8.246,-0.287,-0.084,0.785,0.037,2608,0
75493,4.726,8.277,-0.129,-0.080,0.799,0.025,2607,0
75513,4.695,8.363,0.055,-0.076,0.800,0.018,2605,0
75533,4.772,8.538,0.287,-0.064,0.839,0.009,2607,0
75553,4.719,8.624,0.448,-0.054,0.861,0.022,2606,0
75573,4.659,8.598,0.503,-0.063,0.844,0.037,2607,0
75593,4.781,8.622,0.603,-0.092,0.874,0.060,2607,0
75613,4.836,8.698,0.994,-0.133,0.941,0.124,2606,0
75633,4.831,8.717,1.317,-0.186,0.935,0.201,2606,0
75653,4.867,8.495,1.377,-0.259,0.864,0.253,2607,0
75673,5.155,8.301,1.547,-0.306,0.844,0.279,2606,0
75693,5.329,8.215,2.054,-0.298,0.896,0.277,2606,0
75713,5.337,8.224,2.547,-0.241,0.872,0.260,2606,0
75733,5.385,8.155,2.751,-0.166,0.775,0.226,2606,0
75753,5.490,8.107,2.878,-0.114,0.683,0.178,2605,0
75773,5.581,8.021,3.141,-0.060,0.611,0.124,2606,0
75793,5.622,7.925,3.287,0.022,0.499,0.073,2606,0
75813,5.629,7.827,3.225,0.095,0.357,0.018,2605,0
75833,5.550,7.805,3.033,0.147,0.233,-0.051,2606,0
75853,5.413,7.987,2.897,0.176,0.157,-0.122,2605,0
75873,5.260,8.222,2.818,0.168,0.120,-0.135,2604,0
75893,5.160,8.327,2.782,0.127,0.075,-0.100,2606,0
75913,5.107,8.325,2.696,0.091,0.027,-0.071,2605,0
75933,5.085,8.279,2.569,0.076,-0.021,-0.066,2606,0
75953,5.033,8.279,2.428,0.075,-0.047,-0.068,2606,0
75973,5.025,8.308,2.358,0.074,-0.062,-0.067,2606,0
75993,5.023,8.322,2.291,0.091,-0.066,-0.066,2606,0
76013,4.987,8.344,2.160,0.098,-0.078,-0.063,2606,0
76033,4.956,8.327,2.136,0.076,-0.085,-0.051,2606,0
76053,4.934,8.337,2.107,0.033,-0.101,-0.020,2606,0
76073,4.978,8.210,2.045,0.009,-0.124,-0.009,2603,0
76093,5.035,8.203,2.006,0.029,-0.130,-0.026,2605,0
76113,4.970,8.207,1.932,0.063,-0.127,-0.050,2603,0
76133,4.925,8.255,1.870,0.095,-0.131,-0.067,2605,0
76153,4.891,8.320,1.808,0.107,-0.131,-0.070,2605,0
76173,4.839,8.389,1.729,0.091,-0.128,-0.052,2606,0
76193,4.860,8.404,1.681,0.055,-0.106,-0.018,2605,0
76213,4.827,8.313,1.688,0.026,-0.084,0.001,2605,0
76233,4.808,8.274,1.705,0.032,-0.088,-0.003,2606,0
76253,4.803,8.282,1.657,0.046,-0.091,-0.017,2605,0
76273,4.791,8.334,1.633,0.060,-0.068,-0.025,2605,0
76293,4.779,8.392,1.647,0.064,-0.051,-0.024,2605,0
76313,4.786,8.394,1.669,0.054,-0.044,-0.018,2605,0
76333,4.788,8.399,1.666,0.042,-0.034,-0.006,2605,0
76353,4.815,8.373,1.724,0.043,-0.029,-0.000,2604,0
76373,4.853,8.351,1.724,0.057,-0.023,-0.001,2606,0
76393,4.884,8.322,1.729,0.062,-0.021,-0.003,2605,0
76413,4.906,8.327,1.717,0.062,-0.017,-0.006,2605,0
76433,4.867,8.339,1.786,0.054,-0.010,0.007,2605,0
76453,4.867,8.310,1.817,0.040,-0.015,0.017,2605,0
76473,4.922,8.272,1.810,0.044,-0.016,-0.001,2606,0
76493,4.939,8.298,1.788,0.049,-0.013,-0.015,2605,0
76513,4.963,8.270,1.757,0.047,-0.014,-0.023,2604,0
76533,4.951,8.274,1.793,0.064,-0.005,-0.030,2605,0
76553,4.887,8.380,1.812,0.072,0.001,-0.037,2606,0
76573,4.889,8.442,1.836,0.059,-0.008,-0.023,2605,0
76593,4.920,8.440,1.808,0.036,-0.012,-0.008,2606,0
76613,4.966,8.349,1.755,0.026,-0.013,0.006,2605,0
76633,4.946,8.229,1.633,0.024,-0.013,0.002,2606,0
76653,4.944,8.267,1.626,0.003,0.006,0.000,2605,0
76673,4.930,8.248,1.638,-0.042,0.024,0.021,2604,0
76693,4.956,8.124,1.654,-0.115,0.033,0.053,2605,0
76713,5.061,7.807,1.504,-0.233,0.052,0.081,2604,0
76733,5.205,7.750,1.343,-0.404,0.102,0.105,2605,0
76753,5.334,7.872,1.324,-0.662,0.211,0.104,2604,0
76773,5.399,7.973,1.135,-1.035,0.407,0.112,2605,0
76793,5.006,7.764,1.147,-1.602,0.616,0.203,2606,0
76813,4.784,6.972,2.131,-1.883,0.671,0.239,2606,0
76833,4.843,7.468,2.952,-1.746,0.690,0.136,2607,0
76853,4.793,7.922,2.878,-1.807,0.809,0.094,2607,0
76873,4.685,7.345,2.840,-2.044,0.988,0.178,2608,0
76893,4.688,7.020,3.285,-2.268,1.117,0.207,2607,0
76913,4.439,6.534,4.053,-2.374,1.326,0.218,2606,0
76933,4.025,6.244,4.970,-2.309,1.486,0.215,2604,0
76953,3.701,6.448,5.375,-2.225,1.500,0.274,2602,0
76973,3.333,6.756,6.002,-2.319,1.456,0.366,2596,0
76993,3.345,6.263,6.670,-2.443,1.361,0.473,2590,0
77013,3.390,5.097,7.614,-2.235,1.253,0.549,2582,0
77033,3.496,4.626,8.219,-1.580,1.114,0.448,2564,0
77053,3.802,5.049,9.108,-0.964,1.117,0.222,2559,0
77073,3.871,5.480,9.641,-0.768,1.236,0.071,2558,0
77093,3.613,5.179,9.898,-0.942,1.206,0.090,2551,0
77113,3.452,4.745,10.065,-0.940,1.078,0.069,2545,0
77133,2.969,4.384,9.543,-0.857,0.952,0.044,2538,0
77153,2.195,4.456,9.388,-0.825,0.658,0.089,2531,0
77173,1.731,3.967,9.570,-0.638,0.155,0.221,2528,0
77193,1.920,3.812,9.646,-0.335,-0.414,0.272,2526,0
77213,2.227,3.915,9.036,-0.255,-0.764,0.277,2526,0
77233,2.756,3.594,8.332,-0.300,-0.909,0.220,2525,0
77253,3.371,3.163,7.657,-0.412,-0.787,0.174,2527,0
77273,4.266,2.665,6.862,-0.410,-0.310,0.058,2524,0
77293,5.006,2.777,7.156,-0.431,0.565,-0.176,2531,0
77313,2.895,2.686,7.063,-0.269,1.218,-0.398,2538,0
77333,2.229,4.322,11.485,-0.401,0.439,-0.062,2555,0
77353,2.605,3.768,11.298,-0.250,-0.124,0.139,2559,0
77373,3.515,2.849,9.809,-0.078,-0.231,0.112,2553,0
77393,3.247,2.588,8.564,0.367,-0.293,-0.044,2545,0
77413,2.883,3.575,8.025,0.507,-0.452,-0.063,2551,0
77433,2.931,4.135,7.843,0.316,-0.549,0.123,2561,0
77453,2.969,4.520,7.717,0.225,-0.476,0.301,2585,0
77473,3.357,4.336,8.119,0.099,-0.348,0.385,2590,0
77493,3.642,3.646,8.447,0.126,-0.232,0.368,2590,0
77513,3.824,3.484,8.452,0.340,-0.119,0.262,2584,0
77533,3.694,3.668,8.296,0.482,-0.010,0.158,2563,0
77553,3.412,3.900,8.119,0.451,0.056,0.135,2559,0
77573,3.227,3.979,8.059,0.350,0.013,0.190,2559,0
77593,3.297,3.926,8.270,0.275,-0.016,0.265,2559,0
77613,3.338,3.737,8.253,0.260,0.013,0.325,2559,0
77633,3.256,3.711,8.310,0.270,0.035,0.344,2559,0
77653,3.261,3.735,8.322,0.233,0.009,0.329,2559,0
77673,3.318,3.536,8.337,0.165,-0.028,0.277,2559,0
77693,3.211,3.481,8.543,0.110,-0.062,0.272,2558,0
77713,3.237,3.579,8.787,0.064,-0.122,0.364,2559,0
77733,3.414,3.548,8.708,-0.027,-0.153,0.435,2558,0
77753,3.632,3.371,8.650,-0.093,-0.160,0.418,2558,0
77773,3.816,3.227,8.533,-0.043,-0.149,0.337,2554,0
77793,3.852,3.287,8.423,0.061,-0.109,0.272,2556,0
77813,3.950,3.354,8.282,0.115,-0.064,0.281,2556,0
77833,4.142,3.414,8.289,0.108,-0.014,0.322,2556,0
77853,4.252,3.393,8.169,0.060,0.029,0.315,2553,0
77873,4.338,3.225,8.114,-0.029,0.026,0.232,2554,0
77893,4.274,3.043,8.212,-0.043,0.026,0.172,2555,0
77913,4.183,2.990,8.229,0.012,0.050,0.127,2553,0
77933,4.106,3.069,8.339,0.079,0.063,0.068,2553,0
77953,3.874,3.297,8.701,0.115,0.061,0.001,2553,0
77973,3.620,3.630,9.012,0.148,-0.073,-0.025,2551,0
77993,3.584,3.742,8.880,0.187,-0.236,-0.011,2550,0
78013,3.713,3.747,8.641,0.197,-0.316,-0.011,2551,0
78033,3.850,3.326,8.665,0.186,-0.324,-0.047,2551,0
78053,3.874,3.153,8.564,0.271,-0.309,-0.111,2552,0
78073,3.752,3.417,8.317,0.330,-0.283,-0.183,2550,0
78093,3.598,3.646,8.188,0.285,-0.186,-0.248,2550,0
78113,3.261,3.792,8.243,0.188,-0.064,-0.272,2552,0
78133,2.887,4.087,8.286,0.102,-0.005,-0.249,2551,0
78153,2.792,4.293,8.267,-0.030,0.045,-0.223,2550,0
78173,2.617,4.329,8.368,-0.138,0.184,-0.188,2552,0
78193,2.452,4.132,8.543,-0.108,0.242,-0.102,2551,0
78213,2.634,4.367,8.499,-0.062,0.219,0.033,2550,0
78233,2.828,4.152,8.337,-0.130,0.243,0.157,2552,0
78253,2.909,3.620,8.305,-0.208,0.229,0.222,2552,0
78273,3.266,3.268,8.361,-0.238,0.162,0.220,2550,0
78293,3.582,2.966,8.344,-0.220,0.175,0.173,2551,0
78313,3.730,2.777,8.305,-0.129,0.233,0.109,2551,0
78333,3.934,2.880,8.253,-0.013,0.249,0.028,2552,0
78353,4.051,3.005,7.994,0.010,0.242,-0.028,2550,0
78373,4.235,3.160,7.762,-0.019,0.275,-0.049,2552,0
78393,4.329,3.321,7.695,-0.043,0.358,-0.059,2550,0
78413,3.694,4.372,8.356,0.026,0.366,0.024,2544,0
78433,4.250,4.096,8.866,-0.143,0.096,0.217,2544,0
78453,4.561,3.697,8.480,-0.069,-0.084,0.197,2539,0
78473,4.836,3.285,8.181,-0.029,-0.167,0.059,2536,0
78493,4.808,3.330,8.152,0.041,-0.193,-0.019,2530,0
78513,4.781,3.309,7.784,0.100,-0.214,-0.033,2527,0
78533,4.755,3.467,7.764,0.131,-0.231,-0.027,2526,0
78553,4.683,3.563,7.836,0.136,-0.241,-0.010,2525,0
78573,4.609,3.644,8.011,0.154,-0.276,0.012,2524,0
78593,4.441,3.677,8.291,0.132,-0.282,0.021,2524,0
78613,4.262,3.565,8.511,0.100,-0.273,0.006,2526,0
78633,4.068,3.527,8.650,0.114,-0.235,-0.011,2533,0
78653,3.912,3.634,8.526,0.162,-0.193,-0.031,2537,0
78673,3.800,3.742,8.375,0.145,-0.145,-0.032,2537,0
78693,3.821,3.673,8.341,0.102,-0.097,-0.022,2536,0
78713,3.941,3.553,8.418,0.082,-0.054,-0.011,2538,0
78733,4.096,3.529,8.756,0.085,0.003,-0.001,2539,0
78753,4.168,3.515,8.815,0.107,0.036,0.006,2537,0
78773,4.293,3.603,8.610,0.107,0.016,0.001,2537,0
78793,4.554,3.771,8.315,0.089,0.018,0.004,2537,0
78813,4.824,3.982,8.248,0.042,0.121,0.048,2539,0
78833,4.776,4.195,8.322,-0.007,0.237,0.108,2538,0
78853,4.580,4.108,8.138,-0.026,0.298,0.149,2537,0
78873,4.290,3.996,7.989,-0.002,0.311,0.146,2534,0
78893,4.108,4.149,8.274,0.021,0.225,0.176,2533,0
78913,4.226,4.164,8.308,0.058,0.137,0.271,2532,0
78933,4.199,4.329,7.992,0.152,0.171,0.323,2531,0
78953,4.104,4.372,7.934,0.044,0.128,0.376,2530,0
78973,4.082,3.816,7.807,-0.059,0.088,0.432,2529,0
78993,4.085,3.242,7.767,0.007,0.098,0.452,2532,0
79013,4.037,3.117,7.764,0.114,0.150,0.436,2531,0
79033,3.857,3.067,7.958,0.151,0.221,0.415,2531,0
79053,3.642,3.048,8.006,0.149,0.267,0.395,2530,0
79073,3.455,2.880,7.803,0.108,0.232,0.392,2530,0
79093,3.548,2.804,7.791,0.040,0.195,0.374,2530,0
79113,3.496,2.756,8.193,-0.025,0.287,0.331,2529,0
79133,3.323,2.830,8.590,-0.027,0.396,0.289,2528,0
79153,3.146,2.974,8.863,-0.007,0.415,0.259,2528,0
79173,2.837,2.907,9.026,-0.010,0.299,0.238,2527,0
79193,2.720,3.297,9.378,-0.044,0.143,0.230,2525,0
79213,2.775,3.278,9.708,-0.080,0.085,0.202,2525,0
79233,2.674,3.005,9.584,0.010,0.006,0.142,2525,0
79253,2.576,2.770,9.038,0.124,-0.116,0.076,2523,0
79273,2.500,2.471,8.387,0.178,-0.217,0.004,2524,0
79293,2.452,2.334,8.162,0.154,-0.254,-0.062,2523,0
79313,2.294,2.830,8.610,0.074,-0.109,-0.136,2524,0
79333,1.915,2.945,9.395,0.004,-0.001,-0.201,2523,0
79353,1.860,3.086,9.723,0.074,-0.130,-0.225,2524,0
79373,2.339,3.338,9.598,0.189,-0.342,-0.228,2523,0
79393,2.976,3.596,9.155,0.247,-0.483,-0.210,2524,0
79413,3.333,3.749,8.581,0.196,-0.507,-0.173,2525,0
79433,3.694,3.598,8.286,0.088,-0.476,-0.147,2527,0
79453,3.994,3.230,8.200,0.005,-0.414,-0.131,2529,0
79473,4.262,3.100,8.097,-0.008,-0.302,-0.123,2529,0
79493,4.360,3.254,8.066,-0.003,-0.139,-0.135,2533,0
79513,4.252,3.445,8.085,-0.006,0.005,-0.157,2531,0
79533,3.953,3.670,8.181,-0.034,0.108,-0.161,2532,0
79553,3.644,3.826,8.329,-0.099,0.114,-0.127,2533,0
79573,3.682,3.931,8.332,-0.161,0.114,-0.042,2533,0
79593,3.843,3.709,8.356,-0.207,0.169,0.058,2534,0
79613,3.891,3.199,8.255,-0.186,0.307,0.091,2533,0
79633,3.685,2.978,8.078,-0.147,0.492,0.071,2533,0
79653,3.414,3.189,8.485,-0.152,0.637,0.105,2529,0
79673,3.213,3.290,9.072,-0.160,0.543,0.148,2531,0
79693,3.345,2.969,9.196,-0.230,0.383,0.152,2530,0
79713,3.800,2.617,8.777,-0.196,0.547,0.070,2528,0
79733,3.831,2.638,8.289,-0.276,0.920,-0.036,2522,0
79753,3.235,3.179,8.200,-0.362,1.096,-0.174,2507,0
79773,2.433,2.983,8.519,-0.485,1.043,-0.198,2488,0
79793,2.081,3.017,8.914,-0.552,0.982,-0.092,2467,0
79813,1.511,3.208,9.701,-0.587,1.052,0.083,2441,0
79833,1.432,2.251,10.640,-0.452,0.634,0.102,2421,0
79853,1.075,1.978,10.642,-0.212,0.335,-0.023,2414,0
79873,1.144,1.923,10.221,0.046,0.017,-0.115,2410,0
79893,1.365,2.157,9.618,0.219,-0.295,-0.184,2408,0
79913,1.180,2.411,9.732,0.361,-0.660,-0.196,2406,0
79933,1.101,2.169,10.597,0.552,-1.200,-0.155,2413,0
79953,1.707,1.762,10.839,0.815,-1.807,-0.263,2429,0
79973,2.456,2.356,10.688,0.700,-2.305,-0.457,2456,0
79993,3.548,2.090,9.151,0.572,-2.308,-0.646,2497,0
80013,4.231,2.631,7.827,0.480,-1.908,-0.869,2528,0
80033,4.338,3.239,6.840,0.347,-1.520,-1.029,2549,0
80053,4.250,3.689,6.699,0.123,-1.167,-1.078,2559,0
80073,4.329,3.615,6.747,-0.080,-0.826,-0.990,2592,0
80093,4.288,3.977,6.981,-0.012,-0.380,-0.816,2603,0
80113,4.068,4.726,7.228,-0.026,0.005,-0.621,2606,0
80133,3.807,4.894,7.719,-0.287,0.107,-0.504,2600,0
80153,3.910,4.302,8.061,-0.455,0.146,-0.378,2593,0
80173,4.214,3.788,8.279,-0.451,0.264,-0.207,2593,0
80193,3.373,3.886,8.490,-0.247,0.438,-0.051,2590,0
80213,3.086,3.587,9.335,-0.062,0.328,0.130,2596,0
80233,3.400,2.919,9.409,0.108,0.063,0.175,2608,0
80253,3.546,2.643,8.923,0.284,-0.060,0.069,2608,0
80273,3.385,3.079,8.756,0.398,-0.237,-0.004,2606,0
80293,3.563,3.706,8.641,0.367,-0.406,0.018,2607,0
80313,3.359,3.819,8.152,0.276,-0.425,0.031,2615,0
80333,3.836,3.934,8.035,0.212,-0.392,0.059,2615,0
80353,4.029,3.735,7.841,0.157,-0.266,0.051,2615,0
80373,4.058,3.661,7.803,0.069,-0.169,0.019,2609,0
80393,4.144,3.340,7.843,-0.018,-0.070,-0.009,2605,0
80413,4.037,3.242,8.167,0.023,0.027,-0.060,2602,0
80433,3.893,3.462,8.564,0.081,-0.006,-0.082,2598,0
80453,3.857,3.649,8.653,0.089,-0.128,-0.076,2595,0
80473,3.960,3.608,8.521,0.113,-0.214,-0.080,2594,0
80493,3.986,3.620,8.222,0.143,-0.225,-0.102,2592,0
80513,4.029,3.680,8.092,0.158,-0.209,-0.122,2593,0
80533,4.015,3.857,8.049,0.147,-0.188,-0.105,2594,0
80553,4.108,3.821,8.076,0.119,-0.169,-0.075,2592,0
80573,4.118,3.768,8.011,0.109,-0.146,-0.065,2592,0
80593,4.185,3.627,8.045,0.092,-0.125,-0.075,2590,0
80613,4.113,3.692,8.068,0.087,-0.097,-0.086,2590,0
80633,4.032,3.795,8.090,0.075,-0.079,-0.087,2592,0
80653,3.967,3.847,8.200,0.083,-0.083,-0.085,2591,0
80673,3.859,3.773,8.466,0.135,-0.126,-0.069,2591,0
80693,3.814,3.768,8.626,0.242,-0.210,-0.030,2591,0
80713,3.919,3.776,8.480,0.286,-0.279,-0.035,2591,0
80733,4.032,3.622,8.557,0.275,-0.291,-0.112,2590,0
80753,4.015,3.804,8.423,0.312,-0.333,-0.196,2590,0
80773,4.118,3.907,8.392,0.372,-0.333,-0.205,2591,0
80793,4.073,4.120,8.456,0.446,-0.273,-0.179,2590,0
80813,3.780,4.298,8.559,0.506,-0.287,-0.146,2592,0
80833,3.783,4.463,8.056,0.492,-0.383,-0.100,2590,0
80853,3.871,4.594,7.329,0.329,-0.365,-0.042,2589,0
80873,3.555,4.482,7.058,0.017,-0.029,0.049,2584,0
80893,3.201,4.324,7.487,-0.263,0.332,0.162,2581,0
80913,2.818,3.859,7.872,-0.347,0.576,0.253,2564,0
80933,2.638,3.891,7.980,-0.284,0.549,0.236,2561,0
80953,2.947,4.039,8.171,-0.290,0.408,0.246,2559,0
80973,3.357,4.164,8.545,-0.322,0.409,0.331,2559,0
80993,3.460,3.910,8.732,-0.232,0.470,0.481,2559,0
81013,3.701,3.754,8.428,-0.146,0.454,0.569,2559,0
81033,4.061,3.376,7.877,-0.221,0.437,0.512,2559,0
81053,4.369,3.163,7.736,-0.263,0.515,0.385,2559,0
81073,4.427,2.837,7.961,-0.153,0.598,0.322,2558,0
81093,4.448,3.129,7.973,0.055,0.636,0.306,2558,0
81113,4.331,3.225,7.903,0.120,0.472,0.201,2555,0
81133,4.731,3.259,7.872,0.094,0.145,-0.001,2553,0
81153,5.152,3.570,7.855,-0.010,-0.019,-0.064,2551,0
81173,5.169,3.685,8.037,0.003,-0.048,-0.021,2550,0
81193,5.272,3.814,8.088,0.127,-0.079,0.024,2549,0
81213,5.037,4.259,7.942,0.279,-0.184,-0.029,2551,0
81233,4.939,4.441,7.865,0.354,-0.361,-0.133,2552,0
81253,4.829,4.544,7.877,0.417,-0.412,-0.192,2551,0
81273,4.626,4.752,7.810,0.428,-0.354,-0.140,2552,0
81293,4.345,4.654,7.767,0.422,-0.271,-0.100,2551,0
81313,3.912,4.741,7.712,0.374,-0.254,-0.062,2552,0
81333,3.730,4.640,7.819,0.300,-0.309,-0.014,2553,0
81353,3.747,4.408,7.999,0.262,-0.354,0.039,2556,0
81373,3.747,4.240,7.961,0.266,-0.353,0.073,2556,0
81393,3.790,4.128,7.915,0.232,-0.337,0.084,2555,0
81413,3.862,3.831,7.918,0.189,-0.284,0.073,2555,0
81433,3.867,3.632,7.934,0.171,-0.190,0.037,2553,0
81453,3.735,3.539,8.107,0.158,-0.165,-0.010,2554,0
81473,3.869,3.663,8.255,0.124,-0.202,-0.039,2554,0
81493,4.116,3.666,8.301,0.114,-0.210,-0.077,2554,0
81513,4.298,3.747,8.164,0.180,-0.180,-0.135,2554,0
81533,4.377,4.034,7.906,0.231,-0.126,-0.176,2555,0
81553,4.420,4.367,7.834,0.225,-0.090,-0.177,2556,0
81573,4.343,4.609,7.793,0.183,-0.093,-0.133,2556,0
81593,4.336,4.750,7.752,0.129,-0.142,-0.075,2556,0
81613,4.319,4.685,7.649,0.111,-0.160,-0.032,2556,0
81633,4.350,4.513,7.523,0.120,-0.159,-0.018,2557,0
81653,4.456,4.367,7.422,0.149,-0.121,-0.038,2557,0
81673,4.343,4.513,7.389,0.106,-0.046,-0.044,2557,0
81693,4.266,4.477,7.511,0.043,-0.032,-0.026,2556,0
81713,4.300,4.463,7.630,0.061,-0.046,-0.025,2557,0
81733,4.269,4.575,7.580,0.090,-0.029,-0.014,2557,0
81753,4.219,4.571,7.623,0.069,-0.027,0.000,2558,0
81773,4.290,4.468,7.661,0.052,-0.038,0.004,2557,0
81793,4.257,4.470,7.693,0.033,-0.044,0.011,2557,0
81813,4.283,4.372,7.755,0.015,-0.090,0.013,2558,0
81833,4.415,4.235,7.752,0.049,-0.102,-0.007,2558,0
81853,4.434,4.283,7.681,0.102,-0.070,-0.035,2558,0
81873,4.357,4.463,7.609,0.112,-0.038,-0.047,2555,0
81893,4.362,4.594,7.618,0.090,-0.032,-0.044,2558,0
81913,4.307,4.647,7.638,0.048,-0.034,-0.018,2557,0
81933,4.290,4.578,7.681,0.022,-0.051,0.013,2556,0
81953,4.298,4.439,7.623,0.034,-0.065,0.017,2557,0
81973,4.307,4.446,7.599,0.061,-0.070,0.006,2556,0
81993,4.322,4.499,7.511,0.059,-0.055,0.009,2558,0
82013,4.305,4.477,7.482,0.054,-0.030,0.017,2557,0
82033,4.341,4.458,7.563,0.061,-0.029,0.016,2557,0
82053,4.324,4.484,7.647,0.066,-0.039,0.015,2556,0
82073,4.386,4.499,7.626,0.061,-0.051,0.018,2557,0
82093,4.362,4.489,7.614,0.062,-0.056,0.019,2558,0
82113,4.355,4.508,7.590,0.063,-0.079,0.018,2557,0
82133,4.384,4.520,7.587,0.045,-0.087,0.019,2556,0
82153,4.389,4.482,7.578,0.037,-0.077,0.018,2556,0
82173,4.389,4.460,7.547,0.051,-0.071,0.012,2557,0
82193,4.357,4.477,7.532,0.061,-0.076,0.017,2557,0
82213,4.401,4.436,7.503,0.062,-0.085,0.021,2556,0
82233,4.477,4.436,7.532,0.062,-0.067,0.008,2556,0
82253,4.475,4.465,7.563,0.073,-0.058,-0.011,2556,0
82273,4.477,4.547,7.532,0.068,-0.052,-0.013,2557,0
82293,4.377,4.611,7.554,0.054,-0.057,0.003,2556,0
82313,4.420,4.633,7.537,0.042,-0.083,0.025,2556,0
82333,4.444,4.573,7.444,0.042,-0.080,0.032,2557,0
82353,4.487,4.480,7.386,0.037,-0.052,0.027,2558,0
82373,4.441,4.503,7.530,0.029,-0.030,0.016,2556,0
82393,4.398,4.465,7.638,0.036,-0.049,0.013,2557,0
82413,4.501,4.494,7.638,0.061,-0.082,0.024,2557,0
82433,4.568,4.475,7.547,0.047,-0.078,0.036,2557,0
82453,4.621,4.530,7.515,0.028,-0.066,0.028,2556,0
82473,4.700,4.547,7.544,0.022,-0.067,0.020,2557,0
82493,4.714,4.556,7.484,0.029,-0.047,0.023,2556,0
82513,4.662,4.597,7.463,0.035,-0.017,0.027,2557,0
82533,4.616,4.683,7.494,0.057,0.007,0.035,2557,0
82553,4.537,4.822,7.558,0.050,0.006,0.058,2556,0
82573,4.571,4.745,7.537,0.026,-0.038,0.094,2558,0
82593,4.724,4.621,7.417,0.057,-0.056,0.108,2558,0
82613,4.738,4.606,7.341,0.078,-0.023,0.101,2558,0
82633,4.724,4.688,7.386,0.046,0.008,0.118,2558,0
82653,4.741,4.587,7.415,0.016,0.011,0.147,2558,0
82673,4.736,4.621,7.472,0.032,-0.005,0.159,2559,0
82693,4.803,4.484,7.396,0.061,-0.017,0.157,2558,0
82713,4.772,4.427,7.357,0.083,0.017,0.149,2557,0
82733,4.597,4.573,7.506,0.115,0.050,0.161,2558,0
82753,4.532,4.566,7.453,0.140,0.031,0.174,2558,0
82773,4.597,4.532,7.408,0.139,-0.029,0.181,2558,0
82793,4.657,4.264,7.341,0.142,-0.060,0.160,2558,0
82813,4.695,4.104,7.415,0.181,-0.044,0.119,2559,0
82833,4.748,4.034,7.527,0.251,-0.034,0.074,2558,0
82853,4.791,4.034,7.606,0.279,-0.049,0.028,2558,0
82873,4.769,4.128,7.580,0.185,-0.088,0.019,2558,0
82893,4.755,4.017,7.508,0.039,-0.132,0.013,2558,0
82913,4.808,3.931,7.465,-0.074,-0.140,-0.026,2558,0
82933,4.808,3.871,7.448,-0.120,-0.058,-0.103,2558,0
82953,4.846,3.977,7.314,-0.140,0.056,-0.183,2557,0
82973,4.836,3.926,6.902,-0.211,0.230,-0.262,2558,0
82993,4.477,3.658,7.132,-0.255,0.379,-0.335,2556,0
83013,4.216,3.709,7.453,-0.167,0.385,-0.385,2557,0
83033,3.876,4.345,7.726,-0.080,0.389,-0.394,2554,0
83053,3.776,4.666,7.867,-0.109,0.312,-0.366,2554,0
83073,3.869,4.614,7.812,-0.158,0.225,-0.321,2552,0
83093,3.903,4.341,7.590,-0.159,0.173,-0.294,2551,0
83113,3.871,4.343,7.645,-0.078,0.148,-0.294,2550,0
83133,3.692,4.652,7.817,0.035,0.156,-0.263,2550,0
83153,3.560,4.843,7.860,0.139,0.144,-0.201,2548,0
83173,3.531,5.016,7.843,0.142,0.067,-0.140,2547,0
83193,3.661,5.011,7.803,0.023,0.011,-0.071,2547,0
83213,3.718,4.647,7.738,-0.052,0.003,-0.014,2546,0
83233,3.721,4.520,7.757,-0.030,0.019,-0.009,2545,0
83253,3.656,4.530,7.834,0.028,0.030,-0.026,2545,0
83273,3.632,4.781,7.951,0.063,0.004,-0.019,2544,0
83293,3.773,4.779,7.932,0.035,-0.040,0.020,2544,0
83313,3.962,4.518,7.898,0.005,-0.049,0.043,2544,0
83333,3.998,4.214,7.815,-0.002,-0.039,0.035,2544,0
83353,3.998,4.085,7.728,0.011,-0.015,0.008,2544,0
83373,3.900,4.068,7.717,0.002,0.015,-0.030,2543,0
83393,3.982,4.171,7.831,-0.010,-0.004,-0.061,2544,0
83413,4.087,4.367,8.009,-0.011,-0.012,-0.095,2544,0
83433,4.075,4.537,7.975,-0.031,-0.005,-0.112,2545,0
83453,3.970,4.489,7.822,-0.042,0.027,-0.109,2544,0
83473,3.740,4.470,7.815,-0.010,0.011,-0.108,2544,0
83493,3.548,4.556,8.095,0.003,-0.058,-0.105,2544,0
83513,3.491,4.652,8.495,0.061,-0.153,-0.076,2544,0
83533,3.493,4.563,8.631,0.152,-0.283,-0.055,2544,0
83553,3.467,4.472,8.861,0.191,-0.464,-0.088,2545,0
83573,3.321,4.101,9.515,0.353,-0.903,-0.139,2545,0
83593,3.560,4.063,9.340,0.591,-1.302,-0.196,2544,0
83613,4.027,4.037,8.487,0.841,-1.495,-0.329,2541,0
83633,4.401,3.845,7.760,1.114,-1.422,-0.548,2542,0
83653,4.666,3.934,7.477,1.361,-1.318,-0.822,2543,0
83673,4.810,4.032,7.202,1.646,-1.202,-1.074,2548,0
83693,4.563,4.290,6.500,2.168,-1.000,-1.359,2556,0
83713,4.453,5.270,6.043,2.351,-0.872,-1.550,2559,0
83733,4.559,6.371,5.341,2.268,-0.656,-1.602,2595,0
83753,4.465,6.828,4.417,2.187,-0.233,-1.602,2601,0
83773,3.941,7.515,3.891,1.971,0.181,-1.483,2602,0
83793,3.268,8.210,3.792,1.668,0.472,-1.230,2601,0
83813,2.761,8.535,3.709,1.319,0.572,-0.892,2598,0
83833,2.787,9.043,3.522,0.812,0.486,-0.570,2594,0
83853,3.019,9.196,3.452,0.262,0.371,-0.282,2591,0
83873,3.390,8.954,3.503,-0.179,0.340,0.021,2590,0
83893,3.668,8.535,3.704,-0.365,0.401,0.236,2587,0
83913,3.850,8.511,3.903,-0.356,0.436,0.336,2579,0
83933,3.883,8.559,4.106,-0.291,0.434,0.382,2577,0
83953,3.840,8.464,4.254,-0.243,0.370,0.405,2574,0
83973,3.857,8.246,4.293,-0.249,0.252,0.371,2566,0
83993,3.934,8.073,4.274,-0.217,0.137,0.316,2559,0
84013,3.843,8.097,4.240,-0.165,0.161,0.287,2559,0
84033,3.709,8.121,4.348,-0.176,0.165,0.314,2559,0
84053,3.591,7.973,4.259,-0.291,0.194,0.357,2559,0
84073,3.733,7.817,4.245,-0.649,0.324,0.371,2559,0
84093,3.560,7.089,4.800,-1.197,0.512,0.309,2559,0
84113,3.771,7.063,5.691,-1.368,0.495,0.219,2559,0
84133,3.464,7.233,7.058,-1.280,0.335,0.136,2559,0
84153,3.460,7.274,7.508,-1.157,0.211,0.234,2559,0
84173,3.721,6.941,7.532,-0.944,0.213,0.424,2559,0
84193,3.948,6.529,7.302,-0.736,0.248,0.562,2558,0
84213,3.788,6.043,6.843,-0.481,0.208,0.537,2557,0
84233,3.706,5.784,6.314,-0.270,0.020,0.387,2554,0
84253,3.915,5.854,6.088,-0.119,-0.111,0.222,2551,0
84273,4.295,5.483,5.480,-0.088,0.070,0.185,2553,0
84293,4.355,6.055,5.686,-0.248,0.332,0.116,2556,0
84313,4.393,6.340,6.026,-0.587,0.470,0.123,2559,0
84333,4.386,6.045,6.275,-0.981,0.509,0.138,2558,0
84353,4.331,5.519,6.182,-1.257,0.481,0.137,2559,0
84373,4.319,4.611,6.019,-1.437,0.513,0.143,2557,0
84393,3.960,4.518,6.237,-1.414,0.629,0.076,2550,0
84413,3.196,4.901,7.051,-1.330,0.796,-0.022,2544,0
84433,2.650,4.812,7.614,-1.235,0.767,-0.046,2534,0
84453,2.315,4.741,7.705,-1.082,0.603,-0.008,2521,0
84473,2.085,4.951,7.920,-0.931,0.474,0.001,2511,0
84493,1.767,4.908,8.368,-0.837,0.421,-0.039,2505,0
84513,1.638,4.623,8.595,-0.718,0.367,-0.075,2501,0
84533,1.688,4.468,8.832,-0.560,0.353,-0.102,2499,0
84553,1.535,4.094,9.062,-0.501,0.364,-0.106,2497,0
84573,1.336,4.245,9.646,-0.482,0.325,-0.140,2496,0
84593,1.128,3.958,10.252,-0.488,0.127,-0.145,2494,0
84613,1.398,3.828,10.293,-0.297,-0.237,-0.029,2493,0
84633,1.856,3.517,9.651,-0.089,-0.436,0.022,2494,0
84653,2.294,3.311,9.105,0.129,-0.508,-0.020,2496,0
84673,2.219,3.591,9.337,0.345,-0.484,-0.031,2497,0
84693,1.908,3.472,10.429,0.731,-0.775,0.024,2503,0
84713,2.174,3.318,10.654,1.330,-1.295,0.003,2506,0
84733,2.916,3.402,9.574,1.670,-1.603,-0.200,2511,0
84753,3.534,3.563,8.643,1.715,-1.634,-0.500,2515,0
84773,3.496,4.041,8.073,1.875,-1.431,-0.827,2518,0
84793,2.928,5.030,7.017,1.924,-1.140,-1.039,2523,0
84813,2.775,5.555,5.993,1.726,-0.927,-1.040,2528,0
84833,2.940,6.199,5.368,1.539,-0.592,-0.972,2530,0
84853,2.796,6.383,5.356,1.436,-0.165,-0.873,2530,0
84873,2.356,7.554,5.164,1.249,0.179,-0.671,2525,0
84893,1.645,9.857,4.958,0.425,0.319,-0.114,2523,0
84913,1.796,9.804,5.057,-0.988,0.192,0.665,2522,0
84933,2.476,7.245,5.856,-1.907,0.094,1.171,2521,0
84953,3.182,5.760,6.519,-1.877,0.074,1.300,2521,0
84973,3.936,5.535,6.390,-1.642,0.157,1.282,2519,0
84993,4.405,4.970,6.603,-1.587,0.286,1.199,2517,0
85013,4.630,4.171,7.017,-1.443,0.379,1.037,2514,0
85033,4.635,3.847,7.491,-1.183,0.382,0.826,2514,0
85053,4.757,3.802,7.669,-0.877,0.356,0.655,2515,0
85073,4.882,3.838,7.695,-0.720,0.329,0.513,2514,0
85093,4.757,3.752,7.793,-0.689,0.261,0.402,2514,0
85113,4.628,3.517,8.310,-0.726,0.125,0.354,2515,0
85133,4.530,3.144,8.720,-0.478,-0.084,0.276,2516,0
85153,4.547,3.242,8.411,-0.114,-0.242,0.132,2519,0
85173,4.764,3.601,7.961,0.086,-0.254,0.009,2524,0
85193,4.618,4.010,7.774,0.112,-0.172,-0.041,2525,0
85213,4.317,4.300,7.681,0.009,-0.124,-0.011,2524,0
85233,4.070,4.250,7.640,-0.081,-0.127,0.074,2522,0
85253,3.917,4.039,7.781,-0.124,-0.183,0.172,2522,0
85273,4.226,3.476,7.867,-0.091,-0.294,0.215,2530,0
85293,4.899,3.153,7.618,-0.025,-0.260,0.131,2536,0
85313,5.516,3.364,8.298,-0.092,-0.041,0.007,2552,0
85333,5.351,3.924,9.500,-0.200,0.064,-0.042,2561,0
85353,5.097,4.209,9.718,-0.205,-0.047,-0.008,2589,0
85373,4.709,4.108,8.574,-0.252,-0.010,0.075,2586,0
85393,4.372,3.809,8.047,-0.381,0.077,0.161,2561,0
85413,3.938,3.270,7.982,-0.371,0.118,0.165,2559,0
85433,3.601,3.091,7.647,-0.240,0.119,0.079,2559,0
85453,3.697,3.460,8.059,-0.276,0.100,0.063,2558,0
85473,3.766,3.280,8.219,-0.332,0.073,0.143,2559,0
85493,3.967,2.868,8.337,-0.292,-0.027,0.196,2558,0
85513,4.111,2.717,8.040,-0.181,-0.103,0.173,2558,0
85533,4.547,2.806,7.798,-0.083,0.002,0.130,2559,0
85553,4.748,2.883,7.949,0.005,0.175,0.105,2559,0
85573,4.568,2.933,8.260,0.038,0.310,0.096,2578,0
85593,4.173,2.739,8.143,0.101,0.334,0.088,2578,0
85613,3.986,2.672,8.301,0.172,0.274,0.064,2559,0
85633,4.058,2.701,8.540,0.250,0.229,0.067,2559,0
85653,4.073,2.978,8.514,0.281,0.207,0.062,2544,0
85673,3.905,3.002,8.272,0.263,0.140,0.033,2530,0
85693,3.826,3.268,7.834,0.304,0.131,-0.028,2501,0
85713,3.505,3.814,8.030,0.198,0.100,-0.036,2486,0
85733,3.390,3.907,8.344,0.071,0.183,0.012,2475,0
85753,3.496,3.534,8.490,0.014,0.204,0.093,2465,0
85773,3.721,2.983,8.717,0.047,0.211,0.116,2459,0
85793,3.749,2.933,9.165,0.100,0.194,0.104,2452,0
85813,3.620,2.909,9.589,0.062,0.083,0.082,2447,0
85833,3.711,2.799,9.246,0.049,-0.044,0.020,2434,0
85853,3.656,2.957,8.669,0.045,-0.033,-0.017,2420,0
85873,3.551,2.976,8.487,0.070,0.020,-0.005,2407,0
85893,3.503,3.077,8.545,0.120,-0.006,0.009,2403,0
85913,3.510,3.376,8.839,0.087,-0.108,-0.004,2398,0
85933,3.505,3.402,8.988,0.014,-0.255,-0.014,2400,0
85953,3.644,3.194,8.636,0.033,-0.333,-0.013,2412,0
85973,3.831,3.175,8.246,0.099,-0.270,-0.008,2422,0
85993,4.197,3.098,8.076,0.143,-0.174,0.008,2433,0
86013,4.324,3.160,8.030,0.144,-0.066,0.019,2439,0
86033,4.441,3.110,8.023,0.119,-0.009,0.023,2438,0
86053,4.511,3.041,8.004,0.115,0.026,-0.000,2437,0
86073,4.618,3.077,8.238,0.130,0.097,-0.032,2433,0
86093,4.319,3.287,8.557,0.139,0.086,-0.042,2427,0
86113,4.130,3.311,8.361,0.135,-0.114,-0.028,2434,0
86133,4.403,2.854,7.853,0.142,-0.188,-0.094,2446,0
86153,4.475,3.338,8.021,0.144,-0.045,-0.121,2447,0
86173,3.701,3.627,8.155,0.083,0.117,-0.134,2443,0
86193,3.553,3.412,8.732,0.062,-0.024,-0.163,2447,0
86213,3.797,3.488,8.715,0.084,-0.211,-0.152,2447,0
86233,4.195,3.340,7.525,0.068,-0.057,-0.183,2440,0
86253,5.004,3.144,7.077,-0.143,0.504,-0.328,2437,0
86273,1.836,3.898,8.066,-0.068,1.052,-0.461,2441,0
86293,2.749,5.315,11.013,-0.396,0.371,0.033,2481,0
86313,3.826,3.440,10.501,-0.491,0.071,0.213,2503,0
86333,4.070,2.555,9.840,-0.224,0.137,0.029,2514,0
86353,3.519,2.691,8.904,0.128,0.254,-0.120,2515,0
86373,2.899,3.153,8.215,0.232,0.297,-0.118,2509,0
86393,2.610,3.318,7.606,0.168,0.239,-0.023,2498,0
86413,2.251,3.373,7.678,0.082,0.163,0.068,2488,0
86433,2.205,3.184,7.793,0.090,-0.082,0.105,2485,0
86453,2.435,3.225,7.824,0.150,-0.274,0.142,2492,0
86473,3.050,3.321,8.033,0.100,-0.298,0.203,2496,0
86493,2.840,3.352,8.210,0.041,-0.261,0.178,2497,0
86513,3.081,3.366,8.681,0.070,-0.394,0.148,2493,0
86533,3.570,3.326,8.756,0.119,-0.447,0.100,2493,0
86553,3.819,3.270,8.569,0.177,-0.335,0.031,2490,0
86573,3.821,3.412,8.442,0.165,-0.209,-0.031,2493,0
86593,3.802,3.326,8.370,0.103,-0.143,-0.036,2494,0
86613,3.922,3.141,8.159,0.033,-0.072,-0.010,2497,0
86633,3.910,3.089,8.155,-0.008,0.065,-0.013,2497,0
86653,3.642,3.268,8.993,0.045,0.076,-0.028,2498,0
86673,3.867,3.438,9.550,0.120,-0.077,0.009,2503,0
86693,4.044,3.278,9.378,0.188,-0.155,0.010,2505,0
86713,4.003,3.309,8.971,0.247,-0.181,-0.027,2503,0
86733,3.905,3.417,8.600,0.232,-0.184,-0.045,2505,0
86753,3.812,3.491,8.404,0.219,-0.140,-0.046,2504,0
86773,3.666,3.577,8.313,0.202,-0.118,-0.042,2506,0
86793,3.601,3.637,8.250,0.225,-0.149,-0.052,2506,0
86813,3.603,3.689,8.126,0.228,-0.161,-0.048,2507,0
86833,3.618,3.778,7.985,0.197,-0.131,-0.034,2508,0
86853,3.711,3.742,7.968,0.157,-0.071,-0.024,2510,0
86873,3.658,3.761,8.090,0.121,-0.038,-0.000,2510,0
86893,3.749,3.646,8.198,0.120,-0.041,0.017,2508,0
86913,3.747,3.598,8.284,0.141,-0.040,0.017,2511,0
86933,3.883,3.436,8.310,0.165,-0.047,-0.007,2512,0
86953,3.850,3.610,8.334,0.160,-0.011,-0.035,2511,0
86973,3.881,3.668,8.423,0.117,-0.025,-0.032,2512,0
86993,3.821,3.745,8.435,0.082,-0.034,-0.024,2512,0
87013,3.855,3.709,8.349,0.082,-0.058,-0.023,2512,0
87033,3.857,3.637,8.274,0.110,-0.066,-0.027,2512,0
87053,3.859,3.740,8.188,0.124,-0.055,-0.038,2512,0
87073,3.852,3.847,8.179,0.120,-0.027,-0.048,2514,0
87093,3.768,3.946,8.212,0.078,0.002,-0.034,2513,0
87113,3.709,3.915,8.310,0.064,-0.016,-0.016,2515,0
87133,3.749,3.847,8.229,0.060,-0.037,-0.007,2514,0
87153,3.780,3.790,8.171,0.038,-0.027,-0.006,2514,0
87173,3.759,3.711,8.191,0.048,-0.026,-0.018,2515,0
87193,3.757,3.754,8.191,0.072,-0.027,-0.032,2515,0
87213,3.735,3.838,8.207,0.079,-0.022,-0.039,2517,0
87233,3.745,3.929,8.305,0.050,-0.026,-0.024,2517,0
87253,3.768,3.905,8.317,0.038,-0.029,-0.012,2517,0
87273,3.773,3.864,8.260,0.045,-0.035,-0.007,2518,0
87293,3.828,3.768,8.224,0.040,-0.034,-0.003,2516,0
87313,3.819,3.785,8.248,0.034,-0.027,-0.002,2517,0
87333,3.771,3.886,8.315,0.025,-0.017,-0.000,2516,0
87353,3.754,3.826,8.327,0.028,-0.028,0.008,2517,0
87373,3.752,3.754,8.238,0.042,-0.035,-0.001,2515,0
87393,3.747,3.721,8.215,0.053,-0.035,-0.013,2516,0
87413,3.761,3.831,8.270,0.052,-0.032,-0.015,2514,0
87433,3.742,3.879,8.226,0.053,-0.028,-0.015,2514,0
87453,3.704,3.879,8.222,0.047,-0.022,-0.005,2514,0
87473,3.694,3.757,8.198,0.044,-0.037,0.004,2514,0
87493,3.754,3.754,8.167,0.065,-0.054,-0.013,2514,0
87513,3.783,3.864,8.229,0.079,-0.044,-0.029,2513,0
87533,3.792,3.946,8.332,0.080,-0.036,-0.022,2513,0
87553,3.809,3.936,8.262,0.075,-0.034,-0.012,2513,0
87573,3.819,3.831,8.159,0.054,-0.032,0.004,2512,0
87593,3.812,3.783,8.124,0.038,-0.021,0.003,2512,0
87613,3.711,3.852,8.198,0.052,-0.017,-0.012,2512,0
87633,3.697,3.836,8.258,0.022,-0.042,-0.001,2512,0
87653,3.721,3.764,8.349,0.029,-0.050,-0.001,2512,0
87673,3.742,3.891,8.272,0.072,-0.055,-0.016,2512,0
87693,3.723,3.946,8.083,0.071,-0.035,-0.014,2511,0
87713,3.764,3.898,8.088,0.033,-0.032,0.000,2512,0
87733,3.812,3.809,8.164,0.039,-0.028,0.002,2512,0
87753,3.845,3.919,8.267,0.055,-0.019,-0.005,2512,0
87773,3.831,3.950,8.277,0.036,-0.015,0.003,2512,0
87793,3.780,3.898,8.234,0.031,-0.016,0.004,2512,0
87813,3.759,3.847,8.188,0.037,-0.022,0.001,2512,0
87833,3.749,3.912,8.284,0.034,-0.013,0.006,2510,0
87853,3.721,3.802,8.317,0.032,-0.027,0.010,2512,0
87873,3.649,3.780,8.162,0.041,-0.064,-0.004,2511,0
87893,3.759,3.780,8.191,0.034,-0.108,-0.016,2510,0
87913,3.833,3.826,8.167,0.051,-0.081,-0.025,2510,0
87933,3.802,3.979,8.174,0.051,-0.044,-0.017,2510,0
87953,3.706,3.967,8.222,0.018,-0.057,0.006,2509,0
87973,3.735,3.874,8.150,0.003,-0.126,0.019,2508,0
87993,3.905,3.723,8.052,0.004,-0.140,0.015,2509,0
88013,4.051,3.558,7.683,-0.011,-0.044,-0.032,2507,0
88033,4.276,3.692,7.537,-0.055,0.198,-0.115,2501,0
88053,4.015,3.857,8.145,-0.130,0.496,-0.169,2489,0
88073,3.814,4.860,9.481,-0.169,0.350,-0.079,2480,0
88093,3.855,4.319,9.737,-0.264,0.175,0.008,2478,0
88113,4.171,3.342,9.474,-0.292,0.012,0.055,2482,0
88133,4.223,3.144,9.266,-0.104,0.009,-0.041,2493,0
88153,3.948,3.340,8.842,0.122,0.039,-0.090,2494,0
88173,3.610,3.637,8.145,0.180,0.005,-0.062,2488,0
88193,3.354,3.666,7.796,0.140,-0.150,-0.013,2486,0
88213,2.952,3.747,7.688,0.155,-0.302,0.040,2506,0
88233,3.654,3.414,7.072,0.165,-0.272,0.056,2527,0
88253,4.089,3.740,7.137,0.161,-0.070,0.035,2528,0
88273,4.278,3.843,7.755,0.011,0.159,0.026,2521,0
88293,4.377,3.862,8.454,-0.060,0.245,0.005,2508,0
88313,4.403,3.649,8.847,-0.025,0.212,-0.034,2499,0
88333,4.312,3.529,8.571,0.055,0.137,-0.087,2493,0
88353,4.360,3.364,7.961,0.071,0.112,-0.131,2484,0
88373,4.398,3.349,7.544,-0.040,0.167,-0.160,2481,0
88393,4.183,3.455,7.764,-0.164,0.392,-0.223,2479,0
88413,3.785,3.445,8.317,-0.149,0.613,-0.314,2477,0
88433,3.328,3.570,8.444,-0.030,0.627,-0.357,2473,0
88453,2.986,3.785,8.171,0.063,0.468,-0.316,2469,0
88473,2.756,4.420,8.071,-0.015,0.341,-0.225,2466,0
88493,2.619,4.515,8.370,-0.231,0.343,-0.130,2464,0
88513,2.559,3.977,8.681,-0.293,0.340,-0.058,2463,0
88533,2.550,3.330,8.531,-0.125,0.202,-0.027,2461,0
88553,2.629,3.077,8.147,0.126,0.002,-0.043,2461,0
88573,2.531,3.764,8.078,0.106,0.026,-0.073,2457,0
88593,2.140,3.903,8.519,-0.148,0.200,-0.084,2456,0
88613,1.937,3.644,9.041,-0.243,0.258,-0.102,2450,0
88633,1.784,3.330,9.115,-0.123,0.126,-0.120,2449,0
88653,1.779,3.797,9.105,-0.054,-0.025,-0.102,2448,0
88673,1.638,4.063,9.361,-0.191,0.016,-0.085,2448,0
88693,1.324,3.831,9.749,-0.265,0.062,-0.077,2451,0
88713,1.362,3.304,9.433,-0.146,0.026,-0.087,2447,0
88733,1.499,3.299,9.230,-0.023,0.025,-0.133,2440,0
88753,1.607,3.251,9.170,-0.013,-0.043,-0.117,2436,0
88773,1.719,3.603,9.400,0.018,-0.031,-0.101,2430,0
88793,1.798,3.412,9.558,-0.026,-0.093,-0.073,2430,0
88813,1.863,3.242,9.390,0.123,-0.119,-0.094,2428,0
88833,1.774,3.206,9.136,0.318,-0.264,-0.085,2424,0
88853,1.822,3.280,8.914,0.444,-0.468,-0.047,2428,0
88873,1.707,3.759,8.873,0.496,-0.767,-0.027,2434,0
88893,2.241,3.699,8.923,0.428,-0.921,0.011,2476,0
88913,3.017,3.632,9.373,0.486,-0.953,0.044,2495,0
88933,3.565,3.673,9.397,0.573,-0.904,-0.007,2507,0
88953,3.759,3.797,9.285,0.655,-0.896,-0.092,2511,0
88973,3.965,3.809,9.239,0.727,-0.913,-0.142,2515,0
88993,4.096,3.711,8.933,0.866,-0.841,-0.210,2518,0
89013,4.178,3.598,8.578,1.040,-0.686,-0.356,2520,0
89033,4.216,3.788,8.382,1.284,-0.500,-0.562,2522,0
89053,3.989,4.322,8.250,1.466,-0.384,-0.694,2521,0
89073,3.551,5.164,7.956,1.458,-0.319,-0.696,2519,0
89093,3.273,5.801,7.827,1.218,-0.391,-0.583,2519,0
89113,3.141,5.983,7.695,0.950,-0.504,-0.480,2515,0
89133,3.263,5.890,7.491,0.833,-0.618,-0.419,2517,0
89153,3.352,5.916,7.132,0.887,-0.616,-0.404,2517,0
89173,3.397,6.163,6.790,0.952,-0.521,-0.400,2521,0
89193,3.263,6.464,6.479,0.887,-0.454,-0.339,2520,0
89213,3.304,6.661,6.409,0.736,-0.459,-0.224,2520,0
89233,3.373,6.670,6.472,0.590,-0.484,-0.115,2519,0
89253,3.584,6.409,6.682,0.551,-0.561,-0.066,2518,0
89273,3.998,6.287,6.658,0.619,-0.615,-0.083,2521,0
89293,4.302,6.230,6.543,0.745,-0.600,-0.163,2521,0
89313,4.444,6.567,6.472,0.808,-0.570,-0.216,2521,0
89333,4.503,6.807,6.613,0.726,-0.590,-0.175,2519,0
89353,4.647,7.056,6.730,0.586,-0.757,-0.118,2520,0
89373,4.822,7.156,6.603,0.412,-0.942,-0.063,2521,0
89393,5.198,6.977,6.328,0.363,-1.029,-0.027,2525,0
89413,5.538,6.711,6.134,0.448,-1.003,-0.013,2530,0
89433,5.844,6.819,6.065,0.603,-0.983,-0.053,2529,0
89453,5.957,6.905,5.940,0.675,-0.977,-0.124,2529,0
89473,5.825,7.049,5.722,0.751,-0.997,-0.156,2532,0
89493,5.581,6.989,5.198,0.836,-1.052,-0.148,2534,0
89513,5.531,7.197,4.736,0.927,-1.106,-0.085,2534,0
89533,5.382,7.372,4.448,1.026,-1.054,0.027,2537,0
89553,4.949,7.776,3.924,1.228,-0.891,0.174,2539,0
89573,4.683,8.064,3.601,1.364,-0.891,0.259,2539,0
89593,4.417,8.145,3.067,1.541,-1.003,0.213,2538,0
89613,4.307,8.502,2.550,1.624,-1.059,0.202,2537,0
89633,4.367,8.710,2.239,1.587,-1.104,0.271,2535,0
89653,4.250,8.674,1.511,1.522,-1.188,0.325,2532,0
89673,4.365,8.480,0.991,1.389,-1.252,0.338,2519,0
89693,4.532,8.147,0.658,1.201,-1.289,0.338,2511,0
89713,4.606,7.776,0.194,1.087,-1.201,0.355,2501,0
89733,4.673,7.645,-0.022,0.991,-1.100,0.391,2492,0
89753,4.788,7.649,-0.220,0.898,-1.069,0.394,2483,0
89773,5.042,7.470,-0.611,0.796,-0.980,0.349,2480,0
89793,5.112,7.242,-0.711,0.629,-0.871,0.322,2479,0
89813,5.174,7.049,-0.508,0.460,-0.876,0.315,2473,0
89833,5.356,6.953,-0.668,0.379,-0.855,0.320,2473,0
89853,5.581,6.847,-0.855,0.325,-0.752,0.327,2473,0
89873,5.784,6.795,-1.080,0.277,-0.604,0.310,2473,0
89893,5.890,6.716,-1.080,0.201,-0.447,0.279,2472,0
89913,5.952,6.730,-0.809,0.085,-0.319,0.237,2473,0
89933,5.954,6.675,-0.634,0.034,-0.239,0.182,2474,0
89953,6.026,6.675,-0.555,0.037,-0.188,0.133,2472,0
89973,6.081,6.677,-0.577,0.060,-0.193,0.083,2474,0
89993,6.153,6.862,-0.634,0.049,-0.213,0.026,2477,0
90013,6.134,7.087,-0.606,0.001,-0.148,-0.043,2478,0
90033,6.017,7.130,-0.508,-0.001,-0.084,-0.094,2480,0
90053,5.808,7.173,-0.438,0.054,-0.147,-0.114,2480,0
90073,5.878,7.369,-0.599,0.104,-0.250,-0.119,2480,0
90093,6.050,7.520,-0.769,0.086,-0.236,-0.126,2482,0
90113,6.165,7.547,-0.740,0.038,-0.179,-0.130,2483,0
90133,6.189,7.496,-0.702,0.052,-0.151,-0.134,2485,0
90153,6.182,7.506,-0.778,0.084,-0.162,-0.135,2491,0
90173,6.230,7.523,-0.924,0.108,-0.154,-0.135,2494,0
90193,6.191,7.673,-0.972,0.111,-0.128,-0.137,2495,0
90213,6.144,7.697,-0.943,0.112,-0.123,-0.126,2496,0
90233,6.184,7.719,-1.015,0.120,-0.150,-0.110,2494,0
90253,6.239,7.760,-1.130,0.110,-0.156,-0.092,2496,0
90273,6.223,7.767,-1.185,0.087,-0.108,-0.083,2499,0
90293,6.146,7.796,-1.104,0.075,-0.064,-0.079,2500,0
90313,6.172,7.834,-0.998,0.088,-0.088,-0.068,2501,0
90333,6.290,7.915,-0.967,0.100,-0.107,-0.034,2503,0
90353,6.297,7.896,-1.018,0.084,-0.104,0.004,2504,0
90373,6.280,7.748,-1.051,0.070,-0.115,0.018,2507,0
90393,6.225,7.743,-1.180,0.086,-0.124,0.007,2507,0
90413,6.246,7.728,-1.231,0.095,-0.106,0.001,2508,0
90433,6.220,7.748,-1.252,0.089,-0.094,0.007,2507,0
90453,6.203,7.705,-1.262,0.095,-0.081,0.023,2508,0
90473,6.196,7.640,-1.288,0.094,-0.070,0.036,2509,0
90493,6.136,7.597,-1.314,0.082,-0.045,0.038,2509,0
90513,6.112,7.580,-1.192,0.069,-0.029,0.030,2510,0
90533,6.100,7.580,-1.171,0.059,-0.022,0.030,2511,0
90553,6.045,7.623,-1.099,0.066,-0.024,0.025,2511,0
90573,5.942,7.640,-1.077,0.090,-0.046,0.012,2511,0
90593,5.990,7.681,-1.097,0.102,-0.053,0.018,2511,0
90613,5.930,7.717,-1.109,0.097,-0.043,0.027,2511,0
90633,5.909,7.731,-1.037,0.107,-0.055,0.030,2511,0
90653,5.926,7.707,-1.113,0.109,-0.070,0.040,2511,0
90673,6.019,7.645,-1.144,0.085,-0.069,0.060,2512,0
90693,6.067,7.606,-1.085,0.051,-0.069,0.071,2512,0
90713,6.144,7.527,-1.020,0.056,-0.078,0.059,2513,0
90733,6.213,7.523,-1.037,0.076,-0.084,0.052,2515,0
90753,6.268,7.570,-1.044,0.077,-0.083,0.061,2516,0
90773,6.287,7.561,-1.046,0.048,-0.091,0.070,2516,0
90793,6.304,7.530,-1.085,0.028,-0.098,0.064,2518,0
90813,6.361,7.460,-1.087,0.031,-0.109,0.053,2518,0
90833,6.376,7.422,-1.106,0.033,-0.131,0.056,2517,0
90853,6.419,7.362,-1.204,0.054,-0.153,0.056,2520,0
90873,6.460,7.444,-1.403,0.070,-0.154,0.041,2520,0
90893,6.460,7.470,-1.472,0.067,-0.110,0.018,2519,0
90913,6.445,7.511,-1.425,0.069,-0.083,0.014,2520,0
90933,6.431,7.544,-1.413,0.075,-0.099,0.024,2521,0
90953,6.469,7.537,-1.578,0.074,-0.122,0.037,2519,0
90973,6.517,7.585,-1.745,0.062,-0.117,0.050,2522,0
90993,6.589,7.621,-1.817,0.035,-0.047,0.072,2523,0
91013,6.503,7.573,-1.700,0.007,-0.000,0.095,2523,0
91033,6.428,7.523,-1.669,-0.003,-0.003,0.112,2522,0
91053,6.376,7.475,-1.688,-0.024,-0.005,0.126,2520,0
91073,6.373,7.362,-1.688,-0.037,0.005,0.126,2520,0
91093,6.364,7.329,-1.630,-0.028,0.034,0.122,2522,0
91113,6.275,7.240,-1.607,-0.003,0.052,0.102,2519,0
91133,6.223,7.192,-1.614,0.012,0.072,0.085,2526,0
91153,6.225,7.104,-1.616,-0.009,0.102,0.079,2524,0
91173,6.302,6.998,-1.549,-0.047,0.127,0.075,2522,0
91193,6.342,6.912,-1.458,-0.059,0.149,0.056,2522,0
91213,6.297,6.955,-1.326,-0.045,0.174,0.017,2524,0
91233,6.179,7.128,-1.180,-0.032,0.191,-0.031,2523,0
91253,6.115,7.336,-1.058,-0.017,0.195,-0.077,2524,0
91273,6.117,7.530,-0.979,-0.013,0.185,-0.068,2524,0
91293,6.134,7.618,-0.910,-0.032,0.166,-0.029,2525,0
91313,6.086,7.611,-0.838,-0.044,0.146,-0.019,2522,0
91333,6.086,7.690,-0.687,0.001,0.127,-0.024,2523,0
91353,6.091,7.831,-0.618,0.055,0.111,-0.026,2524,0
91373,6.079,7.901,-0.611,0.079,0.084,0.004,2524,0
91393,6.050,7.800,-0.555,0.075,0.046,0.042,2522,0
91413,6.108,7.604,-0.560,0.085,-0.003,0.049,2522,0
91433,6.235,7.468,-0.634,0.124,-0.021,0.046,2527,0
91453,6.242,7.324,-0.697,0.137,-0.028,0.046,2523,0
91473,6.294,7.226,-0.733,0.122,-0.041,0.039,2523,0
91493,6.297,7.116,-0.778,0.117,-0.056,0.011,2523,0
91513,6.287,7.116,-0.891,0.123,-0.054,-0.019,2523,0
91533,6.323,7.140,-0.962,0.108,-0.031,-0.035,2523,0
91553,6.352,7.178,-0.948,0.075,0.001,-0.032,2523,0
91573,6.369,7.221,-0.915,0.048,0.012,-0.035,2524,0
91593,6.421,7.242,-0.855,0.035,0.014,-0.044,2527,0
91613,6.416,7.312,-0.821,0.023,0.020,-0.056,2524,0
91633,6.402,7.360,-0.783,0.022,0.027,-0.060,2523,0
91653,6.333,7.379,-0.761,0.022,0.018,-0.058,2524,0
91673,6.330,7.391,-0.752,0.024,0.003,-0.062,2525,0
91693,6.381,7.436,-0.795,0.031,-0.012,-0.058,2524,0
91713,6.383,7.427,-0.821,0.033,-0.018,-0.053,2525,0
91733,6.424,7.417,-0.828,0.034,-0.026,-0.054,2525,0
91753,6.414,7.415,-0.824,0.028,-0.019,-0.059,2525,0
91773,6.416,7.441,-0.824,0.021,-0.031,-0.062,2523,0
91793,6.462,7.470,-0.850,0.013,-0.040,-0.063,2523,0
91813,6.450,7.475,-0.864,0.020,-0.041,-0.063,2524,0
91833,6.424,7.479,-0.874,0.039,-0.052,-0.059,2523,0
91853,6.419,7.503,-0.977,0.043,-0.064,-0.056,2523,0
91873,6.443,7.537,-1.061,0.039,-0.051,-0.060,2525,0
91893,6.393,7.606,-1.039,0.041,-0.027,-0.060,2529,0
91913,6.318,7.673,-0.996,0.048,-0.023,-0.050,2524,0
91933,6.285,7.712,-0.979,0.038,-0.030,-0.024,2524,0
91953,6.311,7.683,-0.979,0.023,-0.033,-0.006,2522,0
91973,6.330,7.616,-0.903,0.035,-0.032,-0.005,2523,0
91993,6.328,7.630,-0.895,0.058,-0.026,-0.007,2525,0
92013,6.302,7.578,-0.929,0.071,-0.020,0.005,2523,0
92033,6.309,7.532,-0.929,0.063,-0.037,0.018,2523,0
92053,6.383,7.475,-0.915,0.042,-0.041,0.020,2529,0
92073,6.352,7.391,-0.903,0.046,-0.030,0.013,2525,0
92093,6.340,7.400,-0.886,0.060,-0.031,0.004,2523,0
92113,6.299,7.420,-0.867,0.055,-0.026,-0.005,2525,0
92133,6.280,7.393,-0.907,0.044,-0.043,-0.015,2525,0
92153,6.309,7.422,-0.941,0.056,-0.049,-0.021,2525,0
92173,6.285,7.477,-0.982,0.047,-0.043,-0.019,2526,0
92193,6.268,7.468,-0.955,0.027,-0.040,-0.020,2525,0
92213,6.273,7.448,-0.939,0.036,-0.034,-0.027,2530,0
92233,6.249,7.499,-0.917,0.052,-0.033,-0.025,2525,0
92253,6.246,7.554,-0.924,0.042,-0.036,-0.022,2526,0
92273,6.280,7.518,-0.881,0.006,-0.031,-0.016,2526,0
92293,6.294,7.475,-0.840,0.000,-0.022,-0.016,2525,0
92313,6.306,7.453,-0.819,0.019,-0.043,-0.018,2526,0
92333,6.381,7.491,-0.867,0.027,-0.054,-0.025,2527,0
92353,6.376,7.451,-0.891,0.016,-0.038,-0.029,2529,0
92373,6.333,7.444,-0.848,0.009,-0.037,-0.034,2526,0
92393,6.342,7.470,-0.826,0.014,-0.058,-0.042,2527,0
92413,6.323,7.501,-0.838,0.016,-0.076,-0.042,2525,0
92433,6.349,7.511,-0.860,0.009,-0.072,-0.036,2526,0
92453,6.335,7.508,-0.850,0.013,-0.072,-0.039,2525,0
92473,6.273,7.568,-0.840,0.027,-0.088,-0.054,2526,0
92493,6.280,7.642,-0.876,0.029,-0.100,-0.048,2527,0
92513,6.278,7.609,-0.903,0.011,-0.094,-0.029,2526,0
92533,6.270,7.570,-0.910,0.013,-0.093,-0.034,2527,0
92553,6.294,7.616,-0.898,0.030,-0.092,-0.042,2526,0
92573,6.263,7.635,-0.891,0.028,-0.096,-0.037,2526,0
92593,6.285,7.676,-0.915,0.023,-0.110,-0.024,2526,0
92613,6.299,7.681,-0.903,0.011,-0.111,-0.014,2524,0
92633,6.282,7.661,-0.891,0.006,-0.101,-0.010,2526,0
92653,6.256,7.626,-0.881,0.012,-0.099,-0.002,2525,0
92673,6.232,7.599,-0.881,0.014,-0.103,0.005,2525,0
92693,6.225,7.558,-0.874,0.015,-0.122,0.009,2520,0
92713,6.239,7.551,-0.953,0.017,-0.134,-0.001,2524,0
92733,6.201,7.621,-0.934,0.022,-0.129,-0.011,2525,0
92753,6.127,7.628,-0.977,0.027,-0.124,-0.011,2525,0
92773,6.115,7.611,-1.027,0.050,-0.126,-0.012,2525,0
92793,6.155,7.693,-1.149,0.054,-0.123,-0.006,2525,0
92813,6.127,7.688,-1.140,0.034,-0.109,0.001,2525,0
92833,6.100,7.666,-1.109,0.033,-0.115,0.002,2526,0
92853,6.115,7.652,-1.128,0.049,-0.118,0.008,2524,0
92873,6.100,7.642,-1.209,0.059,-0.105,0.013,2525,0
92893,6.098,7.645,-1.199,0.061,-0.100,0.019,2525,0
92913,6.129,7.585,-1.250,0.056,-0.089,0.025,2525,0
92933,6.132,7.530,-1.221,0.054,-0.083,0.029,2525,0
92953,6.146,7.441,-1.209,0.049,-0.084,0.032,2524,0
92973,6.230,7.422,-1.166,0.037,-0.070,0.031,2524,0
92993,6.215,7.345,-1.082,0.036,-0.060,0.017,2524,0
93013,6.213,7.355,-1.101,0.036,-0.065,-0.003,2525,0
93033,6.232,7.377,-1.053,0.028,-0.066,-0.014,2524,0
93053,6.235,7.444,-1.070,0.029,-0.076,-0.017,2524,0
93073,6.239,7.432,-1.130,0.029,-0.087,-0.025,2524,0
93093,6.208,7.439,-1.120,0.034,-0.087,-0.034,2523,0
93113,6.189,7.523,-1.113,0.050,-0.094,-0.042,2525,0
93133,6.086,7.630,-1.140,0.067,-0.112,-0.052,2524,0
93153,6.031,7.700,-1.216,0.076,-0.122,-0.053,2524,0
93173,6.050,7.714,-1.243,0.068,-0.106,-0.038,2524,0
93193,6.076,7.697,-1.283,0.056,-0.094,-0.025,2524,0
93213,6.110,7.626,-1.312,0.049,-0.097,-0.027,2524,0
93233,6.177,7.585,-1.336,0.065,-0.084,-0.033,2524,0
93253,6.153,7.642,-1.319,0.073,-0.075,-0.031,2524,0
93273,6.155,7.688,-1.329,0.065,-0.064,-0.021,2524,0
93293,6.167,7.671,-1.338,0.051,-0.042,-0.006,2525,0
93313,6.179,7.652,-1.288,0.040,-0.031,0.006,2525,0
93333,6.165,7.585,-1.209,0.023,-0.035,0.012,2523,0
93353,6.160,7.549,-1.173,0.025,-0.057,0.006,2523,0
93373,6.151,7.554,-1.185,0.052,-0.064,-0.009,2524,0
93393,6.144,7.599,-1.235,0.067,-0.053,-0.012,2526,0
93413,6.136,7.556,-1.238,0.058,-0.056,-0.007,2525,0
93433,6.122,7.547,-1.264,0.047,-0.064,0.001,2524,0
93453,6.088,7.494,-1.262,0.042,-0.073,-0.003,2524,0
93473,6.096,7.542,-1.243,0.052,-0.072,-0.013,2523,0
93493,6.093,7.563,-1.295,0.067,-0.066,-0.022,2523,0
93513,6.043,7.570,-1.338,0.067,-0.063,-0.021,2524,0
93533,6.045,7.556,-1.312,0.043,-0.073,-0.018,2524,0
93553,6.115,7.535,-1.281,0.029,-0.072,-0.014,2526,0
93573,6.127,7.549,-1.290,0.044,-0.059,-0.018,2525,0
93593,6.100,7.563,-1.334,0.054,-0.045,-0.023,2523,0
93613,6.076,7.587,-1.367,0.040,-0.042,-0.019,2524,0
93633,6.127,7.587,-1.341,0.030,-0.060,-0.022,2523,0
93653,6.141,7.621,-1.329,0.040,-0.042,-0.032,2524,0
93673,6.079,7.657,-1.290,0.054,-0.022,-0.033,2524,0
93693,6.041,7.702,-1.298,0.057,-0.030,-0.018,2524,0
93713,6.108,7.693,-1.293,0.034,-0.059,-0.000,2523,0
93733,6.158,7.597,-1.331,0.021,-0.059,-0.001,2525,0
93753,6.115,7.611,-1.353,0.051,-0.050,-0.023,2524,0
93773,6.057,7.743,-1.377,0.078,-0.047,-0.030,2524,0
93793,6.043,7.815,-1.401,0.063,-0.044,-0.008,2524,0
93813,6.084,7.760,-1.405,0.035,-0.046,0.012,2525,0
93833,6.117,7.635,-1.403,0.031,-0.034,0.018,2525,0
93853,6.124,7.616,-1.358,0.040,-0.020,0.013,2524,0
93873,6.105,7.606,-1.358,0.042,-0.022,0.012,2524,0
93893,6.110,7.575,-1.314,0.034,-0.023,0.016,2524,0
93913,6.136,7.556,-1.314,0.038,-0.028,0.018,2525,0
93933,6.153,7.542,-1.310,0.038,-0.034,0.015,2524,0
93953,6.079,7.525,-1.293,0.036,-0.035,0.004,2525,0
93973,6.045,7.468,-1.329,0.040,-0.046,-0.003,2525,0
93993,6.112,7.499,-1.386,0.040,-0.051,-0.007,2523,0
94013,6.144,7.501,-1.415,0.040,-0.041,-0.018,2526,0
94033,6.074,7.575,-1.393,0.041,-0.022,-0.023,2525,0
94053,6.019,7.640,-1.317,0.030,-0.026,-0.020,2524,0
94073,6.024,7.661,-1.343,0.027,-0.037,-0.011,2524,0
94093,6.041,7.628,-1.319,0.038,-0.040,-0.008,2524,0
94113,6.041,7.575,-1.353,0.039,-0.043,-0.013,2524,0
94133,6.050,7.594,-1.348,0.042,-0.039,-0.023,2524,0
94153,6.036,7.633,-1.350,0.046,-0.022,-0.026,2525,0
94173,6.024,7.640,-1.312,0.037,-0.022,-0.009,2525,0
94193,6.065,7.547,-1.259,0.018,-0.032,0.000,2524,0
94213,6.098,7.487,-1.233,0.030,-0.040,-0.019,2524,0
94233,6.091,7.532,-1.290,0.058,-0.042,-0.044,2524,0
94253,6.079,7.640,-1.267,0.063,-0.042,-0.040,2524,0
94273,6.100,7.659,-1.283,0.043,-0.048,-0.030,2523,0
94293,6.120,7.642,-1.240,0.028,-0.056,-0.023,2524,0
94313,6.144,7.604,-1.264,0.037,-0.067,-0.029,2525,0
94333,6.100,7.654,-1.295,0.055,-0.066,-0.039,2523,0
94353,6.072,7.697,-1.377,0.066,-0.078,-0.041,2524,0
94373,6.096,7.740,-1.458,0.047,-0.081,-0.026,2524,0
94393,6.093,7.705,-1.403,0.038,-0.067,-0.020,2525,0
94413,6.033,7.707,-1.386,0.047,-0.065,-0.024,2525,0
94433,6.048,7.714,-1.446,0.044,-0.070,-0.018,2525,0
94453,6.110,7.635,-1.425,0.034,-0.060,-0.007,2524,0
94473,6.134,7.568,-1.398,0.040,-0.056,-0.014,2524,0
94493,6.067,7.609,-1.336,0.061,-0.057,-0.036,2523,0
94513,6.000,7.671,-1.408,0.066,-0.058,-0.035,2526,0
94533,6.029,7.642,-1.448,0.055,-0.071,-0.020,2525,0
94553,6.007,7.592,-1.451,0.039,-0.071,-0.015,2524,0
94573,5.923,7.590,-1.437,0.040,-0.059,-0.032,2523,0
94593,5.904,7.623,-1.516,0.057,-0.054,-0.045,2523,0
94613,5.957,7.697,-1.489,0.057,-0.047,-0.041,2524,0
94633,5.959,7.717,-1.444,0.046,-0.035,-0.034,2525,0
94653,5.935,7.733,-1.369,0.037,-0.035,-0.029,2523,0
94673,5.950,7.743,-1.393,0.037,-0.030,-0.032,2525,0
94693,5.935,7.786,-1.365,0.046,-0.033,-0.027,2525,0
94713,5.938,7.805,-1.384,0.042,-0.043,-0.014,2524,0
94733,5.976,7.748,-1.369,0.038,-0.051,-0.008,2523,0
94753,5.978,7.760,-1.420,0.050,-0.048,-0.014,2524,0
94773,5.993,7.781,-1.425,0.055,-0.046,-0.011,2525,0
94793,6.000,7.767,-1.444,0.036,-0.046,0.006,2525,0
94813,6.014,7.700,-1.410,0.022,-0.053,0.014,2522,0
94833,6.036,7.671,-1.420,0.037,-0.055,0.008,2523,0
94853,6.036,7.640,-1.482,0.042,-0.053,-0.001,2525,0
94873,6.026,7.633,-1.496,0.033,-0.044,-0.005,2525,0
94893,6.007,7.657,-1.460,0.043,-0.042,-0.010,2524,0
94913,5.957,7.740,-1.451,0.052,-0.050,-0.011,2523,0
94933,5.899,7.757,-1.489,0.046,-0.058,-0.000,2523,0
94953,5.942,7.705,-1.561,0.034,-0.043,0.009,2524,0
94973,5.976,7.628,-1.528,0.033,-0.030,0.011,2523,0
94993,5.974,7.616,-1.458,0.037,-0.033,0.001,2525,0
95013,5.930,7.621,-1.451,0.041,-0.041,-0.009,2523,0
95033,5.933,7.654,-1.484,0.039,-0.037,-0.011,2523,0
95053,5.926,7.673,-1.482,0.040,-0.026,-0.013,2522,0
95073,5.914,7.700,-1.482,0.043,-0.032,-0.013,2524,0
95093,5.971,7.705,-1.458,0.039,-0.039,-0.010,2524,0
95113,5.957,7.697,-1.413,0.035,-0.029,-0.006,2524,0
95133,5.950,7.695,-1.391,0.037,-0.032,-0.006,2523,0
95153,5.926,7.669,-1.410,0.042,-0.031,-0.014,2524,0
95173,5.947,7.666,-1.422,0.046,-0.030,-0.011,2525,0
95193,5.957,7.661,-1.463,0.037,-0.033,-0.002,2524,0
95213,5.950,7.621,-1.432,0.025,-0.041,-0.007,2524,0
95233,5.930,7.626,-1.415,0.029,-0.037,-0.022,2523,0
95253,5.902,7.678,-1.463,0.042,-0.034,-0.032,2523,0
95273,5.916,7.757,-1.506,0.048,-0.030,-0.031,2524,0
95293,5.909,7.764,-1.542,0.037,-0.023,-0.018,2525,0
95313,5.954,7.726,-1.422,0.016,-0.019,-0.006,2524,0
95333,5.957,7.726,-1.425,0.030,-0.025,-0.011,2523,0
95353,5.997,7.750,-1.417,0.047,-0.040,-0.018,2524,0
95373,5.997,7.764,-1.482,0.043,-0.036,-0.017,2524,0
95393,5.952,7.786,-1.494,0.047,-0.037,-0.013,2524,0
95413,5.978,7.796,-1.496,0.039,-0.029,-0.002,2523,0
95433,6.021,7.728,-1.489,0.025,-0.026,0.006,2522,0
95453,6.055,7.693,-1.460,0.031,-0.023,0.004,2524,0
95473,6.017,7.645,-1.444,0.042,-0.025,-0.002,2525,0
95493,5.981,7.623,-1.434,0.046,-0.044,-0.010,2524,0
95513,6.021,7.616,-1.511,0.050,-0.053,-0.017,2525,0
95533,6.055,7.547,-1.642,0.059,-0.057,-0.033,2525,0
95553,6.009,7.544,-1.702,0.107,-0.078,-0.070,2524,0
95573,5.933,7.705,-1.836,0.173,-0.096,-0.101,2524,0
95593,5.906,7.848,-1.990,0.205,-0.094,-0.098,2522,0
95613,6.036,7.843,-2.184,0.190,-0.132,-0.073,2522,0
95633,6.098,7.803,-2.267,0.206,-0.177,-0.072,2522,0
95653,6.002,7.769,-2.547,0.278,-0.208,-0.110,2519,0
95673,5.995,7.903,-2.909,0.365,-0.198,-0.132,2518,0
95693,5.926,7.791,-3.445,0.424,-0.263,-0.150,2516,0
95713,5.507,7.721,-4.326,0.493,-0.435,-0.188,2516,0
95733,4.831,7.865,-5.456,0.568,-0.570,-0.243,2515,0
95753,4.590,8.009,-6.431,0.652,-0.471,-0.298,2517,0
95773,4.384,8.267,-7.192,0.760,-0.100,-0.333,2518,0
95793,3.692,8.284,-7.700,0.849,0.217,-0.338,2516,0
95813,3.086,8.267,-8.361,0.843,0.324,-0.305,2516,0
95833,2.935,8.284,-8.818,0.864,0.532,-0.288,2516,0
95853,2.842,8.566,-9.000,0.964,1.027,-0.375,2519,0
95873,2.399,8.863,-8.983,1.047,1.610,-0.485,2519,0
95893,1.860,9.160,-8.945,1.079,1.994,-0.485,2517,0
95913,1.642,9.414,-8.947,1.051,2.297,-0.431,2517,0
95933,1.283,9.893,-8.459,1.126,2.739,-0.483,2516,0
95953,0.680,10.539,-7.599,1.222,3.239,-0.545,2514,0
95973,-0.062,11.090,-6.776,1.133,3.743,-0.402,2512,0
95993,-0.955,11.162,-5.839,0.894,4.096,-0.126,2510,0
96013,-1.872,10.664,-4.925,0.855,4.386,-0.052,2507,0
96033,-2.361,10.329,-3.654,1.094,4.978,-0.182,2504,0
96053,-3.524,10.436,-2.670,1.171,5.711,-0.233,2500,0
96073,-4.824,9.986,-1.657,1.181,6.377,-0.309,2493,0
96093,-6.184,9.187,0.215,1.396,7.127,-0.485,2487,0
96113,-7.532,9.194,2.792,1.749,7.516,-0.682,2479,0
96133,-8.071,9.474,4.872,1.778,7.218,-0.666,2469,0
96153,-6.740,11.576,7.041,1.384,7.303,-0.321,2460,0
96173,-5.835,11.957,11.183,0.310,7.236,0.358,2451,0
96193,-4.796,9.795,13.925,-0.161,5.913,0.841,2446,0
96213,-2.454,7.539,14.147,0.133,4.009,0.861,2443,0
96233,0.268,7.075,13.980,0.651,2.997,0.499,2440,0
96253,1.037,7.784,14.181,0.925,2.697,0.200,2440,0
96273,0.989,8.358,13.647,0.851,2.193,0.207,2440,0
96293,1.113,8.250,12.850,0.677,1.492,0.240,2439,0
96313,1.386,8.447,11.882,0.415,0.829,0.158,2440,0
96333,1.669,8.681,10.793,-0.020,0.434,0.126,2445,0
96353,2.191,7.819,9.926,-0.221,0.274,0.109,2446,0
96373,2.500,7.453,9.117,-0.031,0.171,-0.015,2448,0
96393,2.500,8.100,8.236,0.079,0.005,-0.148,2448,0
96413,2.351,8.823,7.420,-0.209,-0.188,-0.133,2448,0
96433,2.653,8.674,6.737,-0.645,-0.409,-0.032,2449,0
96453,3.163,7.681,6.268,-0.592,-0.540,-0.058,2454,0
96473,3.345,7.580,5.533,-0.171,-0.598,-0.200,2460,0
96493,3.316,8.317,4.671,0.059,-0.634,-0.279,2463,0
96513,3.242,9.067,4.015,-0.104,-0.658,-0.211,2469,0
96533,3.318,8.918,3.651,-0.352,-0.655,-0.076,2471,0
96553,3.534,8.346,3.438,-0.311,-0.641,-0.039,2471,0
96573,3.517,8.121,3.196,-0.016,-0.616,-0.110,2472,0
96593,3.342,8.466,2.796,0.252,-0.541,-0.163,2474,0
96613,3.378,8.990,2.564,0.239,-0.425,-0.091,2476,0
96633,3.457,9.098,2.437,0.022,-0.321,0.066,2479,0
96653,3.417,8.552,2.641,-0.110,-0.237,0.168,2479,0
96673,3.421,8.068,2.861,0.045,-0.131,0.149,2480,0
96693,3.256,8.133,2.990,0.249,-0.061,0.118,2479,0
96713,3.242,8.241,3.021,0.233,-0.070,0.156,2479,0
96733,3.357,8.013,3.170,0.109,-0.063,0.204,2479,0
96753,3.474,7.769,3.529,0.058,-0.026,0.195,2479,0
96773,3.627,7.379,3.857,0.172,0.028,0.123,2477,0
96793,3.661,7.489,3.960,0.336,0.075,0.030,2478,0
96813,3.460,7.867,4.044,0.342,0.052,-0.020,2477,0
96833,3.452,8.138,4.149,0.142,0.008,0.011,2477,0
96853,3.565,8.028,4.293,-0.059,-0.006,0.043,2478,0
96873,3.654,7.793,4.439,-0.098,0.002,0.019,2478,0
96893,3.649,7.788,4.554,-0.016,0.019,-0.041,2476,0
96913,3.654,8.064,4.597,0.051,0.008,-0.086,2477,0
96933,3.589,8.368,4.575,0.014,-0.044,-0.079,2477,0
96953,3.587,8.401,4.492,-0.067,-0.113,-0.050,2475,0
96973,3.677,8.262,4.381,-0.059,-0.155,-0.040,2476,0
96993,3.740,8.157,4.221,-0.001,-0.154,-0.052,2476,0
97013,3.728,8.217,4.070,0.049,-0.119,-0.064,2476,0
97033,3.704,8.270,3.960,0.039,-0.123,-0.061,2474,0
97053,3.668,8.313,3.891,0.007,-0.135,-0.043,2476,0
97073,3.682,8.282,3.948,-0.015,-0.121,-0.026,2477,0
97093,3.675,8.265,3.984,0.001,-0.099,-0.022,2477,0
97113,3.601,8.210,3.922,0.039,-0.110,-0.030,2477,0
97133,3.543,8.226,3.833,0.072,-0.139,-0.034,2476,0
97153,3.551,8.258,3.725,0.073,-0.130,-0.020,2476,0
97173,3.517,8.181,3.668,0.061,-0.098,-0.006,2476,0
97193,3.632,8.145,3.682,0.065,-0.070,-0.007,2475,0
97213,3.704,8.131,3.687,0.079,-0.055,-0.024,2477,0
97233,3.591,8.215,3.670,0.084,-0.052,-0.038,2478,0
97253,3.596,8.284,3.689,0.064,-0.042,-0.035,2477,0
97273,3.546,8.334,3.788,0.052,-0.026,-0.030,2476,0
97293,3.555,8.296,3.876,0.047,-0.023,-0.023,2477,0
97313,3.553,8.260,3.929,0.057,-0.007,-0.022,2477,0
97333,3.567,8.272,3.907,0.054,0.008,-0.023,2476,0
97353,3.634,8.282,3.955,0.023,0.000,-0.019,2476,0
97373,3.620,8.282,4.027,-0.005,-0.020,-0.019,2476,0
97393,3.582,8.236,4.123,-0.015,-0.032,-0.009,2475,0
97413,3.560,8.085,4.137,0.038,-0.035,-0.022,2476,0
97433,3.577,8.183,4.044,0.078,-0.049,-0.039,2475,0
97453,3.594,8.291,3.996,0.044,-0.047,-0.031,2476,0
97473,3.548,8.255,3.998,0.027,-0.041,-0.027,2476,0
97493,3.536,8.291,4.029,0.044,-0.052,-0.031,2476,0
97513,3.558,8.296,3.984,0.036,-0.059,-0.023,2475,0
97533,3.536,8.289,3.934,0.021,-0.065,-0.021,2476,0
97553,3.558,8.313,3.910,0.021,-0.058,-0.017,2476,0
97573,3.560,8.279,3.905,0.019,-0.056,-0.013,2476,0
97593,3.575,8.313,3.917,0.045,-0.056,-0.022,2476,0
97613,3.551,8.358,3.910,0.047,-0.044,-0.018,2477,0
97633,3.598,8.320,3.919,0.027,-0.035,0.003,2477,0
97653,3.598,8.238,3.958,0.010,-0.046,0.008,2477,0
97673,3.565,8.238,4.056,0.027,-0.043,0.000,2477,0
97693,3.493,8.253,4.008,0.041,-0.052,-0.001,2477,0
97713,3.587,8.277,4.027,0.038,-0.053,0.008,2476,0
97733,3.625,8.207,3.996,0.026,-0.050,0.010,2477,0
97753,3.541,8.183,4.020,0.044,-0.063,-0.001,2476,0
97773,3.517,8.236,3.938,0.054,-0.077,-0.001,2478,0
97793,3.572,8.238,3.850,0.041,-0.072,0.005,2475,0
97813,3.603,8.188,3.850,0.052,-0.059,-0.004,2475,0
97833,3.606,8.198,3.859,0.054,-0.044,-0.004,2477,0
97853,3.587,8.198,3.862,0.030,-0.051,-0.002,2477,0
97873,3.587,8.198,3.845,0.022,-0.058,-0.013,2478,0
97893,3.527,8.229,3.898,0.046,-0.037,-0.019,2478,0
97913,3.596,8.305,3.903,0.064,-0.030,-0.015,2478,0
97933,3.587,8.305,3.864,0.046,-0.032,-0.009,2478,0
97953,3.570,8.262,3.912,0.024,-0.042,-0.004,2477,0
97973,3.610,8.243,3.943,0.053,-0.044,-0.003,2478,0
97993,3.685,8.339,3.946,0.081,-0.062,0.000,2478,0
98013,3.637,8.356,3.893,0.084,-0.070,0.007,2476,0
98033,3.567,8.315,3.874,0.088,-0.071,0.014,2478,0
98053,3.558,8.282,3.819,0.107,-0.070,0.020,2478,0
98073,3.625,8.246,3.768,0.101,-0.059,0.020,2476,0
98093,3.584,8.210,3.788,0.071,-0.031,0.018,2479,0
98113,3.572,8.150,3.874,0.054,-0.016,0.012,2479,0
98133,3.622,8.179,3.888,0.042,-0.019,0.003,2478,0
98153,3.601,8.203,3.893,0.022,-0.017,-0.004,2478,0
98173,3.522,8.231,3.965,0.024,-0.013,-0.007,2478,0
98193,3.517,8.210,3.962,0.067,-0.027,-0.017,2477,0
98213,3.589,8.365,3.871,0.077,-0.039,-0.020,2478,0
98233,3.587,8.420,3.852,0.030,-0.047,-0.005,2478,0
98253,3.551,8.286,3.898,0.010,-0.062,0.011,2478,0
98273,3.639,8.162,3.874,0.058,-0.053,0.003,2478,0
98293,3.673,8.231,3.867,0.095,-0.037,-0.013,2478,0
98313,3.594,8.305,3.874,0.090,-0.050,-0.014,2480,0
98333,3.601,8.313,3.845,0.062,-0.079,-0.002,2478,0
98353,3.613,8.274,3.800,0.043,-0.075,0.003,2478,0
98373,3.579,8.246,3.826,0.059,-0.052,-0.003,2479,0
98393,3.567,8.327,3.785,0.079,-0.051,-0.011,2479,0
98413,3.584,8.310,3.795,0.064,-0.042,0.004,2478,0
98433,3.570,8.226,3.783,0.045,-0.024,0.013,2479,0
98453,3.627,8.179,3.797,0.038,-0.026,0.000,2479,0
98473,3.656,8.191,3.821,0.032,-0.037,-0.015,2479,0
98493,3.589,8.258,3.814,0.044,-0.045,-0.024,2480,0
98513,3.603,8.327,3.749,0.053,-0.052,-0.026,2481,0
98533,3.620,8.353,3.725,0.033,-0.037,-0.010,2479,0
98553,3.634,8.294,3.788,0.037,-0.035,-0.013,2480,0
98573,3.613,8.356,3.857,0.064,-0.032,-0.025,2480,0
98593,3.567,8.411,3.800,0.062,-0.040,-0.016,2479,0
98613,3.565,8.408,3.783,0.039,-0.046,0.004,2479,0
98633,3.587,8.341,3.826,0.028,-0.043,0.011,2481,0
98653,3.656,8.303,3.809,0.039,-0.038,0.012,2480,0
98673,3.630,8.267,3.821,0.057,-0.045,0.007,2480,0
98693,3.596,8.246,3.812,0.060,-0.042,0.005,2480,0
98713,3.603,8.229,3.785,0.054,-0.040,-0.003,2481,0
98733,3.630,8.219,3.704,0.052,-0.046,-0.013,2480,0
98753,3.584,8.298,3.711,0.050,-0.043,-0.018,2480,0
98773,3.560,8.317,3.723,0.047,-0.015,-0.011,2480,0
98793,3.553,8.325,3.771,0.041,-0.007,-0.005,2480,0
98813,3.553,8.339,3.790,0.019,-0.028,-0.005,2480,0
98833,3.587,8.308,3.780,0.015,-0.031,-0.006,2481,0
98853,3.594,8.305,3.819,0.041,-0.025,-0.007,2480,0
98873,3.608,8.351,3.807,0.064,-0.023,-0.009,2481,0
98893,3.589,8.363,3.768,0.055,-0.025,-0.005,2480,0
98913,3.565,8.356,3.771,0.025,-0.027,0.007,2480,0
98933,3.582,8.270,3.881,0.020,-0.031,0.014,2481,0
98953,3.637,8.191,3.864,0.046,-0.041,0.001,2481,0
98973,3.668,8.241,3.812,0.049,-0.035,-0.008,2480,0
98993,3.675,8.265,3.814,0.038,-0.034,-0.013,2482,0
99013,3.622,8.329,3.874,0.043,-0.037,-0.017,2481,0
99033,3.591,8.449,3.809,0.043,-0.045,-0.012,2481,0
99053,3.596,8.437,3.759,0.031,-0.046,0.001,2482,0
99073,3.563,8.375,3.836,0.033,-0.027,0.011,2479,0
99093,3.594,8.291,3.807,0.034,-0.029,0.020,2481,0
99113,3.661,8.207,3.785,0.037,-0.051,0.014,2481,0
99133,3.634,8.238,3.757,0.039,-0.051,-0.001,2483,0
99153,3.591,8.250,3.742,0.034,-0.045,-0.004,2482,0
