3717915,3.091,9.105,2.368,0.079,-0.046,-0.030,2407,0
3717935,3.148,9.148,2.239,0.070,-0.051,-0.024,2406,0
3717955,3.182,9.048,2.181,0.051,-0.041,-0.026,2405,0
3717975,3.239,8.918,2.174,0.054,-0.024,-0.024,2406,0
3717995,3.199,8.933,2.236,0.058,-0.011,-0.028,2405,0
3718015,3.096,9.007,2.284,0.051,-0.013,-0.029,2406,0
3718035,3.010,9.086,2.325,0.064,-0.020,-0.025,2408,0
3718055,2.995,9.151,2.306,0.070,-0.026,-0.021,2407,0
3718075,3.033,9.148,2.308,0.057,-0.039,-0.013,2409,0
3718095,3.100,9.064,2.334,0.043,-0.048,-0.015,2408,0
3718115,3.086,9.050,2.337,0.066,-0.052,-0.011,2408,0
3718135,3.074,9.081,2.263,0.075,-0.057,-0.003,2409,0
3718155,3.105,9.026,2.207,0.049,-0.058,-0.007,2407,0
3718175,3.045,8.985,2.219,0.032,-0.047,-0.023,2409,0
3718195,3.002,9.069,2.253,0.043,-0.044,-0.022,2409,0
3718215,3.024,9.081,2.265,0.049,-0.043,-0.013,2413,0
3718235,3.045,9.021,2.241,0.058,-0.042,-0.012,2408,0
3718255,3.062,9.021,2.148,0.063,-0.041,-0.009,2411,0
3718275,3.053,9.062,2.215,0.046,-0.038,-0.007,2409,0
3718295,3.079,9.038,2.279,0.030,-0.044,-0.006,2411,0
3718315,3.100,8.988,2.253,0.044,-0.044,-0.003,2411,0
3718335,3.117,8.971,2.219,0.059,-0.035,-0.011,2411,0
3718355,3.089,8.993,2.143,0.058,-0.022,-0.019,2412,0
3718375,3.072,9.062,2.224,0.045,-0.016,-0.022,2411,0
3718395,3.036,9.103,2.315,0.030,-0.014,-0.019,2411,0
3718415,3.050,9.081,2.346,0.028,-0.025,-0.011,2410,0
3718435,3.045,9.043,2.289,0.029,-0.031,-0.011,2413,0
3718455,3.029,9.052,2.212,0.043,-0.034,-0.026,2412,0
3718475,3.033,9.131,2.179,0.059,-0.030,-0.025,2411,0
3718495,3.053,9.110,2.241,0.063,-0.028,-0.009,2411,0
3718515,3.115,8.995,2.236,0.055,-0.034,-0.001,2412,0
3718535,3.160,8.842,2.267,0.078,-0.037,-0.010,2411,0
3718555,3.053,9.012,2.191,0.074,-0.031,-0.022,2412,0
3718575,2.954,9.079,2.176,0.064,-0.027,-0.016,2411,0
3718595,2.914,9.120,2.215,0.064,-0.022,-0.013,2412,0
3718615,2.921,9.143,2.210,0.063,-0.023,-0.009,2411,0
3718635,2.988,9.127,2.179,0.041,-0.020,-0.002,2411,0
3718655,3.048,8.983,2.119,0.022,-0.013,-0.010,2412,0
3718675,3.091,8.914,2.210,0.041,0.002,-0.015,2411,0
3718695,3.146,8.926,2.296,0.048,-0.001,-0.019,2410,0
3718715,3.136,8.995,2.296,0.052,-0.004,-0.026,2411,0
3718735,3.060,9.187,2.255,0.048,-0.014,-0.022,2412,0
3718755,2.976,9.306,2.260,0.030,-0.019,-0.012,2411,0
3718775,2.942,9.225,2.251,0.034,-0.022,0.006,2410,0
3718795,2.926,9.110,2.349,0.054,-0.022,0.013,2411,0
3718815,2.928,9.038,2.337,0.063,-0.031,0.015,2413,0
3718835,2.986,8.950,2.373,0.046,-0.041,0.008,2413,0
3718855,2.978,8.947,2.325,0.043,-0.043,-0.007,2415,0
3718875,2.993,9.000,2.263,0.031,-0.058,-0.009,2415,0
3718895,3.029,8.995,2.200,0.020,-0.053,-0.016,2415,0
3718915,3.014,8.969,2.112,0.034,-0.043,-0.023,2415,0
3718935,2.945,9.091,2.131,0.046,-0.031,-0.023,2416,0
3718955,2.954,9.163,2.162,0.046,-0.034,-0.014,2416,0
3718975,2.950,9.141,2.219,0.035,-0.036,-0.007,2416,0
3718995,2.995,9.033,2.219,0.041,-0.037,-0.001,2416,0
3719015,3.065,8.981,2.157,0.051,-0.031,-0.005,2415,0
3719035,3.077,8.988,2.169,0.056,-0.022,-0.010,2415,0
3719055,3.050,9.024,2.217,0.056,-0.019,-0.014,2415,0
3719075,3.067,9.041,2.263,0.048,-0.024,-0.017,2415,0
3719095,3.038,9.043,2.265,0.049,-0.025,-0.017,2416,0
3719115,2.988,9.105,2.229,0.055,-0.027,-0.014,2415,0
3719135,2.978,9.143,2.255,0.053,-0.026,-0.004,2415,0
3719155,2.995,9.103,2.318,0.048,-0.032,0.001,2416,0
3719175,2.995,9.129,2.327,0.037,-0.037,-0.007,2416,0
3719195,2.954,9.117,2.320,0.033,-0.047,-0.009,2416,0
3719215,2.952,9.131,2.294,0.042,-0.053,0.001,2415,0
3719235,3.002,9.096,2.272,0.040,-0.052,0.009,2416,0
3719255,3.000,9.043,2.272,0.031,-0.055,0.009,2416,0
3719275,2.993,8.990,2.217,0.022,-0.060,0.010,2415,0
3719295,3.007,8.921,2.174,0.025,-0.058,-0.003,2415,0
3719315,2.995,8.973,2.095,0.047,-0.047,-0.006,2416,0
3719335,2.990,9.064,2.088,0.050,-0.038,-0.010,2415,0
3719355,3.002,9.081,2.116,0.036,-0.029,-0.013,2416,0
3719375,3.014,9.084,2.148,0.029,-0.030,-0.008,2414,0
3719395,3.055,9.050,2.152,0.028,-0.028,-0.003,2416,0
3719415,3.062,9.060,2.215,0.034,-0.025,-0.007,2416,0
3719435,3.026,9.096,2.274,0.048,-0.025,-0.005,2416,0
3719455,2.978,9.151,2.298,0.061,-0.038,0.001,2416,0
3719475,3.026,9.124,2.260,0.050,-0.052,0.009,2416,0
3719495,3.060,9.017,2.210,0.044,-0.051,0.007,2416,0
3719515,3.029,9.012,2.150,0.052,-0.045,0.007,2415,0
3719535,2.983,9.055,2.136,0.043,-0.038,0.006,2416,0
3719555,2.938,9.036,2.193,0.041,-0.035,0.002,2416,0
3719575,2.974,8.993,2.181,0.043,-0.035,0.002,2415,0
3719595,2.993,8.923,2.181,0.051,-0.035,-0.006,2416,0
3719615,2.993,8.918,2.174,0.060,-0.030,-0.015,2416,0
3719635,2.981,8.981,2.188,0.058,-0.031,-0.021,2416,0
3719655,2.990,9.033,2.184,0.046,-0.033,-0.026,2417,0
3719675,3.036,9.024,2.229,0.044,-0.031,-0.029,2415,0
3719695,3.021,9.079,2.246,0.054,-0.023,-0.032,2417,0
3719715,3.012,9.108,2.205,0.046,-0.019,-0.029,2416,0
3719735,2.986,9.163,2.246,0.043,-0.014,-0.026,2416,0
3719755,2.976,9.172,2.298,0.044,-0.014,-0.015,2416,0
3719775,3.005,9.103,2.330,0.045,-0.026,-0.008,2416,0
3719795,3.002,9.038,2.286,0.049,-0.038,-0.005,2417,0
3719815,3.010,9.067,2.210,0.059,-0.044,-0.006,2416,0
3719835,3.010,9.155,2.136,0.041,-0.037,-0.010,2416,0
3719855,3.053,9.074,2.126,0.017,-0.033,-0.009,2416,0
3719875,3.057,8.969,2.126,0.021,-0.022,-0.022,2417,0
3719895,3.045,9.043,2.109,0.042,-0.019,-0.018,2417,0
3719915,2.993,9.160,2.150,0.052,-0.007,-0.006,2416,0
3719935,2.909,9.215,2.298,0.046,-0.007,0.005,2418,0
3719955,2.909,9.160,2.392,0.047,-0.023,0.013,2416,0
3719975,2.931,9.079,2.389,0.049,-0.042,0.016,2416,0
3719995,2.887,9.081,2.356,0.053,-0.053,0.010,2417,0
3720015,2.883,9.131,2.322,0.048,-0.055,0.009,2416,0
3720035,2.919,9.036,2.320,0.031,-0.053,0.004,2417,0
3720055,2.971,8.957,2.322,0.026,-0.048,-0.001,2416,0
3720075,2.986,8.902,2.339,0.016,-0.055,-0.014,2415,0
3720095,3.031,8.871,2.246,0.011,-0.063,-0.024,2416,0
3720115,2.990,8.890,2.162,0.018,-0.065,-0.037,2417,0
3720135,3.050,8.985,2.128,0.043,-0.069,-0.033,2416,0
3720155,3.029,9.105,1.997,0.052,-0.060,-0.034,2416,0
3720175,3.012,9.172,2.002,0.051,-0.051,-0.028,2416,0
3720195,2.993,9.184,2.006,0.044,-0.034,-0.020,2416,0
3720215,3.024,9.036,2.047,0.040,-0.017,-0.016,2417,0
3720235,3.012,8.945,2.109,0.052,-0.006,-0.020,2417,0
3720255,3.029,8.914,2.164,0.057,0.001,-0.026,2418,0
3720275,3.002,8.973,2.229,0.065,0.001,-0.033,2417,0
3720295,2.954,9.105,2.294,0.062,-0.015,-0.034,2416,0
3720315,2.914,9.151,2.277,0.052,-0.024,-0.032,2415,0
3720335,2.911,9.148,2.263,0.067,-0.033,-0.022,2416,0
3720355,2.945,9.189,2.207,0.074,-0.036,-0.014,2416,0
3720375,2.916,9.155,2.236,0.066,-0.036,-0.014,2419,0
3720395,2.947,9.127,2.260,0.055,-0.040,-0.012,2416,0
3720415,2.940,9.131,2.222,0.040,-0.038,-0.014,2416,0
3720435,2.921,9.098,2.212,0.031,-0.029,-0.019,2416,0
3720455,2.890,9.110,2.260,0.041,-0.027,-0.017,2421,0
3720475,2.895,9.098,2.277,0.045,-0.035,-0.016,2417,0
3720495,2.919,9.112,2.210,0.042,-0.049,-0.019,2416,0
3720515,2.892,9.153,2.198,0.038,-0.043,-0.014,2416,0
3720535,2.883,9.076,2.184,0.038,-0.042,-0.006,2417,0
3720555,2.921,8.897,2.260,0.066,-0.039,-0.006,2420,0
3720575,2.945,8.959,2.217,0.079,-0.038,-0.015,2416,0
3720595,2.914,8.973,2.184,0.059,-0.049,-0.040,2417,0
3720615,2.921,9.110,2.097,0.048,-0.049,-0.050,2417,0
3720635,2.914,9.136,2.037,0.036,-0.040,-0.046,2417,0
3720655,2.931,9.122,2.076,0.044,-0.035,-0.044,2417,0
3720675,2.986,9.134,2.064,0.072,-0.032,-0.030,2418,0
3720695,3.002,9.187,2.045,0.078,-0.021,-0.021,2416,0
3720715,2.921,9.163,2.126,0.053,-0.016,-0.021,2417,0
3720735,2.873,9.091,2.260,0.053,-0.024,-0.023,2418,0
3720755,2.859,8.945,2.289,0.053,-0.028,-0.021,2416,0
3720775,2.875,9.033,2.255,0.093,-0.027,-0.025,2417,0
3720795,2.892,9.062,2.236,0.109,-0.017,-0.024,2418,0
3720815,2.931,9.172,2.291,0.086,-0.039,-0.026,2426,0
3720835,2.878,9.189,2.131,0.056,-0.023,-0.030,2423,0
3720855,2.837,9.199,2.181,0.045,-0.035,-0.030,2420,0
3720875,2.842,9.254,2.140,0.068,-0.045,-0.018,2423,0
3720895,2.808,9.244,2.090,0.070,-0.047,-0.005,2423,0
3720915,2.825,9.222,2.052,0.061,-0.051,-0.001,2423,0
3720935,2.904,9.232,2.064,0.043,-0.053,-0.003,2424,0
3720955,2.887,9.160,2.023,0.042,-0.047,-0.002,2423,0
3720975,2.875,9.153,2.081,0.044,-0.042,0.004,2429,0
3720995,2.823,9.153,2.131,0.040,-0.021,0.003,2428,0
3721015,2.780,9.115,2.191,0.018,-0.011,-0.002,2430,0
3721035,2.770,8.978,2.298,0.007,-0.015,-0.010,2428,0
3721055,2.765,8.866,2.358,0.023,-0.032,-0.021,2429,0
3721075,2.818,8.847,2.263,0.033,-0.052,-0.033,2428,0
3721095,2.875,8.825,2.150,0.037,-0.063,-0.052,2428,0
3721115,2.851,8.978,2.073,0.048,-0.070,-0.064,2430,0
3721135,2.847,9.115,1.932,0.042,-0.079,-0.064,2433,0
3721155,2.868,9.189,1.822,0.035,-0.074,-0.063,2432,0
3721175,2.828,9.225,1.865,0.058,-0.054,-0.063,2432,0
3721195,2.832,9.251,1.978,0.120,-0.040,-0.044,2432,0
3721215,2.770,9.371,2.040,0.144,-0.028,-0.030,2431,0
3721235,2.780,9.361,2.078,0.110,-0.032,-0.022,2433,0
3721255,2.816,9.292,2.176,0.064,-0.032,-0.022,2432,0
3721275,2.844,9.170,2.222,0.057,-0.038,-0.014,2431,0
3721295,2.902,9.170,2.224,0.060,-0.038,-0.012,2433,0
3721315,2.928,9.167,2.167,0.034,-0.033,-0.021,2431,0
3721335,2.868,9.251,2.150,0.022,-0.020,-0.025,2431,0
3721355,2.806,9.306,2.188,0.009,-0.012,-0.018,2431,0
3721375,2.765,9.268,2.243,0.003,-0.018,-0.007,2432,0
3721395,2.823,9.160,2.205,0.006,-0.032,-0.001,2432,0
3721415,2.840,9.072,2.066,0.010,-0.042,-0.003,2431,0
3721435,2.849,9.050,1.954,0.017,-0.049,0.001,2432,0
3721455,2.794,9.036,1.903,0.029,-0.045,0.000,2431,0
3721475,2.741,9.081,1.800,0.043,-0.048,0.002,2431,0
3721495,2.713,9.050,1.760,0.063,-0.043,0.001,2431,0
3721515,2.696,9.074,1.781,0.081,-0.030,-0.011,2431,0
3721535,2.667,9.112,1.891,0.081,-0.012,-0.025,2432,0
3721555,2.696,9.153,2.057,0.077,0.001,-0.033,2431,0
3721575,2.753,9.122,2.155,0.057,0.006,-0.042,2430,0
3721595,2.789,9.124,2.200,0.047,0.015,-0.046,2431,0
3721615,2.765,9.158,2.279,0.040,0.027,-0.057,2431,0
3721635,2.727,9.249,2.301,0.029,0.031,-0.058,2431,0
3721655,2.725,9.299,2.267,0.010,0.027,-0.057,2430,0
3721675,2.701,9.311,2.246,-0.002,0.022,-0.055,2432,0
3721695,2.662,9.328,2.191,0.006,0.013,-0.043,2431,0
3721715,2.641,9.337,2.234,0.006,-0.001,-0.032,2431,0
3721735,2.562,9.242,2.373,0.010,-0.025,-0.026,2430,0
3721755,2.593,9.091,2.342,0.001,-0.068,-0.020,2431,0
3721775,2.732,9.017,2.207,0.008,-0.100,-0.029,2431,0
3721795,2.768,8.976,2.143,0.024,-0.099,-0.027,2431,0
3721815,2.794,9.048,2.042,0.044,-0.102,-0.023,2430,0
3721835,2.780,9.199,1.918,0.042,-0.091,-0.027,2431,0
3721855,2.768,9.237,1.932,0.036,-0.070,-0.022,2430,0
3721875,2.741,9.285,1.946,0.039,-0.049,-0.014,2431,0
3721895,2.677,9.270,1.956,0.033,-0.036,-0.008,2430,0
3721915,2.622,9.297,2.057,0.031,-0.026,-0.005,2431,0
3721935,2.619,9.256,2.116,0.037,-0.014,0.004,2432,0
3721955,2.646,9.112,2.217,0.038,-0.002,0.006,2431,0
3721975,2.682,8.964,2.284,0.039,0.001,-0.003,2431,0
3721995,2.713,8.911,2.282,0.031,-0.002,-0.020,2431,0
3722015,2.701,8.969,2.332,0.037,-0.004,-0.039,2431,0
3722035,2.619,9.136,2.301,0.050,-0.013,-0.043,2431,0
3722055,2.571,9.227,2.303,0.037,-0.028,-0.035,2430,0
3722075,2.567,9.210,2.227,0.023,-0.044,-0.049,2430,0
3722095,2.581,9.246,2.136,0.022,-0.047,-0.054,2431,0
3722115,2.562,9.318,2.085,0.034,-0.047,-0.050,2431,0
3722135,2.612,9.357,2.131,0.051,-0.050,-0.029,2431,0
3722155,2.672,9.318,2.121,0.056,-0.055,-0.007,2430,0
3722175,2.727,9.218,2.059,0.047,-0.057,0.001,2430,0
3722195,2.701,9.146,2.097,0.046,-0.048,0.002,2430,0
3722215,2.636,9.120,2.131,0.050,-0.043,-0.009,2431,0
3722235,2.579,9.158,2.145,0.052,-0.043,-0.014,2429,0
3722255,2.607,9.153,2.157,0.052,-0.044,-0.014,2430,0
3722275,2.636,9.093,2.169,0.059,-0.037,-0.013,2429,0
3722295,2.643,9.115,2.126,0.062,-0.034,-0.018,2429,0
3722315,2.665,9.191,2.128,0.038,-0.028,-0.027,2429,0
3722335,2.614,9.215,2.119,0.029,-0.026,-0.030,2430,0
3722355,2.614,9.256,2.128,0.053,-0.028,-0.017,2429,0
3722375,2.593,9.268,2.133,0.072,-0.025,-0.010,2430,0
3722395,2.643,9.222,2.114,0.062,-0.031,-0.009,2431,0
3722415,2.703,9.134,2.040,0.051,-0.029,-0.019,2430,0
3722435,2.715,9.165,2.018,0.046,-0.021,-0.028,2430,0
3722455,2.679,9.167,2.093,0.052,-0.012,-0.027,2430,0
3722475,2.614,9.244,2.145,0.070,-0.014,-0.026,2430,0
3722495,2.581,9.321,2.164,0.071,-0.020,-0.014,2429,0
3722515,2.552,9.335,2.157,0.051,-0.024,-0.014,2429,0
3722535,2.562,9.256,2.207,0.032,-0.033,-0.010,2430,0
3722555,2.540,9.179,2.231,0.042,-0.036,-0.009,2430,0
3722575,2.528,9.261,2.217,0.072,-0.043,-0.002,2430,0
3722595,2.550,9.342,2.145,0.070,-0.044,0.004,2430,0
3722615,2.600,9.313,2.081,0.052,-0.040,0.003,2432,0
3722635,2.643,9.213,2.097,0.038,-0.036,0.004,2429,0
3722655,2.646,9.139,2.126,0.028,-0.034,0.001,2431,0
3722675,2.626,9.091,2.181,0.021,-0.034,-0.009,2430,0
3722695,2.598,9.115,2.131,0.033,-0.031,-0.020,2430,0
3722715,2.607,9.175,2.162,0.043,-0.029,-0.021,2430,0
3722735,2.555,9.230,2.193,0.044,-0.038,-0.013,2430,0
3722755,2.607,9.237,2.100,0.028,-0.050,-0.011,2430,0
3722775,2.617,9.187,2.025,0.018,-0.042,-0.013,2428,0
3722795,2.574,9.239,2.023,0.042,-0.034,-0.012,2430,0
3722815,2.557,9.330,2.040,0.047,-0.028,-0.014,2430,0
3722835,2.562,9.337,2.076,0.033,-0.028,-0.014,2432,0
3722855,2.586,9.246,2.126,0.028,-0.026,-0.007,2430,0
3722875,2.612,9.194,2.169,0.036,-0.026,-0.001,2430,0
3722895,2.617,9.158,2.174,0.033,-0.027,-0.001,2431,0
3722915,2.574,9.170,2.186,0.027,-0.029,-0.003,2430,0
3722935,2.538,9.242,2.217,0.031,-0.036,-0.007,2430,0
3722955,2.547,9.323,2.188,0.037,-0.042,-0.004,2431,0
3722975,2.550,9.369,2.116,0.038,-0.047,0.003,2431,0
3722995,2.574,9.318,2.133,0.022,-0.044,0.013,2429,0
3723015,2.576,9.165,2.186,0.018,-0.044,0.018,2429,0
3723035,2.588,9.100,2.203,0.031,-0.050,0.017,2430,0
3723055,2.586,9.096,2.191,0.037,-0.055,0.012,2429,0
3723075,2.569,9.139,2.133,0.044,-0.059,0.006,2430,0
3723095,2.564,9.122,2.064,0.042,-0.057,0.006,2430,0
3723115,2.586,9.086,2.102,0.035,-0.056,-0.006,2428,0
3723135,2.595,9.122,2.095,0.035,-0.056,-0.012,2431,0
3723155,2.602,9.201,2.064,0.043,-0.056,-0.012,2431,0
3723175,2.626,9.275,2.016,0.049,-0.051,-0.005,2430,0
3723195,2.626,9.222,2.030,0.046,-0.038,-0.002,2430,0
3723215,2.631,9.148,2.083,0.048,-0.033,-0.004,2429,0
3723235,2.634,9.158,2.136,0.049,-0.031,-0.005,2430,0
3723255,2.581,9.232,2.160,0.041,-0.035,-0.008,2430,0
3723275,2.588,9.249,2.155,0.031,-0.035,-0.005,2430,0
3723295,2.602,9.210,2.124,0.034,-0.030,-0.003,2430,0
3723315,2.643,9.141,2.121,0.039,-0.027,-0.001,2430,0
3723335,2.605,9.143,2.193,0.046,-0.029,-0.005,2430,0
3723355,2.562,9.179,2.224,0.049,-0.040,-0.005,2431,0
3723375,2.567,9.215,2.179,0.042,-0.050,-0.009,2431,0
3723395,2.605,9.201,2.121,0.036,-0.051,-0.010,2431,0
3723415,2.646,9.189,2.042,0.038,-0.039,-0.009,2431,0
3723435,2.617,9.160,2.083,0.039,-0.025,-0.007,2430,0
3723455,2.538,9.179,2.112,0.046,-0.021,-0.008,2431,0
3723475,2.540,9.196,2.124,0.045,-0.034,-0.003,2431,0
3723495,2.629,9.091,2.114,0.038,-0.038,-0.015,2431,0
3723515,2.660,9.060,2.121,0.047,-0.035,-0.029,2431,0
3723535,2.600,9.177,2.176,0.068,-0.033,-0.038,2432,0
3723555,2.540,9.433,2.212,0.078,-0.042,-0.020,2431,0
3723575,2.550,9.476,2.155,0.050,-0.050,0.006,2431,0
3723595,2.619,9.249,2.157,0.031,-0.044,0.015,2430,0
3723615,2.658,9.098,2.212,0.046,-0.041,0.007,2431,0
3723635,2.648,9.100,2.229,0.052,-0.049,-0.007,2431,0
3723655,2.598,9.230,2.210,0.047,-0.056,-0.017,2431,0
3723675,2.569,9.352,2.081,0.036,-0.056,-0.010,2433,0
3723695,2.569,9.282,2.054,0.022,-0.043,0.002,2431,0
3723715,2.569,9.153,2.085,0.035,-0.032,0.011,2432,0
3723735,2.569,9.060,2.186,0.042,-0.034,0.002,2430,0
3723755,2.595,9.062,2.179,0.046,-0.049,-0.009,2432,0
3723775,2.600,9.057,2.073,0.048,-0.056,-0.020,2430,0
3723795,2.588,9.160,2.004,0.049,-0.051,-0.028,2432,0
3723815,2.576,9.263,2.037,0.045,-0.044,-0.022,2431,0
3723835,2.586,9.309,2.059,0.047,-0.040,-0.014,2432,0
3723855,2.629,9.242,1.990,0.055,-0.038,-0.008,2432,0
3723875,2.670,9.220,1.999,0.062,-0.030,-0.009,2431,0
3723895,2.646,9.237,1.994,0.063,-0.019,-0.010,2431,0
3723915,2.588,9.263,2.126,0.065,-0.015,-0.003,2430,0
3723935,2.574,9.258,2.219,0.077,-0.032,0.007,2431,0
3723955,2.638,9.199,2.186,0.062,-0.047,0.009,2431,0
3723975,2.691,9.151,2.100,0.055,-0.044,-0.000,2431,0
3723995,2.665,9.220,2.059,0.056,-0.033,-0.001,2431,0
3724015,2.612,9.246,2.112,0.043,-0.025,-0.001,2431,0
3724035,2.557,9.275,2.172,0.042,-0.026,-0.002,2430,0
3724055,2.569,9.275,2.157,0.039,-0.034,0.001,2431,0
3724075,2.593,9.230,2.083,0.033,-0.035,-0.001,2431,0
3724095,2.595,9.273,2.059,0.038,-0.029,0.001,2431,0
3724115,2.545,9.275,2.069,0.044,-0.027,0.008,2431,0
3724135,2.562,9.258,2.114,0.027,-0.034,0.011,2431,0
3724155,2.535,9.146,2.131,0.025,-0.035,0.006,2431,0
3724175,2.531,9.117,2.107,0.045,-0.035,0.001,2431,0
3724195,2.528,9.179,2.124,0.041,-0.037,-0.003,2432,0
3724215,2.571,9.139,2.124,0.028,-0.040,-0.015,2431,0
3724235,2.595,9.098,2.131,0.035,-0.043,-0.020,2431,0
3724255,2.650,9.096,2.076,0.038,-0.046,-0.026,2431,0
3724275,2.631,9.143,2.059,0.039,-0.039,-0.031,2433,0
3724295,2.626,9.225,2.066,0.047,-0.035,-0.026,2432,0
3724315,2.634,9.294,2.078,0.048,-0.033,-0.020,2431,0
3724335,2.629,9.273,2.061,0.039,-0.038,-0.016,2432,0
3724355,2.653,9.234,2.030,0.037,-0.033,-0.015,2432,0
3724375,2.629,9.208,2.042,0.051,-0.022,-0.012,2432,0
3724395,2.619,9.282,2.109,0.056,-0.021,-0.011,2430,0
3724415,2.626,9.321,2.143,0.041,-0.023,-0.010,2431,0
3724435,2.641,9.292,2.107,0.037,-0.025,-0.001,2433,0
3724455,2.653,9.273,2.090,0.035,-0.020,0.005,2432,0
3724475,2.571,9.266,2.116,0.035,-0.016,0.011,2431,0
3724495,2.552,9.280,2.191,0.042,-0.029,0.016,2432,0
3724515,2.567,9.246,2.205,0.046,-0.043,0.020,2430,0
3724535,2.569,9.189,2.140,0.048,-0.056,0.020,2430,0
3724555,2.607,9.131,2.059,0.039,-0.053,0.015,2431,0
3724575,2.588,9.103,2.071,0.037,-0.038,0.002,2433,0
3724595,2.574,9.115,2.035,0.044,-0.027,-0.002,2432,0
3724615,2.607,9.136,2.016,0.035,-0.022,-0.010,2431,0
3724635,2.602,9.184,2.025,0.027,-0.014,-0.019,2432,0
3724655,2.588,9.268,2.088,0.038,-0.010,-0.013,2431,0
3724675,2.552,9.292,2.145,0.037,-0.016,-0.003,2432,0
3724695,2.593,9.249,2.188,0.029,-0.031,-0.002,2433,0
3724715,2.600,9.206,2.164,0.029,-0.034,-0.003,2432,0
3724735,2.602,9.177,2.140,0.040,-0.028,0.001,2431,0
3724755,2.583,9.194,2.167,0.041,-0.026,-0.005,2432,0
3724775,2.622,9.172,2.172,0.031,-0.031,-0.007,2432,0
3724795,2.617,9.155,2.102,0.024,-0.037,-0.008,2432,0
3724815,2.631,9.177,2.069,0.022,-0.039,-0.014,2432,0
3724835,2.557,9.275,2.090,0.034,-0.030,-0.010,2432,0
3724855,2.519,9.328,2.126,0.047,-0.033,0.004,2431,0
3724875,2.550,9.254,2.066,0.044,-0.043,0.018,2432,0
3724895,2.646,8.990,2.057,0.031,-0.051,0.007,2431,0
3724915,2.689,8.966,2.066,0.048,-0.044,-0.013,2432,0
3724935,2.612,9.103,2.085,0.068,-0.044,-0.026,2431,0
3724955,2.607,9.285,2.011,0.068,-0.050,-0.020,2432,0
3724975,2.643,9.323,1.951,0.047,-0.036,-0.016,2430,0
3724995,2.667,9.299,2.018,0.044,-0.015,-0.013,2434,0
3725015,2.648,9.349,2.172,0.049,0.000,-0.016,2432,0
3725035,2.504,9.495,2.409,0.069,-0.013,-0.017,2431,0
3725055,2.315,9.488,2.485,0.102,-0.067,0.008,2431,0
3725075,2.409,9.297,2.397,0.120,-0.132,0.029,2432,0
3725095,2.497,9.050,2.195,0.118,-0.153,0.024,2430,0
3725115,2.464,8.904,2.107,0.113,-0.154,0.025,2431,0
3725135,2.485,8.768,1.961,0.094,-0.152,0.027,2432,0
3725155,2.684,8.564,1.772,0.078,-0.140,-0.001,2430,0
3725175,2.787,8.624,1.652,0.068,-0.101,-0.073,2431,0
3725195,2.634,9.184,1.765,0.083,-0.064,-0.125,2430,0
3725215,2.449,9.771,1.966,0.077,-0.054,-0.106,2430,0
3725235,2.339,9.895,2.140,0.055,-0.068,-0.050,2430,0
3725255,2.430,9.553,2.198,0.053,-0.097,0.002,2431,0
3725275,2.686,9.170,2.064,0.082,-0.129,0.021,2430,0
3725295,2.794,9.136,1.956,0.095,-0.136,-0.010,2432,0
3725315,2.670,9.297,1.951,0.084,-0.127,-0.028,2432,0
3725335,2.746,9.244,1.863,0.084,-0.117,-0.010,2431,0
3725355,2.837,9.218,1.724,0.067,-0.077,-0.022,2431,0
3725375,2.732,9.309,1.776,0.031,-0.031,-0.038,2431,0
3725395,2.605,9.471,1.896,0.013,-0.008,-0.027,2431,0
3725415,2.519,9.414,1.987,0.003,-0.004,0.005,2432,0
3725435,2.502,9.146,2.073,0.007,-0.021,0.029,2432,0
3725455,2.614,8.906,1.956,0.028,-0.054,0.032,2432,0
3725475,2.784,8.818,1.805,0.060,-0.072,0.002,2432,0
3725495,2.650,9.067,1.688,0.075,-0.061,-0.044,2432,0
3725515,2.567,9.290,1.633,0.088,-0.053,-0.044,2431,0
3725535,2.571,9.421,1.642,0.091,-0.032,-0.041,2431,0
3725555,2.550,9.436,1.772,0.066,-0.009,-0.030,2431,0
3725575,2.531,9.321,1.918,0.060,-0.001,-0.012,2430,0
3725595,2.533,9.177,2.002,0.064,-0.004,-0.005,2431,0
3725615,2.562,9.081,2.045,0.065,-0.013,-0.009,2431,0
3725635,2.617,9.012,2.057,0.075,-0.029,-0.024,2432,0
3725655,2.593,9.167,2.061,0.098,-0.047,-0.048,2432,0
3725675,2.540,9.443,2.009,0.096,-0.056,-0.058,2431,0
3725695,2.516,9.527,1.923,0.076,-0.052,-0.052,2430,0
3725715,2.576,9.538,1.891,0.056,-0.035,-0.036,2431,0
3725735,2.588,9.543,1.920,0.025,-0.020,-0.014,2431,0
3725755,2.557,9.438,1.982,0.008,-0.023,0.009,2431,0
3725775,2.600,9.313,1.956,0.026,-0.032,0.032,2431,0
3725795,2.576,9.301,1.894,0.043,-0.034,0.031,2433,0
3725815,2.550,9.333,1.877,0.033,-0.031,0.023,2432,0
3725835,2.612,9.313,1.781,0.022,-0.023,0.024,2431,0
3725855,2.722,9.189,1.676,-0.013,0.009,0.021,2432,0
3725875,2.765,9.019,1.645,-0.051,0.060,-0.001,2431,0
3725895,2.725,8.995,1.786,-0.069,0.107,-0.021,2432,0
3725915,2.547,9.160,1.949,-0.067,0.116,-0.030,2431,0
3725935,2.413,9.328,2.085,-0.058,0.090,-0.029,2431,0
3725955,2.298,9.414,2.191,-0.014,0.044,-0.013,2431,0
3725975,2.289,9.433,2.191,0.043,-0.011,0.007,2432,0
3725995,2.394,9.349,2.081,0.076,-0.056,0.018,2431,0
3726015,2.497,9.249,1.932,0.075,-0.080,0.022,2432,0
3726035,2.631,9.086,1.908,0.076,-0.068,0.007,2431,0
3726055,2.612,9.115,1.863,0.073,-0.023,-0.009,2431,0
3726075,2.531,9.196,1.946,0.041,0.005,-0.027,2431,0
3726095,2.512,9.234,2.081,0.018,0.021,-0.041,2432,0
3726115,2.492,9.292,2.193,0.017,0.026,-0.042,2432,0
3726135,2.519,9.361,2.224,0.005,0.010,-0.039,2430,0
3726155,2.583,9.330,2.119,-0.023,-0.002,-0.042,2432,0
3726175,2.567,9.333,2.064,-0.015,-0.005,-0.037,2432,0
3726195,2.514,9.366,2.052,0.011,-0.008,-0.014,2432,0
3726215,2.531,9.316,2.116,0.020,-0.016,-0.000,2432,0
3726235,2.514,9.266,2.090,0.030,-0.030,0.008,2433,0
3726255,2.547,9.210,1.987,0.039,-0.047,0.011,2434,0
3726275,2.591,9.199,1.887,0.089,-0.031,0.009,2432,0
3726295,2.531,9.337,1.822,0.076,-0.014,0.014,2432,0
3726315,2.533,9.306,1.942,0.026,-0.005,0.001,2431,0
3726335,2.526,9.234,2.114,0.032,-0.003,-0.008,2432,0
3726355,2.473,9.148,2.150,0.024,-0.003,0.003,2433,0
3726375,2.535,9.139,2.119,0.038,-0.007,0.001,2432,0
3726395,2.557,9.129,2.148,0.039,-0.002,0.006,2433,0
3726415,2.569,9.062,2.203,0.046,-0.009,-0.004,2432,0
3726435,2.538,9.196,2.172,0.054,-0.026,-0.008,2432,0
3726455,2.483,9.285,2.114,0.047,-0.047,-0.001,2432,0
3726475,2.483,9.328,1.901,0.043,-0.049,0.001,2433,0
3726495,2.452,9.333,1.882,0.044,-0.031,0.014,2433,0
3726515,2.497,9.251,1.882,0.047,-0.013,0.015,2432,0
3726535,2.500,9.242,2.011,0.050,-0.005,0.003,2434,0
3726555,2.464,9.256,2.042,0.048,-0.004,0.002,2433,0
3726575,2.437,9.256,2.064,0.043,-0.010,0.001,2432,0
3726595,2.435,9.278,2.071,0.036,-0.011,0.001,2434,0
3726615,2.387,9.261,2.126,0.046,-0.012,0.005,2433,0
3726635,2.368,9.194,2.207,0.049,-0.022,0.010,2435,0
3726655,2.380,9.105,2.231,0.048,-0.047,0.009,2434,0
3726675,2.418,9.031,2.160,0.067,-0.054,-0.003,2434,0
3726695,2.423,9.134,2.097,0.095,-0.057,-0.013,2433,0
3726715,2.433,9.290,2.085,0.082,-0.060,-0.018,2433,0
3726735,2.480,9.297,2.124,0.058,-0.064,-0.018,2433,0
3726755,2.523,9.282,2.100,0.050,-0.074,-0.015,2433,0
3726775,2.571,9.251,2.023,0.039,-0.075,-0.013,2434,0
3726795,2.571,9.234,1.978,0.040,-0.060,-0.015,2432,0
3726815,2.538,9.280,2.030,0.047,-0.049,-0.011,2432,0
3726835,2.550,9.309,2.064,0.043,-0.048,-0.011,2433,0
3726855,2.555,9.275,2.066,0.038,-0.052,-0.015,2432,0
3726875,2.531,9.285,2.042,0.051,-0.059,-0.010,2432,0
3726895,2.547,9.270,1.985,0.051,-0.061,-0.009,2432,0
3726915,2.562,9.215,1.954,0.039,-0.054,-0.016,2432,0
3726935,2.523,9.179,1.920,0.059,-0.047,-0.011,2433,0
3726955,2.526,9.151,1.877,0.072,-0.041,-0.006,2433,0
3726975,2.586,9.108,1.877,0.072,-0.036,-0.017,2432,0
3726995,2.607,9.220,1.913,0.063,-0.036,-0.030,2432,0
3727015,2.559,9.397,1.906,0.037,-0.041,-0.035,2433,0
3727035,2.497,9.505,1.918,0.052,-0.041,-0.016,2433,0
3727055,2.473,9.565,1.896,0.076,-0.031,0.010,2432,0
3727075,2.519,9.498,1.997,0.066,-0.023,0.030,2432,0
3727095,2.559,9.273,2.097,0.048,-0.025,0.038,2431,0
3727115,2.562,9.158,2.121,0.050,-0.034,0.029,2431,0
3727135,2.545,9.215,2.093,0.054,-0.040,0.021,2431,0
3727155,2.488,9.292,2.011,0.042,-0.041,0.014,2432,0
3727175,2.473,9.354,2.023,0.023,-0.038,0.012,2432,0
3727195,2.449,9.309,2.088,0.017,-0.030,0.015,2432,0
3727215,2.514,9.227,2.100,0.042,-0.040,0.033,2431,0
3727235,2.600,9.124,2.076,0.051,-0.050,0.033,2431,0
3727255,2.586,9.103,1.949,0.025,-0.052,0.012,2432,0
3727275,2.516,9.134,1.920,0.012,-0.041,0.002,2431,0
3727295,2.461,9.112,1.923,0.027,-0.039,-0.000,2432,0
3727315,2.504,9.103,1.882,0.039,-0.041,-0.005,2433,0
3727335,2.576,9.081,1.858,0.040,-0.032,-0.021,2433,0
3727355,2.512,9.122,1.901,0.053,-0.022,-0.028,2432,0
3727375,2.507,9.256,1.930,0.063,-0.027,-0.028,2432,0
3727395,2.485,9.301,1.946,0.044,-0.029,-0.030,2431,0
3727415,2.471,9.304,2.028,0.045,-0.035,-0.027,2432,0
3727435,2.490,9.345,2.045,0.039,-0.039,-0.025,2432,0
3727455,2.514,9.282,2.071,0.035,-0.041,-0.021,2432,0
3727475,2.552,9.227,2.124,0.053,-0.049,-0.012,2431,0
3727495,2.600,9.220,2.059,0.055,-0.055,-0.016,2431,0
3727515,2.629,9.270,1.970,0.029,-0.059,-0.028,2432,0
3727535,2.545,9.337,1.966,0.018,-0.047,-0.031,2431,0
3727555,2.476,9.426,1.985,0.046,-0.041,-0.017,2431,0
3727575,2.437,9.469,2.006,0.056,-0.037,0.000,2433,0
3727595,2.440,9.404,1.987,0.043,-0.044,0.015,2431,0
3727615,2.449,9.301,1.997,0.023,-0.051,0.017,2432,0
3727635,2.514,9.100,2.004,0.013,-0.055,0.012,2431,0
3727655,2.504,8.997,2.112,0.026,-0.059,-0.005,2432,0
3727675,2.478,9.108,2.102,0.043,-0.072,-0.016,2431,0
3727695,2.471,9.227,2.033,0.042,-0.077,-0.024,2431,0
3727715,2.488,9.270,1.987,0.032,-0.066,-0.027,2432,0
3727735,2.497,9.275,2.021,0.017,-0.067,-0.025,2431,0
3727755,2.574,9.220,2.009,0.018,-0.069,-0.028,2431,0
3727775,2.576,9.311,2.002,0.041,-0.069,-0.027,2431,0
3727795,2.559,9.414,1.951,0.040,-0.071,-0.016,2432,0
3727815,2.600,9.285,1.923,0.018,-0.064,-0.010,2431,0
3727835,2.622,9.165,1.939,0.029,-0.056,-0.013,2430,0
3727855,2.614,9.213,1.968,0.042,-0.054,-0.013,2432,0
3727875,2.588,9.270,1.946,0.036,-0.058,-0.013,2431,0
3727895,2.571,9.285,1.906,0.031,-0.054,-0.011,2431,0
3727915,2.504,9.325,1.937,0.023,-0.046,-0.009,2431,0
3727935,2.521,9.230,1.937,0.028,-0.047,0.003,2431,0
3727955,2.591,9.155,1.973,0.044,-0.047,-0.003,2432,0
3727975,2.555,9.311,1.970,0.048,-0.038,-0.017,2431,0
3727995,2.495,9.366,1.937,0.045,-0.035,0.001,2431,0
3728015,2.512,9.287,1.970,0.045,-0.038,0.016,2431,0
3728035,2.523,9.165,2.047,0.031,-0.035,0.015,2432,0
3728055,2.533,9.012,2.047,0.040,-0.044,-0.000,2431,0
3728075,2.559,9.052,2.004,0.062,-0.050,-0.016,2431,0
3728095,2.500,9.280,1.951,0.055,-0.044,-0.032,2431,0
3728115,2.425,9.400,1.982,0.043,-0.038,-0.025,2431,0
3728135,2.447,9.400,2.049,0.048,-0.038,-0.007,2431,0
3728155,2.483,9.323,2.047,0.041,-0.046,-0.006,2431,0
3728175,2.535,9.227,1.997,0.031,-0.050,-0.008,2431,0
3728195,2.509,9.263,1.968,0.046,-0.045,-0.011,2432,0
3728215,2.497,9.268,1.927,0.050,-0.040,-0.008,2429,0
3728235,2.476,9.268,1.975,0.043,-0.036,-0.009,2431,0
3728255,2.514,9.239,1.978,0.059,-0.034,-0.003,2431,0
3728275,2.555,9.246,1.937,0.058,-0.028,-0.004,2430,0
3728295,2.569,9.196,1.911,0.042,-0.023,-0.008,2430,0
3728315,2.504,9.210,1.992,0.032,-0.019,-0.011,2431,0
3728335,2.478,9.191,2.030,0.036,-0.025,-0.009,2431,0
3728355,2.490,9.172,2.081,0.045,-0.037,-0.017,2431,0
3728375,2.488,9.215,2.021,0.056,-0.053,-0.027,2431,0
3728395,2.500,9.304,1.923,0.055,-0.053,-0.033,2431,0
3728415,2.502,9.371,1.853,0.046,-0.038,-0.032,2431,0
3728435,2.502,9.397,1.889,0.039,-0.024,-0.019,2430,0
3728455,2.509,9.364,1.997,0.042,-0.022,-0.003,2431,0
3728475,2.473,9.333,2.061,0.033,-0.030,0.000,2430,0
3728495,2.452,9.249,2.054,0.031,-0.047,0.002,2431,0
3728515,2.557,9.158,1.932,0.043,-0.052,-0.004,2430,0
3728535,2.634,9.167,1.860,0.048,-0.041,-0.021,2429,0
3728555,2.612,9.199,1.923,0.051,-0.027,-0.020,2430,0
3728575,2.583,9.297,1.944,0.045,-0.019,-0.019,2431,0
3728595,2.521,9.366,2.052,0.032,-0.014,-0.022,2431,0
3728615,2.449,9.419,2.088,0.050,-0.026,-0.003,2431,0
3728635,2.488,9.402,2.035,0.063,-0.035,0.012,2431,0
3728655,2.478,9.366,1.985,0.059,-0.035,0.016,2431,0
3728675,2.466,9.333,1.978,0.047,-0.038,0.016,2431,0
3728695,2.425,9.256,1.982,0.038,-0.038,0.018,2430,0
3728715,2.454,9.127,1.932,0.036,-0.044,0.014,2430,0
3728735,2.509,9.036,1.865,0.031,-0.038,0.002,2430,0
3728755,2.488,9.012,1.879,0.027,-0.023,-0.017,2431,0
3728775,2.413,9.100,1.915,0.042,-0.017,-0.029,2431,0
3728795,2.399,9.225,1.987,0.049,-0.021,-0.029,2431,0
3728815,2.444,9.249,2.025,0.039,-0.033,-0.033,2430,0
3728835,2.466,9.345,2.047,0.044,-0.037,-0.037,2433,0
3728855,2.471,9.443,2.061,0.054,-0.035,-0.029,2431,0
3728875,2.461,9.517,2.112,0.055,-0.039,-0.010,2431,0
3728895,2.502,9.438,2.126,0.043,-0.044,0.002,2430,0
3728915,2.531,9.369,2.138,0.039,-0.052,0.008,2430,0
3728935,2.521,9.345,2.128,0.031,-0.061,0.011,2431,0
3728955,2.492,9.309,2.097,0.014,-0.065,0.010,2431,0
3728975,2.464,9.234,2.049,0.009,-0.071,0.008,2430,0
3728995,2.519,9.146,1.939,0.014,-0.067,0.005,2431,0
3729015,2.514,9.069,1.935,0.023,-0.059,-0.007,2431,0
3729035,2.516,9.084,1.918,0.021,-0.051,-0.014,2430,0
3729055,2.528,9.088,1.911,0.023,-0.043,-0.022,2431,0
3729075,2.545,9.088,1.836,0.025,-0.044,-0.034,2429,0
3729095,2.550,9.177,1.750,0.032,-0.036,-0.047,2430,0
3729115,2.547,9.263,1.700,0.049,-0.019,-0.047,2431,0
3729135,2.555,9.359,1.724,0.062,-0.002,-0.032,2431,0
3729155,2.607,9.373,1.786,0.056,0.009,-0.019,2430,0
3729175,2.600,9.330,1.858,0.060,0.012,-0.007,2430,0
3729195,2.574,9.292,1.894,0.072,0.011,0.003,2430,0
3729215,2.519,9.347,1.937,0.085,0.009,0.007,2431,0
3729235,2.452,9.380,2.004,0.088,0.003,0.012,2430,0
3729255,2.454,9.385,2.045,0.086,0.001,0.016,2431,0
3729275,2.456,9.297,2.069,0.077,0.007,0.017,2430,0
3729295,2.437,9.244,2.071,0.076,0.012,0.013,2430,0
3729315,2.363,9.266,2.193,0.065,0.009,0.004,2430,0
3729335,2.337,9.321,2.229,0.056,-0.005,0.005,2430,0
3729355,2.354,9.301,2.212,0.050,-0.025,0.008,2429,0
3729375,2.375,9.239,2.155,0.045,-0.040,0.006,2431,0
3729395,2.382,9.210,2.107,0.039,-0.049,-0.001,2430,0
3729415,2.349,9.273,2.109,0.043,-0.058,-0.007,2430,0
3729435,2.349,9.270,2.061,0.039,-0.066,-0.007,2430,0
3729455,2.409,9.218,1.994,0.034,-0.074,-0.008,2431,0
3729475,2.461,9.203,1.927,0.033,-0.071,-0.017,2431,0
3729495,2.404,9.297,1.911,0.039,-0.058,-0.019,2432,0
3729515,2.356,9.342,1.944,0.041,-0.055,-0.009,2430,0
3729535,2.416,9.218,1.985,0.039,-0.062,-0.006,2431,0
3729555,2.480,9.093,1.937,0.047,-0.069,-0.016,2430,0
3729575,2.574,9.131,1.860,0.045,-0.076,-0.026,2430,0
3729595,2.557,9.167,1.820,0.035,-0.068,-0.042,2432,0
3729615,2.540,9.275,1.834,0.048,-0.059,-0.040,2430,0
3729635,2.555,9.347,1.829,0.056,-0.052,-0.034,2432,0
3729655,2.571,9.380,1.815,0.053,-0.050,-0.020,2432,0
3729675,2.583,9.352,1.753,0.051,-0.041,-0.014,2432,0
3729695,2.545,9.383,1.776,0.052,-0.029,-0.013,2430,0
3729715,2.468,9.397,1.844,0.060,-0.022,0.001,2432,0
3729735,2.433,9.373,1.920,0.069,-0.030,0.010,2432,0
3729755,2.473,9.280,1.968,0.070,-0.041,0.015,2432,0
3729775,2.509,9.251,1.906,0.071,-0.045,0.013,2432,0
3729795,2.478,9.287,1.860,0.064,-0.045,0.005,2431,0
3729815,2.444,9.342,1.877,0.064,-0.037,0.004,2432,0
3729835,2.404,9.340,1.899,0.059,-0.026,0.005,2431,0
3729855,2.413,9.237,1.949,0.052,-0.025,0.003,2431,0
3729875,2.473,9.136,2.042,0.047,-0.027,-0.003,2432,0
3729895,2.476,9.151,2.035,0.043,-0.033,-0.020,2431,0
3729915,2.392,9.316,2.021,0.034,-0.043,-0.028,2431,0
3729935,2.339,9.464,1.970,0.035,-0.055,-0.019,2430,0
3729955,2.327,9.479,1.932,0.035,-0.055,-0.008,2430,0
3729975,2.394,9.352,1.903,0.040,-0.055,0.003,2431,0
3729995,2.495,9.201,1.870,0.041,-0.056,0.004,2432,0
3730015,2.564,9.091,1.853,0.033,-0.050,-0.015,2431,0
3730035,2.552,9.170,1.798,0.021,-0.043,-0.031,2431,0
3730055,2.533,9.251,1.772,0.025,-0.031,-0.031,2431,0
3730075,2.492,9.376,1.788,0.036,-0.021,-0.027,2431,0
3730095,2.466,9.421,1.834,0.032,-0.021,-0.021,2431,0
3730115,2.538,9.352,1.844,0.032,-0.023,-0.012,2430,0
3730135,2.559,9.294,1.846,0.043,-0.024,-0.007,2431,0
3730155,2.516,9.337,1.853,0.052,-0.024,-0.002,2431,0
3730175,2.454,9.404,1.877,0.046,-0.019,0.002,2431,0
3730195,2.423,9.361,1.930,0.044,-0.014,0.004,2431,0
3730215,2.409,9.311,1.987,0.051,-0.019,0.011,2431,0
3730235,2.435,9.232,1.987,0.048,-0.023,0.013,2430,0
3730255,2.421,9.187,2.009,0.052,-0.034,0.010,2431,0
3730275,2.435,9.191,2.011,0.050,-0.037,0.005,2428,0
3730295,2.428,9.227,1.987,0.044,-0.038,-0.007,2432,0
3730315,2.413,9.299,1.990,0.046,-0.044,-0.007,2431,0
3730335,2.421,9.359,1.968,0.047,-0.044,-0.003,2432,0
3730355,2.440,9.376,1.954,0.053,-0.043,0.003,2431,0
3730375,2.442,9.333,1.939,0.049,-0.041,0.010,2431,0
3730395,2.468,9.215,1.911,0.042,-0.040,0.007,2431,0
3730415,2.471,9.139,1.882,0.039,-0.040,0.001,2431,0
3730435,2.442,9.170,1.851,0.046,-0.044,-0.006,2432,0
3730455,2.442,9.239,1.836,0.039,-0.037,-0.012,2432,0
3730475,2.466,9.208,1.887,0.039,-0.034,-0.014,2431,0
3730495,2.497,9.234,1.853,0.038,-0.039,-0.026,2431,0
3730515,2.500,9.316,1.824,0.028,-0.035,-0.039,2431,0
3730535,2.440,9.457,1.848,0.030,-0.030,-0.030,2431,0
3730555,2.447,9.507,1.867,0.039,-0.024,-0.013,2432,0
3730575,2.478,9.517,1.791,0.028,-0.015,-0.001,2431,0
3730595,2.447,9.342,1.918,0.017,-0.014,0.001,2431,0
3730615,2.394,9.323,1.944,0.029,-0.015,0.006,2431,0
3730635,2.351,9.280,1.935,0.019,-0.023,0.006,2431,0
3730655,2.370,9.218,1.982,0.012,-0.034,-0.003,2432,0
3730675,2.435,9.143,1.946,0.031,-0.036,-0.012,2433,0
3730695,2.514,9.167,1.887,0.042,-0.035,-0.017,2431,0
3730715,2.543,9.232,1.832,0.031,-0.021,-0.030,2432,0
3730735,2.478,9.359,1.891,0.026,-0.008,-0.038,2433,0
3730755,2.476,9.414,1.949,0.024,-0.006,-0.024,2433,0
3730775,2.512,9.354,1.985,0.025,-0.011,-0.013,2432,0
3730795,2.588,9.242,2.014,0.044,-0.026,-0.009,2431,0
3730815,2.547,9.299,2.021,0.033,-0.013,-0.012,2432,0
3730835,2.502,9.366,2.037,0.028,-0.022,-0.010,2431,0
3730855,2.440,9.388,1.982,0.021,-0.024,-0.005,2432,0
3730875,2.447,9.337,1.899,0.029,-0.024,0.004,2430,0
3730895,2.459,9.313,1.930,0.037,-0.014,0.008,2430,0
3730915,2.485,9.297,1.970,0.036,-0.014,0.006,2432,0
3730935,2.466,9.321,1.958,0.030,-0.015,0.005,2432,0
3730955,2.437,9.345,1.920,0.035,-0.020,0.014,2431,0
3730975,2.428,9.328,1.908,0.031,-0.018,0.018,2431,0
3730995,2.404,9.278,1.879,0.031,-0.008,0.017,2431,0
3731015,2.406,9.227,1.918,0.038,0.001,0.019,2432,0
3731035,2.423,9.177,1.973,0.041,-0.002,0.012,2431,0
3731055,2.454,9.196,1.982,0.032,-0.007,0.002,2432,0
3731075,2.430,9.222,2.018,0.026,-0.001,-0.003,2432,0
3731095,2.394,9.258,2.069,0.026,-0.002,-0.006,2433,0
3731115,2.385,9.268,2.059,0.023,-0.011,-0.006,2431,0
3731135,2.416,9.251,2.004,0.033,-0.021,-0.004,2431,0
3731155,2.440,9.280,1.958,0.033,-0.024,-0.003,2431,0
3731175,2.466,9.270,1.966,0.033,-0.022,-0.002,2430,0
3731195,2.435,9.330,2.004,0.043,-0.023,-0.003,2431,0
3731215,2.442,9.397,2.025,0.031,-0.025,0.002,2430,0
3731235,2.421,9.357,2.037,0.027,-0.029,0.002,2431,0
3731255,2.430,9.419,2.071,0.021,-0.031,0.013,2430,0
3731275,2.435,9.311,2.126,0.005,-0.026,0.019,2428,0
3731295,2.435,9.203,2.172,0.023,-0.031,0.017,2430,0
3731315,2.433,9.215,2.126,0.036,-0.034,0.010,2429,0
3731335,2.433,9.242,2.088,0.036,-0.037,0.003,2429,0
3731355,2.418,9.256,2.018,0.031,-0.037,0.005,2430,0
3731375,2.404,9.266,2.040,0.020,-0.033,0.005,2429,0
3731395,2.368,9.213,2.023,0.017,-0.034,0.008,2431,0
3731415,2.418,9.179,2.021,0.023,-0.039,0.002,2429,0
3731435,2.444,9.165,2.009,0.025,-0.038,-0.002,2430,0
3731455,2.449,9.141,2.028,0.031,-0.044,-0.012,2430,0
3731475,2.473,9.208,2.002,0.031,-0.045,-0.013,2429,0
3731495,2.430,9.273,2.045,0.033,-0.044,-0.012,2429,0
3731515,2.416,9.345,2.047,0.043,-0.045,-0.004,2430,0
3731535,2.421,9.333,2.069,0.037,-0.049,0.002,2430,0
3731555,2.476,9.242,2.116,0.030,-0.059,0.006,2429,0
3731575,2.473,9.167,2.155,0.025,-0.059,-0.003,2431,0
3731595,2.435,9.194,2.126,0.038,-0.068,-0.006,2429,0
3731615,2.428,9.273,2.102,0.035,-0.072,-0.004,2430,0
3731635,2.440,9.258,2.109,0.023,-0.067,-0.003,2430,0
3731655,2.416,9.218,2.191,0.023,-0.069,-0.003,2429,0
3731675,2.411,9.239,2.239,0.021,-0.087,-0.007,2429,0
3731695,2.428,9.234,2.215,0.020,-0.099,-0.010,2428,0
3731715,2.425,9.249,2.217,0.027,-0.102,-0.009,2428,0
3731735,2.468,9.273,2.344,0.017,-0.113,-0.011,2428,0
3731755,2.447,9.397,2.485,-0.014,-0.133,-0.009,2428,0
3731775,2.440,9.294,2.521,-0.040,-0.154,0.003,2428,0
3731795,2.428,9.208,2.526,-0.031,-0.170,0.006,2428,0
3731815,2.389,9.206,2.440,-0.027,-0.189,-0.001,2429,0
3731835,2.430,9.273,2.272,-0.038,-0.212,-0.021,2429,0
3731855,2.394,9.373,2.162,-0.033,-0.225,-0.035,2427,0
3731875,2.365,9.538,2.049,-0.013,-0.230,-0.014,2428,0
3731895,2.380,9.479,1.963,-0.022,-0.230,0.014,2427,0
3731915,2.500,9.251,1.903,-0.030,-0.217,0.028,2426,0
3731935,2.550,9.064,1.891,-0.014,-0.206,0.030,2427,0
3731955,2.555,9.067,1.858,0.001,-0.199,0.026,2425,0
3731975,2.562,9.136,1.827,0.009,-0.187,0.024,2428,0
3731995,2.540,9.196,1.865,0.016,-0.165,0.022,2426,0
3732015,2.531,9.230,1.879,0.017,-0.147,0.019,2424,0
3732035,2.509,9.208,2.073,0.025,-0.147,0.024,2426,0
3732055,2.579,9.009,2.160,0.032,-0.159,0.031,2426,0
3732075,2.674,8.897,2.184,0.039,-0.172,0.014,2426,0
3732095,2.715,8.911,2.191,0.032,-0.176,-0.017,2424,0
3732115,2.710,9.258,2.105,-0.035,-0.187,-0.014,2423,0
3732135,2.777,9.050,2.160,-0.098,-0.194,-0.029,2425,0
3732155,2.784,8.959,2.138,-0.059,-0.185,-0.043,2424,0
3732175,2.756,9.021,2.100,0.031,-0.179,-0.032,2424,0
3732195,2.739,9.222,2.014,0.061,-0.174,-0.024,2423,0
3732215,2.777,9.443,1.887,-0.079,-0.193,-0.038,2422,0
3732235,2.914,9.330,1.978,-0.236,-0.197,-0.066,2423,0
3732255,2.931,9.127,2.035,-0.175,-0.170,-0.086,2425,0
3732275,2.849,9.325,2.045,0.071,-0.120,-0.042,2425,0
3732295,2.739,9.697,1.891,0.176,-0.084,0.011,2425,0
3732315,2.679,9.787,1.836,0.102,-0.069,0.030,2424,0
3732335,2.619,9.440,1.872,-0.003,-0.069,0.052,2423,0
3732355,2.514,9.057,2.095,0.007,-0.079,0.065,2422,0
3732375,2.425,8.952,2.289,0.095,-0.102,0.080,2421,0
3732395,2.361,9.112,2.277,0.180,-0.128,0.100,2419,0
3732415,2.401,9.189,2.119,0.181,-0.155,0.118,2419,0
3732435,2.485,8.995,2.054,0.187,-0.165,0.137,2418,0
3732455,2.571,8.954,2.025,0.220,-0.162,0.141,2418,0
3732475,2.641,8.875,1.999,0.210,-0.141,0.137,2418,0
3732495,2.768,8.607,2.107,0.176,-0.130,0.107,2417,0
3732515,2.916,8.377,2.150,0.177,-0.113,0.058,2417,0
3732535,3.002,8.552,2.184,0.201,-0.092,0.002,2418,0
3732555,2.978,8.839,2.150,0.168,-0.082,-0.051,2417,0
3732575,2.904,8.993,2.143,0.120,-0.091,-0.075,2417,0
3732595,2.935,9.069,2.078,0.087,-0.122,-0.081,2419,0
3732615,3.026,9.009,1.970,0.087,-0.139,-0.090,2416,0
3732635,3.045,9.139,1.762,0.147,-0.136,-0.089,2417,0
3732655,2.964,9.380,1.537,0.180,-0.122,-0.087,2415,0
3732675,2.923,9.579,1.444,0.157,-0.119,-0.077,2415,0
3732695,2.880,9.646,1.482,0.153,-0.116,-0.040,2415,0
3732715,2.811,9.615,1.508,0.156,-0.109,-0.002,2414,0
3732735,2.796,9.538,1.504,0.171,-0.105,0.027,2414,0
3732755,2.885,9.400,1.441,0.181,-0.094,0.045,2415,0
3732775,2.928,9.299,1.396,0.176,-0.073,0.046,2414,0
3732795,2.883,9.239,1.429,0.158,-0.062,0.037,2415,0
3732815,2.794,9.189,1.518,0.149,-0.074,0.035,2414,0
3732835,2.749,9.170,1.528,0.164,-0.095,0.039,2414,0
3732855,2.796,9.136,1.441,0.185,-0.106,0.030,2415,0
3732875,2.825,9.215,1.381,0.174,-0.105,0.020,2415,0
3732895,2.871,9.184,1.374,0.143,-0.106,0.008,2413,0
3732915,2.950,9.189,1.295,0.131,-0.100,-0.005,2415,0
3732935,2.998,9.146,1.274,0.115,-0.082,-0.018,2414,0
3732955,2.954,9.203,1.274,0.112,-0.070,-0.035,2414,0
3732975,2.959,9.249,1.250,0.089,-0.060,-0.052,2414,0
3732995,3.005,9.278,1.168,0.074,-0.045,-0.064,2413,0
3733015,3.043,9.273,1.147,0.056,-0.026,-0.072,2415,0
3733035,3.005,9.364,1.334,0.032,-0.009,-0.080,2415,0
3733055,2.866,9.404,1.551,0.023,-0.019,-0.071,2414,0
3733075,2.811,9.469,1.592,0.043,-0.047,-0.054,2415,0
3733095,2.820,9.481,1.506,0.045,-0.068,-0.042,2415,0
3733115,2.801,9.392,1.480,0.045,-0.085,-0.037,2414,0
3733135,2.794,9.349,1.410,0.046,-0.095,-0.039,2414,0
3733155,2.851,9.316,1.365,0.048,-0.098,-0.041,2415,0
3733175,2.885,9.352,1.262,0.041,-0.092,-0.054,2415,0
3733195,2.914,9.359,1.168,0.023,-0.075,-0.062,2415,0
3733215,2.895,9.340,1.180,0.019,-0.048,-0.059,2415,0
3733235,2.859,9.330,1.221,0.011,-0.025,-0.056,2414,0
3733255,2.811,9.349,1.415,0.005,-0.021,-0.056,2415,0
3733275,2.761,9.383,1.513,0.002,-0.030,-0.054,2414,0
3733295,2.679,9.313,1.549,-0.001,-0.033,-0.050,2414,0
3733315,2.670,9.112,1.583,0.007,-0.041,-0.052,2414,0
3733335,2.732,8.945,1.566,0.001,-0.045,-0.070,2414,0
3733355,2.737,8.873,1.626,-0.013,-0.055,-0.101,2414,0
3733375,2.713,8.938,1.602,-0.006,-0.080,-0.125,2414,0
3733395,2.705,9.122,1.472,-0.010,-0.101,-0.142,2414,0
3733415,2.614,9.369,1.259,-0.019,-0.107,-0.148,2414,0
3733435,2.569,9.519,1.173,-0.002,-0.096,-0.129,2414,0
3733455,2.538,9.625,1.077,0.004,-0.080,-0.107,2415,0
3733475,2.626,9.574,1.030,0.002,-0.078,-0.091,2415,0
3733495,2.732,9.493,0.991,0.006,-0.064,-0.090,2416,0
3733515,2.859,9.455,0.910,0.022,-0.028,-0.092,2415,0
3733535,2.883,9.555,1.018,0.031,0.037,-0.084,2415,0
3733555,2.787,9.570,1.223,0.007,0.096,-0.060,2415,0
3733575,2.806,9.400,1.329,-0.054,0.125,-0.069,2415,0
3733595,2.878,9.134,1.487,-0.098,0.154,-0.105,2415,0
3733615,2.897,9.017,1.690,-0.065,0.163,-0.128,2416,0
3733635,2.789,9.210,1.726,-0.036,0.150,-0.131,2416,0
3733655,2.715,9.335,1.618,-0.070,0.130,-0.132,2414,0
3733675,2.650,9.282,1.556,-0.107,0.127,-0.145,2415,0
3733695,2.478,9.237,1.578,-0.095,0.127,-0.153,2415,0
3733715,2.270,9.397,1.664,-0.039,0.106,-0.146,2415,0
3733735,2.143,9.491,1.662,-0.031,0.075,-0.136,2415,0
3733755,2.069,9.354,1.693,-0.042,0.048,-0.139,2416,0
3733775,2.116,9.201,1.697,-0.065,0.026,-0.137,2415,0
3733795,2.181,9.002,1.681,-0.108,0.018,-0.165,2414,0
3733815,2.011,9.275,1.707,-0.209,0.014,-0.214,2415,0
3733835,1.877,9.172,2.042,-0.326,-0.025,-0.242,2415,0
3733855,1.829,8.871,2.143,-0.310,-0.055,-0.293,2413,0
3733875,1.834,8.746,2.212,-0.208,-0.074,-0.326,2415,0
3733895,1.858,8.662,2.315,-0.106,-0.078,-0.368,2415,0
3733915,1.846,8.648,2.404,-0.040,-0.087,-0.432,2415,0
3733935,1.946,8.720,2.411,-0.020,-0.112,-0.478,2415,0
3733955,2.088,8.701,2.315,-0.035,-0.109,-0.525,2414,0
3733975,1.980,8.938,2.382,-0.059,-0.094,-0.584,2415,0
3733995,1.798,9.282,2.349,-0.107,-0.097,-0.624,2415,0
3734015,1.686,9.517,2.399,-0.123,-0.103,-0.632,2414,0
3734035,1.537,9.646,2.480,-0.057,-0.101,-0.621,2415,0
3734055,1.346,9.974,2.540,-0.005,-0.120,-0.605,2415,0
3734075,1.116,10.324,2.504,-0.039,-0.163,-0.584,2415,0
3734095,0.871,10.635,2.464,-0.149,-0.227,-0.531,2415,0
3734115,0.804,10.623,2.533,-0.222,-0.302,-0.457,2415,0
3734135,0.845,10.465,2.430,-0.212,-0.345,-0.344,2415,0
3734155,0.939,10.183,2.258,-0.234,-0.367,-0.272,2415,0
3734175,1.097,9.725,2.263,-0.254,-0.347,-0.253,2415,0
3734195,1.178,9.428,2.145,-0.204,-0.271,-0.249,2416,0
3734215,1.147,9.311,2.198,-0.181,-0.188,-0.263,2415,0
3734235,1.037,9.268,2.286,-0.194,-0.144,-0.275,2414,0
3734255,0.991,9.309,2.286,-0.191,-0.125,-0.270,2415,0
3734275,1.034,9.421,2.356,-0.175,-0.094,-0.277,2414,0
3734295,0.857,9.538,2.468,-0.170,-0.061,-0.289,2414,0
3734315,0.773,9.682,2.665,-0.136,-0.063,-0.272,2413,0
3734335,0.558,9.950,2.770,-0.088,-0.057,-0.248,2413,0
3734355,0.204,10.331,2.784,-0.093,-0.022,-0.223,2413,0
3734375,-0.103,10.525,2.899,-0.163,0.021,-0.171,2413,0
3734395,-0.017,10.029,3.100,-0.229,0.045,-0.091,2412,0
3734415,0.263,9.404,3.196,-0.273,0.059,-0.051,2412,0
3734435,0.436,8.830,3.201,-0.309,0.062,-0.067,2412,0
3734455,0.563,8.557,3.163,-0.255,0.048,-0.085,2412,0
3734475,0.529,8.696,3.079,-0.106,0.044,-0.084,2411,0
3734495,0.364,9.129,2.837,0.004,0.033,-0.047,2412,0
3734515,0.175,9.503,2.595,0.010,0.022,-0.009,2412,0
3734535,0.034,9.586,2.442,-0.069,0.021,0.021,2412,0
3734555,-0.036,9.349,2.358,-0.096,0.031,0.045,2411,0
3734575,-0.084,9.115,2.389,-0.009,0.053,0.072,2413,0
3734595,-0.096,8.916,2.409,0.126,0.101,0.083,2414,0
3734615,-0.218,8.935,2.523,0.210,0.155,0.065,2413,0
3734635,-0.378,9.002,2.749,0.224,0.172,0.047,2413,0
3734655,-0.508,9.124,2.866,0.177,0.166,0.039,2411,0
3734675,-0.555,9.167,2.904,0.019,0.154,0.015,2412,0
3734695,-0.520,8.921,3.079,-0.109,0.151,-0.036,2412,0
3734715,-0.508,9.060,3.306,-0.136,0.153,-0.073,2413,0
3734735,-0.615,9.009,3.615,-0.101,0.151,-0.084,2412,0
3734755,-0.656,9.220,3.917,0.054,0.132,-0.039,2412,0
3734775,-0.608,9.649,3.905,0.151,0.104,0.014,2413,0
3734795,-0.563,9.953,3.737,0.105,0.014,0.041,2415,0
3734815,-0.330,9.347,3.687,-0.066,-0.060,-0.014,2412,0
3734835,-0.141,8.906,3.642,-0.046,-0.099,-0.058,2411,0
3734855,-0.062,8.897,3.505,0.038,-0.119,-0.065,2411,0
3734875,-0.103,9.105,3.242,0.086,-0.134,-0.052,2411,0
3734895,-0.074,9.323,3.000,0.084,-0.135,-0.029,2412,0
3734915,-0.077,9.335,2.851,0.028,-0.124,-0.026,2414,0
3734935,-0.005,9.194,2.816,-0.019,-0.118,-0.037,2414,0
3734955,0.038,9.108,2.854,0.003,-0.102,-0.053,2413,0
3734975,0.026,9.139,2.796,0.064,-0.083,-0.053,2414,0
3734995,0.053,9.294,2.883,0.064,-0.061,-0.076,2413,0
3735015,-0.122,9.412,3.096,0.007,-0.038,-0.108,2413,0
3735035,-0.168,9.361,3.349,0.014,-0.045,-0.087,2413,0
3735055,0.000,9.213,3.385,0.060,-0.059,-0.056,2413,0
3735075,0.158,9.081,3.311,0.060,-0.072,-0.065,2413,0
3735095,0.235,9.148,3.239,0.037,-0.078,-0.083,2413,0
3735115,0.204,9.251,3.168,0.032,-0.076,-0.078,2413,0
3735135,0.175,9.404,3.053,0.041,-0.078,-0.060,2414,0
3735155,0.247,9.419,2.914,0.031,-0.079,-0.046,2412,0
3735175,0.280,9.366,2.926,0.030,-0.066,-0.040,2414,0
3735195,0.259,9.294,2.952,0.056,-0.054,-0.035,2414,0
3735215,0.232,9.335,2.990,0.086,-0.047,-0.024,2413,0
3735235,0.182,9.335,2.921,0.094,-0.033,-0.008,2414,0
3735255,0.201,9.256,2.921,0.101,-0.017,0.009,2414,0
3735275,0.273,8.959,2.820,0.164,0.022,0.006,2414,0
3735295,0.192,9.076,2.818,0.258,0.072,0.005,2414,0
3735315,-0.120,9.634,2.959,0.244,0.081,-0.005,2414,0
3735335,-0.385,10.060,3.124,0.077,0.031,0.012,2415,0
3735355,-0.352,9.644,3.282,-0.035,-0.022,0.031,2414,0
3735375,-0.297,9.242,3.395,0.045,-0.044,0.044,2414,0
3735395,-0.256,9.148,3.321,0.144,-0.076,0.055,2415,0
3735415,-0.113,9.122,3.199,0.145,-0.112,0.039,2413,0
3735435,0.024,9.160,3.041,0.107,-0.122,0.015,2414,0
3735455,0.096,9.170,2.940,0.077,-0.103,-0.003,2414,0
3735475,0.110,9.170,2.897,0.060,-0.083,-0.020,2413,0
3735495,0.146,9.220,2.907,0.069,-0.069,-0.031,2414,0
3735515,0.146,9.328,2.840,0.072,-0.058,-0.036,2413,0
3735535,0.101,9.529,2.782,0.066,-0.059,-0.027,2414,0
3735555,0.124,9.582,2.732,0.066,-0.058,-0.005,2413,0
3735575,0.156,9.555,2.672,0.091,-0.045,0.017,2413,0
3735595,0.180,9.527,2.646,0.108,-0.030,0.031,2413,0
3735615,0.172,9.503,2.641,0.092,-0.019,0.039,2414,0
3735635,0.220,9.385,2.646,0.069,-0.001,0.042,2413,0
3735655,0.182,9.357,2.710,0.070,0.027,0.038,2414,0
3735675,0.072,9.383,2.875,0.076,0.050,0.039,2414,0
3735695,-0.014,9.416,2.990,0.041,0.053,0.045,2412,0
3735715,-0.034,9.237,3.127,0.041,0.036,0.035,2413,0
3735735,-0.010,9.191,3.115,0.050,0.007,0.028,2411,0
3735755,-0.017,9.151,3.026,0.044,-0.014,0.028,2413,0
3735775,-0.038,9.333,2.962,0.073,-0.029,0.017,2414,0
3735795,-0.098,9.505,2.892,0.087,-0.033,0.023,2414,0
3735815,-0.148,9.510,2.804,0.083,-0.038,0.031,2412,0
3735835,-0.077,9.416,2.737,0.074,-0.035,0.041,2415,0
3735855,-0.022,9.287,2.837,0.068,-0.021,0.033,2414,0
3735875,0.014,9.201,3.012,0.070,-0.025,0.025,2414,0
3735895,0.026,9.194,3.108,0.076,-0.043,0.011,2414,0
3735915,0.077,9.232,3.031,0.068,-0.061,-0.004,2413,0
3735935,0.077,9.304,2.990,0.072,-0.066,-0.010,2415,0
3735955,0.091,9.416,2.921,0.077,-0.072,-0.005,2415,0
3735975,0.141,9.459,2.813,0.073,-0.073,0.009,2415,0
3735995,0.247,9.450,2.703,0.050,-0.071,0.011,2414,0
3736015,0.287,9.416,2.634,0.018,-0.052,-0.003,2414,0
3736035,0.251,9.388,2.672,0.019,-0.032,-0.007,2414,0
3736055,0.213,9.419,2.768,0.046,-0.028,0.006,2414,0
3736075,0.194,9.407,2.782,0.055,-0.037,0.013,2414,0
3736095,0.168,9.392,2.751,0.047,-0.042,0.007,2413,0
3736115,0.134,9.369,2.734,0.052,-0.041,0.004,2415,0
3736135,0.108,9.378,2.772,0.068,-0.039,0.007,2414,0
3736155,0.079,9.385,2.806,0.070,-0.038,0.017,2415,0
3736175,0.084,9.354,2.820,0.073,-0.043,0.023,2414,0
3736195,0.113,9.316,2.777,0.060,-0.041,0.016,2415,0
3736215,0.098,9.313,2.758,0.038,-0.039,0.001,2413,0
3736235,0.048,9.323,2.885,0.037,-0.040,-0.003,2415,0
3736255,0.010,9.376,2.923,0.055,-0.053,-0.001,2415,0
3736275,0.055,9.337,2.883,0.067,-0.070,0.009,2416,0
3736295,0.110,9.268,2.806,0.086,-0.071,0.005,2415,0
3736315,0.103,9.330,2.777,0.088,-0.066,-0.001,2414,0
3736335,0.101,9.273,2.792,0.066,-0.070,-0.013,2413,0
3736355,0.146,9.254,2.758,0.058,-0.070,-0.024,2414,0
3736375,0.227,9.266,2.636,0.052,-0.063,-0.033,2414,0
3736395,0.261,9.397,2.614,0.039,-0.042,-0.050,2414,0
3736415,0.192,9.519,2.705,0.039,-0.028,-0.044,2413,0
3736435,0.220,9.519,2.753,0.058,-0.025,-0.026,2415,0
3736455,0.285,9.462,2.753,0.063,-0.024,-0.017,2413,0
3736475,0.316,9.459,2.746,0.056,-0.018,-0.018,2415,0
3736495,0.261,9.474,2.758,0.040,-0.017,-0.019,2416,0
3736515,0.220,9.457,2.792,0.042,-0.019,-0.002,2414,0
3736535,0.223,9.345,2.698,0.058,-0.023,0.006,2415,0
3736555,0.232,9.184,2.552,0.132,-0.006,-0.001,2414,0
3736575,0.093,9.366,2.653,0.155,-0.007,-0.005,2414,0
3736595,-0.012,9.227,2.746,0.154,-0.014,-0.008,2415,0
3736615,-0.091,9.450,2.648,0.184,-0.021,-0.013,2414,0
3736635,-0.057,9.598,2.528,0.126,-0.028,-0.005,2414,0
3736655,-0.024,9.589,2.579,0.003,-0.034,-0.024,2413,0
3736675,-0.012,9.357,2.784,-0.014,-0.032,-0.026,2415,0
3736695,-0.012,9.333,2.844,0.072,-0.032,-0.013,2415,0
3736715,0.014,9.431,2.796,0.100,-0.045,-0.008,2413,0
3736735,0.067,9.469,2.710,0.047,-0.061,-0.022,2414,0
3736755,0.139,9.448,2.689,-0.012,-0.071,-0.035,2415,0
3736775,0.170,9.371,2.701,0.001,-0.064,-0.035,2415,0
3736795,0.160,9.407,2.631,0.064,-0.058,-0.017,2414,0
3736815,0.213,9.488,2.531,0.096,-0.053,-0.004,2413,0
3736835,0.244,9.500,2.454,0.074,-0.037,-0.008,2415,0
3736855,0.215,9.505,2.519,0.046,-0.020,-0.013,2415,0
3736875,0.170,9.464,2.593,0.047,-0.013,-0.007,2415,0
3736895,0.141,9.491,2.629,0.070,-0.011,0.006,2415,0
3736915,0.122,9.522,2.593,0.076,-0.014,0.011,2415,0
3736935,0.170,9.531,2.629,0.059,-0.006,0.014,2416,0
3736955,0.132,9.443,2.693,0.051,-0.006,0.017,2414,0
3736975,0.129,9.383,2.729,0.037,-0.020,0.020,2415,0
3736995,0.122,9.306,2.684,0.022,-0.029,0.009,2415,0
3737015,0.098,9.304,2.557,0.043,-0.024,0.001,2415,0
3737035,0.072,9.443,2.576,0.057,-0.015,-0.005,2415,0
3737055,0.026,9.522,2.631,0.046,-0.022,-0.002,2415,0
3737075,0.043,9.488,2.684,0.037,-0.033,0.002,2416,0
3737095,0.062,9.457,2.701,0.043,-0.041,0.005,2415,0
3737115,0.091,9.452,2.741,0.063,-0.047,0.013,2413,0
3737135,0.124,9.448,2.691,0.067,-0.051,0.015,2414,0
3737155,0.156,9.419,2.641,0.050,-0.049,0.009,2416,0
3737175,0.139,9.433,2.550,0.032,-0.043,0.000,2414,0
3737195,0.098,9.431,2.557,0.017,-0.037,-0.003,2412,0
3737215,0.081,9.407,2.624,0.012,-0.023,-0.006,2414,0
3737235,0.026,9.392,2.650,0.031,-0.023,-0.004,2416,0
3737255,0.065,9.390,2.626,0.030,-0.035,0.001,2414,0
3737275,0.129,9.313,2.622,0.014,-0.038,-0.012,2416,0
3737295,0.115,9.306,2.595,0.036,-0.033,-0.017,2415,0
3737315,0.069,9.433,2.660,0.058,-0.028,-0.010,2416,0
3737335,0.074,9.414,2.648,0.043,-0.036,-0.011,2415,0
3737355,0.151,9.373,2.602,0.034,-0.041,-0.019,2415,0
3737375,0.180,9.400,2.607,0.039,-0.032,-0.022,2415,0
3737395,0.120,9.503,2.607,0.033,-0.025,-0.027,2415,0
3737415,0.091,9.562,2.626,0.025,-0.027,-0.018,2415,0
3737435,0.132,9.488,2.648,0.027,-0.033,-0.003,2415,0
3737455,0.187,9.433,2.614,0.042,-0.030,0.002,2415,0
3737475,0.156,9.450,2.634,0.044,-0.029,0.005,2415,0
3737495,0.148,9.400,2.665,0.034,-0.033,0.005,2415,0
3737515,0.136,9.335,2.641,0.037,-0.033,0.001,2415,0
3737535,0.148,9.364,2.591,0.052,-0.032,-0.001,2415,0
3737555,0.127,9.459,2.588,0.049,-0.024,-0.001,2416,0
3737575,0.101,9.488,2.662,0.041,-0.029,0.002,2416,0
3737595,0.127,9.366,2.667,0.023,-0.027,0.002,2415,0
3737615,0.134,9.366,2.667,0.038,-0.022,-0.001,2415,0
3737635,0.113,9.369,2.650,0.052,-0.022,0.002,2416,0
3737655,0.084,9.392,2.710,0.045,-0.017,-0.002,2415,0
3737675,0.055,9.371,2.715,0.037,-0.025,-0.008,2415,0
3737695,0.084,9.400,2.677,0.037,-0.032,-0.013,2415,0
3737715,0.110,9.428,2.636,0.039,-0.031,-0.014,2415,0
3737735,0.072,9.448,2.624,0.051,-0.024,-0.006,2415,0
3737755,0.084,9.476,2.648,0.037,-0.020,-0.007,2415,0
3737775,0.086,9.412,2.732,0.024,-0.024,-0.008,2415,0
3737795,0.110,9.328,2.765,0.047,-0.034,-0.003,2415,0
3737815,0.108,9.373,2.679,0.064,-0.041,0.000,2415,0
3737835,0.060,9.445,2.638,0.052,-0.044,-0.003,2416,0
3737855,0.057,9.455,2.622,0.034,-0.045,-0.009,2416,0
3737875,0.093,9.395,2.636,0.042,-0.041,-0.005,2415,0
3737895,0.105,9.354,2.583,0.058,-0.032,-0.001,2414,0
3737915,0.124,9.361,2.538,0.050,-0.026,-0.008,2416,0
3737935,0.117,9.380,2.607,0.040,-0.014,-0.020,2415,0
3737955,0.065,9.426,2.641,0.049,-0.011,-0.014,2414,0
3737975,0.074,9.436,2.660,0.056,-0.021,-0.004,2415,0
3737995,0.124,9.373,2.672,0.054,-0.024,-0.007,2415,0
3738015,0.124,9.390,2.614,0.055,-0.028,-0.014,2416,0
3738035,0.108,9.443,2.665,0.041,-0.025,-0.017,2416,0
3738055,0.045,9.450,2.751,0.050,-0.025,-0.018,2416,0
3738075,0.057,9.522,2.804,0.064,-0.041,-0.006,2416,0
3738095,0.093,9.481,2.650,0.071,-0.041,-0.001,2415,0
3738115,0.113,9.519,2.622,0.059,-0.040,0.001,2415,0
3738135,0.108,9.459,2.658,0.037,-0.044,-0.003,2415,0
3738155,0.093,9.428,2.650,0.042,-0.050,-0.001,2415,0
3738175,0.096,9.474,2.595,0.049,-0.046,0.001,2416,0
3738195,0.115,9.416,2.569,0.043,-0.038,0.002,2415,0
3738215,0.127,9.373,2.619,0.039,-0.030,-0.003,2416,0
3738235,0.084,9.371,2.638,0.032,-0.031,-0.006,2415,0
3738255,0.089,9.383,2.626,0.034,-0.037,-0.010,2416,0
3738275,0.086,9.407,2.619,0.041,-0.038,-0.013,2416,0
3738295,0.079,9.445,2.653,0.053,-0.042,-0.011,2415,0
3738315,0.120,9.486,2.619,0.055,-0.043,-0.002,2415,0
3738335,0.139,9.464,2.569,0.052,-0.035,-0.001,2415,0
3738355,0.148,9.433,2.619,0.046,-0.027,0.001,2414,0
3738375,0.101,9.390,2.715,0.036,-0.031,-0.008,2416,0
3738395,0.060,9.438,2.717,0.033,-0.049,-0.017,2416,0
3738415,0.048,9.517,2.626,0.032,-0.059,-0.009,2416,0
3738435,0.101,9.510,2.602,0.043,-0.050,0.002,2416,0
3738455,0.089,9.491,2.602,0.055,-0.039,0.012,2416,0
3738475,0.129,9.412,2.607,0.034,-0.038,0.011,2416,0
3738495,0.134,9.316,2.622,0.024,-0.038,0.002,2416,0
3738515,0.136,9.325,2.598,0.044,-0.037,-0.002,2416,0
3738535,0.110,9.390,2.600,0.042,-0.035,-0.010,2416,0
3738555,0.096,9.457,2.571,0.038,-0.035,-0.010,2416,0
3738575,0.093,9.498,2.540,0.031,-0.021,-0.009,2416,0
3738595,0.077,9.440,2.600,0.035,-0.012,-0.004,2414,0
3738615,0.096,9.400,2.636,0.045,-0.017,0.001,2415,0
3738635,0.110,9.400,2.605,0.041,-0.019,-0.006,2416,0
3738655,0.103,9.426,2.670,0.036,-0.015,-0.008,2419,0
3738675,0.086,9.404,2.717,0.042,-0.022,-0.003,2414,0
3738695,0.086,9.400,2.682,0.051,-0.033,0.003,2416,0
3738715,0.041,9.414,2.631,0.055,-0.043,0.009,2415,0
3738735,0.091,9.419,2.595,0.055,-0.043,0.009,2414,0
3738755,0.096,9.414,2.586,0.047,-0.031,0.004,2418,0
3738775,0.093,9.378,2.614,0.042,-0.024,-0.004,2416,0
3738795,0.117,9.369,2.591,0.035,-0.018,-0.011,2415,0
3738815,0.115,9.407,2.610,0.036,-0.014,-0.016,2416,0
3738835,0.096,9.474,2.636,0.037,-0.011,-0.017,2416,0
3738855,0.091,9.519,2.703,0.033,-0.015,-0.011,2415,0
3738875,0.120,9.510,2.741,0.031,-0.026,-0.006,2415,0
3738895,0.151,9.483,2.844,0.038,-0.036,0.002,2416,0
3738915,0.127,9.450,2.851,0.044,-0.050,0.006,2415,0
3738935,0.117,9.495,2.758,0.039,-0.072,0.008,2415,0
3738955,0.153,9.488,2.617,0.028,-0.071,0.013,2416,0
3738975,0.180,9.471,2.564,0.026,-0.055,0.019,2416,0
3738995,0.124,9.421,2.598,0.018,-0.039,0.019,2415,0
3739015,0.124,9.369,2.619,0.009,-0.047,0.013,2415,0
3739035,0.096,9.378,2.571,0.017,-0.044,0.006,2416,0
3739055,0.077,9.392,2.531,0.033,-0.034,0.013,2415,0
3739075,0.072,9.371,2.567,0.028,-0.034,0.015,2415,0
3739095,0.089,9.258,2.612,0.024,-0.037,0.011,2416,0
3739115,0.113,9.218,2.569,0.040,-0.039,-0.001,2415,0
3739135,0.127,9.282,2.576,0.051,-0.029,-0.013,2416,0
3739155,0.096,9.407,2.665,0.058,-0.022,-0.016,2415,0
3739175,0.084,9.443,2.658,0.047,-0.026,-0.014,2415,0
3739195,0.153,9.359,2.622,0.030,-0.029,-0.016,2415,0
3739215,0.208,9.347,2.665,0.039,-0.026,-0.019,2415,0
3739235,0.148,9.438,2.717,0.046,-0.019,-0.019,2415,0
3739255,0.081,9.560,2.729,0.045,-0.034,-0.011,2416,0
3739275,0.072,9.565,2.701,0.041,-0.042,-0.002,2416,0
3739295,0.072,9.541,2.670,0.053,-0.040,0.005,2414,0
3739315,0.089,9.503,2.689,0.052,-0.036,0.014,2416,0
3739335,0.120,9.395,2.770,0.045,-0.043,0.017,2416,0
3739355,0.141,9.299,2.720,0.051,-0.050,0.014,2415,0
3739375,0.163,9.261,2.650,0.052,-0.050,0.006,2413,0
3739395,0.151,9.299,2.607,0.047,-0.041,-0.010,2415,0
3739415,0.110,9.397,2.617,0.053,-0.037,-0.011,2415,0
3739435,0.089,9.474,2.586,0.055,-0.042,-0.003,2415,0
3739455,0.132,9.440,2.564,0.043,-0.041,-0.002,2415,0
3739475,0.160,9.392,2.516,0.046,-0.031,-0.003,2416,0
3739495,0.165,9.443,2.533,0.054,-0.018,-0.006,2414,0
3739515,0.101,9.471,2.607,0.047,-0.013,-0.003,2414,0
3739535,0.117,9.438,2.658,0.039,-0.018,-0.001,2416,0
3739555,0.129,9.376,2.631,0.040,-0.019,-0.002,2415,0
3739575,0.163,9.333,2.607,0.043,-0.013,-0.009,2415,0
3739595,0.139,9.335,2.698,0.045,-0.010,-0.015,2414,0
3739615,0.072,9.352,2.729,0.052,-0.021,-0.019,2415,0
3739635,0.093,9.409,2.703,0.059,-0.037,-0.015,2415,0
3739655,0.141,9.464,2.653,0.061,-0.043,-0.015,2415,0
3739675,0.160,9.527,2.598,0.058,-0.039,-0.015,2415,0
3739695,0.153,9.515,2.614,0.055,-0.033,-0.010,2415,0
3739715,0.151,9.522,2.598,0.054,-0.039,-0.000,2415,0
3739735,0.165,9.476,2.586,0.040,-0.034,0.004,2416,0
3739755,0.146,9.438,2.622,0.052,-0.026,0.003,2415,0
3739775,0.153,9.457,2.622,0.057,-0.022,0.006,2415,0
3739795,0.146,9.414,2.634,0.038,-0.021,0.002,2414,0
3739815,0.151,9.380,2.593,0.037,-0.024,0.002,2415,0
3739835,0.132,9.433,2.557,0.039,-0.019,0.004,2414,0
3739855,0.074,9.409,2.602,0.039,-0.015,0.003,2415,0
3739875,0.098,9.404,2.607,0.038,-0.023,-0.005,2413,0
3739895,0.136,9.392,2.586,0.039,-0.020,-0.009,2414,0
3739915,0.129,9.438,2.591,0.052,-0.011,-0.004,2415,0
3739935,0.105,9.443,2.634,0.046,-0.009,-0.001,2415,0
3739955,0.098,9.357,2.737,0.035,-0.013,-0.004,2415,0
3739975,0.108,9.345,2.677,0.048,-0.023,-0.008,2415,0
3739995,0.124,9.426,2.631,0.062,-0.026,-0.005,2415,0
3740015,0.120,9.443,2.660,0.055,-0.020,-0.002,2415,0
3740035,0.081,9.421,2.686,0.046,-0.025,-0.007,2415,0
3740055,0.103,9.445,2.662,0.028,-0.037,-0.012,2415,0
3740075,0.074,9.452,2.648,0.029,-0.035,-0.013,2415,0
3740095,0.074,9.488,2.636,0.054,-0.027,-0.001,2415,0
3740115,0.079,9.469,2.672,0.046,-0.022,0.002,2414,0
3740135,0.091,9.397,2.684,0.025,-0.028,-0.006,2415,0
3740155,0.110,9.337,2.713,0.038,-0.034,-0.008,2415,0
3740175,0.105,9.371,2.667,0.059,-0.036,-0.005,2415,0
3740195,0.093,9.464,2.626,0.047,-0.037,-0.011,2415,0
3740215,0.086,9.448,2.595,0.023,-0.041,-0.015,2415,0
3740235,0.081,9.416,2.629,0.027,-0.039,-0.010,2415,0
3740255,0.139,9.450,2.581,0.035,-0.040,-0.008,2414,0
3740275,0.144,9.388,2.543,0.040,-0.028,-0.009,2415,0
3740295,0.115,9.433,2.547,0.047,-0.026,-0.009,2414,0
3740315,0.108,9.409,2.523,0.046,-0.025,-0.008,2415,0
3740335,0.144,9.392,2.461,0.056,-0.020,-0.009,2414,0
3740355,0.144,9.443,2.471,0.058,-0.005,-0.011,2414,0
3740375,0.091,9.464,2.569,0.044,0.001,-0.009,2413,0
3740395,0.108,9.450,2.624,0.038,-0.004,-0.002,2414,0
3740415,0.146,9.400,2.670,0.051,-0.006,-0.000,2413,0
3740435,0.132,9.409,2.739,0.068,-0.008,0.002,2413,0
3740455,0.110,9.467,2.729,0.067,-0.017,0.001,2414,0
3740475,0.127,9.459,2.665,0.047,-0.025,-0.001,2414,0
3740495,0.101,9.488,2.631,0.046,-0.023,-0.002,2415,0
3740515,0.077,9.534,2.667,0.054,-0.020,0.008,2413,0
3740535,0.055,9.503,2.701,0.045,-0.021,0.012,2414,0
3740555,0.093,9.400,2.689,0.045,-0.028,0.010,2415,0
3740575,0.093,9.395,2.653,0.037,-0.030,0.002,2414,0
3740595,0.079,9.380,2.586,0.042,-0.027,0.002,2414,0
3740615,0.072,9.380,2.540,0.042,-0.019,0.003,2413,0
3740635,0.074,9.361,2.466,0.037,-0.014,0.002,2415,0
3740655,0.103,9.325,2.492,0.035,-0.003,-0.010,2415,0
3740675,0.077,9.347,2.576,0.050,-0.001,-0.017,2414,0
3740695,0.098,9.390,2.619,0.053,-0.010,-0.019,2415,0
3740715,0.115,9.450,2.626,0.055,-0.014,-0.020,2413,0
3740735,0.136,9.479,2.624,0.051,-0.020,-0.014,2415,0
3740755,0.124,9.464,2.660,0.050,-0.021,-0.006,2413,0
3740775,0.098,9.440,2.648,0.054,-0.022,-0.004,2414,0
3740795,0.084,9.493,2.619,0.055,-0.021,-0.003,2414,0
3740815,0.086,9.510,2.660,0.048,-0.020,-0.003,2414,0
3740835,0.057,9.527,2.660,0.048,-0.016,0.003,2415,0
3740855,0.036,9.464,2.662,0.047,-0.015,0.011,2415,0
3740875,0.077,9.359,2.660,0.045,-0.022,0.010,2415,0
3740895,0.062,9.316,2.698,0.037,-0.025,-0.005,2416,0
3740915,0.069,9.359,2.703,0.044,-0.035,-0.008,2415,0
3740935,0.036,9.462,2.610,0.046,-0.040,-0.006,2416,0
3740955,0.045,9.455,2.593,0.040,-0.039,-0.006,2415,0
3740975,0.072,9.438,2.600,0.033,-0.037,-0.009,2416,0
3740995,0.077,9.385,2.634,0.038,-0.035,-0.007,2415,0
3741015,0.086,9.395,2.598,0.047,-0.036,-0.008,2414,0
3741035,0.086,9.428,2.540,0.046,-0.037,-0.012,2415,0
3741055,0.074,9.493,2.521,0.035,-0.031,-0.012,2415,0
3741075,0.053,9.486,2.579,0.036,-0.029,-0.007,2414,0
3741095,0.074,9.452,2.626,0.038,-0.030,0.000,2414,0
3741115,0.098,9.390,2.605,0.038,-0.036,0.002,2415,0
3741135,0.124,9.414,2.547,0.049,-0.033,0.002,2415,0
3741155,0.096,9.448,2.557,0.051,-0.024,0.000,2415,0
3741175,0.081,9.450,2.593,0.038,-0.023,-0.004,2415,0
3741195,0.060,9.440,2.677,0.027,-0.027,-0.010,2415,0
3741215,0.055,9.436,2.624,0.029,-0.035,-0.014,2415,0
3741235,0.093,9.424,2.607,0.036,-0.037,-0.009,2416,0
3741255,0.091,9.433,2.622,0.045,-0.030,-0.009,2413,0
3741275,0.077,9.452,2.646,0.052,-0.027,-0.006,2415,0
3741295,0.065,9.471,2.624,0.041,-0.035,-0.002,2415,0
3741315,0.120,9.380,2.593,0.031,-0.035,-0.006,2415,0
3741335,0.115,9.424,2.607,0.041,-0.029,-0.010,2416,0
3741355,0.062,9.462,2.646,0.041,-0.029,-0.006,2415,0
3741375,0.065,9.443,2.626,0.035,-0.035,-0.001,2414,0
3741395,0.074,9.371,2.586,0.041,-0.034,0.003,2413,0
3741415,0.117,9.404,2.545,0.048,-0.035,-0.003,2415,0
3741435,0.086,9.452,2.547,0.031,-0.035,-0.013,2415,0
3741455,0.069,9.481,2.574,0.038,-0.030,-0.008,2415,0
3741475,0.077,9.459,2.571,0.046,-0.021,-0.001,2414,0
3741495,0.081,9.443,2.650,0.041,-0.016,-0.001,2415,0
3741515,0.093,9.388,2.708,0.043,-0.022,0.003,2414,0
3741535,0.098,9.371,2.693,0.049,-0.032,0.002,2413,0
3741555,0.074,9.385,2.629,0.044,-0.042,-0.006,2414,0
3741575,0.074,9.452,2.574,0.032,-0.043,-0.011,2415,0
3741595,0.062,9.459,2.571,0.037,-0.036,-0.011,2414,0
3741615,0.062,9.471,2.579,0.047,-0.029,-0.007,2415,0
3741635,0.065,9.443,2.614,0.047,-0.027,-0.001,2414,0
3741655,0.086,9.414,2.610,0.036,-0.027,-0.006,2414,0
3741675,0.048,9.390,2.658,0.035,-0.021,-0.010,2415,0
3741695,0.053,9.459,2.660,0.053,-0.030,-0.006,2415,0
3741715,0.074,9.450,2.646,0.046,-0.039,-0.001,2415,0
3741735,0.084,9.383,2.624,0.044,-0.040,-0.006,2415,0
3741755,0.098,9.380,2.595,0.050,-0.037,-0.009,2414,0
3741775,0.065,9.440,2.559,0.043,-0.034,-0.014,2414,0
3741795,0.055,9.450,2.557,0.038,-0.029,-0.010,2416,0
3741815,0.017,9.488,2.559,0.044,-0.029,-0.004,2415,0
3741835,0.043,9.481,2.593,0.046,-0.029,0.000,2415,0
3741855,0.081,9.431,2.617,0.039,-0.031,-0.003,2415,0
3741875,0.074,9.364,2.662,0.044,-0.032,-0.005,2415,0
3741895,0.077,9.378,2.641,0.056,-0.038,-0.007,2415,0
3741915,0.086,9.436,2.624,0.052,-0.037,-0.009,2414,0
3741935,0.079,9.433,2.610,0.044,-0.036,-0.011,2415,0
3741955,0.060,9.481,2.581,0.042,-0.035,-0.009,2415,0
3741975,0.091,9.464,2.564,0.035,-0.031,-0.007,2414,0
3741995,0.072,9.440,2.595,0.034,-0.031,-0.009,2415,0
3742015,0.084,9.424,2.579,0.042,-0.029,-0.005,2415,0
3742035,0.079,9.414,2.595,0.039,-0.027,-0.008,2416,0
3742055,0.072,9.438,2.591,0.037,-0.027,-0.010,2415,0
3742075,0.065,9.440,2.617,0.037,-0.029,-0.006,2415,0
3742095,0.077,9.400,2.624,0.041,-0.032,-0.007,2415,0
3742115,0.077,9.436,2.674,0.042,-0.033,-0.009,2415,0
3742135,0.055,9.459,2.648,0.043,-0.039,-0.005,2414,0
3742155,0.060,9.455,2.612,0.041,-0.041,-0.001,2416,0
3742175,0.067,9.404,2.574,0.048,-0.039,0.003,2414,0
3742195,0.077,9.424,2.545,0.049,-0.038,-0.008,2415,0
3742215,0.048,9.486,2.533,0.042,-0.035,-0.011,2415,0
3742235,0.055,9.469,2.535,0.043,-0.031,-0.004,2416,0
3742255,0.062,9.421,2.579,0.041,-0.021,0.001,2414,0
3742275,0.048,9.392,2.638,0.041,-0.022,-0.002,2414,0
3742295,0.079,9.385,2.696,0.046,-0.033,-0.002,2415,0
3742315,0.081,9.373,2.674,0.048,-0.039,-0.006,2414,0
3742335,0.043,9.412,2.643,0.052,-0.046,-0.008,2415,0
3742355,0.026,9.483,2.591,0.045,-0.046,-0.008,2416,0
3742375,0.038,9.495,2.581,0.047,-0.043,-0.006,2414,0
3742395,0.048,9.493,2.564,0.047,-0.035,0.006,2414,0
3742415,0.067,9.424,2.555,0.044,-0.031,0.003,2415,0
3742435,0.060,9.390,2.574,0.034,-0.028,-0.006,2416,0
3742455,0.077,9.369,2.638,0.031,-0.029,-0.008,2415,0
3742475,0.048,9.412,2.612,0.034,-0.035,-0.008,2414,0
3742495,0.053,9.428,2.634,0.036,-0.038,-0.008,2413,0
3742515,0.062,9.397,2.629,0.036,-0.037,-0.010,2415,0
3742535,0.065,9.380,2.653,0.046,-0.039,-0.005,2414,0
3742555,0.079,9.421,2.631,0.052,-0.039,-0.013,2415,0
3742575,0.074,9.450,2.559,0.044,-0.040,-0.015,2415,0
3742595,0.067,9.459,2.559,0.044,-0.036,-0.013,2415,0
3742615,0.077,9.457,2.533,0.048,-0.029,-0.005,2415,0
3742635,0.053,9.457,2.562,0.055,-0.029,-0.002,2414,0
3742655,0.069,9.479,2.547,0.049,-0.033,-0.002,2414,0
3742675,0.084,9.426,2.598,0.037,-0.032,-0.002,2415,0
3742695,0.110,9.390,2.591,0.047,-0.031,-0.002,2415,0
3742715,0.062,9.402,2.648,0.050,-0.027,-0.004,2415,0
3742735,0.045,9.407,2.646,0.047,-0.034,-0.009,2416,0
3742755,0.038,9.464,2.612,0.049,-0.036,-0.009,2415,0
3742775,0.060,9.459,2.600,0.044,-0.033,-0.007,2415,0
3742795,0.043,9.464,2.588,0.043,-0.024,-0.006,2415,0
3742815,0.057,9.467,2.686,0.042,-0.026,-0.003,2415,0
3742835,0.048,9.440,2.696,0.031,-0.033,-0.007,2416,0
3742855,0.050,9.400,2.660,0.039,-0.041,-0.006,2416,0
3742875,0.069,9.431,2.636,0.035,-0.043,-0.011,2416,0
3742895,0.045,9.400,2.626,0.029,-0.042,-0.010,2415,0
3742915,0.029,9.433,2.619,0.036,-0.043,-0.004,2415,0
3742935,0.017,9.412,2.571,0.041,-0.043,-0.003,2415,0
3742955,0.055,9.412,2.497,0.041,-0.043,-0.011,2415,0
3742975,0.057,9.488,2.512,0.042,-0.035,-0.013,2415,0
3742995,0.065,9.459,2.531,0.048,-0.030,-0.007,2415,0
3743015,0.093,9.419,2.588,0.048,-0.035,-0.004,2415,0
3743035,0.110,9.380,2.600,0.046,-0.035,-0.006,2415,0
3743055,0.081,9.402,2.595,0.047,-0.036,-0.007,2415,0
3743075,0.074,9.448,2.579,0.045,-0.033,-0.006,2415,0
3743095,0.055,9.457,2.602,0.039,-0.039,-0.008,2414,0
3743115,0.067,9.448,2.591,0.043,-0.042,-0.009,2415,0
3743135,0.077,9.474,2.550,0.059,-0.039,-0.002,2415,0
3743155,0.048,9.448,2.535,0.056,-0.028,0.005,2415,0
3743175,0.062,9.395,2.564,0.046,-0.023,0.005,2415,0
3743195,0.057,9.352,2.581,0.040,-0.021,-0.009,2415,0
3743215,0.067,9.395,2.622,0.037,-0.025,-0.017,2415,0
3743235,0.019,9.491,2.646,0.045,-0.030,-0.016,2415,0
3743255,0.031,9.476,2.643,0.046,-0.033,-0.007,2414,0
3743275,0.038,9.464,2.622,0.048,-0.034,-0.004,2415,0
3743295,0.050,9.455,2.583,0.048,-0.043,-0.005,2416,0
3743315,0.091,9.426,2.552,0.041,-0.038,-0.004,2415,0
3743335,0.065,9.445,2.569,0.038,-0.033,-0.009,2415,0
3743355,0.031,9.464,2.591,0.046,-0.030,-0.002,2416,0
3743375,0.053,9.433,2.591,0.046,-0.034,0.001,2415,0
3743395,0.069,9.400,2.559,0.038,-0.039,-0.003,2416,0
3743415,0.067,9.376,2.557,0.041,-0.037,-0.009,2415,0
3743435,0.053,9.409,2.550,0.048,-0.030,-0.010,2415,0
3743455,0.043,9.436,2.574,0.051,-0.030,-0.010,2416,0
3743475,0.050,9.438,2.586,0.052,-0.033,-0.006,2415,0
3743495,0.079,9.433,2.555,0.051,-0.032,-0.007,2414,0
3743515,0.069,9.452,2.583,0.040,-0.026,-0.013,2413,0
3743535,0.041,9.486,2.624,0.039,-0.028,-0.010,2415,0
3743555,0.050,9.517,2.648,0.048,-0.033,-0.003,2415,0
3743575,0.057,9.486,2.595,0.053,-0.036,0.004,2415,0
3743595,0.084,9.438,2.607,0.042,-0.038,0.003,2415,0
3743615,0.089,9.383,2.600,0.033,-0.034,-0.005,2415,0
3743635,0.053,9.373,2.593,0.038,-0.030,-0.007,2416,0
3743655,0.036,9.438,2.569,0.055,-0.031,-0.002,2416,0
3743675,0.057,9.443,2.547,0.048,-0.031,0.002,2414,0
3743695,0.072,9.378,2.502,0.038,-0.029,-0.005,2416,0
3743715,0.043,9.402,2.552,0.035,-0.028,-0.014,2415,0
3743735,0.019,9.474,2.557,0.045,-0.030,-0.012,2416,0
3743755,0.022,9.510,2.588,0.060,-0.026,-0.001,2415,0
3743775,0.036,9.529,2.586,0.053,-0.025,0.006,2416,0
3743795,0.055,9.448,2.638,0.022,-0.028,0.002,2414,0
3743815,0.043,9.321,2.689,0.030,-0.034,0.001,2417,0
3743835,0.053,9.383,2.672,0.057,-0.039,0.001,2415,0
3743855,0.038,9.462,2.629,0.056,-0.043,-0.002,2415,0
3743875,0.019,9.491,2.574,0.050,-0.044,-0.003,2414,0
3743895,0.019,9.491,2.504,0.039,-0.040,0.000,2415,0
3743915,0.069,9.402,2.516,0.038,-0.033,0.001,2415,0
3743935,0.077,9.361,2.523,0.043,-0.026,-0.003,2415,0
3743955,0.062,9.419,2.533,0.038,-0.023,-0.012,2415,0
3743975,0.084,9.438,2.528,0.033,-0.015,-0.014,2415,0
3743995,0.019,9.488,2.629,0.035,-0.015,-0.013,2415,0
3744015,0.024,9.507,2.682,0.032,-0.022,-0.007,2415,0
3744035,0.084,9.459,2.691,0.034,-0.030,-0.005,2414,0
3744055,0.105,9.419,2.641,0.041,-0.031,-0.001,2415,0
3744075,0.117,9.455,2.641,0.042,-0.031,-0.005,2416,0
3744095,0.069,9.546,2.600,0.032,-0.036,-0.005,2414,0
3744115,0.074,9.543,2.535,0.026,-0.035,0.002,2415,0
3744135,0.115,9.512,2.507,0.031,-0.026,0.010,2415,0
3744155,0.072,9.476,2.500,0.037,-0.015,0.013,2415,0
3744175,0.062,9.397,2.588,0.030,-0.014,0.014,2414,0
3744195,0.065,9.364,2.612,0.033,-0.020,0.012,2415,0
3744215,0.069,9.373,2.610,0.043,-0.021,0.009,2415,0
3744235,0.057,9.433,2.581,0.048,-0.024,0.013,2415,0
3744255,0.041,9.457,2.579,0.040,-0.030,0.013,2415,0
3744275,0.053,9.440,2.569,0.033,-0.027,0.011,2416,0
3744295,0.067,9.412,2.514,0.042,-0.021,0.013,2415,0
3744315,0.096,9.404,2.547,0.047,-0.012,0.009,2416,0
3744335,0.079,9.424,2.602,0.038,-0.006,0.004,2416,0
3744355,0.057,9.457,2.655,0.033,-0.007,0.001,2415,0
3744375,0.057,9.474,2.670,0.034,-0.008,0.004,2416,0
3744395,0.062,9.445,2.679,0.042,-0.015,0.011,2415,0
3744415,0.055,9.464,2.641,0.037,-0.026,0.014,2415,0
3744435,0.055,9.409,2.629,0.029,-0.029,0.014,2416,0
3744455,0.074,9.426,2.653,0.037,-0.035,0.009,2415,0
3744475,0.103,9.471,2.581,0.032,-0.032,0.003,2415,0
3744495,0.115,9.481,2.550,0.037,-0.028,0.006,2415,0
3744515,0.122,9.486,2.540,0.039,-0.020,0.017,2416,0
3744535,0.117,9.392,2.629,0.026,-0.014,0.017,2414,0
3744555,0.105,9.299,2.636,0.031,-0.017,0.016,2415,0
3744575,0.101,9.297,2.631,0.041,-0.021,0.009,2415,0
3744595,0.069,9.354,2.574,0.048,-0.027,0.001,2415,0
3744615,0.067,9.419,2.586,0.048,-0.029,-0.003,2415,0
3744635,0.077,9.436,2.555,0.048,-0.027,-0.003,2415,0
3744655,0.057,9.479,2.516,0.048,-0.022,0.002,2416,0
3744675,0.101,9.428,2.555,0.043,-0.011,0.004,2417,0
3744695,0.108,9.395,2.600,0.034,-0.006,-0.003,2415,0
3744715,0.079,9.390,2.686,0.030,-0.004,-0.006,2413,0
3744735,0.060,9.361,2.768,0.043,-0.011,-0.005,2415,0
3744755,0.062,9.409,2.794,0.047,-0.027,-0.006,2414,0
3744775,0.053,9.414,2.768,0.048,-0.041,-0.007,2414,0
3744795,0.072,9.467,2.696,0.052,-0.052,-0.008,2416,0
3744815,0.105,9.495,2.569,0.052,-0.052,-0.005,2415,0
3744835,0.129,9.481,2.516,0.044,-0.044,-0.003,2416,0
3744855,0.163,9.433,2.464,0.036,-0.034,0.000,2416,0
3744875,0.117,9.395,2.535,0.036,-0.021,-0.005,2417,0
3744895,0.079,9.459,2.593,0.043,-0.020,-0.006,2415,0
3744915,0.086,9.455,2.622,0.041,-0.026,0.001,2415,0
3744935,0.103,9.361,2.619,0.046,-0.031,0.004,2415,0
3744955,0.120,9.364,2.600,0.052,-0.031,-0.002,2415,0
3744975,0.110,9.385,2.602,0.048,-0.032,-0.007,2415,0
3744995,0.093,9.436,2.605,0.052,-0.032,-0.007,2416,0
3745015,0.081,9.471,2.586,0.055,-0.028,-0.002,2415,0
3745035,0.103,9.428,2.624,0.042,-0.027,-0.002,2414,0
3745055,0.086,9.402,2.655,0.037,-0.028,-0.009,2415,0
3745075,0.077,9.448,2.646,0.047,-0.034,-0.011,2415,0
3745095,0.065,9.536,2.638,0.048,-0.035,-0.005,2416,0
3745115,0.081,9.486,2.629,0.042,-0.036,0.005,2416,0
3745135,0.072,9.395,2.653,0.036,-0.033,0.007,2416,0
3745155,0.069,9.313,2.648,0.029,-0.039,-0.004,2416,0
3745175,0.091,9.328,2.617,0.033,-0.044,-0.021,2415,0
3745195,0.053,9.455,2.569,0.046,-0.043,-0.023,2416,0
3745215,0.060,9.524,2.555,0.048,-0.039,-0.013,2416,0
3745235,0.086,9.467,2.550,0.033,-0.035,-0.007,2415,0
3745255,0.122,9.373,2.614,0.029,-0.033,-0.009,2416,0
3745275,0.074,9.373,2.686,0.039,-0.034,-0.009,2415,0
3745295,0.072,9.376,2.631,0.051,-0.044,-0.009,2415,0
3745315,0.105,9.385,2.574,0.052,-0.046,-0.013,2416,0
3745335,0.113,9.457,2.516,0.051,-0.041,-0.018,2416,0
3745355,0.115,9.512,2.526,0.047,-0.030,-0.014,2414,0
3745375,0.084,9.488,2.593,0.047,-0.023,-0.001,2417,0
3745395,0.120,9.402,2.567,0.046,-0.028,0.001,2415,0
3745415,0.136,9.318,2.593,0.036,-0.026,-0.012,2417,0
3745435,0.101,9.395,2.631,0.043,-0.025,-0.017,2416,0
3745455,0.055,9.505,2.693,0.056,-0.031,-0.007,2417,0
3745475,0.069,9.515,2.631,0.051,-0.039,0.001,2415,0
3745495,0.098,9.404,2.571,0.048,-0.041,-0.003,2415,0
3745515,0.127,9.388,2.550,0.054,-0.034,-0.004,2416,0
3745535,0.103,9.452,2.559,0.048,-0.030,-0.007,2415,0
3745555,0.091,9.419,2.574,0.045,-0.031,-0.001,2416,0
3745575,0.084,9.397,2.547,0.050,-0.030,-0.004,2415,0
3745595,0.060,9.424,2.519,0.055,-0.030,-0.007,2416,0
3745615,0.060,9.486,2.559,0.053,-0.030,-0.005,2415,0
3745635,0.065,9.438,2.588,0.050,-0.029,-0.002,2415,0
3745655,0.091,9.366,2.619,0.052,-0.026,-0.003,2416,0
3745675,0.089,9.369,2.598,0.053,-0.024,-0.012,2415,0
3745695,0.096,9.392,2.629,0.045,-0.022,-0.019,2416,0
3745715,0.014,9.488,2.653,0.044,-0.022,-0.017,2417,0
3745735,0.024,9.522,2.670,0.044,-0.033,-0.011,2415,0
3745755,0.067,9.503,2.648,0.040,-0.035,-0.010,2415,0
3745775,0.079,9.445,2.667,0.045,-0.039,-0.006,2414,0
3745795,0.120,9.440,2.631,0.038,-0.044,-0.010,2416,0
3745815,0.086,9.448,2.586,0.029,-0.041,-0.011,2416,0
3745835,0.074,9.457,2.555,0.038,-0.039,-0.007,2416,0
3745855,0.045,9.448,2.519,0.045,-0.033,0.002,2415,0
3745875,0.069,9.412,2.514,0.045,-0.031,-0.005,2416,0
3745895,0.050,9.419,2.502,0.040,-0.032,-0.014,2415,0
3745915,0.043,9.426,2.514,0.042,-0.031,-0.015,2416,0
3745935,0.062,9.445,2.579,0.053,-0.028,-0.004,2414,0
3745955,0.074,9.452,2.624,0.045,-0.025,-0.003,2415,0
3745975,0.050,9.395,2.662,0.039,-0.035,-0.004,2416,0
3745995,0.089,9.376,2.677,0.047,-0.039,-0.002,2415,0
3746015,0.057,9.409,2.595,0.051,-0.039,-0.010,2416,0
3746035,0.031,9.507,2.591,0.053,-0.040,-0.008,2416,0
3746055,0.050,9.507,2.557,0.042,-0.042,-0.010,2415,0
3746075,0.045,9.481,2.555,0.038,-0.036,-0.007,2414,0
3746095,0.060,9.407,2.557,0.043,-0.031,0.002,2416,0
3746115,0.065,9.357,2.593,0.039,-0.030,-0.003,2416,0
3746135,0.067,9.352,2.614,0.036,-0.035,-0.016,2416,0
3746155,0.065,9.428,2.638,0.045,-0.037,-0.016,2416,0
3746175,0.045,9.464,2.612,0.053,-0.040,-0.012,2415,0
3746195,0.060,9.438,2.569,0.049,-0.043,-0.009,2415,0
3746215,0.096,9.409,2.562,0.048,-0.042,-0.011,2416,0
3746235,0.077,9.424,2.557,0.055,-0.036,-0.013,2416,0
3746255,0.048,9.481,2.533,0.057,-0.033,-0.008,2415,0
3746275,0.072,9.481,2.514,0.045,-0.033,-0.007,2415,0
3746295,0.060,9.457,2.552,0.042,-0.033,-0.009,2415,0
3746315,0.065,9.428,2.552,0.050,-0.031,-0.004,2415,0
3746335,0.074,9.419,2.574,0.054,-0.033,-0.002,2416,0
3746355,0.081,9.428,2.540,0.050,-0.036,-0.007,2415,0
3746375,0.081,9.438,2.547,0.049,-0.032,-0.005,2416,0
3746395,0.067,9.464,2.540,0.050,-0.024,-0.007,2415,0
3746415,0.053,9.436,2.550,0.048,-0.025,-0.005,2414,0
3746435,0.057,9.431,2.579,0.045,-0.025,-0.007,2416,0
3746455,0.029,9.467,2.598,0.043,-0.026,-0.007,2416,0
3746475,0.026,9.462,2.626,0.038,-0.027,-0.009,2416,0
3746495,0.010,9.438,2.626,0.041,-0.034,-0.008,2415,0
3746515,0.031,9.424,2.641,0.048,-0.035,-0.002,2415,0
3746535,0.057,9.383,2.583,0.051,-0.037,-0.005,2416,0
3746555,0.067,9.400,2.550,0.048,-0.035,-0.007,2416,0
3746575,0.022,9.443,2.497,0.042,-0.030,-0.012,2415,0
3746595,0.000,9.505,2.519,0.039,-0.031,-0.016,2416,0
3746615,0.007,9.527,2.538,0.043,-0.027,-0.012,2415,0
3746635,0.024,9.491,2.540,0.053,-0.026,-0.006,2415,0
3746655,0.050,9.469,2.545,0.043,-0.023,-0.005,2416,0
3746675,0.069,9.412,2.579,0.033,-0.026,-0.006,2415,0
3746695,0.053,9.390,2.595,0.032,-0.032,-0.010,2416,0
3746715,0.053,9.402,2.588,0.041,-0.038,-0.011,2415,0
3746735,0.045,9.448,2.547,0.053,-0.038,-0.009,2416,0
3746755,0.057,9.491,2.519,0.058,-0.033,-0.005,2416,0
3746775,0.050,9.498,2.504,0.048,-0.031,-0.007,2416,0
3746795,0.041,9.476,2.500,0.041,-0.025,-0.006,2416,0
3746815,0.043,9.445,2.533,0.046,-0.022,-0.002,2415,0
3746835,0.045,9.400,2.602,0.050,-0.022,-0.001,2416,0
3746855,0.036,9.414,2.641,0.043,-0.026,-0.007,2416,0
3746875,0.029,9.424,2.605,0.038,-0.035,-0.009,2416,0
3746895,0.031,9.438,2.600,0.045,-0.037,-0.008,2415,0
3746915,0.036,9.471,2.567,0.052,-0.033,-0.008,2416,0
3746935,0.014,9.483,2.583,0.052,-0.036,-0.004,2416,0
3746955,0.050,9.421,2.571,0.044,-0.036,-0.002,2416,0
3746975,0.038,9.380,2.526,0.043,-0.036,-0.006,2416,0
3746995,0.043,9.436,2.509,0.039,-0.034,-0.011,2416,0
3747015,0.026,9.450,2.540,0.035,-0.027,-0.013,2416,0
3747035,-0.002,9.471,2.562,0.047,-0.029,-0.010,2415,0
3747055,0.024,9.491,2.547,0.050,-0.033,-0.004,2416,0
3747075,0.050,9.452,2.550,0.050,-0.032,-0.004,2416,0
3747095,0.060,9.452,2.531,0.054,-0.030,-0.002,2416,0
3747115,0.053,9.488,2.559,0.047,-0.029,-0.001,2416,0
3747135,0.024,9.452,2.614,0.042,-0.032,0.000,2415,0
3747155,0.024,9.457,2.617,0.054,-0.038,0.003,2415,0
3747175,0.005,9.512,2.607,0.061,-0.041,0.003,2416,0
3747195,-0.012,9.553,2.612,0.057,-0.048,0.001,2416,0
3747215,0.048,9.479,2.583,0.075,-0.065,0.015,2415,0
3747235,0.146,9.404,2.485,0.086,-0.078,0.019,2415,0
3747255,0.093,9.419,2.421,0.082,-0.070,0.017,2415,0
3747275,0.007,9.390,2.406,0.072,-0.062,0.023,2415,0
3747295,0.012,9.239,2.327,0.068,-0.056,0.026,2416,0
3747315,0.074,9.143,2.263,0.067,-0.046,0.003,2416,0
3747335,0.043,9.251,2.234,0.074,-0.032,-0.025,2415,0
3747355,-0.045,9.503,2.313,0.083,-0.016,-0.033,2416,0
3747375,-0.117,9.663,2.442,0.076,-0.001,-0.030,2416,0
3747395,-0.136,9.618,2.593,0.066,-0.004,-0.020,2415,0
3747415,-0.067,9.440,2.636,0.064,-0.014,-0.018,2415,0
3747435,0.067,9.325,2.670,0.071,-0.018,-0.017,2416,0
3747455,0.115,9.261,2.643,0.060,-0.019,-0.029,2415,0
3747475,0.089,9.323,2.629,0.046,-0.027,-0.046,2416,0
3747495,0.007,9.479,2.581,0.030,-0.038,-0.057,2416,0
3747515,-0.038,9.582,2.528,0.033,-0.049,-0.052,2416,0
3747535,-0.022,9.646,2.428,0.044,-0.047,-0.035,2415,0
3747555,0.053,9.596,2.344,0.048,-0.040,-0.022,2415,0
3747575,0.105,9.522,2.354,0.034,-0.030,-0.026,2415,0
3747595,0.110,9.479,2.363,0.033,-0.028,-0.025,2416,0
3747615,0.139,9.474,2.375,0.054,-0.024,-0.020,2416,0
3747635,0.115,9.567,2.442,0.058,-0.022,-0.019,2415,0
3747655,0.050,9.620,2.492,0.048,-0.025,-0.014,2416,0
3747675,0.043,9.629,2.528,0.051,-0.031,-0.004,2415,0
3747695,0.089,9.562,2.514,0.061,-0.035,0.008,2416,0
3747715,0.105,9.527,2.478,0.052,-0.038,0.010,2416,0
3747735,0.098,9.531,2.387,0.041,-0.033,0.009,2416,0
3747755,0.055,9.529,2.387,0.041,-0.017,0.016,2415,0
3747775,0.012,9.488,2.392,0.034,-0.006,0.022,2416,0
3747795,-0.012,9.428,2.435,0.029,-0.005,0.019,2416,0
3747815,-0.034,9.373,2.461,0.033,-0.009,0.016,2415,0
3747835,-0.096,9.366,2.459,0.048,-0.017,0.011,2416,0
3747855,-0.141,9.402,2.425,0.053,-0.025,0.006,2415,0
3747875,-0.127,9.414,2.428,0.049,-0.030,0.002,2416,0
3747895,-0.098,9.397,2.452,0.057,-0.030,-0.002,2416,0
3747915,-0.079,9.426,2.468,0.061,-0.027,-0.009,2416,0
3747935,-0.084,9.409,2.468,0.059,-0.030,-0.012,2416,0
3747955,-0.038,9.407,2.495,0.058,-0.032,-0.016,2415,0
3747975,-0.026,9.412,2.507,0.051,-0.036,-0.023,2416,0
3747995,-0.002,9.469,2.500,0.041,-0.034,-0.029,2416,0
3748015,-0.012,9.469,2.521,0.040,-0.033,-0.030,2416,0
3748035,0.000,9.493,2.502,0.051,-0.035,-0.022,2415,0
3748055,0.024,9.493,2.430,0.046,-0.035,-0.022,2415,0
3748075,0.043,9.529,2.368,0.040,-0.033,-0.026,2416,0
3748095,0.012,9.589,2.430,0.042,-0.032,-0.021,2415,0
3748115,-0.014,9.625,2.519,0.048,-0.036,-0.011,2416,0
3748135,-0.024,9.579,2.461,0.054,-0.043,0.004,2416,0
3748155,0.041,9.493,2.435,0.058,-0.046,0.006,2416,0
3748175,0.055,9.481,2.447,0.054,-0.041,0.000,2416,0
3748195,0.012,9.515,2.452,0.047,-0.035,0.001,2417,0
3748215,0.007,9.498,2.425,0.037,-0.031,0.010,2416,0
3748235,-0.017,9.414,2.399,0.036,-0.030,0.014,2417,0
3748255,0.000,9.385,2.361,0.043,-0.025,0.008,2416,0
3748275,-0.041,9.436,2.406,0.044,-0.023,0.000,2415,0
3748295,-0.110,9.471,2.411,0.043,-0.033,-0.001,2416,0
3748315,-0.098,9.445,2.373,0.048,-0.038,0.000,2417,0
3748335,-0.045,9.380,2.351,0.058,-0.037,-0.001,2416,0
3748355,-0.022,9.385,2.358,0.067,-0.034,-0.004,2417,0
3748375,0.026,9.366,2.368,0.059,-0.033,-0.015,2416,0
3748395,0.036,9.380,2.334,0.056,-0.034,-0.022,2417,0
3748415,0.019,9.459,2.354,0.057,-0.028,-0.026,2417,0
3748435,-0.005,9.529,2.389,0.056,-0.022,-0.028,2417,0
3748455,-0.048,9.589,2.423,0.062,-0.022,-0.018,2417,0
3748475,-0.055,9.591,2.452,0.063,-0.028,-0.008,2416,0
3748495,-0.045,9.582,2.468,0.055,-0.033,-0.007,2417,0
3748515,-0.024,9.527,2.473,0.055,-0.039,-0.004,2416,0
3748535,-0.007,9.495,2.480,0.063,-0.037,-0.002,2415,0
3748555,0.029,9.486,2.459,0.057,-0.041,-0.005,2416,0
3748575,0.036,9.495,2.409,0.047,-0.038,-0.011,2417,0
3748595,0.043,9.536,2.377,0.044,-0.031,-0.009,2417,0
3748615,0.036,9.527,2.392,0.038,-0.019,-0.006,2417,0
3748635,0.043,9.500,2.389,0.036,-0.017,-0.003,2416,0
3748655,0.022,9.536,2.387,0.033,-0.013,-0.006,2416,0
3748675,-0.012,9.570,2.354,0.027,-0.007,-0.004,2417,0
3748695,-0.055,9.565,2.413,0.023,-0.007,0.000,2417,0
3748715,-0.069,9.546,2.480,0.030,-0.013,0.007,2416,0
3748735,-0.036,9.510,2.447,0.036,-0.022,0.007,2418,0
3748755,0.012,9.503,2.418,0.027,-0.024,0.003,2416,0
3748775,-0.022,9.500,2.404,0.025,-0.015,0.006,2419,0
3748795,-0.055,9.498,2.411,0.023,-0.010,0.008,2417,0
3748815,-0.084,9.462,2.421,0.027,-0.017,0.015,2417,0
3748835,-0.057,9.457,2.399,0.022,-0.030,0.005,2417,0
3748855,-0.060,9.491,2.380,0.015,-0.030,-0.001,2417,0
3748875,-0.081,9.534,2.346,0.026,-0.030,0.003,2417,0
3748895,-0.069,9.536,2.365,0.032,-0.028,0.014,2417,0
3748915,-0.029,9.469,2.440,0.037,-0.031,0.022,2417,0
3748935,0.012,9.385,2.468,0.036,-0.031,0.016,2418,0
3748955,-0.002,9.380,2.456,0.039,-0.031,0.006,2416,0
3748975,-0.017,9.467,2.447,0.030,-0.037,0.002,2416,0
3748995,-0.019,9.457,2.449,0.030,-0.039,-0.000,2416,0
3749015,-0.005,9.471,2.387,0.043,-0.036,0.003,2416,0
3749035,0.007,9.507,2.370,0.035,-0.025,-0.002,2416,0
3749055,-0.014,9.474,2.404,0.031,-0.017,0.001,2416,0
3749075,-0.002,9.462,2.483,0.036,-0.019,0.006,2415,0
3749095,0.010,9.452,2.471,0.026,-0.021,0.001,2418,0
3749115,0.026,9.455,2.485,0.024,-0.025,-0.004,2417,0
3749135,0.022,9.483,2.502,0.033,-0.027,-0.001,2417,0
3749155,-0.012,9.486,2.509,0.035,-0.029,0.003,2417,0
3749175,0.000,9.483,2.509,0.032,-0.034,0.005,2418,0
3749195,-0.002,9.495,2.502,0.033,-0.037,0.006,2416,0
3749215,0.002,9.515,2.461,0.029,-0.039,0.007,2416,0
3749235,0.031,9.493,2.421,0.025,-0.033,0.011,2416,0
3749255,0.005,9.471,2.456,0.034,-0.031,0.012,2415,0
3749275,-0.002,9.500,2.478,0.037,-0.038,0.015,2417,0
3749295,0.007,9.416,2.440,0.030,-0.039,0.014,2418,0
3749315,0.031,9.383,2.456,0.034,-0.035,0.007,2416,0
3749335,0.002,9.400,2.473,0.033,-0.037,0.007,2416,0
3749355,-0.010,9.407,2.459,0.029,-0.042,0.001,2416,0
3749375,-0.014,9.433,2.447,0.038,-0.038,-0.003,2417,0
3749395,-0.010,9.495,2.423,0.046,-0.031,0.000,2416,0
3749415,-0.010,9.512,2.449,0.041,-0.024,0.004,2416,0
3749435,-0.022,9.455,2.523,0.032,-0.024,0.003,2416,0
3749455,-0.002,9.426,2.552,0.034,-0.030,0.004,2415,0
3749475,0.034,9.376,2.555,0.043,-0.038,-0.001,2416,0
3749495,0.014,9.421,2.512,0.039,-0.038,-0.007,2416,0
3749515,0.022,9.491,2.500,0.035,-0.042,-0.007,2416,0
3749535,-0.012,9.486,2.504,0.027,-0.038,-0.003,2417,0
3749555,-0.002,9.416,2.502,0.031,-0.041,-0.003,2416,0
3749575,0.043,9.388,2.464,0.037,-0.044,-0.013,2416,0
3749595,0.036,9.503,2.430,0.040,-0.038,-0.020,2416,0
3749615,-0.010,9.582,2.464,0.037,-0.035,-0.015,2416,0
3749635,0.014,9.522,2.488,0.036,-0.037,-0.001,2416,0
3749655,0.074,9.409,2.468,0.039,-0.035,0.006,2416,0
3749675,0.124,9.337,2.471,0.039,-0.035,0.000,2418,0
3749695,0.067,9.385,2.483,0.040,-0.034,-0.011,2417,0
3749715,0.031,9.486,2.483,0.043,-0.039,-0.016,2417,0
3749735,0.034,9.536,2.401,0.049,-0.037,-0.010,2416,0
3749755,0.062,9.577,2.358,0.050,-0.027,-0.007,2416,0
3749775,0.060,9.594,2.392,0.037,-0.015,-0.004,2417,0
3749795,0.024,9.522,2.528,0.033,-0.009,0.007,2417,0
3749815,0.038,9.459,2.579,0.037,-0.017,0.014,2416,0
3749835,0.043,9.366,2.581,0.036,-0.025,0.012,2416,0
3749855,0.017,9.340,2.559,0.053,-0.033,0.009,2418,0
3749875,-0.038,9.426,2.523,0.057,-0.040,0.002,2417,0
3749895,-0.034,9.467,2.512,0.044,-0.044,0.002,2416,0
3749915,-0.014,9.404,2.480,0.051,-0.042,0.006,2416,0
3749935,0.034,9.388,2.428,0.062,-0.035,0.005,2417,0
3749955,0.026,9.388,2.433,0.048,-0.033,-0.006,2417,0
3749975,0.017,9.426,2.437,0.046,-0.034,-0.011,2416,0
3749995,-0.026,9.512,2.490,0.054,-0.040,-0.004,2417,0
3750015,0.002,9.541,2.543,0.057,-0.048,0.007,2417,0
3750035,0.074,9.476,2.567,0.052,-0.056,0.005,2418,0
3750055,0.103,9.462,2.514,0.058,-0.056,-0.002,2418,0
3750075,0.105,9.517,2.500,0.054,-0.049,-0.005,2418,0
3750095,0.053,9.553,2.497,0.040,-0.043,-0.006,2417,0
3750115,0.053,9.541,2.464,0.035,-0.042,0.004,2418,0
3750135,0.050,9.474,2.449,0.034,-0.037,0.004,2417,0
3750155,0.043,9.445,2.461,0.038,-0.033,-0.001,2417,0
3750175,0.041,9.438,2.468,0.041,-0.034,-0.003,2417,0
3750195,0.057,9.426,2.418,0.037,-0.038,-0.008,2417,0
3750215,0.048,9.438,2.404,0.036,-0.033,-0.005,2417,0
3750235,0.072,9.436,2.413,0.044,-0.026,-0.003,2418,0
3750255,0.057,9.419,2.423,0.048,-0.022,-0.001,2418,0
3750275,0.060,9.416,2.430,0.045,-0.022,-0.011,2419,0
3750295,0.041,9.452,2.421,0.048,-0.021,-0.016,2418,0
3750315,0.065,9.524,2.413,0.048,-0.014,-0.016,2418,0
3750335,0.041,9.531,2.500,0.050,-0.009,-0.008,2418,0
3750355,0.038,9.519,2.569,0.042,-0.014,-0.002,2418,0
3750375,0.065,9.438,2.583,0.035,-0.021,-0.002,2417,0
3750395,0.045,9.421,2.545,0.041,-0.029,-0.005,2417,0
3750415,0.012,9.481,2.502,0.044,-0.031,-0.006,2417,0
3750435,-0.002,9.483,2.452,0.044,-0.035,-0.005,2417,0
3750455,0.034,9.486,2.435,0.046,-0.034,-0.006,2417,0
3750475,0.050,9.462,2.394,0.034,-0.024,-0.009,2417,0
3750495,0.005,9.436,2.442,0.033,-0.017,-0.007,2418,0
3750515,-0.010,9.414,2.514,0.038,-0.020,-0.007,2416,0
3750535,0.002,9.385,2.545,0.035,-0.029,-0.014,2417,0
3750555,0.034,9.407,2.538,0.042,-0.038,-0.017,2416,0
3750575,0.031,9.467,2.459,0.050,-0.037,-0.017,2417,0
3750595,0.005,9.503,2.476,0.044,-0.031,-0.016,2417,0
3750615,-0.002,9.505,2.478,0.038,-0.030,-0.011,2417,0
3750635,0.019,9.459,2.444,0.042,-0.034,-0.010,2417,0
3750655,0.053,9.483,2.437,0.046,-0.030,-0.011,2418,0
3750675,0.045,9.491,2.495,0.042,-0.029,-0.011,2417,0
3750695,0.007,9.507,2.507,0.037,-0.031,-0.009,2416,0
3750715,-0.007,9.481,2.509,0.042,-0.037,-0.002,2417,0
3750735,0.053,9.445,2.480,0.053,-0.043,0.001,2417,0
3750755,0.062,9.445,2.413,0.051,-0.041,-0.005,2416,0
3750775,0.043,9.438,2.440,0.043,-0.035,-0.009,2417,0
3750795,0.007,9.462,2.471,0.041,-0.030,-0.014,2417,0
3750815,0.014,9.510,2.461,0.047,-0.032,-0.006,2418,0
3750835,0.019,9.515,2.428,0.048,-0.026,-0.003,2417,0
3750855,0.022,9.483,2.454,0.045,-0.022,-0.003,2417,0
3750875,0.005,9.452,2.514,0.037,-0.023,-0.006,2419,0
3750895,-0.007,9.438,2.562,0.039,-0.033,-0.009,2418,0
3750915,0.017,9.476,2.540,0.053,-0.039,-0.005,2417,0
3750935,0.024,9.481,2.471,0.047,-0.038,-0.003,2418,0
3750955,0.053,9.467,2.456,0.039,-0.038,-0.003,2418,0
3750975,-0.017,9.457,2.466,0.028,-0.035,-0.004,2416,0
3750995,-0.017,9.421,2.478,0.036,-0.039,-0.007,2417,0
3751015,0.022,9.474,2.433,0.043,-0.041,-0.013,2417,0
3751035,0.036,9.498,2.397,0.045,-0.034,-0.013,2418,0
3751055,0.010,9.531,2.433,0.039,-0.027,-0.011,2417,0
3751075,-0.002,9.469,2.500,0.027,-0.027,-0.006,2417,0
3751095,0.029,9.388,2.516,0.039,-0.033,-0.002,2419,0
3751115,0.050,9.407,2.500,0.056,-0.039,-0.001,2418,0
3751135,0.045,9.500,2.456,0.049,-0.040,-0.006,2418,0
3751155,0.022,9.522,2.452,0.031,-0.038,-0.008,2417,0
3751175,-0.010,9.462,2.461,0.039,-0.038,-0.006,2417,0
3751195,-0.012,9.469,2.401,0.054,-0.036,-0.003,2417,0
3751215,0.026,9.474,2.394,0.046,-0.027,-0.004,2418,0
3751235,0.031,9.433,2.466,0.039,-0.023,-0.005,2418,0
3751255,0.007,9.407,2.533,0.033,-0.022,-0.009,2416,0
3751275,-0.026,9.400,2.531,0.040,-0.029,-0.009,2417,0
3751295,-0.017,9.431,2.492,0.051,-0.033,-0.010,2418,0
3751315,0.012,9.491,2.473,0.048,-0.034,-0.012,2417,0
3751335,-0.002,9.522,2.497,0.034,-0.037,-0.016,2418,0
3751355,0.012,9.450,2.471,0.040,-0.039,-0.008,2417,0
3751375,0.031,9.433,2.466,0.060,-0.039,-0.006,2417,0
3751395,0.038,9.469,2.404,0.051,-0.034,-0.012,2418,0
3751415,0.007,9.505,2.401,0.035,-0.031,-0.014,2417,0
3751435,-0.031,9.519,2.466,0.037,-0.027,-0.008,2418,0
3751455,-0.038,9.495,2.437,0.048,-0.029,-0.003,2417,0
3751475,-0.005,9.467,2.456,0.054,-0.031,0.003,2420,0
3751495,0.041,9.428,2.476,0.057,-0.033,0.003,2418,0
3751515,0.031,9.409,2.468,0.052,-0.032,-0.004,2417,0
3751535,0.026,9.390,2.507,0.048,-0.036,-0.009,2418,0
3751555,0.026,9.421,2.459,0.045,-0.036,-0.015,2421,0
3751575,-0.024,9.493,2.425,0.054,-0.031,-0.017,2417,0
3751595,-0.045,9.601,2.413,0.058,-0.023,-0.007,2418,0
3751615,-0.036,9.543,2.466,0.042,-0.022,-0.001,2418,0
3751635,-0.005,9.395,2.500,0.035,-0.026,-0.007,2418,0
3751655,0.017,9.385,2.557,0.048,-0.030,-0.009,2417,0
3751675,-0.005,9.438,2.543,0.062,-0.036,-0.008,2417,0
3751695,-0.029,9.527,2.476,0.056,-0.042,-0.009,2418,0
3751715,-0.029,9.498,2.444,0.043,-0.044,-0.004,2418,0
3751735,-0.017,9.438,2.380,0.046,-0.043,-0.007,2417,0
3751755,0.005,9.459,2.349,0.045,-0.039,-0.011,2417,0
3751775,0.005,9.479,2.394,0.043,-0.032,-0.011,2418,0
3751795,-0.007,9.519,2.466,0.035,-0.038,-0.010,2416,0
3751815,0.017,9.462,2.497,0.030,-0.036,-0.005,2416,0
3751835,0.019,9.436,2.480,0.054,-0.031,-0.003,2416,0
3751855,0.031,9.507,2.483,0.063,-0.032,0.002,2415,0
3751875,0.000,9.491,2.473,0.043,-0.032,-0.005,2415,0
3751895,-0.005,9.481,2.454,0.051,-0.035,-0.003,2416,0
3751915,0.022,9.536,2.418,0.058,-0.032,-0.002,2416,0
3751935,0.024,9.550,2.430,0.053,-0.028,0.003,2416,0
3751955,-0.002,9.507,2.478,0.051,-0.027,0.008,2415,0
3751975,0.031,9.531,2.500,0.051,-0.034,0.010,2416,0
3751995,-0.014,9.665,2.557,0.059,-0.038,0.013,2416,0
3752015,-0.041,10.092,2.636,0.071,-0.039,0.036,2416,0
3752035,0.043,10.494,2.782,0.152,-0.008,0.071,2416,0
3752055,-0.108,11.181,3.223,0.728,0.111,0.121,2416,0
3752075,0.321,11.765,3.060,2.300,0.536,0.174,2415,0
3752095,0.242,13.185,1.987,3.460,0.852,0.404,2416,0
3752115,0.151,16.254,1.195,3.544,0.829,1.038,2417,0
3752135,-0.510,19.989,0.204,1.808,0.440,1.559,2416,0
3752155,-1.427,23.671,-1.082,-2.174,-0.405,1.958,2415,0
3752175,-1.405,20.317,-2.751,-6.864,-1.310,2.236,2415,0
3752195,-1.247,15.275,-2.004,-8.731,-2.416,2.564,2417,0
3752215,-0.136,8.583,-0.419,-8.731,-3.123,2.814,2417,0
3752235,0.675,-0.532,2.816,-8.731,-3.616,3.405,2410,0
3752255,1.602,-3.019,5.976,-6.334,-3.627,3.737,2403,0
3752275,3.644,-4.922,6.012,-2.285,-3.584,3.493,2398,0
3752295,5.950,-4.446,4.942,0.852,-2.938,2.448,2400,0
3752315,6.507,-4.149,3.728,3.872,-2.050,0.971,2402,0
3752335,6.340,-0.345,2.449,5.887,-1.228,0.070,2403,0
3752355,5.796,5.578,1.082,5.963,-0.803,0.078,2401,0
3752375,3.867,16.601,-0.204,1.654,-0.679,0.725,2395,0
3752395,3.807,12.582,-1.585,-5.416,-0.674,1.190,2386,0
3752415,4.458,2.847,1.824,-7.974,-1.074,1.228,2384,0
3752435,6.103,-3.505,4.240,-6.424,-1.164,1.199,2383,0
3752455,8.037,-9.275,6.752,-1.100,-0.874,0.751,2384,0
3752475,8.466,-6.553,5.100,5.334,-0.431,0.028,2386,0
3752495,8.114,-0.476,1.314,8.698,-0.081,-0.606,2384,0
3752515,7.374,12.033,-1.319,7.251,0.004,-0.492,2382,0
3752535,5.416,21.828,-1.283,-0.165,-0.033,0.197,2369,0
3752555,5.061,10.015,-1.590,-7.849,-0.258,0.521,2364,0
3752575,6.182,-0.577,3.721,-8.731,-0.596,0.883,2367,0
3752595,7.985,-7.216,7.585,-4.843,-0.657,1.049,2372,0
3752615,9.206,-8.861,7.487,1.401,-0.257,0.807,2374,0
3752635,8.428,-4.369,5.145,6.588,0.186,-0.157,2372,0
3752655,7.384,1.846,2.696,8.275,0.256,-0.790,2369,0
3752675,5.696,17.403,1.645,4.708,-0.318,-0.268,2363,0
3752695,6.045,18.627,-2.401,-4.355,-0.543,0.710,2351,0
3752715,6.428,3.230,0.912,-8.731,-0.628,1.135,2360,0
3752735,8.729,-6.979,5.816,-7.387,-0.506,1.273,2384,0
3752755,10.355,-10.944,8.358,-0.675,-0.277,0.929,2406,0
3752775,9.574,-8.047,4.982,6.412,0.282,-0.355,2404,0
3752795,7.523,0.630,2.559,8.731,0.384,-1.438,2393,0
3752815,6.419,17.128,1.808,5.919,-0.330,-0.925,2373,0
3752835,5.449,22.230,-1.982,-3.625,-0.690,0.307,2358,0
3752855,5.607,5.483,-0.582,-8.731,-0.951,1.143,2363,0
3752875,8.681,-5.768,5.863,-8.256,-0.952,1.667,2410,0
3752895,11.004,-9.902,7.784,-1.548,-0.784,1.678,2444,0
3752915,10.094,-8.095,4.211,4.988,-0.141,0.204,2439,0
3752935,7.807,-1.437,1.949,8.241,0.071,-1.227,2416,0
3752955,7.424,11.897,1.379,6.078,-0.367,-1.191,2392,0
3752975,6.682,15.838,0.132,-1.351,-0.439,-0.335,2381,0
3752995,6.668,5.227,0.086,-6.829,-0.437,0.521,2380,0
3753015,8.861,-4.317,4.750,-5.903,-0.403,0.972,2399,0
3753035,11.169,-8.416,6.172,-0.584,-0.165,0.662,2413,0
3753055,9.694,-7.398,3.393,5.642,0.527,-0.735,2412,0
3753075,6.972,3.555,1.731,8.141,0.461,-1.531,2394,0
3753095,5.729,16.642,1.566,4.035,-0.426,-0.851,2374,0
3753115,5.995,14.662,-2.076,-4.298,-0.412,0.254,2372,0
3753135,6.919,2.703,1.736,-7.693,-0.709,1.245,2394,0
3753155,10.499,-5.325,5.258,-5.535,-0.465,1.610,2443,0
3753175,12.210,-9.495,6.584,0.755,-0.068,0.767,2449,0
3753195,9.787,-5.250,3.555,6.245,0.547,-1.313,2431,0
3753215,7.132,6.515,1.918,7.514,0.534,-1.982,2415,0
3753235,6.158,14.657,1.671,2.423,0.248,-1.236,2400,0
3753255,5.485,11.995,0.065,-4.621,-0.128,0.314,2389,0
3753275,6.946,2.770,2.837,-6.846,-0.521,1.494,2395,0
3753295,10.302,-3.809,5.219,-4.743,-0.280,1.535,2419,0
3753315,11.147,-7.355,6.493,0.280,0.158,0.580,2421,0
3753335,9.519,-5.744,4.492,5.340,0.720,-1.184,2415,0
3753355,7.649,1.393,2.871,7.647,0.768,-1.950,2399,0
3753375,6.053,12.390,1.829,4.829,0.320,-1.426,2386,0
3753395,4.927,16.415,0.378,-1.980,-0.308,0.102,2367,0
3753415,6.057,7.731,1.235,-6.749,-0.790,1.225,2372,0
3753435,9.670,-2.255,3.752,-6.853,-0.665,1.007,2414,0
3753455,12.103,-9.203,4.621,-2.446,0.156,-0.245,2445,0
3753475,10.056,-8.169,4.106,3.662,1.135,-1.558,2432,0
3753495,6.481,1.834,3.031,6.864,1.287,-1.875,2416,0
3753515,4.700,13.491,3.318,4.541,0.298,-0.766,2386,0
3753535,6.091,15.052,0.036,-1.465,-0.289,0.481,2378,0
3753555,7.436,6.914,3.084,-5.437,-0.203,0.811,2384,0
3753575,8.978,-0.273,5.868,-4.867,0.019,0.690,2407,0
3753595,9.301,-5.722,8.013,-0.608,0.148,0.143,2412,0
3753615,8.942,-4.204,5.947,4.426,0.362,-0.701,2413,0
3753635,7.712,4.089,4.003,6.306,0.291,-1.098,2406,0
3753655,5.033,14.408,3.021,3.238,-0.313,-0.395,2389,0
3753675,3.881,15.244,1.401,-3.100,-1.219,1.101,2375,0
3753695,6.874,5.385,2.796,-6.453,-1.434,2.026,2400,0
3753715,11.006,-1.824,4.889,-5.389,-0.890,2.044,2463,0
3753735,12.184,-6.105,5.279,-1.179,-0.235,1.146,2470,0
3753755,9.737,-5.868,3.737,3.204,0.392,-0.630,2455,0
3753775,7.760,-0.740,1.760,5.682,0.682,-1.685,2446,0
3753795,6.409,9.409,2.310,4.093,0.461,-1.377,2426,0
3753815,5.622,12.780,1.942,-1.183,-0.060,-0.198,2405,0
3753835,7.144,6.141,1.803,-5.263,-0.150,0.699,2403,0
3753855,8.961,-0.077,4.958,-5.166,0.007,0.994,2414,0
3753875,9.831,-3.850,6.814,-2.016,0.334,0.628,2414,0
3753895,9.170,-5.205,6.335,2.500,0.743,-0.401,2411,0
3753915,7.956,-2.512,4.154,6.308,1.035,-1.163,2402,0
3753935,6.139,7.925,2.468,6.483,0.564,-0.963,2389,0
3753955,5.473,16.180,2.191,1.862,-0.266,0.114,2373,0
3753975,6.728,11.602,0.656,-4.557,-0.287,0.827,2369,0
3753995,7.798,2.320,4.063,-6.527,-0.252,1.053,2377,0
3754015,9.043,-3.768,6.254,-4.435,-0.173,0.849,2385,0
3754035,9.268,-7.084,6.292,0.280,0.044,0.100,2385,0
3754055,8.392,-4.568,4.836,4.973,0.304,-0.767,2385,0
3754075,7.535,2.332,3.955,6.742,-0.038,-0.879,2383,0
3754095,7.343,10.932,2.377,4.278,-0.209,-0.408,2377,0
3754115,7.314,13.364,1.432,-1.647,-0.063,0.023,2374,0
3754135,7.365,6.424,2.251,-5.703,0.024,0.174,2371,0
3754155,8.152,0.675,4.482,-5.622,0.098,0.353,2370,0
3754175,8.140,-3.108,6.208,-2.688,0.118,0.430,2368,0
3754195,8.095,-3.103,6.790,1.082,0.037,0.140,2366,0
3754215,8.337,-1.338,5.416,3.995,0.070,-0.277,2363,0
3754235,7.819,3.824,4.326,4.644,0.005,-0.485,2358,0
3754255,6.598,8.231,3.804,2.576,-0.152,-0.382,2352,0
3754275,6.141,9.062,4.044,-0.718,-0.570,0.140,2351,0
3754295,7.654,5.981,3.924,-2.846,-0.665,0.614,2353,0
3754315,9.067,2.119,4.532,-2.694,-0.405,0.688,2359,0
3754335,9.752,-0.328,5.174,-1.058,-0.071,0.363,2361,0
3754355,9.170,-1.314,4.302,1.110,0.325,-0.158,2355,0
3754375,7.566,-0.201,4.154,2.843,0.481,-0.633,2352,0
3754395,6.910,3.572,4.520,2.957,0.086,-0.627,2351,0
3754415,7.029,7.333,4.032,1.186,-0.277,-0.293,2351,0
3754435,7.360,7.168,3.658,-1.647,-0.399,0.004,2351,0
3754455,7.858,3.450,4.927,-3.114,-0.260,0.028,2358,0
3754475,8.504,0.891,5.485,-2.482,-0.095,-0.104,2368,0
3754495,8.746,-0.153,5.349,-0.451,0.106,-0.253,2368,0
3754515,8.339,0.041,4.489,1.594,0.434,-0.537,2368,0
3754535,7.173,3.100,3.855,2.604,0.494,-0.846,2364,0
3754555,6.984,4.930,3.443,1.973,0.409,-0.908,2360,0
3754575,7.156,5.906,3.754,0.854,0.355,-0.760,2360,0
3754595,7.242,5.770,4.247,-0.217,0.362,-0.611,2356,0
3754615,7.108,4.413,4.860,-0.624,0.325,-0.538,2354,0
3754635,7.108,3.608,4.839,-0.291,0.284,-0.380,2353,0
3754655,7.365,3.220,4.954,0.620,0.339,-0.019,2352,0
3754675,7.860,3.757,4.700,1.914,0.402,0.149,2351,0
3754695,7.748,4.092,4.317,2.488,0.468,-0.098,2351,0
3754715,7.254,4.334,3.857,2.567,0.426,-0.362,2350,0
3754735,6.929,5.397,4.099,2.167,0.187,-0.430,2349,0
3754755,7.084,6.366,4.271,1.370,0.108,-0.470,2348,0
3754775,6.938,6.670,4.547,0.353,0.136,-0.552,2350,0
3754795,6.879,5.883,4.456,-0.265,0.177,-0.714,2352,0
3754815,6.613,5.001,4.958,-0.275,0.150,-0.843,2352,0
3754835,6.682,4.858,5.892,0.025,0.041,-0.746,2351,0
3754855,6.893,5.885,6.469,0.382,-0.113,-0.708,2352,0
3754875,6.941,7.151,6.919,0.836,-0.177,-0.976,2352,0
3754895,6.318,9.768,5.938,1.257,-0.215,-1.303,2354,0
3754915,5.339,13.108,4.769,0.958,-0.490,-0.704,2360,0
3754935,4.796,15.802,2.337,0.008,-1.030,0.568,2370,0
3754955,5.519,15.139,0.002,-1.432,-1.229,1.763,2373,0
3754975,6.127,11.878,-0.646,-2.619,-1.071,2.552,2371,0
3754995,6.467,8.258,-0.646,-2.978,-0.794,3.102,2377,0
3755015,6.582,5.619,-0.500,-2.708,-0.476,3.545,2382,0
3755035,6.685,3.450,0.611,-2.230,-0.092,3.896,2380,0
3755055,6.309,0.615,2.801,-1.859,0.163,3.996,2375,0
3755075,5.933,-2.926,4.908,-1.576,0.260,3.789,2373,0
3755095,6.206,-4.793,6.649,-1.477,0.225,3.267,2370,0
3755115,6.203,-6.905,7.005,-1.650,0.105,2.556,2370,0
3755135,6.244,-9.395,7.422,-1.734,-0.151,1.548,2370,0
3755155,6.574,-10.913,6.771,-1.294,-0.546,0.410,2375,0
3755175,7.245,-11.013,5.502,-0.374,-0.910,-1.049,2384,0
3755195,8.040,-9.361,4.384,1.021,-1.013,-2.692,2386,0
3755215,8.349,-5.483,3.527,2.448,-0.782,-4.226,2388,0
3755235,7.793,-0.845,2.614,3.492,-0.294,-5.292,2390,0
3755255,6.519,5.796,1.077,3.688,0.122,-5.599,2399,0
3755275,4.793,13.659,-0.184,2.361,0.389,-4.920,2410,0
3755295,4.542,18.323,-1.583,-0.162,0.176,-2.800,2404,0
3755315,4.726,18.632,-1.607,-1.610,-0.002,-0.324,2398,0
3755335,5.593,16.486,0.828,-2.328,-0.000,1.322,2394,0
3755355,6.108,12.342,1.686,-2.599,0.176,2.301,2390,0
3755375,6.246,8.116,2.385,-2.256,0.236,3.220,2385,0
3755395,6.974,3.345,3.417,-1.380,0.387,3.897,2383,0
3755415,7.544,-0.620,4.827,-0.486,0.604,3.858,2385,0
3755435,7.020,-3.251,5.974,-0.193,0.738,3.207,2385,0
3755455,6.618,-5.258,6.574,-0.604,0.669,2.432,2383,0
3755475,6.134,-7.882,7.130,-0.964,0.325,1.622,2379,0
3755495,6.886,-8.973,7.525,-0.837,0.038,0.822,2381,0
3755515,7.867,-9.309,7.175,-0.232,-0.127,-0.512,2384,0
3755535,7.834,-7.989,6.754,0.621,-0.222,-2.013,2384,0
3755555,7.793,-5.715,6.057,1.853,-0.305,-3.214,2383,0
3755575,7.843,-1.178,4.477,3.106,-0.205,-4.047,2383,0
3755595,7.317,5.653,2.744,3.315,0.018,-4.564,2391,0
3755615,5.713,12.395,1.381,1.413,0.233,-4.155,2401,0
3755635,4.800,14.351,1.575,0.006,0.145,-2.505,2401,0
3755655,4.911,16.573,0.651,-0.666,0.155,-0.429,2400,0
3755675,5.320,16.575,1.954,-1.333,0.091,1.524,2400,0
3755695,5.672,11.401,2.796,-2.246,0.300,2.754,2390,0
3755715,6.421,4.922,4.618,-1.738,0.504,3.393,2385,0
3755735,6.857,0.572,6.622,-0.549,0.429,3.519,2386,0
3755755,6.867,-1.887,7.300,0.305,0.208,3.280,2388,0
3755775,6.627,-3.816,7.448,-0.090,0.072,2.691,2384,0
3755795,6.644,-6.261,8.344,-0.959,-0.226,1.738,2384,0
3755815,7.456,-8.736,8.011,-1.140,-0.457,0.650,2385,0
3755835,8.205,-8.854,7.290,-0.373,-0.469,-0.631,2387,0
3755855,8.195,-7.159,6.584,0.645,-0.419,-2.062,2387,0
3755875,7.906,-4.051,5.899,1.750,-0.308,-3.344,2386,0
3755895,7.384,0.000,5.409,2.459,-0.186,-4.303,2386,0
3755915,6.819,5.148,4.302,2.621,-0.117,-4.822,2393,0
3755935,5.363,11.298,2.665,1.746,0.098,-4.644,2410,0
3755955,3.953,16.216,1.015,0.192,0.102,-2.952,2409,0
3755975,3.948,16.989,0.306,-0.429,-0.060,-0.479,2404,0
3755995,4.187,16.594,1.250,-1.038,-0.257,1.606,2402,0
3756015,4.626,13.312,1.693,-1.956,-0.326,3.041,2397,0
3756035,5.777,6.931,3.213,-1.902,-0.121,3.978,2392,0
3756055,7.025,2.059,4.994,-0.825,0.217,4.238,2393,0
3756075,7.381,-1.178,5.672,0.226,0.527,3.983,2391,0
3756095,6.388,-2.523,6.491,0.218,0.670,3.398,2387,0
3756115,5.567,-5.267,8.260,-1.310,0.431,2.546,2384,0
3756135,5.969,-9.936,8.346,-2.045,-0.088,1.572,2384,0
3756155,7.207,-11.310,7.482,-1.009,-0.461,0.499,2396,0
3756175,8.291,-9.613,6.249,0.467,-0.481,-1.007,2396,0
3756195,7.951,-7.005,6.237,1.797,-0.421,-2.584,2392,0
3756215,7.515,-2.514,5.892,2.945,-0.350,-3.702,2387,0
3756235,6.424,3.158,5.564,3.405,-0.470,-4.212,2384,0
3756255,5.703,12.680,3.457,2.072,-0.851,-3.807,2386,0
3756275,6.065,18.227,-0.895,-1.333,-0.645,-2.422,2385,0
3756295,5.507,15.943,0.498,-3.096,-0.369,-0.176,2383,0
3756315,6.072,11.526,2.215,-2.301,-0.313,1.965,2384,0
3756335,7.573,7.561,1.642,-1.124,-0.189,3.063,2389,0
3756355,8.657,3.069,1.932,0.174,0.221,3.364,2406,0
3756375,8.243,-0.299,3.536,0.866,0.829,3.143,2405,0
3756395,6.800,-1.908,6.218,0.674,1.099,2.755,2396,0
3756415,5.911,-5.104,8.794,-0.894,0.948,2.009,2385,0
3756435,6.285,-10.338,9.589,-2.090,0.338,0.818,2384,0
3756455,7.266,-12.330,8.748,-1.301,-0.157,-0.796,2385,0
3756475,7.863,-10.530,8.033,0.735,-0.283,-2.694,2386,0
3756495,7.369,-5.926,6.941,2.778,-0.069,-4.110,2388,0
3756515,5.545,0.402,6.235,3.918,-0.101,-4.864,2392,0
3756535,4.599,8.085,4.058,3.540,-0.593,-4.715,2401,0
3756555,5.133,13.671,0.072,1.701,-0.648,-4.164,2417,0
3756575,5.138,17.511,-1.542,-0.749,0.014,-3.136,2434,0
3756595,4.092,16.264,0.294,-2.066,0.197,-0.949,2436,0
3756615,3.089,14.413,2.253,-1.689,-0.056,1.644,2448,0
3756635,4.204,12.254,1.516,-1.681,0.018,3.453,2477,0
3756655,5.681,6.646,2.794,-2.148,0.653,4.122,2494,0
3756675,6.053,-0.496,6.529,-1.517,1.179,4.059,2504,0
3756695,5.959,-3.230,8.657,-0.550,1.228,3.627,2485,0
3756715,5.775,-5.406,9.225,-0.034,0.841,2.872,2466,0
3756735,6.493,-6.601,9.670,-0.098,0.124,1.447,2461,0
3756755,7.812,-8.411,8.894,0.196,-0.140,-0.305,2465,0
3756775,7.822,-6.783,8.502,1.334,-0.063,-1.664,2461,0
3756795,6.692,-3.323,7.836,2.363,-0.031,-2.657,2461,0
3756815,5.612,0.919,7.233,2.819,-0.326,-3.088,2463,0
3756835,5.294,6.455,4.614,2.625,-0.634,-2.927,2465,0
3756855,5.533,10.836,2.753,1.592,-0.537,-2.259,2479,0
3756875,5.588,12.064,2.591,0.167,-0.365,-1.280,2497,0
3756895,6.112,10.681,2.648,-0.391,-0.121,-0.155,2512,0
3756915,6.919,7.740,3.081,-0.442,0.191,0.549,2513,0
3756935,7.219,4.781,4.417,-0.174,0.449,0.750,2505,0
3756955,6.972,2.794,5.746,0.227,0.509,0.702,2498,0
3756975,6.879,1.980,6.282,0.404,0.414,0.475,2489,0
3756995,6.962,1.889,6.955,0.309,0.274,0.081,2482,0
3757015,7.072,2.133,7.357,0.096,0.191,-0.353,2479,0
3757035,6.807,2.643,7.348,0.127,0.124,-0.619,2477,0
3757055,6.213,3.551,7.029,0.334,-0.022,-0.674,2475,0
3757075,5.940,4.860,6.642,0.647,-0.211,-0.503,2476,0
3757095,6.225,5.988,6.038,0.818,-0.343,-0.280,2474,0
3757115,6.752,6.598,5.456,0.723,-0.348,-0.162,2474,0
3757135,6.955,6.424,4.946,0.446,-0.243,-0.104,2474,0
3757155,6.847,5.923,4.781,0.166,-0.141,-0.043,2473,0
3757175,6.754,5.289,4.824,-0.021,-0.099,0.021,2470,0
3757195,6.778,4.764,4.949,-0.110,-0.054,0.058,2472,0
3757215,6.711,4.559,5.277,-0.167,0.000,0.016,2472,0
3757235,6.577,4.319,5.504,-0.133,0.010,-0.008,2471,0
3757255,6.450,4.250,5.535,-0.017,-0.011,-0.006,2471,0
3757275,6.457,4.503,5.394,0.099,-0.023,-0.011,2471,0
3757295,6.412,4.827,5.420,0.097,-0.031,-0.045,2469,0
3757315,6.395,4.829,5.373,0.046,-0.054,-0.057,2469,0
3757335,6.448,4.863,5.253,0.071,-0.072,-0.062,2469,0
3757355,6.539,4.982,5.171,0.119,-0.049,-0.067,2469,0
3757375,6.541,5.229,5.274,0.126,-0.011,-0.063,2470,0
3757395,6.416,5.255,5.485,0.060,0.004,-0.061,2469,0
3757415,6.357,5.150,5.531,0.024,-0.029,-0.037,2468,0
3757435,6.488,4.942,5.413,0.022,-0.058,-0.005,2468,0
3757455,6.687,4.805,5.365,0.075,-0.039,0.014,2469,0
3757475,6.685,4.990,5.502,0.104,0.010,0.007,2468,0
3757495,6.515,5.045,5.657,0.059,0.001,0.004,2469,0
3757515,6.598,4.863,5.607,0.002,-0.053,0.005,2467,0
3757535,6.658,4.776,5.454,0.027,-0.063,-0.011,2468,0
3757555,6.620,4.774,5.418,0.086,-0.046,-0.031,2470,0
3757575,6.495,4.932,5.471,0.107,-0.026,-0.037,2469,0
3757595,6.404,4.973,5.456,0.083,-0.040,-0.042,2469,0
3757615,6.383,4.887,5.310,0.076,-0.058,-0.025,2470,0
3757635,6.495,5.037,5.322,0.097,-0.057,0.001,2470,0
3757655,6.553,5.131,5.329,0.078,-0.038,-0.009,2469,0
3757675,6.440,5.064,5.382,0.005,-0.015,-0.036,2471,0
3757695,6.404,4.963,5.380,0.007,-0.021,-0.021,2471,0
3757715,6.500,4.846,5.351,0.070,-0.035,0.009,2472,0
3757735,6.618,4.867,5.351,0.092,-0.022,0.006,2470,0
3757755,6.565,5.001,5.471,0.040,0.006,-0.026,2471,0
3757775,6.460,4.922,5.581,-0.006,0.004,-0.029,2470,0
3757795,6.433,4.872,5.504,0.024,-0.032,-0.004,2470,0
3757815,6.493,5.104,5.461,0.083,-0.052,0.006,2471,0
3757835,6.500,5.274,5.509,0.096,-0.047,0.000,2471,0
3757855,6.381,5.327,5.521,0.067,-0.051,0.010,2470,0
3757875,6.407,5.193,5.440,0.049,-0.086,0.041,2471,0
3757895,6.472,4.922,5.332,0.057,-0.103,0.057,2470,0
3757915,6.586,4.721,5.248,0.087,-0.085,0.062,2471,0
3757935,6.577,4.659,5.262,0.092,-0.051,0.038,2472,0
3757955,6.539,4.669,5.262,0.044,-0.029,-0.008,2470,0
3757975,6.500,4.724,5.303,0.041,-0.023,-0.029,2472,0
3757995,6.483,4.860,5.313,0.088,-0.011,-0.025,2472,0
3758015,6.436,5.080,5.466,0.089,0.014,-0.022,2471,0
3758035,6.421,5.124,5.562,0.031,0.005,-0.022,2473,0
3758055,6.450,5.006,5.564,0.013,-0.022,-0.013,2472,0
3758075,6.452,5.011,5.507,0.060,-0.043,-0.006,2470,0
3758095,6.527,5.045,5.397,0.099,-0.055,0.005,2472,0
3758115,6.586,5.064,5.339,0.075,-0.043,0.007,2472,0
3758135,6.539,5.011,5.389,0.026,-0.041,0.006,2471,0
3758155,6.551,4.944,5.401,0.024,-0.045,-0.001,2470,0
3758175,6.548,4.911,5.322,0.044,-0.046,-0.003,2472,0
3758195,6.541,4.870,5.270,0.059,-0.037,-0.004,2472,0
3758215,6.507,4.867,5.344,0.052,-0.035,0.003,2472,0
3758235,6.527,5.011,5.428,0.051,-0.041,-0.008,2473,0
3758255,6.479,5.052,5.428,0.035,-0.040,-0.026,2472,0
3758275,6.445,5.028,5.318,0.056,-0.052,-0.015,2472,0
3758295,6.541,5.001,5.207,0.082,-0.055,0.002,2473,0
3758315,6.536,5.090,5.284,0.074,-0.035,0.004,2472,0
3758335,6.472,5.030,5.320,0.042,-0.032,0.002,2471,0
3758355,6.522,4.911,5.322,0.028,-0.034,0.000,2472,0
3758375,6.553,4.824,5.246,0.064,-0.030,-0.010,2472,0
3758395,6.563,4.901,5.255,0.083,-0.006,-0.023,2471,0
3758415,6.486,4.911,5.377,0.047,0.005,-0.028,2472,0
3758435,6.433,4.961,5.478,0.028,-0.017,-0.027,2472,0
3758455,6.476,5.085,5.495,0.048,-0.030,-0.027,2471,0
3758475,6.474,5.227,5.416,0.060,-0.036,-0.023,2474,0
3758495,6.491,5.262,5.413,0.063,-0.039,-0.004,2473,0
3758515,6.548,5.152,5.404,0.051,-0.051,0.014,2474,0
3758535,6.591,4.927,5.353,0.055,-0.053,0.010,2475,0
3758555,6.567,4.903,5.234,0.088,-0.050,-0.002,2474,0
3758575,6.558,4.899,5.200,0.088,-0.043,0.004,2475,0
3758595,6.577,4.970,5.308,0.084,-0.032,0.016,2476,0
3758615,6.493,5.006,5.375,0.057,-0.029,0.004,2475,0
3758635,6.455,5.066,5.420,0.051,-0.032,-0.001,2473,0
3758655,6.467,5.059,5.368,0.047,-0.041,0.000,2469,0
3758675,6.539,5.030,5.394,0.082,-0.043,0.001,2473,0
3758695,6.512,5.100,5.308,0.107,-0.035,0.003,2472,0
3758715,6.436,5.052,5.339,0.086,-0.041,0.011,2472,0
3758735,6.481,4.956,5.239,0.070,-0.048,0.015,2472,0
3758755,6.495,4.781,5.210,0.081,-0.038,0.006,2472,0
3758775,6.572,4.903,5.246,0.119,-0.029,-0.007,2471,0
3758795,6.512,5.071,5.428,0.116,-0.020,-0.011,2473,0
3758815,6.515,5.080,5.454,0.077,-0.016,-0.022,2472,0
3758835,6.424,5.183,5.423,0.037,-0.031,-0.031,2473,0
3758855,6.457,5.174,5.418,0.075,-0.055,-0.012,2475,0
3758875,6.574,5.188,5.294,0.122,-0.069,0.002,2476,0
3758895,6.610,5.162,5.195,0.100,-0.061,0.006,2477,0
3758915,6.625,5.028,5.236,0.066,-0.060,0.004,2478,0
3758935,6.560,4.882,5.188,0.069,-0.056,-0.014,2480,0
3758955,6.524,4.906,5.004,0.089,-0.037,-0.018,2480,0
3758975,6.493,4.963,5.073,0.112,-0.018,-0.012,2480,0
3758995,6.543,5.217,5.138,0.127,0.001,-0.008,2480,0
3759015,6.498,5.322,5.277,0.081,0.010,-0.002,2481,0
3759035,6.426,5.011,5.490,0.130,-0.024,0.023,2482,0
3759055,6.469,5.078,5.241,0.156,-0.046,0.011,2483,0
3759075,6.601,5.162,5.114,0.180,-0.051,0.021,2487,0
3759095,6.522,5.210,5.160,0.139,-0.021,0.004,2496,0
3759115,6.503,5.016,5.200,0.065,-0.021,0.002,2507,0
3759135,6.517,4.980,5.243,0.109,-0.043,0.000,2512,0
3759155,6.577,5.200,5.145,0.136,-0.034,-0.018,2514,0
3759175,6.630,5.310,5.092,0.094,-0.009,-0.032,2512,0
3759195,6.548,5.143,5.121,0.007,0.006,-0.040,2512,0
3759215,6.505,5.088,5.198,-0.001,0.001,-0.059,2512,0
3759235,6.467,5.186,5.191,0.032,-0.009,-0.064,2511,0
3759255,6.390,5.265,5.277,0.072,-0.017,-0.029,2510,0
3759275,6.433,5.363,5.382,0.062,-0.030,-0.004,2512,0
3759295,6.467,5.217,5.332,0.050,-0.042,-0.002,2512,0
3759315,6.436,4.444,5.320,0.272,-0.079,0.060,2513,0
3759335,6.498,4.956,4.963,0.020,-0.028,-0.032,2517,0
3759355,6.536,5.248,5.028,0.037,-0.018,-0.028,2520,0
3759375,6.491,5.200,5.162,0.041,-0.023,-0.016,2525,0
3759395,6.424,5.203,5.171,0.044,-0.021,-0.017,2528,0
3759415,6.476,5.191,5.164,0.053,-0.017,-0.019,2528,0
3759435,6.519,5.234,5.128,0.032,-0.012,-0.023,2526,0
3759455,6.555,5.265,5.167,0.003,-0.015,-0.027,2526,0
3759475,6.474,5.109,5.239,0.020,-0.028,-0.015,2527,0
3759495,6.452,5.136,5.212,0.072,-0.044,-0.013,2527,0
3759515,6.500,5.356,5.152,0.099,-0.040,-0.023,2527,0
3759535,6.503,5.394,5.104,0.048,-0.027,-0.020,2528,0
3759555,6.457,5.277,5.152,0.022,-0.021,-0.005,2528,0
3759575,6.443,5.155,5.200,0.021,-0.027,0.002,2529,0
3759595,6.450,5.164,5.195,0.056,-0.027,0.004,2528,0
3759615,6.474,5.186,5.167,0.072,-0.033,0.007,2528,0
3759635,6.510,5.207,5.207,0.064,-0.037,-0.007,2527,0
3759655,6.472,5.183,5.248,0.034,-0.040,-0.022,2527,0
3759675,6.448,5.183,5.212,0.033,-0.044,-0.018,2528,0
3759695,6.443,5.193,5.133,0.071,-0.044,-0.000,2528,0
3759715,6.500,5.334,5.150,0.076,-0.036,0.009,2529,0
3759735,6.507,5.318,5.171,0.026,-0.027,-0.007,2528,0
3759755,6.474,5.243,5.200,0.004,-0.015,-0.011,2529,0
3759775,6.483,5.133,5.222,0.022,-0.021,-0.005,2528,0
3759795,6.488,5.078,5.231,0.052,-0.036,-0.006,2528,0
3759815,6.481,5.148,5.179,0.059,-0.032,-0.008,2528,0
3759835,6.474,5.282,5.215,0.031,-0.020,-0.024,2529,0
3759855,6.443,5.286,5.167,0.010,-0.013,-0.027,2527,0
3759875,6.414,5.318,5.191,0.032,-0.025,-0.009,2528,0
3759895,6.452,5.195,5.193,0.054,-0.042,0.001,2527,0
3759915,6.507,5.239,5.169,0.054,-0.038,-0.003,2527,0
3759935,6.515,5.274,5.160,0.050,-0.035,-0.011,2527,0
3759955,6.493,5.246,5.124,0.064,-0.037,-0.015,2529,0
3759975,6.486,5.267,5.085,0.045,-0.035,-0.006,2529,0
3759995,6.503,5.181,5.162,0.046,-0.036,0.001,2529,0
3760015,6.522,5.207,5.188,0.041,-0.021,-0.004,2528,0
3760035,6.455,5.253,5.176,0.039,-0.020,-0.014,2529,0
3760055,6.431,5.227,5.138,0.050,-0.024,-0.011,2529,0
3760075,6.460,5.250,5.121,0.060,-0.025,-0.001,2528,0
3760095,6.448,5.203,5.193,0.054,-0.022,0.002,2528,0
3760115,6.426,5.174,5.224,0.058,-0.027,-0.006,2529,0
3760135,6.414,5.198,5.124,0.066,-0.022,-0.005,2529,0
3760155,6.452,5.243,5.124,0.075,-0.017,-0.008,2527,0
3760175,6.457,5.243,5.167,0.041,-0.012,-0.011,2527,0
3760195,6.460,5.191,5.279,0.006,-0.018,-0.013,2528,0
3760215,6.421,5.179,5.279,0.023,-0.031,-0.024,2528,0
3760235,6.443,5.315,5.243,0.047,-0.034,-0.023,2526,0
3760255,6.483,5.346,5.198,0.058,-0.039,-0.001,2525,0
3760275,6.488,5.274,5.195,0.040,-0.047,0.008,2524,0
3760295,6.462,5.183,5.114,0.026,-0.056,0.006,2520,0
3760315,6.505,5.164,5.037,0.041,-0.048,-0.002,2520,0
3760335,6.472,5.298,5.116,0.078,-0.052,-0.009,2521,0
3760355,6.474,5.504,5.253,0.095,-0.075,0.031,2520,0
3760375,6.426,5.464,5.179,0.041,-0.080,0.043,2519,0
3760395,6.464,5.162,5.224,0.003,-0.083,0.031,2519,0
3760415,6.524,5.076,5.131,0.073,-0.093,0.040,2519,0
3760435,6.589,5.186,5.052,0.106,-0.062,0.048,2518,0
3760455,6.498,5.143,5.248,0.037,-0.043,0.017,2518,0
3760475,6.467,5.133,5.291,0.008,-0.049,-0.009,2518,0
3760495,6.505,5.143,5.167,0.027,-0.042,-0.015,2518,0
3760515,6.527,5.114,5.231,0.057,-0.044,-0.027,2520,0
3760535,6.543,5.145,5.143,0.058,-0.050,-0.032,2523,0
3760555,6.491,5.253,5.083,0.060,-0.057,-0.043,2529,0
3760575,6.402,5.224,5.126,0.021,-0.038,-0.057,2532,0
3760595,6.448,5.327,5.179,0.028,-0.049,-0.038,2534,0
3760615,6.493,5.282,5.145,0.030,-0.049,-0.025,2540,0
3760635,6.534,5.301,5.188,0.027,-0.061,-0.020,2542,0
3760655,6.570,5.262,5.097,0.041,-0.074,-0.032,2543,0
3760675,6.541,5.265,4.922,0.031,-0.057,-0.041,2543,0
3760695,6.474,5.289,5.011,0.044,-0.034,-0.031,2544,0
3760715,6.495,5.291,5.140,0.042,-0.069,-0.003,2543,0
3760735,6.601,5.284,5.040,0.029,-0.071,0.009,2544,0
3760755,6.546,5.119,4.978,0.013,-0.030,-0.007,2545,0
3760775,6.512,5.167,5.004,0.054,-0.011,-0.012,2546,0
3760795,6.479,5.167,5.138,0.047,-0.022,-0.002,2547,0
3760815,6.472,5.174,5.176,0.019,-0.022,-0.010,2548,0
3760835,6.457,5.186,5.320,0.030,-0.015,-0.029,2548,0
3760855,6.450,5.298,5.351,0.051,-0.030,-0.041,2550,0
3760875,6.419,5.327,5.301,0.072,-0.045,-0.024,2548,0
3760895,6.450,5.380,5.253,0.094,-0.072,0.005,2546,0
3760915,6.582,5.363,5.078,0.083,-0.058,0.006,2547,0
3760935,6.476,5.260,5.030,0.030,-0.021,-0.011,2545,0
3760955,6.460,5.102,5.124,0.009,-0.034,-0.009,2545,0
3760975,6.572,5.037,5.124,0.004,-0.039,-0.034,2544,0
3760995,6.546,5.001,5.023,0.017,-0.014,-0.061,2543,0
3761015,6.483,5.200,5.124,0.031,-0.063,-0.087,2544,0
3761035,6.443,5.442,5.011,0.014,-0.038,-0.112,2545,0
3761055,6.462,5.502,5.128,-0.056,-0.021,-0.124,2544,0
3761075,6.419,5.298,5.227,-0.071,-0.027,-0.102,2543,0
3761095,6.309,5.279,5.231,-0.004,-0.060,-0.053,2544,0
3761115,6.414,5.387,5.114,0.061,-0.076,-0.027,2543,0
3761135,6.553,5.425,4.994,0.054,-0.053,-0.021,2543,0
3761155,6.598,5.370,4.985,0.008,-0.022,-0.034,2542,0
3761175,6.529,5.162,5.037,-0.032,0.005,-0.061,2542,0
3761195,6.467,5.203,5.119,-0.026,0.001,-0.068,2541,0
3761215,6.402,5.234,5.124,0.001,0.002,-0.063,2541,0
3761235,6.345,5.258,5.227,0.039,0.004,-0.034,2539,0
3761255,6.455,5.296,5.234,0.038,-0.002,-0.025,2540,0
3761275,6.479,5.260,5.289,0.008,0.008,-0.047,2540,0
3761295,6.443,5.174,5.217,0.026,-0.003,-0.063,2543,0
3761315,6.412,5.334,5.133,0.085,0.033,-0.078,2542,0
3761335,6.294,5.404,5.222,0.088,0.038,-0.069,2541,0
3761355,6.354,5.389,5.191,0.032,0.021,-0.059,2539,0
3761375,6.323,5.294,5.212,-0.013,0.023,-0.064,2538,0
3761395,6.278,5.267,5.272,0.003,0.009,-0.053,2533,0
3761415,6.371,5.358,5.171,0.065,0.012,-0.039,2534,0
3761435,6.220,5.483,5.255,0.061,0.017,-0.044,2532,0
3761455,6.258,5.459,5.318,0.018,0.002,-0.029,2530,0
3761475,6.314,5.325,5.349,0.027,-0.003,-0.016,2530,0
3761495,6.213,5.272,5.392,0.069,-0.019,-0.006,2529,0
3761515,6.246,5.322,5.332,0.098,-0.045,0.011,2527,0
3761535,6.299,5.296,5.318,0.117,-0.054,0.023,2525,0
3761555,6.352,5.368,5.306,0.131,-0.072,0.005,2524,0
3761575,6.352,5.373,5.188,0.116,-0.042,-0.033,2522,0
3761595,6.290,5.339,5.090,0.105,-0.003,-0.045,2523,0
3761615,6.134,5.286,5.145,0.143,-0.011,-0.016,2526,0
3761635,6.158,5.365,5.188,0.220,-0.029,0.039,2531,0
3761655,6.297,5.485,5.131,0.282,0.023,0.055,2540,0
3761675,6.328,5.488,4.992,0.256,0.133,0.002,2549,0
3761695,6.342,5.444,5.241,0.177,0.168,-0.089,2556,0
3761715,6.364,5.418,5.296,0.096,0.086,-0.138,2553,0
3761735,6.258,5.586,5.339,0.074,0.012,-0.125,2549,0
3761755,6.160,5.531,5.329,0.054,-0.028,-0.096,2549,0
3761775,6.194,5.672,5.066,0.016,0.001,-0.094,2546,0
3761795,6.112,5.600,5.030,0.015,0.062,-0.084,2544,0
3761815,6.122,5.595,5.013,0.057,0.082,-0.066,2541,0
3761835,5.997,5.538,5.011,0.063,0.098,-0.055,2530,0
3761855,6.096,5.698,5.262,0.033,0.073,-0.061,2510,0
3761875,6.115,5.583,5.380,-0.059,0.048,-0.098,2484,0
3761895,6.153,5.528,5.358,-0.027,0.035,-0.101,2470,0
3761915,6.146,5.567,5.375,0.071,0.011,-0.078,2464,0
3761935,6.021,5.598,5.365,0.108,-0.034,-0.040,2462,0
3761955,5.938,5.614,5.265,0.174,-0.069,-0.025,2460,0
3761975,6.184,5.868,5.028,0.070,-0.069,-0.002,2452,0
3761995,6.249,5.818,5.447,-0.048,-0.029,-0.003,2450,0
3762015,6.304,5.648,5.672,-0.143,-0.120,-0.001,2455,0
3762035,6.225,5.650,5.480,-0.030,-0.212,0.025,2504,0
3762055,6.285,5.483,5.001,0.071,-0.216,0.018,2559,0
3762075,6.254,5.631,5.066,0.088,-0.198,-0.031,2649,0
3762095,6.081,5.969,5.181,0.054,-0.216,0.001,2721,0
3762115,6.261,5.466,5.040,-0.065,-0.230,0.024,2772,0
3762135,6.242,5.009,4.911,0.036,-0.141,-0.054,2810,0
3762155,6.167,5.449,4.922,0.165,-0.054,-0.080,2832,0
3762175,5.964,5.859,4.982,0.238,0.015,-0.011,2843,0
3762195,5.799,5.897,4.911,0.210,0.015,0.060,2838,0
3762215,6.005,5.739,5.248,0.115,0.044,0.011,2832,0
3762235,6.170,5.849,5.150,0.122,0.046,-0.018,2825,0
3762255,6.208,5.667,5.186,0.065,0.075,0.014,2816,0
3762275,6.144,5.504,5.545,0.013,0.039,0.044,2808,0
3762295,6.134,5.540,5.502,0.072,-0.028,0.048,2789,0
3762315,6.105,5.729,5.306,0.104,-0.065,0.032,2769,1579
3762335,6.194,5.830,5.286,0.091,-0.091,0.060,2753,2107
3762355,6.266,5.784,5.183,0.048,-0.080,0.079,2736,2213
3762375,6.290,5.614,5.191,0.022,-0.088,0.045,2726,2331
3762395,6.148,5.622,5.092,0.029,-0.099,0.047,2720,2436
3762415,6.184,5.428,4.990,0.050,-0.116,0.056,2715,2580
3762435,6.165,5.468,4.942,0.067,-0.111,0.057,2705,2746
3762455,6.297,5.449,5.033,0.048,-0.104,0.066,2701,2862
3762475,6.249,5.416,5.040,0.031,-0.072,0.028,2698,2853
3762495,6.302,5.495,4.954,0.015,-0.046,-0.042,2692,2874
3762515,6.333,5.598,4.939,0.002,-0.006,-0.062,2694,2807
3762535,6.297,5.593,4.997,-0.013,0.002,-0.080,2692,2889
3762555,6.206,5.624,5.090,-0.060,-0.034,-0.076,2696,3060
3762575,6.134,5.528,5.169,-0.072,-0.064,-0.063,2699,3175
3762595,6.115,5.564,5.140,-0.038,-0.077,-0.050,2702,3248
3762615,6.275,5.488,5.152,0.018,-0.084,-0.040,2704,3346
3762635,6.378,5.667,5.025,0.033,-0.034,-0.078,2703,3431
3762655,6.194,5.595,5.133,-0.022,0.014,-0.094,2697,3543
3762675,6.067,5.590,5.061,-0.005,0.002,-0.061,2692,3604
3762695,6.646,5.440,4.822,0.011,0.048,-0.108,2686,3611
3762715,6.419,5.382,4.805,-0.018,0.188,-0.255,2685,3574
3762735,5.756,5.476,5.325,0.034,0.141,-0.220,2682,3526
3762755,5.950,5.887,5.241,0.067,0.037,-0.076,2677,3509
3762775,6.017,6.019,5.282,-0.047,0.040,-0.063,2673,3516
3762795,5.997,5.756,5.425,-0.177,0.026,-0.106,2670,3565
3762815,5.909,5.538,5.677,-0.124,-0.003,-0.068,2662,3672
3762835,6.103,5.811,5.461,-0.071,-0.079,-0.021,2657,3691
3762855,6.084,5.569,5.353,-0.027,-0.087,0.021,2647,3724
3762875,5.916,5.825,5.327,0.073,-0.130,0.091,2641,3762
3762895,6.251,5.976,5.181,0.037,-0.114,0.098,2640,3815
3762915,6.419,5.748,5.131,-0.129,-0.054,0.022,2638,3872
3762935,6.603,5.363,5.037,-0.238,0.042,-0.084,2635,3974
3762955,6.184,4.973,5.109,-0.199,0.147,-0.143,2631,3958
3762975,5.763,5.471,5.368,-0.028,0.111,-0.071,2631,3973
3762995,5.634,5.657,5.442,0.014,0.080,0.003,2630,3983
3763015,5.861,5.751,5.636,-0.046,0.013,0.026,2625,4004
3763035,6.067,5.638,5.562,-0.075,-0.011,-0.013,2624,4035
3763055,5.897,5.167,5.363,-0.014,0.007,-0.048,2624,4009
3763075,6.091,4.961,5.140,0.071,-0.008,-0.056,2623,3992
3763095,5.945,5.971,5.638,-0.024,0.009,0.026,2623,3997
3763115,5.499,5.092,5.543,0.020,-0.023,0.012,2623,3975
3763135,6.510,5.851,5.701,0.029,-0.046,0.062,2620,3950
3763155,5.626,5.315,5.507,0.100,-0.021,0.025,2617,3943
3763175,6.685,5.902,5.286,0.051,-0.009,0.020,2620,3914
3763195,5.454,5.097,5.294,0.103,0.089,0.010,2618,3860
3763215,6.163,5.777,5.490,0.197,0.031,0.098,2618,3780
3763235,5.617,5.394,5.385,0.209,0.033,0.100,2618,3670
3763255,6.517,5.760,5.480,0.130,0.085,0.076,2620,3546
3763275,5.365,5.004,5.650,0.112,0.093,0.006,2621,3388
3763295,6.074,5.775,5.737,0.119,-0.000,0.061,2621,3166
3763315,5.674,4.800,5.351,0.213,-0.019,0.003,2623,2986
3763335,6.203,5.911,5.653,0.091,-0.024,0.037,2625,2816
3763355,5.880,4.839,5.296,0.166,-0.028,-0.089,2628,2761
3763375,5.825,6.191,5.770,-0.027,-0.057,-0.031,2630,2687
3763395,5.974,4.956,5.164,0.115,-0.064,-0.103,2632,2585
3763415,5.559,6.033,5.794,-0.012,-0.124,0.011,2634,2315
3763435,6.414,5.215,5.231,0.195,-0.171,-0.027,2632,2201
3763455,5.739,6.009,5.466,0.101,-0.096,0.051,2633,1868
3763475,6.704,5.837,4.980,0.130,-0.028,-0.017,2634,1784
3763495,5.358,5.492,5.231,0.033,0.038,-0.033,2635,1283
3763515,6.335,5.851,5.224,0.046,-0.002,0.034,2637,800
3763535,5.602,5.143,5.191,0.157,0.003,0.041,2636,0
3763555,6.354,6.065,5.444,0.050,-0.009,0.072,2637,0
3763575,5.880,4.901,5.054,0.154,0.047,-0.032,2637,0
3763595,5.806,6.218,5.610,0.059,0.058,0.061,2636,0
3763615,5.974,4.992,5.033,0.248,0.108,-0.008,2639,0
3763635,5.593,5.885,5.713,0.147,0.111,0.074,2643,0
3763655,6.349,5.382,5.351,0.294,0.078,-0.009,2647,0
3763675,5.581,6.029,5.576,0.137,0.066,0.014,2646,0
3763695,6.333,5.950,5.270,0.092,0.061,-0.035,2645,0
3763715,5.394,5.253,5.277,0.061,0.100,-0.066,2644,0
3763735,5.986,5.918,5.657,0.060,0.062,-0.015,2645,0
3763755,5.765,5.440,5.028,0.133,0.027,-0.041,2639,0
3763775,5.880,6.335,5.564,-0.131,-0.003,0.049,2625,0
3763795,6.141,4.865,5.176,0.028,-0.005,-0.064,2611,0
3763815,5.590,5.741,5.732,0.038,0.012,0.011,2606,0
3763835,6.321,5.205,5.195,0.288,0.039,-0.047,2603,0
3763855,5.339,5.806,5.478,0.223,0.077,-0.006,2601,0
3763875,6.330,6.187,5.476,0.197,0.037,-0.011,2600,0
3763895,5.581,5.737,5.368,0.045,0.007,-0.029,2598,0
3763915,6.244,6.522,5.595,-0.099,-0.005,0.001,2601,0
3763935,5.739,5.145,5.318,0.001,0.033,-0.086,2602,0
3763955,5.380,6.017,5.787,-0.056,0.002,0.009,2603,0
3763975,5.940,5.100,5.169,0.162,-0.015,-0.027,2602,0
3763995,5.507,6.098,5.669,0.013,-0.025,0.046,2601,0
3764015,6.237,5.492,5.179,0.105,-0.018,-0.037,2605,0
3764035,5.885,5.777,5.411,0.026,-0.029,-0.031,2603,0
3764055,5.823,5.760,5.344,0.061,-0.018,-0.035,2601,0
3764075,5.825,5.813,5.375,0.060,-0.007,-0.038,2600,0
3764095,5.760,5.861,5.471,0.040,0.006,-0.032,2601,0
3764115,5.672,5.859,5.519,0.019,0.003,-0.018,2602,0
3764135,5.729,5.737,5.504,0.024,-0.019,-0.004,2602,0
3764155,5.827,5.765,5.456,0.047,-0.026,-0.004,2602,0
3764175,5.856,5.818,5.456,0.043,-0.015,-0.009,2602,0
3764195,5.758,5.830,5.516,0.014,-0.011,-0.016,2602,0
3764215,5.648,5.756,5.531,0.009,-0.033,-0.003,2602,0
3764235,5.763,5.631,5.459,0.062,-0.056,0.018,2601,0
3764255,5.837,5.708,5.325,0.111,-0.048,0.015,2601,0
3764275,5.816,5.825,5.351,0.080,-0.026,0.006,2600,0
3764295,5.725,5.708,5.420,0.016,-0.020,0.002,2603,0
3764315,5.715,5.495,5.461,0.037,-0.028,0.005,2601,0
3764335,5.768,5.540,5.423,0.145,-0.031,0.009,2603,0
3764355,5.811,5.710,5.296,0.187,-0.023,0.002,2603,0
3764375,5.818,5.662,5.291,0.138,-0.005,-0.020,2604,0
3764395,5.816,5.825,5.387,0.038,0.010,-0.066,2603,0
3764415,5.624,5.859,5.516,-0.039,0.025,-0.087,2603,0
3764435,5.449,5.765,5.638,-0.048,0.007,-0.065,2602,0
3764455,5.523,5.772,5.538,0.060,-0.017,-0.036,2601,0
3764475,5.602,5.839,5.353,0.132,-0.013,-0.034,2602,0
3764495,5.648,5.727,5.234,0.098,-0.006,-0.046,2602,0
3764515,5.725,5.629,5.222,0.058,-0.006,-0.068,2600,0
3764535,5.756,5.614,5.229,0.067,-0.002,-0.088,2602,0
3764555,5.722,5.765,5.231,0.103,0.006,-0.093,2601,0
3764575,5.741,6.005,5.375,0.111,0.019,-0.082,2602,0
3764595,5.715,6.005,5.523,0.087,0.021,-0.069,2603,0
3764615,5.720,5.954,5.581,0.066,0.011,-0.063,2603,0
3764635,5.729,5.921,5.571,0.077,-0.003,-0.056,2604,0
3764655,5.748,6.009,5.535,0.082,-0.001,-0.056,2604,0
3764675,5.689,6.096,5.586,0.050,-0.002,-0.052,2601,0
3764695,5.602,6.069,5.679,0.023,-0.018,-0.041,2602,0
3764715,5.571,5.969,5.691,0.019,-0.044,-0.025,2602,0
3764735,5.559,5.911,5.552,0.056,-0.061,-0.015,2604,0
3764755,5.526,5.928,5.404,0.078,-0.065,-0.011,2604,0
3764775,5.550,5.947,5.296,0.081,-0.066,-0.013,2604,0
3764795,5.578,5.916,5.258,0.067,-0.054,-0.023,2601,0
3764815,5.581,5.849,5.152,0.057,-0.036,-0.030,2603,0
3764835,5.583,5.895,5.126,0.084,-0.017,-0.036,2603,0
3764855,5.610,6.002,5.195,0.090,0.009,-0.030,2606,0
3764875,5.538,6.060,5.353,0.055,0.029,-0.028,2604,0
3764895,5.507,5.952,5.540,0.025,0.021,-0.032,2604,0
3764915,5.557,5.847,5.593,0.046,0.002,-0.030,2603,0
3764935,5.624,5.883,5.540,0.098,-0.006,-0.028,2605,0
3764955,5.622,5.981,5.531,0.096,-0.011,-0.033,2603,0
3764975,5.552,6.026,5.555,0.045,-0.013,-0.041,2603,0
3764995,5.559,5.938,5.538,0.015,-0.023,-0.044,2602,0
3765015,5.550,6.012,5.499,0.038,-0.028,-0.044,2603,0
3765035,5.557,6.103,5.461,0.058,-0.026,-0.033,2603,0
3765055,5.555,6.122,5.490,0.047,-0.026,-0.025,2603,0
3765075,5.547,6.019,5.509,0.011,-0.038,-0.027,2600,0
3765095,5.590,5.911,5.385,0.014,-0.044,-0.031,2601,0
3765115,5.574,6.014,5.339,0.042,-0.038,-0.039,2602,0
3765135,5.562,6.120,5.368,0.046,-0.028,-0.032,2601,0
3765155,5.545,6.045,5.351,0.019,-0.024,-0.033,2601,0
3765175,5.519,5.997,5.296,0.026,-0.029,-0.027,2603,0
3765195,5.557,5.969,5.205,0.057,-0.022,-0.024,2601,0
3765215,5.569,6.088,5.193,0.071,-0.003,-0.031,2599,0
3765235,5.552,6.155,5.286,0.052,0.017,-0.031,2601,0
3765255,5.483,6.081,5.490,0.038,0.018,-0.019,2600,0
3765275,5.480,6.045,5.590,0.053,0.007,-0.012,2599,0
3765295,5.497,6.055,5.562,0.064,-0.005,-0.011,2600,0
3765315,5.521,6.048,5.507,0.071,-0.013,-0.002,2600,0
3765335,5.519,6.091,5.562,0.056,-0.011,-0.005,2601,0
3765355,5.442,6.048,5.641,0.029,-0.017,-0.009,2599,0
3765375,5.416,5.995,5.653,0.030,-0.042,-0.001,2598,0
3765395,5.452,6.012,5.535,0.054,-0.058,0.003,2597,0
3765415,5.483,6.127,5.454,0.070,-0.047,0.004,2596,0
3765435,5.454,6.172,5.485,0.034,-0.033,0.003,2598,0
3765455,5.468,6.007,5.488,-0.003,-0.031,0.002,2598,0
3765475,5.485,5.976,5.468,0.001,-0.022,-0.009,2598,0
3765495,5.459,5.964,5.399,0.023,-0.014,-0.014,2597,0
3765515,5.461,6.031,5.423,0.041,0.000,0.000,2598,0
3765535,5.490,5.966,5.526,0.009,0.002,0.006,2596,0
3765555,5.528,5.878,5.528,-0.018,-0.001,-0.007,2597,0
3765575,5.509,5.911,5.478,-0.014,-0.002,-0.027,2597,0
3765595,5.440,6.081,5.476,-0.005,-0.004,-0.030,2596,0
3765615,5.423,6.191,5.511,-0.013,-0.017,-0.014,2597,0
3765635,5.430,6.081,5.502,-0.020,-0.033,-0.006,2598,0
3765655,5.392,6.024,5.430,0.011,-0.048,-0.001,2597,0
3765675,5.430,6.060,5.361,0.033,-0.056,0.011,2596,0
3765695,5.504,6.076,5.322,0.021,-0.053,0.009,2596,0
3765715,5.499,5.909,5.368,-0.017,-0.040,-0.017,2597,0
3765735,5.521,5.701,5.430,-0.031,-0.033,-0.044,2596,0
3765755,5.444,5.866,5.437,0.016,-0.016,-0.056,2597,0
3765775,5.385,5.976,5.526,0.029,-0.011,-0.067,2595,0
3765795,5.380,6.012,5.574,0.003,-0.018,-0.074,2594,0
3765815,5.476,5.885,5.569,-0.019,-0.015,-0.060,2595,0
3765835,5.476,5.859,5.574,0.019,0.011,-0.049,2594,0
3765855,5.432,5.969,5.593,0.035,0.013,-0.051,2594,0
3765875,5.432,6.103,5.619,0.021,0.020,-0.046,2597,0
3765895,5.394,5.993,5.667,-0.013,0.027,-0.046,2595,0
3765915,5.397,5.895,5.619,-0.002,0.021,-0.049,2599,0
3765935,5.418,5.827,5.533,0.009,0.019,-0.046,2597,0
3765955,5.420,5.578,5.499,0.034,0.027,-0.050,2597,0
3765975,5.401,5.492,5.420,0.075,0.028,-0.077,2598,0
3765995,5.337,5.887,5.461,0.072,0.055,-0.116,2600,0
3766015,5.200,6.328,5.636,-0.008,0.096,-0.159,2598,0
3766035,5.061,6.359,5.813,-0.078,0.096,-0.163,2601,0
3766055,5.025,6.354,5.921,-0.047,0.052,-0.099,2601,0
3766075,5.119,6.208,5.885,0.040,-0.003,-0.028,2602,0
3766095,5.191,6.299,5.813,0.072,-0.020,-0.009,2600,0
3766115,5.217,6.155,5.775,0.019,-0.026,-0.010,2601,0
3766135,5.231,6.005,5.765,-0.005,-0.038,-0.009,2602,0
3766155,5.231,5.981,5.794,0.026,-0.040,-0.008,2597,0
3766175,5.188,6.053,5.804,0.045,-0.043,-0.007,2601,0
3766195,5.152,6.048,5.775,0.039,-0.048,0.006,2600,0
3766215,5.167,5.983,5.705,0.020,-0.058,0.005,2600,0
3766235,5.217,5.830,5.650,0.001,-0.054,-0.005,2601,0
3766255,5.215,5.816,5.600,0.011,-0.047,-0.025,2602,0
3766275,5.198,5.923,5.590,-0.008,-0.039,-0.041,2602,0
3766295,5.131,5.935,5.641,-0.018,-0.028,-0.050,2602,0
3766315,5.155,6.041,5.619,0.032,-0.029,-0.055,2603,0
3766335,5.239,6.194,5.629,0.005,-0.035,-0.057,2605,0
3766355,5.277,6.213,5.768,0.025,-0.015,-0.034,2605,0
3766375,5.095,6.321,5.911,0.055,-0.014,-0.021,2605,0
3766395,4.937,6.273,5.897,0.044,-0.026,0.007,2605,0
3766415,4.872,5.981,5.796,0.028,-0.029,0.030,2608,0
3766435,4.863,5.681,5.669,-0.006,-0.023,0.036,2609,0
3766455,4.990,5.435,5.502,0.013,-0.016,0.015,2608,0
3766475,5.267,5.327,5.301,-0.004,-0.001,-0.038,2608,0
3766495,5.476,5.430,5.329,-0.027,0.039,-0.110,2610,0
3766515,5.540,5.725,5.619,-0.017,0.085,-0.172,2617,0
3766535,5.435,6.093,5.844,0.007,0.113,-0.216,2619,0
3766555,5.279,6.373,6.041,0.039,0.106,-0.229,2620,0
3766575,5.054,6.725,6.225,0.106,0.083,-0.186,2625,0
3766595,4.839,6.881,6.251,0.112,0.036,-0.107,2629,0
3766615,4.736,6.637,6.163,0.047,-0.022,-0.019,2630,0
3766635,4.669,6.299,5.959,0.018,-0.070,0.032,2629,0
3766655,4.738,5.837,5.643,-0.027,-0.105,0.037,2624,0
3766675,4.999,5.432,5.385,0.004,-0.076,0.010,2619,0
3766695,5.224,5.356,5.318,0.049,-0.025,-0.050,2614,0
3766715,5.337,5.883,5.361,0.048,0.040,-0.153,2613,0
3766735,5.243,6.086,5.667,0.012,0.135,-0.234,2612,0
3766755,5.018,6.395,6.053,0.009,0.173,-0.215,2611,0
3766775,4.824,6.565,6.280,0.079,0.151,-0.111,2610,0
3766795,4.669,6.768,6.354,0.104,0.073,-0.030,2610,0
3766815,4.676,6.677,6.261,0.021,-0.034,0.006,2603,0
3766835,4.700,6.246,6.155,-0.017,-0.058,0.038,2588,0
3766855,4.712,5.906,6.057,-0.005,-0.076,0.048,2563,0
3766875,4.805,5.691,5.825,0.029,-0.081,0.036,2559,0
3766895,4.858,5.672,5.607,0.049,-0.058,0.010,2559,0
3766915,4.999,5.789,5.521,0.054,-0.038,-0.015,2559,0
3766935,5.076,6.036,5.468,0.060,0.011,-0.040,2559,0
3766955,5.059,6.321,5.665,0.035,0.047,-0.058,2559,0
3766975,4.987,6.323,5.895,0.033,0.062,-0.074,2559,0
3766995,4.817,6.457,6.038,0.090,0.064,-0.056,2559,0
3767015,4.693,6.651,6.124,0.166,0.027,0.019,2563,0
3767035,4.714,6.577,6.033,0.136,-0.001,0.074,2584,0
3767055,4.733,6.191,5.959,0.072,-0.007,0.088,2599,0
3767075,4.831,5.844,5.892,0.070,-0.020,0.082,2609,0
3767095,4.954,5.804,5.827,0.075,-0.032,0.052,2615,0
3767115,5.018,5.842,5.801,0.060,-0.025,0.006,2615,0
3767135,5.001,6.031,5.794,0.046,-0.005,-0.017,2609,0
3767155,4.982,6.199,5.902,0.052,0.011,-0.013,2609,0
3767175,4.927,6.357,6.100,0.040,0.005,-0.023,2608,0
3767195,4.851,6.474,6.170,0.035,-0.009,-0.015,2606,0
3767215,4.745,6.462,6.074,0.060,-0.027,0.023,2606,0
3767235,4.786,6.349,5.918,0.094,-0.050,0.067,2603,0
3767255,4.911,6.194,5.681,0.099,-0.043,0.075,2604,0
3767275,4.978,6.065,5.454,0.102,-0.013,0.063,2604,0
3767295,4.973,6.055,5.183,0.124,0.032,0.040,2604,0
3767315,4.930,6.364,5.167,0.147,0.105,0.042,2605,0
3767335,4.796,6.381,5.531,0.095,0.178,0.075,2603,0
3767355,4.676,6.225,5.957,0.039,0.188,0.083,2600,0
3767375,4.640,5.981,6.263,0.036,0.153,0.087,2599,0
3767395,4.666,5.868,6.450,0.055,0.106,0.074,2598,0
3767415,4.700,5.914,6.572,0.060,0.041,0.051,2597,0
3767435,4.736,5.945,6.503,0.055,-0.021,0.017,2594,0
3767455,4.729,6.129,6.270,0.084,-0.066,0.001,2594,0
3767475,4.748,6.311,6.043,0.083,-0.090,0.001,2593,0
3767495,4.772,6.354,5.806,0.069,-0.083,0.004,2592,0
3767515,4.729,6.357,5.674,0.074,-0.064,0.023,2595,0
3767535,4.642,6.302,5.444,0.084,-0.036,0.039,2593,0
3767555,4.599,6.232,5.207,0.113,-0.001,0.047,2593,0
3767575,4.650,6.227,5.174,0.116,0.051,0.063,2593,0
3767595,4.717,5.933,5.296,0.091,0.144,0.032,2595,0
3767615,4.635,5.904,5.758,0.067,0.202,-0.010,2594,0
3767635,4.611,5.851,6.108,0.062,0.198,-0.034,2595,0
3767655,4.573,5.909,6.371,0.070,0.156,-0.051,2595,0
3767675,4.549,6.141,6.601,0.093,0.098,-0.054,2593,0
3798163,2.322,7.894,5.859,0.144,0.139,-0.290,2299,0
3804504,2.373,7.044,5.784,0.021,-0.031,0.039,2296,0
3804524,2.363,7.118,5.847,0.015,-0.027,0.017,2300,0
3804544,2.399,7.166,5.899,0.054,-0.010,0.018,2299,0
3804564,2.389,7.221,5.899,0.078,0.005,0.021,2300,0
3804584,2.243,7.281,5.942,0.046,0.015,0.008,2299,0
3804604,2.107,7.321,6.019,0.037,0.014,-0.009,2299,0
3804624,2.121,7.446,6.060,0.052,0.005,-0.012,2296,0
3804644,2.207,7.525,6.005,0.048,0.002,-0.002,2299,0
3804664,2.241,7.448,5.957,0.029,0.006,0.007,2299,0
3804684,2.203,7.353,6.065,0.033,0.012,0.004,2298,0
3804704,2.184,7.348,6.093,0.062,0.017,0.004,2297,0
3804724,2.136,7.432,6.086,0.085,0.006,0.001,2299,0
3804744,2.033,7.578,6.048,0.070,-0.005,0.007,2298,0
3804764,2.042,7.508,6.057,0.027,-0.012,0.013,2299,0
3804784,2.112,7.298,6.098,0.034,-0.016,0.026,2298,0
3804804,2.136,7.116,6.196,0.072,-0.017,0.030,2298,0
3804824,2.059,7.082,6.270,0.139,-0.031,0.026,2299,0
3804844,2.033,7.190,6.304,0.183,-0.075,0.005,2297,0
3804864,2.052,7.276,6.258,0.163,-0.112,-0.017,2298,0
3804884,2.150,7.281,6.100,0.141,-0.123,-0.034,2300,0
3804904,2.263,7.386,5.871,0.096,-0.107,-0.051,2300,0
3804924,2.363,7.379,5.746,0.029,-0.077,-0.068,2301,0
3804944,2.365,7.410,5.782,0.000,-0.050,-0.081,2300,0
3804964,2.248,7.554,5.935,-0.001,-0.026,-0.089,2300,0
3804984,2.069,7.719,6.005,-0.007,-0.034,-0.081,2299,0
3805004,2.033,7.767,6.060,-0.002,-0.052,-0.057,2301,0
3805024,2.215,7.690,5.978,0.029,-0.071,-0.031,2299,0
3805044,2.363,7.604,5.921,0.038,-0.073,-0.014,2299,0
3805064,2.356,7.511,5.906,0.029,-0.069,-0.023,2298,0
3805084,2.274,7.542,5.806,0.042,-0.067,-0.029,2300,0
3805104,2.315,7.575,5.760,0.064,-0.070,-0.015,2299,0
3805124,2.339,7.681,5.708,0.071,-0.060,-0.000,2299,0
3805144,2.267,7.700,5.713,0.050,-0.040,0.007,2299,0
3805164,2.193,7.585,5.780,0.044,-0.029,0.020,2299,0
3805184,2.291,7.448,5.868,0.083,-0.042,0.037,2298,0
3805204,2.394,7.563,5.844,0.091,-0.047,0.030,2299,0
3805224,2.258,7.616,5.825,0.055,-0.037,0.023,2300,0
3805244,2.136,7.582,5.801,0.035,-0.032,0.026,2300,0
3805264,2.212,7.436,5.799,0.039,-0.024,0.029,2299,0
3805284,2.265,7.336,5.830,0.053,-0.020,0.018,2301,0
3805304,2.267,7.365,5.792,0.052,-0.018,0.011,2299,0
3805324,2.222,7.412,5.758,0.039,-0.016,-0.002,2300,0
3805344,2.169,7.496,5.796,0.019,-0.009,-0.015,2301,0
3805364,2.162,7.527,5.820,0.022,-0.001,-0.013,2300,0
3805384,2.203,7.515,5.909,0.037,0.009,0.003,2298,0
3805404,2.174,7.537,6.021,0.041,0.017,0.007,2298,0
3805424,2.188,7.520,6.055,0.042,0.007,0.010,2299,0
3805444,2.150,7.525,5.986,0.042,-0.014,0.013,2300,0
3805464,2.188,7.506,5.911,0.038,-0.018,0.013,2299,0
3805484,2.160,7.688,5.986,0.041,-0.007,0.010,2299,0
3805504,2.114,7.721,6.065,0.042,-0.004,0.023,2297,0
3805524,2.181,7.798,6.024,0.052,-0.012,0.041,2299,0
3805544,2.313,7.877,6.108,0.024,-0.018,0.047,2298,0
3805564,2.349,7.666,6.141,0.034,-0.014,0.050,2298,0
3805584,2.356,7.690,6.206,0.099,-0.019,0.067,2296,0
3805604,2.547,7.793,6.182,0.125,-0.024,0.090,2297,0
3805624,2.643,7.989,6.297,0.132,-0.042,0.104,2298,0
3805644,2.512,8.131,6.261,0.122,-0.050,0.137,2296,0
3805664,2.236,8.167,6.110,0.083,-0.063,0.176,2297,0
3805684,1.913,8.215,5.990,0.001,-0.081,0.198,2296,0
3805704,1.812,7.927,5.861,-0.049,-0.109,0.211,2295,0
3805724,1.721,7.640,5.665,-0.010,-0.156,0.276,2295,0
3805744,1.480,7.616,5.452,0.080,-0.187,0.358,2296,0
3805764,1.221,7.511,5.157,0.103,-0.203,0.401,2297,0
3805784,1.554,7.123,4.829,0.128,-0.229,0.433,2297,0
3805804,2.447,6.879,4.405,0.162,-0.199,0.429,2296,0
3805824,2.947,6.998,4.154,0.165,-0.080,0.390,2295,0
3805844,3.354,7.144,4.247,0.165,0.067,0.300,2295,0
3805864,3.812,7.240,4.755,0.147,0.201,0.239,2293,0
3805884,4.149,7.362,5.490,0.145,0.278,0.218,2293,0
3805904,4.175,7.681,6.043,0.240,0.256,0.199,2295,0
3805924,4.140,8.045,6.280,0.198,0.144,0.199,2289,0
3805944,4.101,7.855,6.223,0.112,0.053,0.226,2289,0
3805964,3.864,7.506,6.268,0.071,0.014,0.250,2288,0
3805984,3.572,7.242,6.151,0.090,0.024,0.257,2288,0
3806004,3.419,7.173,5.892,0.055,0.016,0.248,2289,0
3806024,3.215,6.847,5.734,0.010,0.011,0.228,2288,0
3806044,2.938,6.491,5.871,-0.029,-0.018,0.212,2288,0
3806064,2.840,6.407,5.806,-0.029,-0.015,0.164,2288,0
3806084,2.701,6.302,5.744,0.045,0.040,0.111,2288,0
3806104,2.571,6.493,5.669,0.167,0.110,0.087,2286,0
3806124,2.593,6.902,5.751,0.172,0.133,0.060,2286,0
3806144,2.626,7.051,5.993,0.090,0.118,0.014,2280,0
3806164,2.622,7.173,6.285,0.028,0.071,-0.015,2276,0
3806184,2.744,7.276,6.316,-0.007,0.019,-0.040,2274,0
3806204,2.847,7.230,6.232,0.029,0.006,-0.063,2270,0
3806224,2.799,7.262,6.290,0.139,-0.000,-0.048,2264,0
3806244,2.658,7.537,6.218,0.191,-0.027,-0.026,2257,0
3806264,2.703,7.573,6.093,0.118,-0.046,-0.040,2255,0
3806284,2.907,7.362,5.887,0.069,-0.033,-0.043,2251,0
3806304,2.995,7.355,5.842,0.053,-0.025,-0.025,2246,0
3806324,3.096,7.290,5.856,0.031,-0.029,-0.014,2242,0
3806344,2.926,7.338,5.825,0.033,-0.009,-0.013,2241,0
3806364,2.847,7.362,5.801,0.052,-0.011,0.004,2240,0
3806384,2.804,7.353,5.758,0.050,-0.033,0.018,2241,0
3806404,2.813,7.324,5.748,0.013,-0.051,0.013,2240,0
3806424,2.871,7.197,5.727,-0.005,-0.063,-0.007,2240,0
3806444,2.966,7.163,5.722,0.026,-0.071,-0.004,2240,0
3806464,3.038,7.204,5.751,0.038,-0.071,0.002,2242,0
3806484,2.974,7.309,5.703,0.048,-0.069,-0.003,2241,0
3806504,2.825,7.367,5.705,0.054,-0.061,-0.001,2242,0
3806524,2.890,7.403,5.571,0.063,-0.045,0.003,2241,0
3806544,2.859,7.343,5.648,0.066,-0.030,0.006,2241,0
3806564,2.907,7.357,5.638,0.049,-0.034,0.006,2241,0
3806584,2.835,7.369,5.617,-0.004,-0.035,-0.006,2243,0
3806604,2.844,7.195,5.701,-0.020,-0.031,-0.005,2242,0
3806624,2.931,6.972,5.784,-0.009,-0.015,0.002,2243,0
3806644,2.993,6.874,5.887,0.046,-0.017,0.003,2243,0
3806664,2.926,7.072,5.859,0.083,-0.037,-0.029,2241,0
3806684,2.959,7.276,5.849,0.017,-0.054,-0.073,2244,0
3806704,3.007,7.247,5.868,-0.017,-0.063,-0.071,2242,0
3806724,3.069,7.298,5.885,0.056,-0.059,-0.047,2243,0
3806744,2.983,7.523,5.868,0.114,-0.041,-0.040,2243,0
3806764,2.878,7.714,5.873,0.109,-0.044,-0.038,2243,0
3806784,2.914,7.745,5.868,0.065,-0.075,-0.021,2242,0
3806804,3.026,7.590,5.794,0.037,-0.095,-0.003,2242,0
3806824,3.110,7.477,5.674,0.046,-0.087,0.008,2242,0
3806844,3.105,7.446,5.669,0.074,-0.057,0.028,2244,0
3806864,3.014,7.408,5.734,0.076,-0.046,0.041,2245,0
3806884,3.019,7.250,5.777,0.048,-0.060,0.026,2242,0
3806904,3.163,7.163,5.629,0.024,-0.081,-0.004,2243,0
3806924,3.242,7.118,5.569,0.010,-0.068,-0.026,2244,0
3806944,3.323,7.154,5.490,0.020,-0.033,-0.032,2246,0
3806964,3.338,7.245,5.569,0.011,0.006,-0.027,2245,0
3806984,3.120,7.319,5.672,-0.029,0.023,-0.044,2245,0
3807004,2.887,7.343,5.792,-0.048,0.017,-0.057,2244,0
3807024,2.751,7.369,5.935,-0.031,-0.012,-0.064,2246,0
3807044,2.761,7.465,5.899,0.023,-0.042,-0.049,2245,0
3807064,2.859,7.535,5.758,0.065,-0.058,-0.029,2244,0
3807084,2.909,7.597,5.588,0.053,-0.059,-0.016,2245,0
3807104,2.907,7.460,5.631,0.039,-0.049,-0.004,2246,0
3807124,2.887,7.384,5.662,0.073,-0.041,0.013,2244,0
3807144,2.907,7.400,5.691,0.070,-0.042,0.007,2245,0
3807164,2.928,7.379,5.691,0.066,-0.045,0.003,2247,0
3807184,2.952,7.389,5.646,0.068,-0.039,0.012,2247,0
3807204,2.969,7.324,5.696,0.062,-0.030,0.024,2247,0
3807224,2.998,7.254,5.744,0.052,-0.022,0.021,2247,0
3807244,2.919,7.211,5.746,0.063,-0.026,0.018,2248,0
3807264,2.885,7.221,5.708,0.078,-0.035,0.014,2247,0
3807284,2.957,7.183,5.744,0.054,-0.033,0.005,2248,0
3807304,2.998,7.084,5.748,0.040,-0.029,-0.010,2247,0
3807324,2.969,7.135,5.748,0.052,-0.030,-0.028,2246,0
3807344,2.954,7.254,5.648,0.045,-0.032,-0.045,2247,0
3807364,2.942,7.302,5.669,0.038,-0.036,-0.058,2246,0
3807384,2.974,7.408,5.763,0.062,-0.033,-0.047,2249,0
3807404,2.935,7.508,5.758,0.070,-0.027,-0.032,2248,0
3807424,2.928,7.544,5.768,0.058,-0.031,-0.025,2248,0
3807444,2.954,7.458,5.825,0.047,-0.044,-0.029,2248,0
3807464,3.014,7.422,5.863,0.058,-0.056,-0.024,2248,0
3807484,3.026,7.446,5.830,0.068,-0.051,-0.014,2251,0
3807504,2.978,7.496,5.777,0.065,-0.044,0.007,2251,0
3807524,2.947,7.484,5.741,0.059,-0.035,0.042,2249,0
3807544,2.990,7.448,5.808,0.065,-0.041,0.042,2250,0
3807564,2.978,7.472,5.866,0.054,-0.042,0.008,2250,0
3807584,2.957,7.499,5.859,0.035,-0.064,-0.003,2249,0
3807604,2.962,7.489,5.760,0.009,-0.087,-0.010,2251,0
3807624,3.067,7.393,5.717,-0.002,-0.091,-0.010,2251,0
3807644,3.065,7.345,5.689,0.029,-0.083,0.003,2251,0
3807664,3.010,7.408,5.636,0.048,-0.078,0.007,2251,0
3807684,2.971,7.446,5.559,0.034,-0.075,-0.002,2250,0
3807704,3.041,7.374,5.495,0.013,-0.071,-0.008,2250,0
3807724,3.170,7.295,5.485,0.017,-0.063,-0.005,2251,0
3807744,3.146,7.367,5.490,0.031,-0.043,-0.005,2251,0
3807764,3.021,7.377,5.559,0.037,-0.030,-0.006,2250,0
3807784,2.959,7.393,5.614,0.059,-0.037,-0.002,2251,0
3807804,3.060,7.456,5.646,0.061,-0.046,0.006,2251,0
3807824,3.100,7.410,5.586,0.046,-0.038,0.008,2250,0
3807844,3.045,7.321,5.531,0.049,-0.025,0.013,2251,0
3807864,3.043,7.326,5.622,0.050,-0.014,0.025,2250,0
3807884,3.110,7.314,5.626,0.063,0.014,0.041,2248,0
3807904,3.062,7.348,5.684,0.064,0.037,0.055,2247,0
3807924,2.916,7.446,5.717,0.056,0.031,0.048,2247,0
3807944,2.933,7.439,5.727,0.024,0.001,0.018,2248,0
3807964,2.978,7.317,5.801,0.015,-0.027,0.008,2249,0
3807984,3.043,7.254,5.768,0.050,-0.039,0.004,2248,0
3808004,3.024,7.245,5.657,0.066,-0.035,-0.006,2249,0
3808024,3.079,7.262,5.665,0.061,-0.027,-0.012,2249,0
3808044,3.026,7.331,5.732,0.050,-0.025,-0.029,2248,0
3808064,2.974,7.506,5.746,0.039,-0.035,-0.030,2249,0
3808084,2.954,7.463,5.679,0.031,-0.046,-0.014,2248,0
3808104,3.019,7.386,5.689,0.043,-0.046,-0.005,2247,0
3808124,3.103,7.319,5.614,0.054,-0.027,-0.002,2249,0
3808144,3.148,7.321,5.598,0.050,-0.017,-0.009,2248,0
3808164,3.117,7.412,5.602,0.024,-0.016,-0.029,2249,0
3808184,3.029,7.422,5.665,0.011,-0.015,-0.033,2249,0
3808204,3.060,7.410,5.660,0.044,-0.021,-0.017,2248,0
3808224,3.053,7.499,5.669,0.079,-0.015,0.002,2250,0
3808244,3.036,7.614,5.614,0.084,-0.002,0.018,2249,0
3808264,3.012,7.592,5.614,0.068,-0.002,0.031,2247,0
3808284,3.017,7.530,5.701,0.038,-0.009,0.036,2248,0
3808304,3.045,7.326,5.748,0.029,-0.022,0.032,2248,0
3808324,3.048,7.228,5.713,0.060,-0.025,0.031,2247,0
3808344,3.005,7.298,5.689,0.067,-0.019,0.024,2248,0
3808364,2.957,7.333,5.684,0.047,-0.025,0.005,2248,0
3808384,2.995,7.369,5.701,0.054,-0.026,0.001,2248,0
3808404,2.974,7.412,5.684,0.065,-0.019,0.006,2249,0
3808424,2.933,7.379,5.672,0.062,-0.017,0.018,2249,0
3808444,2.921,7.300,5.672,0.037,-0.016,0.013,2250,0
3808464,2.964,7.223,5.727,0.018,-0.016,-0.002,2250,0
3808484,3.000,7.166,5.775,0.031,-0.016,-0.014,2250,0
3808504,3.000,7.149,5.820,0.060,-0.021,-0.027,2249,0
3808524,3.002,7.264,5.768,0.075,-0.029,-0.040,2250,0
3808544,2.981,7.403,5.708,0.071,-0.035,-0.042,2250,0
3808564,2.909,7.427,5.737,0.052,-0.038,-0.039,2250,0
3808584,2.928,7.281,5.772,0.072,-0.046,-0.045,2250,0
3808604,3.053,7.374,5.737,0.131,-0.075,-0.057,2248,0
3808624,3.314,7.496,5.593,0.152,-0.099,-0.072,2249,0
3808644,3.625,7.671,5.430,0.233,-0.123,-0.119,2249,0
3808664,3.984,8.243,5.078,0.354,-0.140,-0.155,2251,0
3808684,4.460,8.894,4.697,0.447,-0.154,-0.189,2248,0
3808704,4.822,9.658,4.178,0.601,-0.222,-0.300,2249,0
3808724,5.128,10.578,3.007,0.887,-0.337,-0.407,2247,0
3808744,5.274,11.162,1.159,1.147,-0.469,-0.450,2256,0
3808764,5.222,12.481,-1.556,1.245,-0.431,-0.460,2258,0
3808784,4.393,13.721,-3.773,1.176,-0.543,-0.347,2273,0
3808804,4.336,16.850,-6.773,0.681,-0.247,-0.025,2320,0
3808824,4.877,16.838,-10.058,0.488,0.881,0.437,2387,0
3808844,4.719,14.964,-10.678,1.016,2.268,1.441,2429,0
3808864,1.597,14.178,-10.338,1.959,3.803,2.108,2434,0
3808884,-1.757,14.818,-10.331,2.240,5.316,2.125,2419,0
3808904,-4.314,14.985,-7.719,1.499,6.212,2.115,2393,0
3808924,-9.189,12.704,-1.362,0.244,6.590,2.243,2358,0
3808944,-13.233,8.569,6.342,-0.689,6.975,2.602,2313,0
3808964,-12.242,7.226,12.395,0.033,6.131,2.613,2266,0
3808984,-10.661,6.340,16.604,-0.404,4.178,2.075,2242,0
3809004,-7.906,5.267,17.712,-1.168,2.202,1.932,2239,0
3809024,-5.662,2.485,16.343,-1.176,1.260,1.999,2236,0
3809044,-4.310,0.922,14.779,-0.272,0.743,1.791,2235,0
3809064,-3.285,1.499,12.335,0.426,0.455,1.430,2237,0
3809084,-1.963,2.895,10.331,0.472,0.324,1.017,2238,0
3809104,-1.252,3.716,9.706,0.025,0.363,0.624,2241,0
3809124,-1.259,3.931,9.783,-0.401,0.370,0.304,2241,0
3809144,-1.001,3.697,9.529,-0.520,0.286,0.086,2241,0
3809164,-0.306,4.135,9.151,-0.290,0.126,-0.003,2239,0
3809184,0.093,5.241,8.732,-0.192,-0.018,-0.067,2239,0
3809204,0.261,5.899,8.219,-0.330,-0.116,-0.132,2239,0
3809224,0.907,5.720,7.781,-0.355,-0.202,-0.225,2241,0
3809244,1.393,5.648,7.274,-0.080,-0.245,-0.329,2240,0
3809264,1.688,6.644,6.828,0.150,-0.314,-0.356,2241,0
3809284,1.994,7.527,6.426,-0.017,-0.362,-0.345,2245,0
3809304,2.344,7.575,6.093,-0.174,-0.335,-0.353,2250,0
3809324,2.581,7.434,5.895,0.010,-0.221,-0.361,2251,0
3809344,2.442,7.908,5.662,0.383,-0.092,-0.294,2249,0
3809364,2.583,8.945,5.341,0.416,-0.038,-0.175,2251,0
3809384,2.753,8.990,5.533,0.095,-0.043,-0.064,2250,0
3809404,2.698,8.250,6.045,-0.098,-0.055,0.019,2252,0
3809424,2.433,7.463,6.445,-0.088,-0.062,0.033,2252,0
3809444,2.301,6.974,6.445,0.015,-0.100,0.011,2250,0
3809464,2.169,6.874,6.177,0.149,-0.112,0.023,2249,0
3809484,2.284,6.934,5.806,0.216,-0.093,0.039,2250,0
3809504,2.282,7.190,5.488,0.116,-0.036,0.006,2249,0
3809524,2.076,7.298,5.569,-0.082,0.005,-0.016,2251,0
3809544,1.891,6.941,5.842,-0.179,0.048,-0.035,2250,0
3809564,1.927,6.728,6.136,-0.081,0.080,-0.052,2250,0
3809584,1.863,6.898,6.268,0.085,0.120,-0.020,2251,0
3809604,1.808,7.022,6.323,0.152,0.106,0.028,2248,0
3809624,2.083,7.135,6.488,0.101,0.046,0.003,2248,0
3809644,2.105,7.070,6.627,0.017,0.030,-0.046,2249,0
3809664,2.114,6.910,6.685,0.043,-0.003,-0.059,2249,0
3809684,2.277,6.972,6.553,0.242,-0.057,-0.036,2249,0
3809704,2.298,7.477,6.342,0.325,-0.049,-0.005,2247,0
3809724,2.033,7.906,6.390,0.144,-0.046,-0.015,2249,0
3809744,2.059,7.673,6.491,-0.049,-0.087,-0.046,2249,0
3809764,2.124,7.460,6.347,-0.027,-0.101,-0.042,2249,0
3809784,2.095,7.482,6.201,0.048,-0.050,0.002,2250,0
3809804,2.150,7.408,6.187,0.073,-0.007,0.023,2250,0
3809824,2.210,7.369,6.237,0.075,-0.010,0.018,2245,0
3809844,2.090,7.377,6.165,0.038,-0.013,0.004,2249,0
3809864,1.884,7.262,6.155,-0.005,0.004,0.006,2248,0
3809884,1.973,7.135,6.239,0.023,-0.015,0.016,2250,0
3809904,2.121,7.159,6.146,0.080,-0.023,0.012,2249,0
3809924,2.045,7.300,6.067,0.095,-0.004,0.012,2247,0
3809944,1.966,7.317,6.165,0.041,0.006,0.009,2248,0
3809964,2.152,7.140,6.246,0.024,-0.013,0.001,2249,0
3809984,2.253,7.204,6.136,0.032,-0.023,0.006,2249,0
3810004,2.164,7.080,6.208,-0.014,-0.001,-0.000,2249,0
3810024,2.076,6.857,6.388,0.061,0.014,-0.010,2248,0
3810044,2.102,7.065,6.381,0.158,0.004,-0.018,2249,0
3810064,1.973,7.386,6.230,0.103,-0.012,-0.029,2249,0
3810084,1.961,7.420,6.306,-0.002,-0.025,-0.036,2247,0
3810104,2.073,7.197,6.424,0.015,-0.021,-0.025,2249,0
3810124,1.987,7.221,6.333,0.102,-0.015,-0.013,2250,0
3810144,1.923,7.211,6.194,0.145,-0.014,0.001,2250,0
3810164,1.973,7.216,6.139,0.155,0.001,0.007,2251,0
3810184,2.093,7.427,6.165,0.144,0.011,-0.007,2250,0
3810204,1.932,7.628,6.151,-0.013,-0.002,-0.039,2250,0
3810224,1.956,7.389,6.381,-0.129,-0.046,-0.047,2249,0
3810244,1.999,7.281,6.507,-0.083,-0.067,-0.035,2250,0
3810264,2.107,7.312,6.390,0.050,-0.075,-0.004,2250,0
3810284,1.975,7.496,6.225,0.101,-0.055,0.019,2250,0
3810304,1.963,7.470,6.232,0.048,-0.055,0.020,2250,0
3810324,1.992,7.264,6.225,0.031,-0.070,0.014,2248,0
3810344,2.030,7.223,6.072,0.055,-0.086,0.015,2250,0
3810364,2.119,7.192,5.993,0.055,-0.078,0.011,2251,0
3810384,2.272,7.192,6.065,0.066,-0.069,0.009,2251,0
3810404,2.160,7.247,6.019,0.076,-0.043,0.001,2251,0
3810424,1.980,7.252,6.043,0.056,-0.028,-0.003,2249,0
3810444,2.071,7.230,6.115,0.083,-0.027,0.001,2252,0
