4389003,3.302,9.340,2.430,0.051,0.010,0.132,2435,0
4389023,3.385,9.273,2.557,0.005,0.010,0.119,2433,0
4389043,3.268,9.031,2.442,0.030,-0.009,0.138,2430,0
4389063,3.383,8.705,2.421,0.037,-0.014,0.103,2431,0
4389083,3.273,8.830,3.024,0.017,-0.082,-0.020,2446,0
4389103,2.744,9.026,2.188,-0.022,-0.157,-0.079,2548,0
4389124,1.963,9.570,2.717,0.073,-0.348,0.021,2637,0
4389143,1.846,9.886,4.712,-0.007,-1.227,0.396,2785,0
4389163,3.273,8.531,2.093,0.030,-2.086,0.769,4095,0
4389183,4.025,7.676,0.804,1.033,-2.040,0.690,3129,0
4389203,2.847,8.897,-0.160,1.814,-1.544,0.626,3164,0
4389223,-0.285,11.001,-3.115,1.991,-0.964,1.376,3210,0
4389243,2.045,9.280,1.822,-0.182,-0.819,1.410,3292,3117
4389263,6.065,7.207,-1.099,-0.699,-0.170,0.377,3309,3587
4389283,4.750,7.867,0.725,-0.783,0.552,-0.047,3300,3842
4389303,2.636,7.140,1.355,-0.626,0.474,-0.115,3290,4011
4389323,4.096,8.229,1.583,-0.219,0.255,-0.012,3280,4088
4389343,4.554,9.538,1.942,-0.085,0.237,0.131,3272,4095
4389363,3.366,8.368,1.671,-0.123,0.280,-0.007,3264,4095
4389383,4.262,9.131,2.093,-0.163,0.178,-0.106,3258,4095
4389403,4.652,9.495,2.413,-0.335,0.115,-0.022,3255,4095
4389423,3.601,7.626,1.705,-0.183,0.047,-0.074,3248,4095
4389443,4.487,8.442,2.018,-0.018,-0.022,-0.107,3237,4095
4389463,4.836,9.347,2.303,-0.073,-0.056,-0.032,3242,4095
4389483,3.687,7.817,1.319,0.001,-0.043,-0.100,3236,4095
4389504,4.640,9.096,1.741,0.033,-0.063,-0.090,3224,4095
4389523,4.345,9.213,1.621,0.022,-0.066,-0.016,3220,4095
4389543,3.642,8.449,0.833,0.079,-0.009,-0.081,3216,4095
4389563,4.724,9.323,1.482,0.025,0.045,-0.116,3214,4095
4389583,4.113,9.519,1.944,-0.056,0.051,-0.078,3211,4095
4389603,2.923,8.485,1.690,-0.053,-0.115,-0.069,3206,4095
4389623,3.685,8.595,2.368,0.031,-0.345,-0.060,3206,4095
4389643,6.244,9.060,1.245,0.168,-0.051,-0.117,3202,3793
4389663,4.063,8.811,0.462,-0.131,0.819,-0.632,3213,3107
4389683,1.911,8.559,0.814,-0.897,1.085,-1.154,3199,0
4389703,2.148,7.434,2.483,-1.603,0.909,-1.151,3161,0
4389723,3.656,7.556,3.426,-0.751,0.854,-1.163,2987,0
4389743,3.560,9.258,2.339,0.198,1.079,-0.774,2725,0
4389763,3.357,9.340,1.247,0.887,1.414,-0.308,4095,0
4389783,3.294,10.240,0.996,1.162,1.636,0.037,2341,0
4389803,2.289,10.760,6.682,0.784,0.849,0.264,2278,0
4389824,2.227,9.041,3.797,-0.532,0.127,-0.137,2260,0
4389843,2.332,8.950,2.854,-0.893,-0.348,-0.334,2254,0
4389863,2.109,9.323,2.756,-0.320,-0.250,-0.114,2251,0
4389883,2.351,9.218,2.368,0.305,-0.229,0.203,2250,0
4389903,2.490,9.093,2.258,0.489,-0.215,0.298,2256,0
4389923,2.583,9.342,2.337,0.539,-0.266,0.304,2259,0
4389944,2.859,9.483,2.081,0.260,-0.343,0.272,2263,0
4389963,3.065,9.187,2.097,-0.073,-0.369,0.182,2272,0
4389983,3.007,9.019,2.411,-0.196,-0.347,0.133,2282,0
4390003,2.971,8.969,2.677,-0.065,-0.444,0.211,2298,0
4390023,2.892,9.251,2.885,0.126,-0.646,0.397,2346,0
4390044,3.412,9.321,2.756,0.206,-0.883,0.587,4095,0
4390063,4.070,9.577,1.963,0.145,-0.976,0.586,2678,0
4390083,3.989,9.692,1.978,0.162,-0.973,0.467,2889,0
4390104,3.615,9.749,1.149,0.712,-0.983,0.638,3017,0
4390123,2.964,9.524,-0.457,1.204,-0.454,0.826,3104,0
4390143,2.222,9.445,0.555,0.062,0.099,0.799,3188,3256
4390163,3.685,8.140,2.734,-0.653,-0.278,0.508,3242,3830
4390183,3.955,7.094,2.325,-0.675,-0.028,0.278,3256,4033
4390203,4.585,6.768,2.021,-0.315,0.317,0.012,3248,4077
4390223,3.804,7.422,2.653,-0.046,0.321,-0.022,3241,4095
4390243,3.153,7.836,2.456,0.087,0.098,0.048,3228,4095
4390264,4.894,8.995,2.739,0.198,-0.019,0.126,3218,4095
4390283,4.444,9.244,2.265,0.130,0.126,0.029,3215,4095
4390303,3.551,8.540,1.925,-0.027,0.140,-0.103,3216,4095
4390323,4.458,9.474,2.825,0.006,0.006,0.054,3206,4095
4390343,3.915,8.380,1.872,0.273,0.010,0.077,3202,4095
4390363,4.489,9.002,1.779,0.384,0.051,-0.010,3199,4095
4390383,4.403,9.807,2.342,0.104,0.067,0.025,3195,4095
4390403,3.357,7.774,1.834,0.034,-0.027,-0.040,3194,4095
4390423,4.896,8.588,2.349,0.196,-0.099,-0.022,3190,4095
4390443,3.953,8.253,1.721,0.398,-0.001,-0.004,3185,4095
4390463,3.991,8.863,1.774,0.434,0.035,-0.048,3184,4095
4390483,3.496,9.361,2.059,0.015,-0.048,0.062,3183,4095
4390503,3.503,7.891,1.798,-0.033,-0.184,0.022,3180,4095
4390523,4.774,8.851,2.227,0.156,-0.183,0.069,3179,4095
4390543,3.424,7.496,1.705,0.440,-0.156,0.039,3178,4095
4390563,4.568,8.358,2.059,0.697,-0.190,-0.106,3177,4095
4390583,4.322,8.571,2.143,0.483,-0.099,-0.301,3181,4095
4390603,3.474,8.418,1.942,0.267,-0.025,-0.902,3186,3848
4390624,3.024,9.488,1.774,-0.747,-0.074,-1.152,3179,2978
4390643,3.179,8.380,1.099,-1.268,0.129,-1.319,3110,0
4390664,2.820,6.972,0.469,-1.932,0.627,-1.320,2960,0
4390683,3.548,8.818,0.919,-0.583,1.315,-1.506,3194,0
4390703,3.838,9.685,2.871,0.116,1.393,-0.952,4095,0
4390723,3.448,10.099,1.312,1.005,1.478,-0.311,2256,0
4390743,2.157,11.059,4.499,0.698,0.903,0.098,2227,0
4390763,1.968,9.467,4.381,-0.411,0.172,-0.044,2224,0
4390783,1.920,9.045,2.337,-1.110,-0.274,-0.492,2225,0
4390803,1.616,8.918,2.761,-0.839,-0.334,-0.584,2223,0
4390823,1.638,9.436,2.751,0.166,-0.360,-0.084,2219,0
4390843,2.248,9.615,2.095,0.685,-0.251,0.237,2219,0
4390863,2.435,9.867,1.985,0.395,-0.107,0.074,2220,0
4390883,2.337,9.538,1.884,-0.032,-0.052,-0.083,2219,0
4390903,2.282,9.278,2.131,-0.151,-0.079,-0.017,2219,0
4390923,2.413,9.108,2.411,-0.052,-0.107,0.101,2221,0
4390943,2.514,8.997,2.607,0.034,-0.106,0.166,2226,0
4390963,2.380,9.091,2.880,0.151,-0.078,0.204,2235,0
4390983,2.073,9.191,3.572,0.363,-0.240,0.352,2272,0
4391003,2.286,9.359,3.218,0.465,-0.537,0.537,2358,0
4391023,2.847,9.527,2.322,0.427,-0.590,0.512,2463,0
4391043,2.902,9.871,2.751,0.374,-0.721,0.470,2559,0
4391063,3.486,9.771,1.429,0.171,-0.789,0.435,2750,0
4391083,3.603,9.802,1.097,0.146,-0.754,0.425,4095,0
4391103,3.196,9.931,1.676,0.322,-0.859,0.717,3000,0
4391123,3.196,10.132,1.499,0.908,-0.939,1.112,3048,0
4391143,3.309,9.936,0.098,1.172,-0.563,1.228,3089,0
4391163,3.261,9.055,-0.172,0.844,-0.063,1.013,3143,0
4391183,3.548,8.612,0.939,-0.126,0.157,0.720,3200,3485
4391203,4.298,7.822,1.987,-0.266,0.166,0.422,3238,4044
4391223,3.831,7.549,1.568,-0.038,0.383,0.404,3251,4095
4391243,4.757,8.645,1.846,0.044,0.467,0.281,3246,4095
4391263,3.666,9.148,1.927,-0.188,0.415,0.302,3236,4095
4391284,4.348,8.310,1.884,-0.284,0.239,0.280,3224,4095
4391303,4.264,8.262,2.186,-0.202,0.143,0.300,3217,4095
4391323,3.924,7.003,1.997,0.144,0.139,0.174,3211,4095
4391343,4.932,9.170,2.284,0.290,0.130,0.206,3204,4095
4391363,3.926,7.238,2.073,0.156,0.123,0.109,3203,4095
4391384,4.767,8.179,2.234,0.324,0.063,0.022,3198,4095
4391403,4.061,9.098,2.270,0.358,-0.001,0.060,3193,4095
4391423,4.190,7.762,1.425,0.429,-0.012,-0.026,3190,4095
4391443,4.515,9.993,1.731,0.289,0.017,0.063,3186,4095
4391463,4.013,8.104,1.245,0.029,0.070,-0.069,3186,4095
4391484,4.477,9.706,1.918,-0.150,-0.058,0.021,3185,4095
4391503,3.601,7.690,1.329,-0.189,-0.130,0.075,3181,4095
4391523,5.212,9.263,2.030,-0.018,-0.129,0.125,3177,4095
4391543,3.934,8.315,1.693,-0.090,-0.062,0.106,3174,4095
4391563,4.750,8.483,2.002,-0.023,-0.132,-0.012,3170,4095
4391583,4.271,8.588,2.533,-0.184,-0.217,0.043,3168,4095
4391603,3.771,7.118,2.093,-0.003,-0.381,-0.077,3169,4095
4391623,4.539,8.600,3.168,0.023,-0.607,-0.006,3171,4095
4391643,3.431,7.204,2.713,0.045,-0.794,-0.099,3178,4065
4391663,5.555,9.007,1.252,0.190,-0.601,-0.284,3181,3177
4391684,4.843,9.632,0.685,-0.735,-0.046,-0.581,3172,0
4391703,3.615,7.345,-0.754,-2.041,0.537,-1.183,3103,0
4391723,4.096,5.100,1.681,-2.016,0.946,-1.564,4095,0
4391744,5.061,8.583,1.676,-0.319,1.296,-1.766,4095,0
4391763,4.204,8.641,1.475,0.808,1.505,-0.961,2432,0
4391783,3.148,10.156,5.499,1.262,0.967,-0.290,2326,0
4391803,2.243,9.488,4.008,0.445,0.427,-0.316,2287,0
4391823,2.152,9.917,3.486,-0.219,-0.252,-0.481,2266,0
4391843,2.612,9.641,2.169,-0.366,-0.369,-0.490,2253,0
4391863,2.535,9.608,2.389,0.089,-0.282,-0.246,2244,0
4391884,2.612,9.364,1.970,0.405,-0.234,-0.092,2241,0
4391903,2.710,9.244,1.733,0.463,-0.223,-0.073,2241,0
4391923,2.851,9.440,1.549,0.396,-0.201,-0.060,2246,0
4391943,2.897,9.613,1.516,0.242,-0.128,-0.027,2254,0
4391963,2.832,9.646,1.638,0.075,-0.059,-0.032,2260,0
4391983,2.789,9.503,1.736,-0.116,-0.050,-0.037,2268,0
4392003,2.768,9.215,1.935,-0.149,-0.058,-0.006,2279,0
4392023,2.775,9.256,2.279,-0.066,-0.105,0.078,2293,0
4392043,2.811,9.474,2.490,-0.009,-0.156,0.197,2329,0
4392063,2.813,9.610,2.310,-0.030,-0.171,0.248,2391,0
4392083,2.753,9.697,2.507,-0.082,-0.337,0.309,2480,0
4392103,3.184,9.680,2.770,-0.304,-0.660,0.390,2586,0
4392123,4.070,9.764,1.745,-0.463,-0.811,0.465,4095,0
4392144,4.185,10.048,0.929,-0.402,-0.797,0.499,4095,0
4392163,3.747,10.285,1.573,-0.311,-0.772,0.605,2978,0
4392183,3.510,10.192,1.374,-0.369,-0.783,0.813,3050,0
4392203,1.956,9.622,0.153,-0.210,-0.274,1.065,3101,0
4392223,1.772,8.588,1.870,-1.321,-0.063,0.958,3185,3217
4392243,4.961,6.292,3.888,-1.318,-0.418,0.529,3221,3778
4392263,5.246,5.689,2.200,-0.555,0.239,0.374,3231,4094
4392283,4.664,6.515,2.504,0.356,0.593,0.071,3223,4095
4392303,4.451,8.349,3.728,0.543,0.579,0.114,3214,4095
4392323,3.381,7.829,3.103,0.216,0.369,0.096,3206,4095
4392343,4.793,8.071,3.062,-0.056,0.206,0.009,3197,4095
4392363,4.252,7.764,3.067,-0.301,0.312,-0.089,3193,4095
4392383,3.553,7.408,3.311,-0.147,0.371,-0.152,3187,4095
4392403,3.912,9.361,3.900,0.102,0.195,0.021,3184,4095
4392423,3.184,8.236,3.524,0.153,0.056,0.058,3179,4095
4392443,4.645,8.756,3.275,0.238,-0.012,0.071,3176,4095
4392463,4.322,9.409,3.189,0.118,0.050,0.032,3170,4095
4392483,3.481,7.664,3.134,0.008,0.059,-0.034,3167,4095
4392503,4.647,8.820,3.230,0.125,-0.088,0.072,3169,4095
4392523,3.812,8.203,2.892,0.157,-0.020,0.032,3166,4095
4392543,4.202,7.951,2.715,0.243,0.067,-0.034,3164,4095
4392563,4.149,9.337,3.247,0.082,-0.030,0.073,3162,4095
4392583,3.484,7.298,2.962,-0.025,-0.049,-0.005,3161,4095
4392604,4.846,8.492,2.720,0.086,-0.015,-0.029,3157,4095
4392623,3.448,8.724,3.117,-0.020,0.021,-0.043,3156,4095
4392644,3.670,7.781,2.945,0.050,-0.041,-0.045,3160,4095
4392663,4.381,9.385,3.050,0.054,-0.097,0.060,3155,4095
4392683,3.498,7.396,2.756,0.010,0.003,-0.047,3152,4095
4392703,4.063,8.054,2.710,0.141,0.021,-0.055,3153,4095
4392723,3.694,8.729,3.062,0.095,-0.038,-0.014,3153,4095
4392743,3.972,8.365,2.988,0.038,-0.102,0.012,3151,4095
4392763,4.245,8.447,2.772,0.107,-0.023,-0.016,3151,4095
4392784,4.051,8.617,2.808,0.047,0.065,-0.021,3151,4095
4392803,3.730,8.550,3.112,-0.010,0.021,0.019,3150,4095
4392823,3.962,8.241,3.191,0.018,-0.083,0.059,3150,4095
4392843,4.099,8.339,3.206,0.080,-0.127,0.049,3150,4095
4392863,4.027,8.375,3.278,0.060,-0.157,0.048,3150,4095
4392883,4.307,8.332,3.220,0.077,-0.181,0.052,3150,4095
4392903,5.006,8.847,2.174,0.218,0.102,-0.052,3147,4095
4392923,3.895,8.928,2.653,-0.001,0.271,-0.055,3147,4095
4392943,3.570,8.282,3.033,-0.102,0.087,-0.001,3144,4095
4392963,3.986,8.090,2.902,0.053,-0.032,0.020,3144,4095
4392983,4.197,8.229,2.784,0.145,0.009,-0.004,3142,4095
4393003,3.958,8.449,2.931,0.123,0.078,-0.023,3142,4095
4393023,3.699,8.389,3.086,-0.001,0.036,-0.001,3141,4095
4393043,3.871,7.944,3.120,-0.039,-0.057,0.011,3142,4095
4393063,4.233,7.829,2.935,0.101,-0.050,-0.038,3139,4095
4393083,4.056,8.320,2.897,0.171,0.021,-0.084,3143,4095
4393103,3.749,8.645,3.005,0.112,-0.007,-0.067,3142,4095
4393123,3.797,8.720,2.978,0.063,-0.081,-0.035,3140,4095
4393143,4.192,8.471,2.880,0.056,-0.097,-0.025,3140,4095
4393163,4.140,8.593,2.890,0.153,-0.004,-0.049,3140,4095
4393183,3.953,8.672,3.002,0.094,0.001,-0.061,3138,4095
4393203,3.946,8.495,3.057,0.025,-0.056,-0.034,3137,4095
4393224,3.994,8.418,2.919,0.034,-0.041,-0.035,3138,4095
4393243,3.625,8.327,2.806,0.005,0.010,-0.002,3135,4095
4393264,3.340,7.496,2.749,0.031,0.010,-0.028,3136,4095
4393283,4.089,8.023,2.751,0.087,-0.050,-0.008,3134,4095
4393303,4.058,9.251,3.086,0.037,-0.022,0.033,3133,4095
4393323,3.381,7.606,2.892,0.002,0.031,-0.036,3133,4095
4393343,4.408,9.076,2.993,0.096,-0.045,-0.001,3132,4095
4393363,3.500,8.440,3.172,-0.065,-0.074,0.014,3131,4095
4393383,3.986,7.503,2.804,0.033,-0.065,-0.044,3133,4095
4393403,4.202,9.479,3.285,-0.004,-0.140,0.035,3132,4095
4393423,2.753,8.145,3.771,-0.157,-0.255,-0.055,3134,4095
4393443,2.258,9.946,4.934,-0.344,-0.650,0.214,3135,3909
4393463,4.736,8.435,3.184,-0.844,-0.663,0.430,3152,3052
4393483,3.785,8.236,1.686,-0.808,-0.045,-0.005,3152,0
4393503,3.790,6.610,2.181,-1.740,0.315,-0.424,3074,0
4393523,4.652,6.170,1.652,-0.772,1.007,-1.048,2843,0
4393543,5.203,7.283,1.312,-0.236,1.698,-1.285,4095,0
4393563,4.367,8.217,2.907,0.952,1.844,-0.694,2697,0
4393583,4.144,9.436,5.234,1.616,1.278,0.143,2194,0
4393603,2.614,8.997,6.141,0.816,0.551,0.314,2206,0
4393623,2.459,8.559,3.467,-0.496,0.102,-0.247,2212,0
4393643,2.574,9.167,3.757,-0.824,-0.066,-0.592,2222,0
4393663,1.781,8.282,3.709,-0.289,-0.226,-0.253,2230,0
4393683,2.856,9.012,4.168,0.485,-0.144,0.096,2242,0
4393703,2.794,8.361,3.103,0.772,-0.068,0.006,2254,0
4393723,2.717,9.060,2.523,0.536,0.020,-0.131,2256,0
4393744,2.722,8.961,3.270,0.200,-0.074,-0.127,2263,0
4393763,3.117,8.705,3.443,0.069,-0.153,-0.034,2271,0
4393784,3.323,8.531,3.476,0.083,-0.082,-0.005,2276,0
4393803,3.156,8.708,3.498,0.112,-0.004,-0.022,2281,0
4393823,3.021,8.997,3.503,0.052,0.004,-0.018,2284,0
4393843,2.995,8.933,3.627,-0.049,-0.023,-0.015,2288,0
4393863,3.086,8.720,3.824,-0.072,-0.028,-0.019,2290,0
4393883,3.036,8.622,3.891,-0.018,-0.018,-0.028,2295,0
4393903,2.942,8.607,3.855,0.065,-0.032,-0.010,2302,0
4393923,2.907,8.777,3.735,0.140,-0.059,0.025,2306,0
4393943,3.000,8.844,3.663,0.129,-0.070,0.032,2310,0
4393963,3.041,8.669,3.577,0.022,-0.056,0.008,2314,0
4393983,2.993,8.569,3.613,-0.017,-0.067,0.017,2315,0
4394003,3.043,8.396,3.584,-0.001,-0.064,0.032,2319,0
4394023,3.031,8.423,3.543,0.057,-0.040,0.026,2320,0
4394044,2.964,8.590,3.555,0.083,-0.020,0.011,2322,0
4394063,2.933,8.746,3.541,0.050,-0.019,0.001,2324,0
4394083,2.890,8.710,3.587,-0.012,-0.032,-0.016,2326,0
4394103,2.919,8.631,3.560,-0.023,-0.036,-0.010,2329,0
4394123,2.926,8.622,3.565,0.021,-0.030,0.009,2333,0
4394143,2.947,8.633,3.610,0.054,-0.032,0.022,2334,0
4394163,2.974,8.578,3.548,0.042,-0.037,0.022,2336,0
4394183,2.931,8.557,3.500,0.026,-0.039,0.008,2339,0
4394203,2.947,8.605,3.620,0.033,-0.046,-0.002,2338,0
4394223,3.089,8.760,4.087,0.040,-0.054,0.027,2340,0
4394244,2.643,8.753,3.536,-0.039,-0.097,0.054,2344,0
4394263,2.452,8.265,3.321,-0.048,-0.092,0.026,2346,0
4394283,3.721,8.593,3.517,0.186,-0.009,-0.040,2348,0
4394303,2.380,8.612,3.579,-0.076,-0.066,0.022,2347,0
4394323,3.747,8.871,3.713,0.159,0.003,-0.037,2349,0
4394343,2.263,8.286,3.249,-0.071,-0.054,-0.005,2348,0
4394364,3.711,8.959,3.716,0.140,0.009,-0.013,2352,0
4394384,2.365,8.267,3.237,-0.037,-0.041,0.006,2354,0
4394403,3.668,9.069,3.900,0.128,0.026,0.000,2354,0
4394423,2.464,8.188,3.297,0.002,-0.039,-0.003,2356,0
4394443,3.481,9.108,3.972,0.089,-0.021,0.024,2354,0
4394463,2.717,8.124,3.144,0.059,-0.038,-0.032,2356,0
4394483,3.158,9.194,3.938,0.015,-0.033,0.037,2356,0
4394503,3.050,8.246,3.294,0.103,-0.017,-0.035,2357,0
4394523,2.756,9.024,3.929,-0.059,-0.047,0.056,2360,0
4394543,3.443,8.339,3.395,0.165,-0.010,-0.044,2360,0
4394563,2.377,8.758,3.783,-0.085,-0.063,0.046,2361,0
4394583,3.661,8.523,3.579,0.180,-0.009,-0.044,2361,0
4394603,2.160,8.475,3.515,-0.071,-0.072,0.031,2362,0
4394623,3.752,8.930,3.730,0.149,-0.017,-0.018,2363,0
4394643,2.255,8.217,3.220,-0.056,-0.060,-0.011,2365,0
4394663,3.500,9.024,3.857,0.055,-0.023,0.006,2366,0
4394683,2.658,8.037,3.103,0.039,-0.036,-0.029,2366,0
4394704,3.153,8.880,3.658,0.079,-0.023,0.011,2368,0
4394723,2.995,8.710,3.773,0.041,-0.009,-0.010,2367,0
4394744,3.017,8.689,3.476,0.055,-0.019,-0.014,2368,0
4394763,3.005,8.631,3.598,0.048,-0.024,-0.006,2369,0
4394783,3.029,8.633,3.591,0.046,-0.027,0.005,2369,0
4394803,3.038,8.598,3.575,0.038,-0.022,0.000,2370,0
4394823,3.026,8.581,3.567,0.037,-0.019,-0.007,2369,0
4394843,3.031,8.598,3.579,0.035,-0.024,-0.020,2371,0
4394863,2.983,8.605,3.555,0.026,-0.030,-0.022,2372,0
4394883,2.995,8.674,3.570,0.055,-0.031,0.001,2372,0
4394903,3.005,8.763,3.598,0.062,-0.029,0.010,2373,0
4394923,3.010,8.641,3.570,0.032,-0.032,0.005,2373,0
4394943,3.007,8.504,3.572,0.026,-0.040,-0.003,2377,0
4394963,3.014,8.514,3.579,0.055,-0.038,-0.001,2377,0
4394983,2.993,8.631,3.527,0.064,-0.033,-0.005,2379,0
4395003,2.971,8.689,3.560,0.041,-0.031,-0.003,2377,0
4395023,2.988,8.602,3.505,0.031,-0.033,-0.001,2379,0
4395043,2.986,8.569,3.522,0.051,-0.031,-0.002,2380,0
4395063,2.981,8.590,3.551,0.089,-0.028,-0.002,2381,0
4395083,2.964,8.677,3.565,0.082,-0.033,-0.001,2381,0
4395103,2.981,8.633,3.565,0.031,-0.039,-0.011,2382,0
4395123,2.986,8.559,3.555,0.019,-0.042,-0.016,2380,0
4395143,2.990,8.571,3.560,0.047,-0.038,-0.007,2382,0
4395164,3.002,8.622,3.560,0.070,-0.034,0.003,2381,0
4395183,3.026,8.622,3.517,0.056,-0.033,-0.009,2381,0
4395203,3.031,8.554,3.496,0.040,-0.025,-0.027,2383,0
4395223,2.974,8.545,3.510,0.064,-0.018,-0.031,2383,0
4395243,2.964,8.722,3.577,0.090,-0.021,0.001,2382,0
4395263,3.007,8.751,3.529,0.077,-0.018,0.012,2383,0
4395283,2.969,8.756,3.522,0.049,-0.016,-0.002,2382,0
4395303,2.971,8.720,3.536,0.015,-0.024,-0.010,2383,0
4395323,2.964,8.588,3.591,0.018,-0.032,0.001,2383,0
4395344,2.998,8.538,3.572,0.064,-0.046,0.002,2383,0
4395363,2.978,8.648,3.519,0.070,-0.049,-0.008,2383,0
4395383,3.000,8.662,3.505,0.049,-0.046,-0.013,2385,0
4395404,2.988,8.696,3.539,0.045,-0.044,-0.009,2384,0
4395423,2.983,8.669,3.486,0.046,-0.038,0.003,2384,0
4395443,3.014,8.636,3.469,0.047,-0.031,0.009,2384,0
4395463,3.026,8.578,3.474,0.044,-0.023,0.007,2383,0
4395483,3.031,8.538,3.536,0.039,-0.014,-0.002,2384,0
4395503,2.974,8.581,3.572,0.037,-0.010,-0.021,2385,0
4395523,2.931,8.612,3.606,0.032,-0.025,-0.025,2385,0
4395543,2.954,8.665,3.584,0.047,-0.036,-0.007,2386,0
4395563,2.983,8.662,3.558,0.077,-0.036,0.002,2386,0
4395583,3.007,8.703,3.500,0.075,-0.037,-0.002,2385,0
4395603,2.993,8.720,3.426,0.042,-0.038,-0.009,2386,0
4395623,2.988,8.653,3.467,0.027,-0.041,-0.008,2386,0
4395643,2.981,8.607,3.476,0.048,-0.032,-0.001,2385,0
4395663,2.966,8.641,3.491,0.060,-0.029,-0.000,2388,0
4395683,2.938,8.645,3.517,0.040,-0.030,-0.000,2387,0
4395703,2.959,8.590,3.515,0.042,-0.029,-0.004,2386,0
4395723,2.978,8.610,3.531,0.045,-0.036,-0.006,2387,0
4395744,2.974,8.590,3.515,0.042,-0.037,-0.014,2389,0
4395763,2.966,8.576,3.476,0.040,-0.039,-0.021,2389,0
4395784,2.962,8.703,3.464,0.057,-0.034,-0.017,2392,0
4395803,2.974,8.708,3.517,0.052,-0.030,-0.007,2390,0
4395823,2.974,8.677,3.551,0.053,-0.024,-0.004,2389,0
4395843,2.993,8.662,3.522,0.047,-0.031,-0.004,2389,0
4395863,3.021,8.633,3.570,0.026,-0.034,-0.008,2391,0
4395883,2.986,8.669,3.591,0.041,-0.033,-0.007,2392,0
4395903,2.954,8.765,3.639,0.054,-0.033,0.001,2393,0
4395923,2.962,8.739,3.615,0.043,-0.043,0.009,2390,0
4395943,2.978,8.665,3.551,0.036,-0.050,0.013,2390,0
4395963,3.007,8.571,3.467,0.050,-0.054,0.015,2393,0
4395983,2.986,8.605,3.455,0.058,-0.043,0.006,2392,0
4396003,2.964,8.643,3.496,0.040,-0.043,0.006,2391,0
4396023,2.945,8.610,3.498,0.027,-0.046,0.006,2392,0
4396043,2.942,8.559,3.450,0.044,-0.047,0.004,2393,0
4396063,2.962,8.612,3.407,0.060,-0.042,-0.007,2393,0
4396083,2.966,8.655,3.445,0.046,-0.040,-0.010,2393,0
4396103,2.983,8.629,3.491,0.038,-0.040,-0.005,2392,0
4396123,3.012,8.593,3.512,0.050,-0.038,-0.004,2393,0
4396143,3.041,8.665,3.472,0.054,-0.029,-0.009,2392,0
4396163,2.966,8.617,3.443,0.042,-0.023,-0.007,2393,0
4396183,3.029,8.638,3.546,0.052,-0.033,0.000,2393,0
4396203,3.031,8.669,3.508,0.042,-0.029,-0.006,2393,0
4396223,3.007,8.679,3.505,0.041,-0.031,-0.014,2394,0
4396243,2.993,8.703,3.534,0.038,-0.027,-0.014,2395,0
4396263,2.981,8.712,3.527,0.045,-0.026,-0.001,2394,0
4396283,3.005,8.650,3.531,0.050,-0.032,0.005,2395,0
4396303,3.007,8.598,3.529,0.034,-0.039,0.009,2394,0
4396323,3.000,8.571,3.484,0.048,-0.036,0.002,2396,0
4396343,2.957,8.655,3.481,0.058,-0.035,-0.002,2397,0
4396363,2.950,8.672,3.496,0.050,-0.037,-0.005,2397,0
4396383,2.952,8.629,3.484,0.035,-0.043,-0.010,2398,0
4396403,2.959,8.574,3.436,0.047,-0.044,-0.006,2397,0
4396423,2.971,8.586,3.407,0.067,-0.034,-0.005,2398,0
4396443,2.974,8.605,3.426,0.076,-0.026,-0.009,2397,0
4396463,2.947,8.657,3.469,0.069,-0.025,-0.014,2398,0
4396483,2.974,8.641,3.505,0.090,-0.022,-0.011,2397,0
4396503,2.945,8.765,3.428,0.070,-0.025,-0.013,2399,0
4396523,2.959,8.724,3.457,0.042,-0.025,-0.006,2399,0
4396543,3.019,8.677,3.524,0.034,-0.021,-0.010,2398,0
4396563,2.995,8.650,3.591,0.050,-0.023,-0.007,2399,0
4396583,3.005,8.638,3.543,0.047,-0.036,-0.002,2401,0
4396604,3.010,8.693,3.503,0.034,-0.039,-0.012,2400,0
4396623,3.017,8.736,3.508,0.046,-0.036,-0.009,2399,0
4396643,2.995,8.710,3.517,0.040,-0.032,-0.004,2400,0
4396663,2.998,8.662,3.519,0.034,-0.042,-0.002,2400,0
4396683,2.971,8.667,3.519,0.048,-0.043,0.005,2400,0
4396703,2.971,8.631,3.421,0.053,-0.043,0.004,2399,0
4396723,2.954,8.662,3.438,0.046,-0.036,0.000,2400,0
4396744,2.933,8.626,3.409,0.030,-0.037,-0.003,2400,0
4396763,2.945,8.607,3.426,0.041,-0.038,-0.000,2402,0
4396784,2.969,8.559,3.378,0.052,-0.041,-0.008,2403,0
4396804,2.983,8.610,3.390,0.060,-0.034,-0.017,2403,0
4396824,2.971,8.734,3.424,0.051,-0.030,-0.023,2405,0
4396843,3.024,8.760,3.560,0.041,-0.037,-0.019,2408,0
4396863,3.060,8.741,3.567,0.046,-0.030,-0.012,2408,0
4396883,3.077,8.801,3.598,0.052,-0.031,-0.006,2409,0
4396903,3.108,8.780,3.551,0.053,-0.029,0.002,2408,0
4396923,3.122,8.789,3.572,0.050,-0.030,0.014,2407,0
4396943,3.117,8.736,3.587,0.035,-0.035,0.016,2407,0
4396963,3.089,8.758,3.543,0.039,-0.046,0.026,2409,0
4396983,3.024,8.784,3.433,0.049,-0.048,0.040,2409,0
4397003,2.990,8.777,3.397,0.058,-0.043,0.059,2410,0
4397023,2.942,8.701,3.395,0.049,-0.036,0.060,2408,0
4397043,2.885,8.669,3.440,0.036,-0.036,0.050,2408,0
4397063,2.878,8.569,3.462,0.038,-0.041,0.050,2410,0
4397083,2.871,8.459,3.417,0.058,-0.039,0.050,2410,0
4397103,2.902,8.413,3.397,0.066,-0.035,0.045,2411,0
4397123,2.899,8.377,3.481,0.042,-0.029,0.022,2413,0
4397143,2.902,8.334,3.555,0.028,-0.042,-0.003,2414,0
4397163,2.887,8.377,3.531,0.029,-0.050,-0.029,2414,0
4397183,2.931,8.456,3.484,0.053,-0.062,-0.042,2413,0
4397203,3.002,8.562,3.467,0.061,-0.067,-0.050,2415,0
4397223,3.031,8.607,3.414,0.047,-0.069,-0.055,2415,0
4397243,3.029,8.708,3.412,0.086,-0.069,-0.055,2415,0
4397263,3.002,8.799,3.316,0.081,-0.070,-0.036,2415,0
4397283,3.045,8.772,3.302,0.056,-0.065,-0.031,2415,0
4397303,3.057,8.677,3.294,0.030,-0.053,-0.032,2415,0
4397323,3.038,8.617,3.311,0.048,-0.042,-0.025,2417,0
4397343,3.012,8.626,3.376,0.066,-0.040,-0.028,2416,0
4397363,3.017,8.653,3.397,0.053,-0.037,-0.038,2416,0
4397383,2.986,8.638,3.493,0.048,-0.036,-0.045,2415,0
4397403,2.952,8.667,3.553,0.050,-0.043,-0.047,2417,0
4397423,2.897,8.703,3.587,0.062,-0.053,-0.044,2415,0
4397443,2.907,8.734,3.608,0.062,-0.067,-0.043,2416,0
4397463,2.840,8.772,3.697,0.059,-0.072,-0.037,2415,0
4397483,2.801,8.789,3.704,0.062,-0.094,-0.032,2416,0
4397503,2.761,8.768,3.730,0.060,-0.118,-0.019,2416,0
4397523,2.775,8.684,3.615,0.059,-0.148,-0.017,2417,0
4397543,2.801,8.586,3.469,0.071,-0.164,-0.018,2416,0
4397563,2.914,8.473,3.323,0.080,-0.162,-0.032,2418,0
4397583,2.945,8.358,3.172,0.098,-0.149,-0.056,2420,0
4397603,2.995,8.339,3.091,0.108,-0.137,-0.088,2420,0
4397624,3.017,8.344,2.919,0.100,-0.113,-0.116,2420,0
4397643,3.129,8.334,2.756,0.092,-0.080,-0.151,2423,0
4397663,3.266,8.337,2.672,0.093,-0.041,-0.189,2428,0
4397683,3.299,8.461,2.677,0.104,-0.008,-0.222,2425,0
4397703,3.165,8.696,2.698,0.116,0.026,-0.244,2425,0
4397724,3.045,8.928,2.737,0.111,0.057,-0.234,2423,0
4397744,2.916,9.031,2.849,0.108,0.084,-0.211,2426,0
4397764,2.777,9.088,3.038,0.105,0.093,-0.197,2425,0
4397783,2.684,9.062,3.139,0.126,0.080,-0.191,2426,0
4397803,2.607,9.093,3.187,0.173,0.067,-0.191,2423,0
4397823,2.504,9.146,3.318,0.188,0.053,-0.194,2424,0
4397843,2.449,9.067,3.359,0.176,0.030,-0.183,2424,0
4397863,2.569,8.823,3.314,0.173,0.010,-0.171,2425,0
4397884,2.643,8.691,3.227,0.176,0.013,-0.178,2426,0
4397903,2.626,8.669,3.153,0.159,0.019,-0.189,2425,0
4397923,2.574,8.684,3.187,0.136,0.018,-0.192,2424,0
4397943,2.495,8.708,3.203,0.136,0.009,-0.200,2425,0
4397963,2.435,8.811,3.148,0.146,-0.001,-0.206,2426,0
4397983,2.375,8.983,3.084,0.153,-0.006,-0.208,2427,0
4398003,2.224,9.191,3.134,0.146,-0.013,-0.209,2426,0
4398023,2.085,9.354,3.211,0.133,-0.037,-0.197,2427,0
4398043,1.973,9.493,3.227,0.139,-0.066,-0.175,2426,0
4398063,1.884,9.577,3.294,0.174,-0.101,-0.136,2426,0
4398083,1.836,9.692,3.278,0.194,-0.141,-0.106,2426,0
4398103,1.865,9.735,3.182,0.158,-0.177,-0.092,2428,0
4398123,1.911,9.649,3.136,0.110,-0.192,-0.083,2426,0
4398143,2.059,9.440,3.038,0.096,-0.197,-0.065,2428,0
4398163,2.186,9.409,3.021,0.103,-0.176,-0.064,2429,0
4398183,2.138,9.536,2.935,0.054,-0.155,-0.066,2428,0
4398203,2.018,9.625,3.050,-0.011,-0.140,-0.047,2427,0
4398223,2.002,9.383,3.007,-0.051,-0.137,-0.016,2428,0
4398243,2.133,9.062,2.849,-0.040,-0.120,-0.002,2430,0
4398263,2.236,9.002,2.701,-0.015,-0.090,-0.002,2429,0
4398283,2.229,9.093,2.665,-0.022,-0.064,-0.000,2429,0
4398304,2.155,9.184,2.658,-0.031,-0.039,0.000,2429,0
4398323,2.076,9.230,2.670,-0.025,-0.015,0.015,2430,0
4398344,2.028,9.184,2.705,0.001,0.002,0.031,2429,0
4398363,2.085,9.105,2.701,0.040,0.020,0.034,2430,0
4398383,2.169,9.069,2.765,0.044,0.043,0.035,2429,0
4398403,2.267,8.990,2.957,0.023,0.065,0.035,2430,0
4398423,2.387,8.993,2.964,0.010,0.081,0.029,2430,0
4398443,2.368,9.110,3.026,-0.008,0.092,0.020,2431,0
4398463,2.315,9.182,3.081,-0.022,0.084,0.027,2430,0
4398483,2.279,9.136,3.256,-0.005,0.056,0.047,2428,0
4398503,2.332,9.014,3.247,0.066,0.018,0.072,2430,0
4398523,2.303,9.048,3.077,0.074,-0.033,0.071,2429,0
4398543,2.361,9.012,3.026,0.073,-0.073,0.086,2428,0
4398564,2.459,8.859,2.904,0.075,-0.095,0.102,2428,0
4398583,2.591,8.648,2.703,0.116,-0.095,0.113,2427,0
4398603,2.705,8.686,2.485,0.185,-0.071,0.115,2428,0
4398623,2.653,8.918,2.368,0.221,-0.024,0.117,2429,0
4398643,2.509,9.172,2.349,0.207,0.007,0.113,2429,0
4398663,2.442,9.275,2.301,0.159,0.023,0.121,2431,0
4398683,2.411,9.179,2.274,0.119,0.045,0.122,2435,0
4398703,2.437,9.124,2.258,0.108,0.085,0.127,2435,0
4398723,2.512,8.940,2.389,0.078,0.123,0.143,2438,0
4398743,2.562,8.777,2.653,0.045,0.152,0.145,2436,0
4398763,2.480,8.792,2.947,0.012,0.148,0.133,2434,0
4398783,2.274,8.997,3.134,0.001,0.118,0.108,2433,0
4398803,2.042,9.172,3.302,0.041,0.066,0.107,2431,0
4398823,1.827,9.337,3.414,0.115,-0.008,0.135,2431,0
4398843,1.793,9.285,3.445,0.144,-0.099,0.173,2431,0
4398863,1.946,8.973,3.266,0.156,-0.168,0.192,2431,0
4398884,2.188,8.698,2.962,0.178,-0.197,0.185,2431,0
4398903,2.418,8.526,2.715,0.177,-0.181,0.157,2432,0
4398923,2.526,8.566,2.600,0.158,-0.137,0.119,2432,0
4398943,2.569,8.727,2.617,0.112,-0.096,0.092,2433,0
4398963,2.703,8.894,2.684,0.078,-0.062,0.083,2433,0
4398983,2.840,9.112,2.646,0.077,-0.031,0.070,2433,0
4399003,2.840,9.459,2.612,0.134,0.012,0.063,2433,0
4399023,2.629,10.127,2.619,0.164,0.050,0.094,2432,0
4399043,2.447,10.410,2.863,0.107,0.056,0.155,2433,0
4399063,2.428,10.422,2.945,0.014,0.021,0.211,2431,0
4399083,2.655,10.056,3.110,-0.086,-0.025,0.268,2432,0
4399103,2.849,9.562,3.273,-0.104,-0.052,0.314,2432,0
4399123,2.914,9.270,3.390,-0.048,-0.084,0.380,2431,0
4399143,2.938,9.055,3.381,-0.047,-0.125,0.424,2432,0
4399164,3.010,8.612,3.194,-0.092,-0.165,0.425,2430,0
4399183,3.321,8.174,2.931,-0.079,-0.176,0.388,2431,0
4399203,3.531,8.356,3.002,-0.001,-0.133,0.326,2431,0
4399223,3.385,8.957,3.177,-0.030,-0.098,0.264,2433,0
4399243,3.196,9.220,3.378,-0.160,-0.110,0.233,2430,0
4399263,3.141,8.997,3.438,-0.228,-0.131,0.239,2431,0
4399283,3.270,8.483,3.345,-0.192,-0.145,0.250,2430,0
4399303,3.402,8.255,3.244,-0.138,-0.159,0.237,2430,0
4399323,3.476,8.042,3.175,-0.183,-0.183,0.203,2429,0
4399343,3.500,7.743,3.036,-0.213,-0.226,0.181,2429,0
4399364,3.543,7.487,2.777,-0.155,-0.253,0.183,2430,0
4399383,3.666,7.372,2.480,-0.071,-0.252,0.179,2430,0
4399403,3.701,7.341,2.265,-0.014,-0.238,0.126,2430,0
4399423,3.721,7.494,2.028,0.034,-0.220,0.038,2429,0
4399443,3.658,7.807,1.901,0.083,-0.186,-0.055,2427,0
4399463,3.577,8.090,1.891,0.091,-0.139,-0.146,2426,0
4399483,3.517,8.337,2.102,0.080,-0.099,-0.205,2426,0
4399503,3.546,8.590,2.318,0.089,-0.070,-0.223,2425,0
4399523,3.654,8.720,2.521,0.093,-0.054,-0.211,2424,0
4399543,3.704,8.794,2.782,0.083,-0.041,-0.188,2423,0
4399563,3.728,8.686,2.909,0.073,-0.053,-0.153,2422,0
4399583,3.706,8.710,2.938,0.098,-0.072,-0.124,2417,0
4399603,3.697,8.775,2.878,0.100,-0.086,-0.094,2420,0
4399623,3.663,8.780,2.914,0.089,-0.084,-0.090,2416,0
4399644,3.663,8.839,3.005,0.084,-0.096,-0.094,2414,0
4399663,3.721,9.038,3.134,0.084,-0.112,-0.101,2416,0
4399683,3.661,9.244,3.191,0.082,-0.131,-0.074,2416,0
4399703,3.632,9.318,3.093,0.104,-0.147,-0.020,2416,0
4399723,3.625,9.318,2.926,0.111,-0.143,0.023,2416,0
4399743,3.618,9.203,2.689,0.071,-0.134,0.042,2416,0
4399763,3.613,9.045,2.562,0.031,-0.111,0.048,2416,0
4399783,3.620,8.825,2.488,0.024,-0.082,0.055,2416,0
4399804,3.596,8.751,2.373,0.045,-0.050,0.062,2415,0
4399823,3.615,8.775,2.363,0.033,-0.007,0.059,2417,0
4399843,3.625,8.739,2.528,-0.023,0.031,0.041,2417,0
4399863,3.608,8.552,2.734,-0.043,0.035,0.028,2416,0
4399883,3.596,8.521,2.756,0.005,0.017,0.025,2416,0
4399903,3.608,8.583,2.744,0.052,0.008,0.026,2415,0
4399923,3.601,8.650,2.813,0.072,-0.001,0.027,2416,0
4399943,3.551,8.645,2.796,0.052,-0.019,0.026,2416,0
4399963,3.553,8.540,2.746,0.030,-0.038,0.021,2416,0
4399983,3.603,8.509,2.727,0.036,-0.035,0.014,2416,0
4400003,3.582,8.550,2.806,0.057,-0.021,0.011,2416,0
4400023,3.555,8.569,2.856,0.073,-0.026,0.008,2416,0
4400043,3.668,8.578,2.804,0.075,-0.037,-0.006,2416,0
4400063,3.776,8.696,2.701,0.069,-0.032,-0.020,2417,0
4400083,3.838,8.851,2.588,0.078,-0.021,-0.011,2416,0
4400104,3.814,9.026,2.528,0.080,-0.003,0.015,2416,0
4400123,3.950,9.184,2.504,0.070,0.007,0.038,2418,0
4400143,4.676,9.400,2.464,0.069,0.012,0.060,2416,0
4400163,5.574,10.001,2.409,0.103,0.025,0.110,2416,0
4400184,5.827,11.368,2.193,0.034,0.051,0.241,2416,0
4400203,5.811,11.997,1.609,-0.488,0.024,0.385,2416,0
4400223,5.851,11.030,1.513,-1.000,0.082,0.523,2416,0
4400243,6.685,9.663,1.915,-1.050,0.192,0.619,2416,0
4400263,7.209,8.892,2.464,-0.658,0.385,0.708,2416,0
4400284,6.974,8.490,2.701,-0.179,0.587,0.810,2415,0
4400303,6.072,9.012,2.789,0.152,0.701,0.911,2414,0
4400323,5.217,9.761,2.734,-0.002,0.691,0.986,2414,0
4400343,5.090,9.505,2.890,-0.381,0.636,1.009,2414,0
4400363,4.776,8.712,3.163,-0.550,0.608,1.034,2413,0
4400383,4.365,7.829,3.110,-0.328,0.578,1.130,2415,0
4400403,4.185,7.037,2.895,0.030,0.595,1.177,2411,0
4400423,4.379,6.713,2.820,0.225,0.612,1.122,2413,0
4400444,4.264,6.661,2.744,0.159,0.666,0.995,2414,0
4400463,3.474,6.606,2.880,-0.026,0.707,0.811,2413,0
4400483,2.464,6.663,3.340,-0.070,0.723,0.692,2414,0
4400503,2.128,6.539,3.780,0.026,0.685,0.669,2413,0
4400524,2.468,6.314,4.195,0.175,0.650,0.667,2411,0
4400543,2.617,6.551,4.903,0.118,0.578,0.625,2411,0
4400563,2.425,6.713,5.495,-0.373,0.396,0.543,2406,0
4400583,3.168,6.177,4.997,-1.034,0.085,0.439,2404,0
4400603,4.784,5.346,4.432,-1.345,-0.047,0.375,2406,0
4400623,5.171,5.167,4.618,-1.110,0.242,0.268,2404,0
4400643,4.750,5.825,5.013,-0.705,0.531,0.079,2402,0
4400663,4.223,5.959,5.969,-0.348,0.580,0.104,2402,0
4400684,4.233,6.479,6.378,-0.341,0.522,0.146,2401,0
4400703,4.542,6.713,6.390,-0.461,0.438,0.171,2399,0
4400723,4.726,6.158,6.596,-0.801,0.412,0.054,2400,0
4400743,4.750,5.442,6.704,-0.860,0.419,-0.047,2398,0
4400763,4.772,5.155,6.948,-0.603,0.377,-0.038,2398,0
4400783,4.879,5.289,6.902,-0.280,0.314,0.063,2397,0
4400803,4.623,5.444,6.812,-0.208,0.248,0.151,2398,0
4400823,4.599,5.346,6.680,-0.244,0.157,0.140,2397,0
4400843,4.812,5.047,6.634,-0.262,0.120,0.067,2398,0
4400863,4.499,4.994,6.792,-0.113,0.103,0.044,2398,0
4400883,3.766,5.430,7.017,0.171,0.016,0.093,2395,0
4400904,3.802,6.199,6.706,0.279,-0.119,0.132,2397,0
4400923,4.202,6.163,6.486,0.053,-0.174,0.065,2397,0
4400943,4.197,5.574,6.199,-0.108,-0.135,0.013,2398,0
4400963,4.477,4.894,6.177,0.049,-0.082,-0.014,2398,0
4400983,4.688,5.030,6.246,0.389,-0.025,-0.042,2398,0
4401003,4.530,5.768,6.225,0.516,0.026,-0.054,2400,0
4401023,4.161,6.127,6.261,0.274,-0.004,-0.054,2399,0
4401043,4.379,5.744,6.230,-0.071,-0.088,-0.076,2399,0
4401064,4.561,5.279,6.335,-0.129,-0.084,-0.144,2399,0
4401083,4.417,5.215,6.330,0.040,-0.033,-0.157,2400,0
4401103,4.537,5.514,6.206,0.279,-0.017,-0.112,2400,0
4401123,4.724,5.765,6.235,0.422,-0.002,-0.066,2400,0
4401143,4.614,6.163,6.232,0.397,0.003,-0.053,2400,0
4401163,4.683,6.548,6.076,0.221,-0.010,-0.040,2401,0
4401183,5.059,6.294,6.045,0.010,-0.012,-0.044,2401,0
4401203,5.143,6.057,6.146,-0.019,0.010,-0.030,2401,0
4401223,5.066,5.899,6.273,0.087,0.018,0.013,2400,0
4401243,5.076,5.978,6.354,0.200,0.003,0.015,2402,0
4401263,5.021,6.223,6.440,0.236,-0.009,0.010,2404,0
4401284,4.709,6.416,6.591,0.203,-0.053,0.045,2405,0
4401303,4.341,6.347,6.618,0.118,-0.128,0.074,2407,0
4401323,4.436,5.990,6.524,0.015,-0.226,0.075,2415,0
4401343,4.757,5.703,6.280,0.026,-0.234,0.077,2428,0
4401363,4.870,5.626,6.136,0.113,-0.213,0.087,2438,0
4401383,4.932,5.590,5.820,0.178,-0.226,0.102,2437,0
4401403,5.298,5.820,5.892,0.202,-0.274,0.083,2439,0
4401423,5.392,6.299,5.617,0.199,-0.255,0.022,2438,0
4401444,5.282,6.383,5.401,0.079,-0.184,-0.053,2439,0
4401463,5.073,6.347,5.361,-0.018,-0.112,-0.076,2439,0
4401483,5.054,6.196,5.385,-0.008,-0.052,-0.054,2439,0
4401503,5.124,6.165,5.447,0.038,0.005,-0.032,2439,0
4401524,5.248,6.108,5.559,0.025,0.048,-0.038,2439,0
4401543,5.164,6.146,5.782,0.002,0.064,-0.039,2439,0
4401563,5.009,6.232,5.923,-0.018,0.050,-0.009,2439,0
4401583,4.915,6.139,6.050,-0.032,0.022,0.027,2441,0
4401603,4.865,5.928,6.086,-0.031,-0.010,0.030,2441,0
4401623,4.918,5.746,6.153,0.003,-0.030,0.025,2438,0
4401643,5.150,5.516,6.103,0.046,-0.056,-0.002,2439,0
4401663,5.236,5.488,6.069,0.115,-0.079,-0.030,2440,0
4401683,5.315,5.590,5.871,0.197,-0.102,-0.051,2442,0
4401703,5.435,5.598,5.734,0.285,-0.086,-0.061,2438,0
4401723,5.478,5.502,5.689,0.436,-0.034,-0.076,2438,0
4401743,5.552,5.981,5.569,0.582,0.019,-0.054,2435,0
4401763,5.768,6.519,5.552,0.500,0.057,-0.052,2432,0
4401783,5.722,6.560,5.878,0.268,0.074,-0.102,2430,0
4401803,5.416,6.349,5.964,0.072,0.056,-0.169,2430,0
4401823,5.033,6.215,6.067,0.108,0.049,-0.165,2429,0
4401843,4.858,6.330,6.024,0.263,0.051,-0.126,2430,0
4401863,4.899,6.613,5.947,0.292,0.053,-0.091,2431,0
4401883,4.671,6.670,5.911,0.131,0.066,-0.128,2430,0
4401903,4.305,6.481,5.957,-0.046,0.028,-0.189,2431,0
4401923,4.005,6.567,6.014,-0.074,-0.019,-0.187,2431,0
4401943,3.735,6.677,5.899,-0.055,-0.056,-0.133,2430,0
4401963,3.610,6.460,5.782,-0.035,-0.101,-0.099,2431,0
4401983,3.754,6.079,5.574,0.063,-0.143,-0.104,2431,0
4402004,4.140,5.990,5.236,0.298,-0.164,-0.122,2431,0
4402023,4.532,6.369,4.944,0.495,-0.175,-0.111,2434,0
4402043,4.652,6.843,4.578,0.553,-0.181,-0.109,2431,0
4402063,4.831,7.192,4.386,0.519,-0.186,-0.106,2432,0
4402083,4.793,7.456,4.463,0.481,-0.127,-0.056,2432,0
4402103,4.798,7.470,4.583,0.486,-0.088,0.047,2432,0
4402123,4.973,7.336,4.609,0.456,-0.052,0.133,2432,0
4402143,5.083,7.288,4.513,0.411,-0.037,0.171,2432,0
4402163,5.121,6.723,4.831,-0.011,-0.015,0.098,2431,0
4402183,5.104,6.359,5.083,-0.105,-0.001,0.060,2431,0
4402203,4.949,6.285,5.241,-0.002,0.023,0.058,2431,0
4402223,5.023,6.282,5.289,0.080,0.023,0.042,2431,0
4402243,5.028,6.474,5.353,0.095,0.015,-0.011,2432,0
4402263,4.879,6.706,5.373,0.059,-0.005,-0.058,2432,0
4402283,4.633,6.886,5.303,0.035,-0.026,-0.060,2432,0
4402303,4.439,6.912,5.231,0.028,-0.032,-0.047,2429,0
4402323,4.609,6.843,5.171,0.079,-0.038,-0.043,2431,0
4402343,4.750,6.934,5.054,0.160,-0.030,-0.023,2432,0
4402363,4.769,7.118,4.963,0.184,-0.030,0.001,2431,0
4402383,4.774,7.053,4.889,0.163,-0.037,0.003,2433,0
4402403,4.738,7.070,4.920,0.196,-0.064,-0.010,2433,0
4402423,4.784,7.159,4.831,0.250,-0.093,0.002,2435,0
4402443,4.963,7.360,4.645,0.286,-0.092,0.049,2437,0
4402463,4.932,7.345,4.518,0.235,-0.055,0.098,2442,0
4402483,4.884,7.089,4.652,0.139,-0.011,0.117,2442,0
4402503,4.999,6.785,4.872,0.063,0.022,0.098,2442,0
4402523,5.018,6.656,5.116,0.033,0.043,0.059,2440,0
4402543,4.937,6.620,5.282,0.061,0.047,0.053,2440,0
4402563,4.901,6.653,5.404,0.112,0.046,0.053,2437,0
4402583,4.882,6.847,5.447,0.085,0.045,0.035,2437,0
4402603,4.925,6.864,5.504,0.006,0.043,0.013,2436,0
4402623,4.934,6.823,5.595,-0.014,0.031,0.001,2436,0
4402644,4.743,6.857,5.559,0.010,0.021,0.010,2437,0
4402663,4.583,6.795,5.495,0.016,-0.005,0.018,2436,0
4402683,4.673,6.771,5.392,0.009,-0.040,0.014,2438,0
4402703,4.779,6.761,5.255,0.011,-0.059,-0.004,2437,0
4402723,4.707,6.778,5.104,0.034,-0.076,-0.020,2437,0
4402744,4.640,6.826,4.889,0.090,-0.090,-0.023,2439,0
4402764,4.566,7.025,4.700,0.126,-0.089,-0.008,2439,0
4402783,4.652,7.065,4.571,0.105,-0.087,0.018,2440,0
4402803,4.812,6.962,4.518,0.069,-0.065,0.026,2440,0
4402823,4.901,6.814,4.571,0.033,-0.041,0.013,2441,0
4402844,4.956,6.740,4.673,0.031,-0.026,0.005,2440,0
4402863,5.066,6.735,4.772,0.056,-0.009,0.016,2440,0
4402883,5.167,6.737,4.867,0.088,0.006,0.015,2439,0
4402903,5.064,6.826,4.978,0.098,0.015,-0.001,2439,0
4402924,4.937,6.946,5.071,0.082,0.002,-0.006,2440,0
4402943,4.922,6.958,5.069,0.074,-0.003,-0.006,2440,0
4402964,4.918,6.981,5.143,0.064,0.002,0.006,2438,0
4402983,4.820,6.967,5.229,0.047,0.004,0.012,2439,0
4403003,4.733,6.859,5.224,0.041,-0.016,0.012,2440,0
4403023,4.829,6.756,5.148,0.066,-0.027,0.005,2438,0
4403043,4.934,6.821,5.131,0.078,-0.022,-0.002,2438,0
4403063,4.793,6.879,5.195,0.047,-0.019,0.000,2439,0
4403083,4.609,6.802,5.155,0.011,-0.029,-0.001,2439,0
4403103,4.513,6.725,5.073,-0.004,-0.026,-0.017,2438,0
4403124,4.525,6.622,5.059,-0.003,-0.018,-0.033,2439,0
4403143,4.614,6.577,5.080,0.018,-0.026,-0.050,2439,0
4403163,4.738,6.543,4.973,0.045,-0.027,-0.062,2439,0
4403183,4.791,6.577,4.930,0.054,-0.019,-0.078,2440,0
4403203,4.796,6.546,4.896,0.023,-0.016,-0.100,2440,0
4403223,4.858,6.479,4.870,0.002,-0.018,-0.129,2440,0
4403244,5.023,6.409,4.829,0.007,-0.010,-0.164,2440,0
4403263,5.073,6.452,4.877,0.045,0.010,-0.201,2440,0
4403283,4.946,6.539,4.865,0.094,0.011,-0.226,2439,0
4403304,4.858,6.551,4.666,0.138,-0.001,-0.231,2440,0
4403323,4.839,6.634,4.559,0.192,0.011,-0.223,2440,0
4403343,4.750,6.613,4.415,0.234,0.050,-0.257,2440,0
4403363,4.585,6.443,4.343,0.334,0.095,-0.291,2441,0
4403384,4.664,5.787,4.475,0.614,0.161,-0.337,2442,0
4403403,4.657,5.631,4.475,1.140,0.232,-0.390,2441,0
4403423,4.298,6.788,4.377,1.528,0.222,-0.389,2442,0
4403443,3.903,8.112,4.094,1.362,0.122,-0.331,2438,0
4403464,3.864,8.933,3.922,0.701,-0.006,-0.330,2439,0
4403483,4.017,8.669,3.903,0.024,-0.022,-0.415,2440,0
4403503,4.080,8.277,4.252,-0.163,0.033,-0.462,2440,0
4403523,3.836,8.404,4.453,0.021,0.103,-0.391,2441,0
4403543,3.709,8.789,4.551,0.205,0.111,-0.270,2438,0
4403563,3.836,9.038,4.530,0.139,0.086,-0.216,2439,0
4403583,3.836,8.950,4.673,-0.044,0.094,-0.229,2438,0
4403603,3.685,8.622,4.772,-0.089,0.098,-0.214,2437,0
4403623,3.606,8.538,4.896,0.021,0.104,-0.159,2438,0
4403644,3.515,8.401,4.875,0.086,0.091,-0.110,2435,0
4403663,3.531,8.322,4.896,0.095,0.046,-0.069,2437,0
4403683,3.354,8.279,4.721,0.055,-0.001,-0.040,2435,0
4403703,3.450,8.009,4.424,-0.080,-0.048,-0.037,2438,0
4403723,3.560,7.551,4.276,-0.150,-0.058,-0.072,2435,0
4403743,3.551,7.269,4.171,-0.063,-0.054,-0.093,2436,0
4403763,3.610,7.235,4.058,0.087,-0.041,-0.093,2439,0
4403783,3.783,7.472,4.049,0.162,-0.003,-0.117,2437,0
4403803,3.711,7.855,4.199,0.109,0.033,-0.173,2438,0
4403823,3.450,8.303,4.422,0.026,0.041,-0.209,2439,0
4403843,3.479,8.519,4.575,0.017,0.012,-0.172,2437,0
4403863,3.421,8.677,4.508,0.027,0.002,-0.111,2437,0
4403883,3.388,8.588,4.511,-0.032,-0.011,-0.072,2437,0
4403903,3.589,8.270,4.506,-0.055,-0.019,-0.063,2438,0
4403923,3.733,8.131,4.556,0.002,-0.005,-0.062,2438,0
4403943,3.637,8.262,4.678,0.072,0.011,-0.030,2440,0
4403963,3.519,8.279,4.709,0.071,0.004,-0.003,2437,0
4403983,3.455,8.102,4.776,0.070,-0.017,-0.009,2437,0
4404003,3.376,8.064,4.769,0.159,-0.034,-0.001,2438,0
4404023,3.395,8.246,4.544,0.232,-0.052,0.038,2439,0
4404043,3.484,8.207,4.257,0.168,-0.055,0.037,2438,0
4404063,3.481,8.152,4.159,0.080,-0.044,0.015,2438,0
4404083,3.438,8.159,4.219,0.041,-0.030,0.022,2439,0
4404104,3.421,7.999,4.228,0.024,-0.022,0.027,2439,0
4404123,3.395,7.889,4.288,-0.001,-0.012,0.013,2439,0
4404143,3.407,7.875,4.357,-0.011,-0.001,0.001,2438,0
4404163,3.388,7.980,4.523,-0.009,0.005,-0.003,2440,0
4404183,3.419,7.980,4.547,-0.002,-0.006,-0.009,2439,0
4404203,3.488,8.013,4.573,0.032,-0.013,-0.013,2440,0
4404224,3.488,8.116,4.511,0.062,-0.032,-0.005,2438,0
4404243,3.409,8.150,4.398,0.071,-0.028,0.002,2436,0
4404263,3.369,8.147,4.379,0.047,-0.038,0.010,2437,0
4404284,3.455,8.033,4.367,0.046,-0.042,0.007,2438,0
4404303,3.472,8.076,4.336,0.054,-0.041,0.007,2438,0
4404323,3.400,8.025,4.298,0.038,-0.039,0.005,2439,0
4404343,3.393,8.004,4.329,0.038,-0.036,-0.004,2441,0
4404363,3.546,8.033,4.413,0.066,-0.039,0.006,2443,0
4404383,3.587,8.066,4.441,0.074,-0.035,0.015,2445,0
4404403,3.503,8.037,4.360,0.042,-0.035,0.007,2447,0
4404423,3.496,7.985,4.353,0.038,-0.031,0.001,2448,0
4404443,3.493,8.004,4.334,0.059,-0.030,-0.003,2458,0
4404463,3.488,7.987,4.367,0.066,-0.030,0.004,2459,0
4404484,3.428,7.918,4.362,0.051,-0.025,-0.002,2461,0
4404503,3.493,7.932,4.420,0.048,-0.035,-0.020,2461,0
4404523,3.563,7.997,4.489,0.048,-0.043,-0.034,2460,0
4404543,3.551,8.121,4.456,0.050,-0.052,-0.035,2456,0
4404563,3.421,8.157,4.348,0.037,-0.050,-0.022,2455,0
4404583,3.366,8.138,4.281,0.035,-0.047,-0.020,2459,0
4404603,3.428,8.121,4.266,0.050,-0.037,-0.017,2455,0
4404623,3.498,8.155,4.271,0.068,-0.021,-0.012,2454,0
4404643,3.412,8.159,4.360,0.034,-0.010,-0.008,2454,0
4404664,3.326,8.054,4.429,-0.006,-0.022,-0.008,2454,0
4404683,3.431,7.975,4.494,0.019,-0.034,-0.005,2455,0
4404703,3.500,8.006,4.470,0.065,-0.034,0.000,2458,0
4404724,3.498,7.980,4.415,0.082,-0.033,-0.001,2457,0
4404743,3.417,7.997,4.357,0.084,-0.027,-0.005,2457,0
4404763,3.381,7.987,4.317,0.066,-0.025,-0.015,2459,0
4404783,3.472,7.918,4.274,0.049,-0.027,-0.025,2461,0
4404803,3.491,7.918,4.295,0.048,-0.011,-0.040,2463,0
4404823,3.440,7.939,4.350,0.052,-0.005,-0.056,2462,0
4404843,3.390,7.987,4.350,0.076,0.002,-0.083,2461,0
4404863,3.412,8.085,4.345,0.073,-0.005,-0.092,2460,0
4404883,3.381,8.327,4.360,0.076,-0.010,-0.074,2459,0
4404903,3.297,8.425,4.381,0.061,-0.018,-0.041,2460,0
4404923,3.299,8.298,4.439,0.028,-0.032,-0.018,2459,0
4404943,3.431,8.167,4.468,0.045,-0.038,0.002,2460,0
4404963,3.419,8.076,4.453,0.071,-0.035,0.007,2460,0
4404983,3.340,7.973,4.369,0.092,-0.035,0.007,2461,0
4405003,3.409,7.918,4.295,0.105,-0.034,-0.003,2461,0
4405023,3.395,8.040,4.302,0.091,-0.025,-0.014,2462,0
4405043,3.352,8.155,4.307,0.038,-0.027,-0.015,2461,0
4405063,3.259,8.126,4.262,0.010,-0.026,-0.020,2463,0
4405083,3.278,8.133,4.312,0.026,-0.031,-0.014,2463,0
4405104,3.328,8.104,4.379,0.050,-0.028,-0.008,2464,0
4405123,3.361,8.124,4.401,0.062,-0.039,-0.006,2463,0
4405143,3.393,8.155,4.357,0.065,-0.046,-0.005,2461,0
4405163,3.371,8.152,4.334,0.052,-0.050,-0.003,2460,0
4405183,3.376,8.104,4.286,0.039,-0.046,-0.009,2462,0
4405203,3.428,8.121,4.288,0.050,-0.041,-0.011,2461,0
4405223,3.402,8.188,4.269,0.051,-0.027,-0.006,2461,0
4405243,3.369,8.171,4.269,0.036,-0.023,-0.007,2461,0
4405263,3.314,8.143,4.336,0.020,-0.022,-0.006,2460,0
4405283,3.349,8.080,4.398,0.029,-0.031,-0.004,2460,0
4405303,3.321,8.078,4.386,0.044,-0.036,-0.002,2459,0
4405323,3.285,8.028,4.331,0.044,-0.040,-0.004,2459,0
4405343,3.318,7.982,4.274,0.055,-0.041,-0.015,2460,0
4405363,3.424,7.966,4.336,0.067,-0.041,-0.024,2460,0
4405383,3.476,7.987,4.357,0.070,-0.040,-0.033,2460,0
4405403,3.419,8.114,4.345,0.052,-0.037,-0.048,2461,0
4405423,3.330,8.229,4.372,0.034,-0.035,-0.049,2461,0
4405443,3.304,8.310,4.362,0.030,-0.046,-0.032,2457,0
4405463,3.302,8.267,4.314,0.030,-0.048,-0.020,2459,0
4405483,3.254,8.286,4.238,0.032,-0.045,-0.010,2459,0
4405503,3.294,8.200,4.254,0.019,-0.041,-0.001,2459,0
4405523,3.349,8.076,4.211,0.011,-0.029,-0.002,2458,0
4405543,3.306,8.071,4.197,0.009,-0.021,-0.014,2458,0
4405563,3.237,8.126,4.190,-0.019,-0.020,-0.022,2458,0
4405583,3.292,8.078,4.250,-0.039,-0.013,-0.022,2460,0
4405603,3.326,8.076,4.432,-0.003,0.000,-0.018,2460,0
4405623,3.311,8.114,4.530,0.039,-0.005,-0.006,2459,0
4405643,3.309,8.138,4.532,0.044,-0.023,-0.005,2459,0
4405663,3.335,8.109,4.508,0.046,-0.039,-0.009,2456,0
4405683,3.378,8.078,4.472,0.064,-0.045,-0.007,2460,0
4405703,3.383,8.107,4.374,0.078,-0.051,-0.002,2455,0
4405723,3.395,8.078,4.334,0.071,-0.047,-0.005,2460,0
4405743,3.306,8.083,4.271,0.062,-0.041,-0.011,2459,0
4405763,3.304,8.138,4.252,0.048,-0.044,-0.009,2461,0
4405783,3.314,8.124,4.252,0.030,-0.035,-0.014,2461,0
4405803,3.225,8.133,4.353,0.017,-0.026,-0.024,2460,0
4405823,3.134,8.131,4.343,0.032,-0.027,-0.017,2459,0
4405843,3.223,8.133,4.355,0.053,-0.026,-0.004,2460,0
4405863,3.335,8.128,4.413,0.047,-0.022,-0.002,2461,0
4405884,3.321,8.140,4.396,0.035,-0.021,-0.006,2460,0
4405904,3.273,8.145,4.393,0.034,-0.025,-0.007,2459,0
4405923,3.247,8.126,4.448,0.043,-0.033,-0.006,2459,0
4405943,3.340,8.135,4.420,0.052,-0.045,-0.007,2461,0
4405963,3.381,8.162,4.355,0.055,-0.045,-0.010,2460,0
4405983,3.326,8.181,4.262,0.042,-0.039,-0.010,2461,0
4406004,3.299,8.157,4.252,0.031,-0.028,-0.004,2460,0
4406024,3.338,8.083,4.350,0.027,-0.022,-0.003,2460,0
4406043,3.340,8.047,4.434,0.030,-0.024,-0.007,2461,0
4406063,3.294,8.088,4.422,0.036,-0.033,-0.010,2461,0
4406083,3.215,8.143,4.415,0.047,-0.037,-0.009,2461,0
4406103,3.237,8.183,4.415,0.061,-0.042,0.000,2460,0
4406124,3.273,8.191,4.365,0.057,-0.039,0.003,2464,0
4406143,3.275,8.162,4.314,0.040,-0.038,0.001,2461,0
4406163,3.261,8.090,4.326,0.024,-0.034,-0.003,2462,0
4406183,3.266,8.037,4.374,0.036,-0.035,-0.006,2462,0
4406203,3.314,8.066,4.396,0.051,-0.037,-0.004,2461,0
4406223,3.290,8.121,4.314,0.045,-0.037,-0.009,2462,0
4406243,3.239,8.147,4.262,0.034,-0.029,-0.009,2461,0
4406263,3.299,8.121,4.317,0.026,-0.023,-0.008,2463,0
4406283,3.314,8.157,4.401,0.002,-0.018,-0.008,2462,0
4406303,3.278,8.126,4.480,-0.006,-0.023,-0.013,2463,0
4406323,3.273,8.124,4.446,0.025,-0.034,-0.007,2461,0
4406343,3.282,8.145,4.436,0.054,-0.037,0.007,2463,0
4406363,3.357,8.114,4.420,0.059,-0.048,0.007,2462,0
4406383,3.371,8.083,4.393,0.047,-0.052,-0.000,2464,0
4406403,3.304,8.049,4.343,0.048,-0.051,-0.009,2463,0
4406423,3.232,8.059,4.302,0.054,-0.044,-0.013,2464,0
4406443,3.290,8.064,4.300,0.065,-0.036,-0.013,2464,0
4406463,3.354,8.145,4.329,0.070,-0.028,-0.015,2464,0
4406483,3.349,8.217,4.444,0.055,-0.030,-0.018,2466,0
4406503,3.239,8.179,4.362,0.048,-0.029,-0.013,2463,0
4406523,3.196,8.164,4.427,0.066,-0.037,-0.003,2465,0
4406543,3.239,8.234,4.317,0.071,-0.051,0.001,2465,0
4406563,3.254,8.238,4.235,0.027,-0.046,-0.001,2465,0
4406583,3.259,8.157,4.211,-0.001,-0.033,0.001,2466,0
4406603,3.280,8.040,4.365,0.006,-0.018,0.007,2465,0
4406623,3.328,8.001,4.436,0.022,-0.018,0.002,2466,0
4406643,3.314,8.040,4.472,0.025,-0.021,-0.011,2465,0
4406663,3.278,8.071,4.434,0.030,-0.031,-0.015,2465,0
4406683,3.259,8.131,4.422,0.046,-0.034,-0.011,2466,0
4406703,3.280,8.155,4.413,0.056,-0.033,-0.001,2465,0
4406723,3.309,8.143,4.393,0.059,-0.035,-0.006,2465,0
4406743,3.311,8.152,4.410,0.048,-0.045,-0.013,2464,0
4406764,3.266,8.181,4.353,0.045,-0.050,-0.011,2467,0
4406783,3.218,8.179,4.307,0.050,-0.051,-0.002,2466,0
4406803,3.227,8.135,4.322,0.048,-0.048,0.007,2464,0
4406823,3.297,8.040,4.302,0.041,-0.042,-0.001,2467,0
4406843,3.290,8.054,4.269,0.034,-0.030,-0.016,2467,0
4406863,3.287,8.085,4.348,0.040,-0.025,-0.019,2465,0
4406883,3.330,8.133,4.429,0.052,-0.021,-0.010,2466,0
4406903,3.275,8.169,4.451,0.050,-0.018,-0.008,2464,0
4406923,3.220,8.162,4.413,0.042,-0.024,-0.007,2466,0
4406943,3.268,8.128,4.413,0.034,-0.030,-0.003,2465,0
4406963,3.354,8.083,4.389,0.042,-0.038,-0.006,2465,0
4406983,3.321,8.140,4.357,0.041,-0.034,-0.007,2466,0
4407003,3.266,8.210,4.329,0.035,-0.037,-0.009,2465,0
4407023,3.235,8.181,4.317,0.029,-0.037,-0.005,2465,0
4407043,3.223,8.140,4.324,0.038,-0.040,-0.003,2466,0
4407063,3.259,8.095,4.312,0.029,-0.038,-0.002,2465,0
4407083,3.314,8.054,4.355,0.034,-0.030,-0.008,2465,0
4407103,3.321,8.090,4.444,0.044,-0.024,-0.010,2465,0
4407123,3.266,8.145,4.506,0.054,-0.026,-0.011,2464,0
4407143,3.261,8.212,4.446,0.043,-0.040,-0.008,2465,0
4407163,3.306,8.155,4.384,0.038,-0.046,-0.004,2464,0
4407183,3.304,8.128,4.317,0.055,-0.040,-0.004,2466,0
4407203,3.239,8.143,4.302,0.059,-0.031,0.001,2465,0
4407223,3.244,8.112,4.322,0.050,-0.033,0.000,2466,0
4407243,3.287,8.090,4.338,0.027,-0.035,-0.006,2466,0
4407263,3.285,8.066,4.360,0.026,-0.031,-0.009,2465,0
4407283,3.211,8.119,4.367,0.041,-0.030,-0.010,2465,0
4407303,3.213,8.179,4.353,0.044,-0.032,-0.006,2466,0
4407323,3.278,8.159,4.377,0.039,-0.032,-0.001,2465,0
4407343,3.287,8.107,4.424,0.040,-0.027,0.002,2465,0
4407363,3.256,8.088,4.386,0.041,-0.030,-0.002,2466,0
4407383,3.263,8.097,4.389,0.046,-0.039,-0.008,2466,0
4407403,3.266,8.143,4.381,0.053,-0.044,-0.007,2466,0
4407423,3.282,8.162,4.381,0.050,-0.047,-0.006,2465,0
4407443,3.297,8.135,4.269,0.044,-0.044,-0.006,2465,0
4407463,3.280,8.138,4.254,0.042,-0.035,-0.005,2464,0
4407483,3.273,8.128,4.331,0.048,-0.026,-0.002,2466,0
4407503,3.239,8.143,4.427,0.045,-0.029,-0.002,2466,0
4407523,3.297,8.145,4.432,0.035,-0.039,-0.003,2465,0
4407543,3.290,8.112,4.396,0.040,-0.036,-0.002,2465,0
4407563,3.208,8.121,4.439,0.061,-0.037,0.003,2465,0
4407583,3.203,8.171,4.384,0.070,-0.041,0.010,2467,0
4407603,3.230,8.215,4.293,0.068,-0.042,0.021,2466,0
4407623,3.302,8.169,4.264,0.062,-0.030,0.040,2467,0
4407643,3.311,8.203,4.247,0.062,-0.009,0.069,2466,0
4407664,3.314,8.095,4.310,0.056,-0.015,0.067,2467,0
4407683,3.326,8.033,4.293,0.041,-0.022,0.019,2465,0
4407703,3.342,8.068,4.377,0.003,-0.031,-0.023,2467,0
4407723,3.330,8.073,4.403,0.020,-0.031,-0.021,2465,0
4407743,3.282,8.152,4.420,0.054,-0.030,-0.007,2467,0
4407763,3.275,8.191,4.422,0.057,-0.031,0.004,2465,0
4407783,3.361,8.131,4.408,0.050,-0.037,0.001,2466,0
4407804,3.345,8.135,4.396,0.046,-0.039,0.002,2464,0
4407823,3.254,8.085,4.326,0.037,-0.041,0.002,2464,0
4407843,3.235,8.059,4.295,0.046,-0.039,0.000,2465,0
4407863,3.335,8.064,4.245,0.058,-0.033,-0.002,2465,0
4407883,3.400,8.109,4.298,0.049,-0.024,-0.010,2464,0
4407903,3.359,8.143,4.362,0.025,-0.018,-0.015,2465,0
4407923,3.237,8.181,4.381,0.022,-0.020,-0.018,2464,0
4407943,3.163,8.224,4.391,0.031,-0.032,-0.006,2465,0
4407963,3.297,8.167,4.345,0.026,-0.040,0.008,2466,0
4407983,3.390,8.009,4.350,0.035,-0.032,0.007,2467,0
4408003,3.297,8.047,4.391,0.055,-0.019,-0.002,2465,0
4408023,3.175,8.078,4.415,0.056,-0.031,-0.004,2465,0
4408043,3.239,8.088,4.384,0.051,-0.044,-0.005,2466,0
4408063,3.309,8.145,4.365,0.054,-0.041,-0.006,2465,0
4408083,3.357,8.186,4.317,0.052,-0.041,-0.004,2466,0
4408103,3.323,8.207,4.317,0.046,-0.039,-0.000,2466,0
4408123,3.287,8.215,4.288,0.035,-0.037,0.006,2467,0
4408143,3.316,8.188,4.288,0.035,-0.037,0.013,2464,0
4408163,3.333,8.124,4.338,0.031,-0.033,0.013,2465,0
4408183,3.297,8.059,4.365,0.028,-0.030,0.007,2466,0
4408203,3.318,8.011,4.355,0.035,-0.034,0.002,2465,0
4408223,3.395,7.999,4.384,0.040,-0.031,-0.008,2466,0
4408243,3.352,8.045,4.424,0.035,-0.027,-0.016,2465,0
4408263,3.294,8.121,4.446,0.042,-0.034,-0.016,2466,0
4408284,3.247,8.164,4.410,0.055,-0.039,-0.004,2465,0
4408303,3.282,8.155,4.348,0.063,-0.046,0.000,2466,0
4408323,3.314,8.164,4.288,0.051,-0.044,-0.001,2465,0
4408343,3.359,8.095,4.295,0.036,-0.043,-0.005,2466,0
4408363,3.278,8.112,4.278,0.032,-0.036,-0.010,2465,0
4408383,3.206,8.155,4.305,0.037,-0.031,-0.005,2466,0
4408404,3.259,8.174,4.314,0.047,-0.031,0.008,2465,0
4408423,3.330,8.155,4.384,0.043,-0.026,0.023,2466,0
4408443,3.338,8.114,4.432,0.044,-0.027,0.026,2466,0
4408463,3.268,8.052,4.393,0.041,-0.033,0.015,2466,0
4408483,3.316,8.035,4.300,0.045,-0.038,-0.001,2466,0
4408503,3.400,8.076,4.314,0.047,-0.035,-0.009,2466,0
4408523,3.405,8.107,4.343,0.040,-0.027,-0.013,2468,0
4408543,3.323,8.116,4.367,0.029,-0.027,-0.014,2466,0
4408564,3.304,8.088,4.372,0.027,-0.034,-0.011,2466,0
4408583,3.359,8.109,4.381,0.038,-0.031,-0.007,2467,0
4408603,3.326,8.131,4.367,0.047,-0.028,-0.004,2466,0
4408623,3.294,8.121,4.367,0.043,-0.033,-0.002,2468,0
4408643,3.278,8.095,4.345,0.048,-0.034,0.000,2466,0
4408663,3.299,8.097,4.331,0.047,-0.034,-0.001,2467,0
4408684,3.333,8.056,4.391,0.041,-0.031,-0.006,2469,0
4408703,3.299,8.107,4.463,0.051,-0.037,-0.006,2467,0
4408723,3.254,8.114,4.386,0.056,-0.046,-0.004,2469,0
4408743,3.242,8.095,4.324,0.058,-0.049,-0.002,2467,0
4408763,3.266,8.076,4.295,0.055,-0.045,-0.001,2466,0
4408783,3.345,8.095,4.276,0.052,-0.028,0.007,2465,0
4408803,3.299,8.138,4.372,0.037,-0.019,0.007,2465,0
4408823,3.366,8.076,4.391,0.035,-0.010,0.011,2465,0
4408843,3.388,8.188,4.420,0.058,-0.012,0.011,2466,0
4408863,3.381,8.262,4.420,0.048,-0.034,0.021,2465,0
4408884,3.378,8.138,4.391,0.030,-0.045,-0.003,2467,0
4408903,3.282,8.131,4.372,0.034,-0.043,-0.005,2466,0
4408923,3.282,8.078,4.314,0.049,-0.041,0.006,2465,0
4408943,3.361,8.009,4.324,0.038,-0.039,-0.003,2465,0
4408963,3.318,8.021,4.367,0.030,-0.035,-0.015,2465,0
4408983,3.232,8.102,4.408,0.043,-0.036,-0.014,2466,0
4409003,3.251,8.116,4.391,0.057,-0.045,-0.009,2465,0
4409023,3.354,8.150,4.360,0.064,-0.047,-0.008,2466,0
4409043,3.405,8.169,4.357,0.057,-0.041,-0.006,2467,0
4409063,3.338,8.181,4.338,0.049,-0.038,-0.006,2466,0
4409083,3.378,8.143,4.334,0.048,-0.042,0.001,2466,0
4409103,3.462,8.080,4.341,0.041,-0.038,-0.002,2465,0
4409123,3.450,8.076,4.386,0.036,-0.033,-0.008,2465,0
4409143,3.311,8.138,4.405,0.035,-0.036,-0.009,2464,0
4409163,3.194,8.143,4.310,0.034,-0.043,-0.005,2465,0
4409184,3.242,8.135,4.247,0.039,-0.041,0.001,2465,0
4409204,3.328,8.078,4.235,0.031,-0.027,0.001,2464,0
4409223,3.330,8.102,4.322,0.023,-0.014,-0.002,2466,0
4409243,3.275,8.097,4.413,0.014,-0.017,-0.009,2465,0
4409263,3.306,8.080,4.456,0.024,-0.022,-0.006,2464,0
4409283,3.318,8.107,4.475,0.047,-0.027,0.000,2465,0
4409303,3.321,8.124,4.424,0.054,-0.033,0.006,2464,0
4409323,3.328,8.121,4.367,0.054,-0.032,0.014,2466,0
4409344,3.309,8.128,4.360,0.053,-0.032,0.009,2466,0
4409363,3.354,8.066,4.348,0.050,-0.041,0.001,2465,0
4409383,3.426,8.073,4.345,0.059,-0.043,-0.005,2465,0
4409403,3.440,8.102,4.338,0.056,-0.044,-0.013,2466,0
4409423,3.349,8.186,4.348,0.057,-0.046,-0.010,2465,0
4409443,3.275,8.246,4.312,0.049,-0.051,0.001,2466,0
4409463,3.304,8.183,4.197,0.032,-0.047,0.009,2466,0
4409483,3.376,8.078,4.235,0.018,-0.027,0.015,2466,0
4409503,3.328,8.013,4.324,0.014,-0.007,0.013,2467,0
4409523,3.304,7.963,4.458,0.013,-0.009,0.001,2466,0
4409543,3.326,7.982,4.470,0.027,-0.018,-0.013,2466,0
4409563,3.345,8.076,4.448,0.050,-0.025,-0.017,2466,0
4409583,3.326,8.193,4.410,0.056,-0.032,-0.010,2467,0
4409603,3.316,8.286,4.389,0.057,-0.037,0.002,2466,0
4409623,3.292,8.195,4.338,0.041,-0.039,0.013,2466,0
4409643,3.302,8.071,4.302,0.037,-0.041,0.014,2465,0
4409663,3.357,8.013,4.305,0.041,-0.038,0.008,2468,0
4409683,3.381,7.987,4.307,0.030,-0.034,-0.004,2466,0
4409703,3.318,8.021,4.372,0.029,-0.031,-0.015,2468,0
4409723,3.287,8.083,4.389,0.044,-0.032,-0.013,2466,0
4409743,3.361,8.140,4.453,0.059,-0.037,-0.006,2466,0
4409763,3.383,8.212,4.463,0.057,-0.041,-0.003,2468,0
4409783,3.369,8.219,4.417,0.048,-0.048,0.004,2466,0
4409803,3.294,8.150,4.362,0.056,-0.050,0.012,2467,0
4409823,3.309,8.052,4.243,0.058,-0.050,0.013,2467,0
4409843,3.433,8.028,4.259,0.050,-0.043,0.002,2466,0
4409863,3.402,8.083,4.286,0.030,-0.030,-0.007,2467,0
4409883,3.280,8.095,4.341,0.027,-0.027,-0.005,2466,0
4409903,3.275,8.092,4.350,0.041,-0.031,-0.007,2466,0
4409923,3.364,8.095,4.386,0.053,-0.036,-0.012,2466,0
4409943,3.409,8.174,4.341,0.051,-0.033,-0.011,2466,0
4409963,3.330,8.138,4.369,0.037,-0.025,-0.005,2467,0
4409983,3.345,8.095,4.372,0.035,-0.023,-0.001,2466,0
4410003,3.359,8.042,4.448,0.032,-0.020,-0.006,2467,0
4410023,3.354,8.056,4.465,0.035,-0.034,-0.012,2467,0
4410043,3.326,8.076,4.444,0.038,-0.042,-0.011,2467,0
4410063,3.297,8.085,4.317,0.047,-0.042,-0.005,2465,0
4410083,3.333,8.124,4.238,0.054,-0.035,-0.001,2466,0
4410103,3.352,8.121,4.286,0.044,-0.029,-0.006,2467,0
4410124,3.328,8.131,4.396,0.035,-0.025,-0.005,2468,0
4410143,3.235,8.124,4.424,0.043,-0.030,-0.003,2470,0
4410163,3.247,8.121,4.331,0.046,-0.037,-0.002,2468,0
4410183,3.316,8.078,4.281,0.037,-0.033,-0.004,2469,0
4410203,3.390,8.056,4.288,0.038,-0.020,-0.008,2468,0
4410224,3.342,8.102,4.355,0.025,-0.014,-0.013,2470,0
4410243,3.247,8.116,4.403,0.011,-0.017,-0.016,2468,0
4410263,3.285,8.097,4.398,0.020,-0.020,-0.010,2469,0
4410283,3.397,8.047,4.463,0.039,-0.020,-0.001,2469,0
4410303,3.407,8.073,4.477,0.050,-0.032,-0.005,2468,0
4410323,3.354,8.112,4.429,0.045,-0.047,-0.009,2470,0
4410343,3.345,8.064,4.286,0.046,-0.059,-0.010,2471,0
4410364,3.426,8.097,4.300,0.063,-0.050,-0.009,2472,0
4410383,3.460,8.085,4.326,0.059,-0.038,-0.013,2471,0
4410403,3.340,8.169,4.386,0.047,-0.031,-0.017,2470,0
4410423,3.285,8.157,4.439,0.045,-0.034,-0.008,2470,0
4410443,3.297,8.124,4.408,0.055,-0.034,-0.003,2470,0
4410463,3.302,8.131,4.343,0.047,-0.039,0.000,2469,0
4410483,3.259,8.097,4.336,0.035,-0.033,0.001,2470,0
4410503,3.199,8.100,4.298,0.038,-0.025,-0.006,2470,0
4410523,3.247,8.088,4.298,0.031,-0.021,-0.009,2469,0
4410543,3.251,8.073,4.377,0.028,-0.016,-0.015,2470,0
4410563,3.230,8.102,4.396,0.033,-0.017,-0.012,2471,0
4410583,3.275,8.092,4.369,0.040,-0.023,-0.010,2470,0
4410603,3.364,8.064,4.381,0.042,-0.021,-0.013,2471,0
4410623,3.381,8.073,4.468,0.042,-0.022,-0.021,2471,0
4410643,3.335,8.135,4.477,0.040,-0.030,-0.014,2471,0
4410663,3.294,8.112,4.444,0.058,-0.042,-0.001,2472,0
4410684,3.297,8.119,4.355,0.058,-0.045,0.000,2473,0
4410703,3.414,8.114,4.264,0.037,-0.043,-0.005,2472,0
4410723,3.450,8.061,4.269,0.010,-0.040,-0.015,2479,0
4410743,3.357,8.114,4.410,0.032,-0.036,-0.011,2479,0
4410763,3.237,8.162,4.355,0.049,-0.038,-0.005,2479,0
4410783,3.242,8.186,4.355,0.041,-0.047,-0.005,2479,0
4410803,3.275,8.164,4.345,0.039,-0.044,-0.001,2480,0
4410823,3.321,8.150,4.350,0.039,-0.043,0.008,2479,0
4410843,3.287,8.088,4.345,0.042,-0.033,0.009,2479,0
4410863,3.304,8.035,4.353,0.038,-0.028,0.003,2479,0
4410883,3.290,7.963,4.422,0.048,-0.024,-0.009,2480,0
4410904,3.364,8.011,4.489,0.068,-0.037,-0.017,2479,0
4410923,3.340,8.157,4.492,0.080,-0.046,-0.013,2478,0
4410943,3.275,8.176,4.396,0.077,-0.054,0.000,2478,0
4410963,3.189,8.200,4.257,0.063,-0.049,0.004,2479,0
4410983,3.201,8.138,4.254,0.036,-0.045,0.007,2479,0
4411003,3.280,8.018,4.247,0.024,-0.031,0.002,2479,0
4411023,3.354,8.018,4.302,0.018,-0.017,-0.015,2479,0
4411043,3.314,8.088,4.417,0.025,-0.014,-0.025,2480,0
4411063,3.302,8.200,4.503,0.034,-0.025,-0.020,2478,0
4411083,3.354,8.174,4.501,0.055,-0.041,-0.008,2479,0
4411103,3.393,8.241,4.367,0.072,-0.049,0.006,2479,0
4411124,3.347,8.219,4.214,0.065,-0.044,0.009,2478,0
4411143,3.323,8.157,4.173,0.042,-0.037,0.014,2479,0
4411163,3.378,8.054,4.264,0.019,-0.026,0.004,2479,0
4411183,3.359,8.006,4.360,0.011,-0.022,-0.012,2478,0
4411203,3.287,8.049,4.446,0.023,-0.025,-0.014,2479,0
4411223,3.235,8.064,4.477,0.038,-0.032,-0.010,2479,0
4411244,3.254,8.049,4.508,0.058,-0.043,-0.015,2478,0
4411264,3.263,8.119,4.499,0.064,-0.052,-0.021,2479,0
4411283,3.268,8.143,4.424,0.081,-0.064,-0.013,2479,0
4411303,3.225,8.200,4.324,0.093,-0.063,0.003,2479,0
4411323,3.230,8.124,4.204,0.070,-0.049,0.010,2479,0
4411343,3.273,8.045,4.180,0.038,-0.032,-0.002,2479,0
4411363,3.328,8.033,4.276,0.020,-0.019,-0.017,2479,0
4411383,3.369,8.076,4.403,0.026,-0.020,-0.025,2479,0
4411403,3.381,8.167,4.441,0.037,-0.027,-0.025,2482,0
4411423,3.359,8.248,4.393,0.048,-0.036,-0.014,2479,0
4411443,3.347,8.279,4.307,0.052,-0.036,-0.003,2479,0
4411463,3.388,8.267,4.257,0.043,-0.038,0.004,2479,0
4411483,3.366,8.159,4.286,0.031,-0.031,0.009,2480,0
4411503,3.345,8.056,4.314,0.030,-0.029,0.003,2479,0
4411523,3.244,8.042,4.362,0.031,-0.031,-0.000,2479,0
4411543,3.251,7.999,4.345,0.035,-0.036,-0.002,2480,0
4411563,3.280,7.970,4.422,0.044,-0.031,-0.008,2479,0
4411583,3.242,8.056,4.451,0.054,-0.034,-0.016,2479,0
4411603,3.194,8.145,4.451,0.054,-0.041,-0.014,2478,0
4411623,3.146,8.155,4.391,0.064,-0.046,-0.005,2478,0
4411644,3.309,8.203,4.322,0.078,-0.051,-0.007,2477,0
4411663,3.464,8.315,4.319,0.071,-0.047,-0.008,2478,0
4411683,3.534,8.430,4.468,0.050,-0.044,-0.004,2478,0
4411703,3.419,8.578,4.685,0.095,-0.045,0.025,2476,0
4411723,3.397,8.892,5.035,0.177,-0.083,0.082,2475,0
4411743,3.718,8.952,5.155,0.230,-0.167,0.131,2474,0
4411763,3.864,9.503,5.511,0.319,-0.306,0.153,2474,0
4411783,3.704,9.981,5.974,0.112,-0.593,0.179,2471,0
4411804,3.725,10.015,5.746,-0.158,-0.889,0.435,2469,0
4411823,4.034,9.550,5.215,-0.157,-0.957,0.604,2467,0
4411844,4.281,8.909,4.697,-0.110,-0.891,0.614,2487,0
4411863,4.513,8.803,4.618,-0.002,-0.779,0.631,2548,0
4411883,4.798,8.708,4.494,0.045,-0.779,0.662,4095,0
4411904,4.650,8.119,3.776,-0.013,-0.776,0.663,4095,0
4411924,4.290,7.822,3.833,-0.233,-0.949,0.642,4095,0
4411943,4.980,6.991,2.868,-0.215,-1.028,0.530,4095,0
4411963,5.466,7.350,3.007,-0.180,-0.846,0.447,3576,0
4411983,4.532,6.199,2.138,0.005,-0.621,0.468,3094,0
4412003,5.107,6.732,1.879,0.100,-0.370,0.440,3142,0
4412023,4.008,5.430,2.155,-0.094,-0.333,0.387,3218,1317
4412043,5.097,5.765,1.709,-0.107,-0.053,0.214,3261,2308
4412063,5.042,4.961,2.081,-0.099,0.292,0.010,3297,3381
4412083,4.398,5.404,2.926,0.157,0.296,-0.196,3327,3950
4412103,4.743,5.895,2.974,0.368,0.343,0.108,3342,4095
4412123,4.401,5.631,2.490,0.834,0.606,-0.011,3335,4095
4412143,4.980,6.833,3.235,0.935,0.812,-0.197,3324,4095
4412163,3.273,8.631,3.517,0.722,0.699,-0.306,3312,4095
4412183,4.195,8.373,3.838,0.121,0.404,-0.167,3302,4095
4412203,4.211,8.681,4.010,-0.030,0.282,0.010,3291,4095
4412223,3.864,7.717,3.972,0.029,0.194,-0.024,3282,4095
4412243,5.037,9.045,4.456,0.073,-0.018,0.138,3279,4095
4412263,4.343,7.525,3.874,0.013,-0.067,0.066,3272,4095
4412283,5.689,8.193,3.970,0.022,-0.069,0.038,3269,4095
4412303,4.690,8.205,4.001,-0.002,-0.025,0.023,3268,4095
4412323,4.973,7.137,3.704,0.099,-0.056,0.001,3262,4095
4412343,5.480,8.763,4.061,0.017,-0.090,0.134,3259,4095
4412363,4.460,6.697,3.591,-0.064,-0.006,0.030,3255,4095
4412383,5.373,8.169,4.027,-0.070,-0.048,0.066,3255,4095
4412403,4.815,7.628,3.881,-0.120,-0.055,0.035,3255,4095
4412423,5.066,7.317,3.795,0.028,-0.048,0.017,3252,4095
4412443,4.970,7.477,3.745,0.070,-0.015,0.026,3250,4095
4412463,4.745,7.379,3.828,0.038,-0.040,0.006,3250,4095
4412483,5.001,7.372,3.704,0.027,-0.052,-0.009,3248,4095
4412503,5.090,7.374,3.725,0.004,-0.012,-0.020,3248,4095
4412523,5.001,7.393,3.675,0.023,0.006,-0.057,3246,4095
4412543,4.733,7.403,3.847,0.024,-0.037,-0.070,3247,4095
4412563,4.903,7.420,3.850,0.088,-0.067,-0.060,3245,4095
4412584,5.009,7.793,3.768,0.094,-0.017,-0.044,3243,4095
4412603,4.824,7.798,3.814,0.011,-0.004,-0.030,3243,4095
4412623,4.920,7.551,3.903,0.013,-0.026,-0.036,3242,4095
4412643,4.841,7.606,3.946,0.064,-0.054,-0.032,3240,4095
4412663,4.911,7.558,3.862,0.130,-0.051,-0.031,3237,4095
4412683,4.867,7.709,3.785,0.151,-0.058,-0.026,3240,4095
4412703,4.805,7.827,3.764,0.033,-0.083,-0.020,3236,4095
4412723,4.915,7.432,3.709,-0.001,-0.093,-0.039,3235,4095
4412744,4.752,7.597,3.706,0.056,-0.105,-0.040,3233,4095
4412763,4.872,7.693,3.515,0.092,-0.111,-0.036,3232,4095
4412784,4.961,7.714,3.508,0.086,-0.044,-0.043,3232,4095
4412803,4.841,7.774,3.658,0.036,-0.033,-0.039,3230,4095
4412823,4.709,7.776,3.680,0.031,-0.054,-0.017,3229,4095
4412843,4.903,7.575,3.565,0.030,-0.054,-0.011,3229,4095
4412863,4.899,7.678,3.582,0.061,-0.010,-0.024,3227,4095
4412883,4.762,7.638,3.682,0.034,-0.025,-0.023,3226,4095
4412903,4.793,7.468,3.677,0.057,-0.059,-0.019,3224,4095
4412923,5.155,7.702,3.757,0.082,-0.064,-0.030,3222,4095
4412943,5.646,8.313,3.984,0.121,-0.045,-0.054,3221,4095
4412963,4.958,8.487,4.027,0.007,-0.042,-0.043,3219,4095
4412983,4.207,6.706,3.421,0.000,-0.062,-0.084,3220,4095
4413003,5.511,7.973,3.630,0.052,-0.101,-0.041,3217,4095
4413023,5.025,8.595,3.895,-0.006,-0.021,-0.015,3216,4095
4413044,4.384,6.876,3.349,0.029,0.013,-0.068,3215,4095
4413063,5.337,8.758,3.816,0.041,-0.063,0.034,3216,4095
4413083,4.314,7.798,3.785,-0.050,-0.045,0.037,3216,4095
4413103,5.054,6.979,3.354,0.058,-0.042,-0.010,3215,4095
4413123,5.227,8.851,3.967,0.010,-0.053,0.063,3210,4095
4413143,4.080,6.948,3.505,-0.056,-0.033,-0.013,3215,4095
4413163,5.092,7.760,3.838,-0.031,-0.129,0.028,3215,4095
4413183,4.063,8.164,4.638,-0.217,-0.283,0.110,3215,4095
4413203,3.443,6.898,4.305,-0.167,-0.535,0.096,3224,3891
4413223,5.131,8.004,4.551,-0.305,-0.641,0.282,3221,3439
4413243,4.592,6.675,3.270,-0.229,-0.228,0.231,3227,919
4413263,5.064,7.537,2.464,-0.303,0.216,-0.174,3212,0
4413283,4.590,6.239,2.636,-0.442,0.625,-0.317,3162,0
4413303,4.975,6.381,3.409,-0.095,0.865,-0.705,3073,0
4413323,4.791,7.087,3.378,0.046,1.014,-0.665,4095,0
4413343,5.061,8.198,3.728,0.339,1.011,-0.529,4095,0
4413363,5.095,7.977,3.273,0.292,1.017,-0.381,4095,0
4413383,4.381,8.581,5.009,0.082,0.760,-0.137,2510,0
4413403,4.604,7.867,5.499,-0.244,0.453,-0.172,2476,0
4413423,4.096,7.015,4.906,-0.413,0.182,-0.301,2501,0
4413443,3.752,7.712,5.212,-0.104,-0.018,-0.222,2426,0
4413463,3.718,7.887,4.848,0.286,-0.112,-0.070,2399,0
4413483,3.938,7.860,4.465,0.270,-0.176,-0.043,2384,0
4413503,4.041,7.836,4.190,0.132,-0.159,-0.101,2376,0
4413523,3.903,7.872,3.718,0.034,-0.084,-0.145,2356,0
4413543,3.864,8.195,4.276,0.039,-0.101,-0.099,2337,0
4413563,4.118,7.709,4.393,0.003,-0.117,-0.064,2321,0
4413583,4.101,7.784,4.365,0.069,-0.077,-0.094,2311,0
4413603,3.982,7.930,4.288,0.118,-0.052,-0.090,2304,0
4413623,3.893,8.056,4.384,0.142,-0.063,-0.043,2301,0
4413643,3.962,7.994,4.240,0.115,-0.044,-0.032,2299,0
4413663,3.984,7.999,4.202,0.081,-0.016,-0.052,2303,0
4413683,4.008,7.977,4.247,0.054,-0.006,-0.052,2306,0
4413703,3.960,7.999,4.307,0.053,0.004,-0.043,2308,0
4413723,3.953,8.028,4.434,0.044,-0.002,-0.022,2316,0
4413743,3.994,7.949,4.458,0.055,-0.003,-0.009,2320,0
4413763,3.989,7.961,4.527,0.072,-0.004,-0.007,2322,0
4413783,3.991,7.831,4.470,0.063,-0.015,0.001,2326,0
4413804,3.895,7.951,4.496,0.070,-0.032,-0.000,2330,0
4413823,4.005,7.872,4.463,0.031,-0.052,-0.017,2334,0
4413843,4.080,7.796,4.439,0.058,-0.044,-0.031,2337,0
4413863,3.965,8.001,4.434,0.114,-0.020,-0.018,2338,0
4413883,3.862,8.109,4.391,0.084,-0.024,-0.017,2344,0
4413903,3.886,8.028,4.401,0.030,-0.050,-0.019,2343,0
4413923,4.010,7.855,4.640,0.067,-0.093,-0.005,2346,0
4413943,4.008,8.253,4.630,0.148,-0.029,-0.001,2351,0
4413963,3.764,8.389,4.664,-0.004,-0.087,0.057,2354,0
4413983,3.469,7.458,3.929,0.034,-0.093,0.019,2354,0
4414003,4.515,8.308,4.544,0.138,-0.041,0.021,2355,0
4414023,3.163,7.592,4.073,-0.049,-0.073,0.031,2356,0
4414043,4.341,8.157,4.460,0.095,-0.029,-0.002,2359,0
4414063,3.230,7.319,4.111,-0.098,-0.099,0.029,2363,0
4414083,4.671,7.951,4.556,0.141,-0.036,-0.007,2366,0
4414103,3.299,7.355,4.068,-0.019,-0.079,0.015,2367,0
4414123,4.506,8.176,4.453,0.135,-0.035,-0.018,2361,0
4414143,3.316,7.333,3.962,-0.021,-0.077,-0.017,2369,0
4414163,4.525,8.243,4.492,0.090,-0.039,-0.036,2371,0
4414183,3.531,7.396,3.850,0.034,-0.053,-0.050,2372,0
4414203,4.341,8.428,4.468,0.068,-0.041,-0.021,2373,0
4414223,3.721,7.460,3.824,0.084,-0.030,-0.057,2377,0
4414243,4.168,8.365,4.499,0.011,-0.032,-0.003,2376,0
4414263,3.953,7.685,3.895,0.152,-0.001,-0.068,2379,0
4414283,3.816,8.447,4.537,-0.057,-0.054,0.035,2378,0
4414303,4.197,7.817,4.044,0.148,0.013,-0.055,2381,0
4414323,3.464,8.114,4.494,-0.092,-0.057,0.045,2381,0
4414343,4.420,7.987,4.185,0.188,0.019,-0.043,2382,0
4414363,3.287,7.824,4.243,-0.105,-0.057,0.044,2382,0
4414383,4.652,8.088,4.319,0.145,0.025,-0.043,2383,0
4414403,3.759,7.726,4.556,-0.072,-0.033,-0.001,2384,0
4414423,3.778,7.853,4.001,0.008,-0.015,-0.028,2384,0
4414443,3.759,7.915,4.310,0.020,-0.025,-0.021,2384,0
4414463,3.874,7.932,4.310,0.037,-0.031,-0.010,2385,0
4414483,3.936,7.922,4.278,0.040,-0.027,-0.011,2387,0
4414503,3.859,7.949,4.262,0.045,-0.021,-0.010,2386,0
4414523,3.819,7.934,4.259,0.047,-0.018,-0.006,2387,0
4414543,3.883,7.918,4.319,0.042,-0.021,-0.010,2391,0
4414563,3.958,7.975,4.379,0.058,-0.028,-0.011,2391,0
4414583,3.891,8.035,4.305,0.058,-0.028,-0.009,2394,0
4414604,3.821,8.021,4.247,0.038,-0.032,0.000,2398,0
4414623,3.836,7.954,4.329,0.034,-0.039,0.011,2397,0
4414643,3.869,7.872,4.336,0.052,-0.041,0.015,2396,0
4414663,3.876,7.889,4.288,0.051,-0.050,0.013,2394,0
4414683,3.886,7.891,4.317,0.027,-0.052,-0.001,2395,0
4414703,3.840,7.913,4.357,0.009,-0.052,-0.007,2393,0
4414723,3.745,8.028,4.429,-0.027,-0.079,0.011,2393,0
4414743,3.587,8.157,4.499,-0.107,-0.141,0.047,2393,0
4414763,3.620,8.155,4.621,-0.249,-0.250,0.109,2395,0
4414783,3.692,8.169,4.700,-0.345,-0.376,0.131,2395,0
4414803,3.881,7.939,4.678,-0.592,-0.500,0.063,2402,0
4414823,4.092,7.307,4.659,-0.680,-0.516,0.014,2417,0
4414843,4.391,6.512,4.508,-0.313,-0.410,-0.019,2423,0
4414863,4.417,6.821,4.307,0.277,-0.280,-0.017,2421,0
4414883,4.422,7.183,4.187,0.653,-0.165,-0.014,2420,0
4414903,4.353,7.168,4.240,0.877,-0.076,-0.044,2422,0
4414924,4.257,7.300,4.211,1.079,-0.018,-0.083,2424,0
4414943,4.128,7.834,4.068,1.173,-0.010,-0.078,2428,0
4414963,3.867,8.732,3.759,0.967,-0.052,-0.042,2439,0
4414983,3.740,9.675,3.438,0.301,-0.147,0.023,2446,0
4415003,4.089,9.005,3.323,-0.421,-0.160,0.011,2447,0
4415023,4.245,7.922,3.479,-0.732,-0.123,-0.065,2447,0
4415043,4.286,7.317,3.776,-0.585,-0.067,-0.096,2445,0
4415063,4.271,7.180,3.955,-0.179,-0.014,-0.066,2447,0
4415083,4.171,7.690,4.025,0.205,0.030,-0.030,2448,0
4415103,4.068,8.399,4.027,0.236,0.006,-0.009,2448,0
4415123,4.017,8.428,3.953,0.022,-0.040,-0.036,2449,0
4415143,4.058,8.215,4.003,-0.108,-0.069,-0.052,2451,0
4415163,4.192,8.025,3.984,-0.068,-0.058,-0.019,2453,0
4415183,4.243,7.851,4.015,0.060,-0.035,0.015,2455,0
4415203,4.164,7.922,4.013,0.137,-0.035,0.014,2456,0
4415223,4.068,8.066,3.893,0.115,-0.052,0.005,2456,0
4415243,4.116,8.071,3.915,0.049,-0.060,0.003,2458,0
4415263,4.113,7.963,3.991,0.020,-0.057,0.000,2464,0
4415283,4.096,7.882,3.934,0.042,-0.050,0.003,2468,0
4415303,4.120,7.867,3.869,0.060,-0.039,0.006,2472,0
4415323,4.135,7.920,3.943,0.031,-0.023,0.001,2472,0
4415344,4.108,7.884,4.005,0.010,-0.023,-0.015,2471,0
4415363,4.077,7.939,3.972,0.023,-0.033,-0.009,2474,0
4415383,4.063,7.918,4.010,0.026,-0.037,-0.012,2473,0
4415403,4.089,7.858,4.073,0.029,-0.043,-0.023,2474,0
4415423,4.187,7.889,4.046,0.042,-0.045,-0.026,2476,0
4415444,4.156,7.989,3.977,0.051,-0.036,-0.020,2477,0
4415464,4.020,8.068,3.876,0.028,-0.026,-0.016,2477,0
4415483,4.029,7.977,3.955,0.013,-0.026,-0.010,2476,0
4415503,4.104,7.908,4.029,0.039,-0.034,0.001,2476,0
4415523,4.128,7.939,4.010,0.050,-0.043,-0.004,2477,0
4415543,4.058,7.954,3.938,0.040,-0.039,-0.013,2478,0
4415563,4.061,8.013,3.900,0.042,-0.037,-0.005,2479,0
4415583,4.137,7.958,3.915,0.044,-0.031,0.011,2478,0
4415603,4.183,7.927,3.941,0.032,-0.027,0.001,2479,0
4415623,4.130,7.903,3.982,0.009,-0.026,-0.012,2477,0
4415643,4.085,7.831,4.022,0.019,-0.032,-0.012,2475,0
4415663,4.094,7.865,4.056,0.067,-0.038,-0.006,2477,0
4415683,4.099,7.987,3.982,0.091,-0.043,-0.005,2477,0
4415703,4.125,8.040,3.843,0.059,-0.040,-0.007,2478,0
4415723,4.154,8.023,3.874,0.020,-0.020,-0.008,2480,0
4415743,4.130,7.898,3.965,0.026,-0.006,-0.001,2479,0
4415764,4.106,7.891,4.013,0.056,-0.009,0.005,2480,0
4415783,4.080,7.949,4.003,0.058,-0.021,0.003,2481,0
4415803,4.056,7.970,4.008,0.052,-0.022,-0.005,2480,0
4415823,4.053,7.980,4.061,0.051,-0.029,-0.002,2480,0
4415843,4.120,7.963,4.051,0.059,-0.035,0.001,2481,0
4415863,4.140,7.975,4.039,0.064,-0.036,0.002,2480,0
4415883,4.123,8.009,3.991,0.054,-0.041,0.001,2480,0
4415903,4.061,7.994,4.001,0.048,-0.036,0.004,2480,0
4415923,4.017,7.966,3.998,0.049,-0.034,0.010,2481,0
4415943,4.058,7.889,3.967,0.044,-0.034,0.011,2480,0
4415963,4.140,7.829,3.953,0.035,-0.030,-0.004,2480,0
4415983,4.116,7.855,3.958,0.034,-0.025,-0.015,2481,0
4416004,4.137,7.863,4.010,0.038,-0.026,-0.013,2481,0
4416023,4.092,7.896,4.025,0.047,-0.026,-0.009,2480,0
4416043,4.108,7.956,4.013,0.055,-0.028,-0.006,2480,0
4416063,4.128,8.004,4.087,0.046,-0.031,-0.011,2481,0
4416083,4.142,7.994,4.058,0.041,-0.039,-0.014,2481,0
4416103,4.082,7.997,4.056,0.052,-0.043,-0.004,2482,0
4416123,4.161,8.033,3.970,0.066,-0.046,0.008,2485,0
4416143,4.202,8.045,4.001,0.049,-0.038,0.003,2481,0
4416163,4.130,7.994,4.025,0.028,-0.041,0.000,2481,0
4416183,4.073,7.982,4.051,0.028,-0.048,-0.001,2481,0
4416203,4.053,7.942,3.989,0.042,-0.052,0.005,2485,0
4416223,4.068,7.956,3.953,0.058,-0.053,0.013,2483,0
4416243,4.037,7.954,3.948,0.049,-0.049,0.009,2483,0
4416263,4.022,7.872,3.838,0.041,-0.047,0.009,2483,0
4416283,4.104,7.800,3.780,0.038,-0.035,0.002,2484,0
4416303,4.190,7.733,3.836,0.035,-0.017,-0.009,2485,0
4416323,4.159,7.721,3.929,0.033,-0.009,-0.023,2485,0
4416343,4.082,7.760,3.972,0.029,-0.015,-0.034,2487,0
4416364,4.092,7.831,4.027,0.047,-0.021,-0.041,2486,0
4416383,4.101,7.855,4.056,0.082,-0.020,-0.043,2488,0
4416403,4.111,8.095,4.010,0.083,-0.024,-0.033,2487,0
4416423,4.087,8.112,3.984,0.047,-0.027,-0.032,2490,0
4416443,4.144,8.037,3.955,0.033,-0.026,-0.029,2491,0
4416463,4.159,8.061,3.984,0.054,-0.027,-0.016,2492,0
4416484,4.147,8.076,3.986,0.052,-0.030,-0.012,2493,0
4416503,4.106,8.085,3.982,0.041,-0.034,-0.013,2494,0
4416523,4.032,8.066,4.001,0.045,-0.035,-0.006,2493,0
4416544,4.044,8.018,3.994,0.059,-0.040,0.001,2493,0
4416563,4.108,7.987,3.977,0.064,-0.042,0.003,2495,0
4416583,4.147,7.980,3.934,0.050,-0.035,0.003,2495,0
4416603,4.111,7.913,3.950,0.038,-0.029,-0.002,2496,0
4416623,4.039,7.906,3.986,0.044,-0.031,-0.008,2495,0
4416643,4.041,7.930,3.972,0.048,-0.033,-0.009,2496,0
4416663,4.073,7.973,3.938,0.050,-0.033,-0.010,2495,0
4416683,4.080,8.021,3.905,0.043,-0.025,-0.005,2494,0
4416703,4.046,7.975,3.888,0.026,-0.014,-0.007,2496,0
4416723,4.111,7.918,3.991,0.027,-0.014,-0.013,2494,0
4416743,4.089,7.918,4.049,0.046,-0.018,-0.015,2494,0
4416763,4.068,8.011,4.096,0.059,-0.029,-0.012,2493,0
4416783,3.974,8.090,4.116,0.058,-0.042,-0.014,2494,0
4416803,3.912,8.198,4.108,0.079,-0.060,-0.018,2495,0
4416823,3.893,8.279,4.092,0.059,-0.073,-0.008,2494,0
4416844,3.998,8.296,4.049,0.031,-0.075,0.003,2495,0
4416864,4.116,8.222,4.077,0.005,-0.064,0.010,2493,0
4416883,4.080,8.212,4.132,-0.018,-0.052,0.014,2495,0
4416903,4.073,8.147,4.089,-0.053,-0.040,0.024,2493,0
4416923,4.180,7.989,4.140,-0.064,-0.038,0.025,2494,0
4416944,4.341,8.009,4.053,-0.059,-0.035,0.014,2494,0
4416963,4.360,7.961,4.017,-0.082,-0.031,0.007,2492,0
4416983,4.286,7.922,4.010,-0.064,-0.037,0.010,2490,0
4417003,4.154,7.970,3.910,-0.024,-0.050,0.023,2491,0
4417023,4.101,7.992,3.862,0.008,-0.078,0.048,2490,0
4417043,4.096,8.033,3.780,0.037,-0.102,0.048,2490,0
4417063,4.027,8.092,3.666,0.066,-0.116,0.042,2491,0
4417083,3.819,8.298,3.565,0.108,-0.115,0.063,2492,0
4417103,3.800,8.349,3.551,0.097,-0.109,0.096,2492,0
4417123,4.005,8.250,3.517,0.056,-0.084,0.121,2492,0
4417143,4.326,8.147,3.479,0.002,-0.038,0.143,2492,0
4417163,4.355,7.937,3.677,-0.076,0.040,0.155,2491,0
4417183,4.336,7.645,4.142,-0.150,0.088,0.144,2488,0
4417203,4.374,7.477,4.604,-0.153,0.090,0.126,2486,0
4417223,4.417,7.417,4.970,-0.132,0.058,0.113,2485,0
4417243,4.436,7.250,5.037,-0.115,0.008,0.096,2484,0
4417264,4.446,7.209,5.059,-0.078,-0.037,0.075,2485,0
4417283,4.429,7.281,4.946,-0.058,-0.068,0.056,2483,0
4417303,4.374,7.321,4.860,-0.060,-0.088,0.044,2484,0
4417323,4.293,7.274,4.764,-0.052,-0.102,0.024,2486,0
4417343,4.262,7.283,4.609,-0.033,-0.115,-0.007,2485,0
4417363,4.271,7.439,4.446,-0.030,-0.121,-0.032,2485,0
4417383,4.231,7.527,4.389,-0.050,-0.118,-0.046,2484,0
4417403,4.120,7.592,4.331,-0.054,-0.121,-0.052,2486,0
4417423,4.058,7.640,4.190,-0.066,-0.124,-0.066,2488,0
4417443,4.178,7.578,4.113,-0.077,-0.119,-0.070,2487,0
4417463,4.278,7.518,4.061,-0.051,-0.095,-0.068,2486,0
4417483,4.369,7.479,4.061,-0.006,-0.094,-0.061,2488,0
4417503,4.475,7.551,3.996,0.010,-0.100,-0.063,2486,0
4417523,4.597,7.683,4.015,0.000,-0.096,-0.059,2487,0
4417543,4.527,7.728,4.001,-0.003,-0.087,-0.052,2486,0
4417563,4.441,7.757,4.049,0.000,-0.077,-0.039,2487,0
4417583,4.448,7.779,4.106,0.005,-0.071,-0.033,2486,0
4417603,4.427,7.819,4.140,-0.002,-0.064,-0.034,2486,0
4417623,4.312,7.819,4.207,-0.021,-0.056,-0.025,2486,0
4417643,4.281,7.776,4.197,-0.032,-0.055,-0.013,2487,0
4417663,4.398,7.728,4.228,-0.048,-0.044,-0.002,2487,0
4417683,4.573,7.702,4.367,-0.072,-0.032,-0.015,2486,0
4417703,4.626,7.666,4.487,-0.086,-0.029,-0.043,2487,0
4417724,4.683,7.628,4.360,-0.076,-0.043,-0.069,2485,0
4417743,4.949,7.867,4.156,0.006,-0.061,-0.073,2485,0
4417763,5.294,8.035,3.972,0.135,-0.061,-0.049,2485,0
4417783,5.490,8.282,3.862,0.254,-0.069,-0.034,2485,0
4417803,5.373,8.710,3.735,0.301,-0.081,-0.028,2485,0
4417823,5.250,8.909,3.512,0.315,-0.071,-0.010,2486,0
4417844,4.915,8.985,3.498,0.402,-0.029,0.027,2485,0
4417863,4.369,9.175,3.589,0.482,-0.011,0.120,2486,0
4417883,4.037,9.007,3.618,0.470,-0.041,0.231,2486,0
4417904,4.120,8.296,3.658,0.448,-0.103,0.288,2487,0
4417923,4.396,7.551,3.555,0.584,-0.170,0.331,2485,0
4417943,4.372,7.125,3.168,0.755,-0.233,0.359,2486,0
4417963,4.542,7.094,2.593,0.885,-0.259,0.362,2487,0
4417983,4.611,7.274,2.322,0.878,-0.197,0.309,2490,0
4418003,4.741,7.415,2.330,0.784,-0.102,0.252,2487,0
4418023,4.640,7.614,2.325,0.624,-0.002,0.195,2487,0
4418043,4.417,7.501,2.447,0.426,0.082,0.114,2487,0
4418063,3.824,7.441,3.187,0.276,0.189,0.035,2486,0
4418083,2.646,7.106,4.367,0.207,0.232,-0.037,2483,0
4418103,1.674,6.443,5.430,0.214,0.128,-0.072,2481,0
4418123,1.930,5.918,5.672,0.425,-0.178,-0.148,2480,0
4418143,2.557,6.237,5.088,0.660,-0.340,-0.214,2481,0
4418163,2.452,7.027,4.733,0.727,-0.309,-0.216,2480,0
4418183,1.781,7.226,4.855,0.613,-0.224,-0.275,2481,0
4418203,1.338,7.142,4.889,0.484,-0.218,-0.357,2482,0
4418223,1.896,7.061,4.369,0.386,-0.313,-0.399,2485,0
4418243,3.175,7.372,3.907,0.480,-0.334,-0.383,2485,0
4418263,4.594,7.884,3.661,0.495,-0.261,-0.391,2489,0
4418283,4.925,8.574,3.531,0.235,-0.133,-0.479,2488,0
4418303,4.616,8.490,3.484,-0.235,-0.172,-0.562,2491,0
4418323,5.219,7.733,3.259,-0.416,-0.399,-0.631,2489,0
4418343,5.715,7.664,2.186,-0.176,-0.564,-0.721,2488,0
4418363,5.739,8.914,1.097,0.211,-0.636,-0.714,2493,0
4418383,6.043,10.760,-0.005,0.009,-0.611,-0.631,2495,0
4418403,6.290,10.458,-0.713,-0.922,-0.429,-0.682,2495,0
4418423,5.729,8.763,-0.299,-1.219,-0.226,-0.853,2494,0
4418443,4.650,8.760,0.644,-0.697,-0.006,-0.855,2493,0
4418463,3.211,9.965,1.994,-0.033,0.120,-0.556,2487,0
4418484,2.363,10.587,3.060,0.403,0.095,-0.229,2482,0
4418503,2.155,10.783,3.745,0.519,0.004,-0.053,2480,0
4418523,2.792,10.831,4.345,0.443,-0.130,0.103,2479,0
4418543,3.953,10.403,4.908,0.388,-0.143,0.201,2477,0
4418563,4.585,10.472,5.569,0.286,-0.102,0.192,2473,0
4418583,4.867,10.573,5.885,0.074,-0.133,0.230,2470,0
4418603,4.441,10.190,5.895,-0.032,-0.187,0.350,2471,0
4418623,3.682,9.929,5.385,-0.044,-0.283,0.401,2470,0
4418643,3.093,9.900,4.525,-0.156,-0.382,0.402,2468,0
4418663,2.552,9.912,3.788,-0.444,-0.498,0.389,2469,0
4418683,2.559,9.431,3.136,-0.824,-0.694,0.335,2470,0
4418703,2.598,8.461,2.514,-1.007,-0.834,0.282,2475,0
4418723,3.057,7.752,2.076,-0.865,-0.935,0.272,2479,0
4418744,3.438,7.472,1.760,-0.618,-0.888,0.277,2480,0
4418763,3.998,7.111,1.496,-0.371,-0.843,0.229,2480,0
4418783,4.604,7.003,0.634,-0.070,-0.815,0.140,2486,0
4418803,4.879,7.659,-0.175,0.208,-0.772,0.136,2497,0
4418823,5.131,8.121,-0.962,0.145,-0.706,0.155,2510,0
4418843,5.298,8.140,-1.384,-0.048,-0.546,0.122,2513,0
4418863,5.430,7.970,-1.276,-0.202,-0.302,0.011,2521,0
4418883,5.150,7.724,-0.802,-0.183,-0.007,-0.102,2520,0
4418903,4.456,8.155,-0.093,-0.059,0.255,-0.145,2516,0
4418923,3.912,8.631,0.615,-0.040,0.420,-0.081,2515,0
4418943,3.610,8.605,1.046,-0.241,0.512,0.003,2514,0
4418963,3.721,7.812,1.228,-0.514,0.580,0.051,2512,0
4418983,4.209,7.077,2.128,-0.680,0.697,0.081,2512,0
4419003,4.468,6.285,3.529,-0.708,0.760,0.048,2511,0
4419023,4.444,5.856,4.520,-0.544,0.701,-0.048,2507,0
4419043,4.420,6.105,4.741,-0.248,0.510,-0.104,2504,0
4419063,4.571,6.685,4.731,-0.088,0.281,-0.103,2501,0
4419083,4.812,6.802,4.654,0.009,0.122,-0.148,2499,0
4419103,4.791,6.946,4.307,0.199,0.049,-0.250,2499,0
4419123,4.525,7.609,3.759,0.403,-0.013,-0.287,2500,0
4419143,4.386,8.140,3.352,0.537,-0.056,-0.251,2499,0
4419163,4.147,8.653,3.127,0.638,-0.034,-0.231,2499,0
4419183,3.852,9.290,2.962,0.630,-0.020,-0.213,2500,0
4419203,3.601,9.603,2.835,0.464,-0.028,-0.185,2499,0
4419223,3.500,9.457,2.868,0.280,-0.033,-0.164,2499,0
4419243,3.713,9.261,2.959,0.220,-0.013,-0.134,2501,0
4419263,3.871,9.091,3.153,0.286,0.047,-0.087,2501,0
4419283,3.891,9.017,3.165,0.363,0.067,-0.036,2500,0
4419303,3.948,8.952,3.031,0.342,0.074,-0.012,2503,0
4419323,3.931,9.208,3.029,0.249,0.093,-0.001,2506,0
4419343,3.802,9.275,3.273,0.062,0.116,-0.019,2508,0
4419363,3.685,8.957,3.445,-0.064,0.125,-0.050,2508,0
4419383,3.673,8.772,3.591,-0.085,0.104,-0.044,2509,0
4419403,3.792,8.674,3.651,-0.037,0.091,-0.018,2508,0
4419423,3.773,8.724,3.730,-0.010,0.075,-0.012,2510,0
4419443,3.651,8.777,3.740,-0.058,0.026,-0.022,2509,0
4419463,3.608,8.543,3.543,-0.102,-0.048,-0.028,2510,0
4419483,3.879,8.265,3.285,-0.044,-0.089,-0.027,2512,0
4419503,4.032,8.255,3.170,0.110,-0.071,-0.021,2516,0
4419523,3.936,8.674,3.067,0.233,-0.037,-0.013,2519,0
4419543,3.773,8.909,2.962,0.185,-0.026,-0.019,2524,0
4419563,3.682,9.079,2.871,0.101,-0.030,-0.003,2529,0
4419583,3.625,8.935,2.856,0.033,0.000,0.034,2532,0
4419603,3.658,8.696,3.105,-0.035,0.033,0.043,2538,0
4419623,3.627,8.650,3.361,-0.067,0.076,0.039,2538,0
4419643,3.567,8.552,3.510,-0.084,0.102,0.034,2539,0
4419663,3.555,8.511,3.618,-0.108,0.110,0.044,2539,0
4419683,3.634,8.440,3.764,-0.184,0.091,0.056,2537,0
4419703,3.670,8.279,3.869,-0.259,0.047,0.033,2536,0
4419723,3.637,8.140,3.828,-0.244,-0.007,-0.002,2537,0
4419743,3.771,8.104,3.771,-0.161,-0.097,-0.002,2536,0
4419763,3.979,7.999,3.551,-0.044,-0.173,0.018,2536,0
4419784,3.994,7.968,3.223,0.102,-0.218,0.018,2537,0
4419803,3.929,8.210,2.844,0.217,-0.240,0.011,2540,0
4419823,3.788,8.454,2.701,0.232,-0.215,0.019,2540,0
4419844,3.637,8.370,2.689,0.193,-0.176,0.018,2542,0
4419863,3.646,8.188,2.684,0.189,-0.133,-0.005,2543,0
4419883,3.790,8.212,2.691,0.180,-0.081,-0.027,2544,0
4419903,3.938,8.344,2.727,0.129,-0.009,-0.043,2544,0
4419923,4.137,8.497,2.677,0.051,0.048,-0.067,2546,0
4419943,4.401,8.674,2.454,-0.057,0.097,-0.074,2551,0
4419963,4.640,8.751,2.124,-0.170,0.153,-0.062,2557,0
4419983,4.851,8.832,1.717,-0.277,0.225,-0.045,2559,0
4420003,4.990,9.220,1.755,-0.450,0.313,-0.014,2559,0
4420023,4.805,9.124,2.442,-0.622,0.388,0.020,2559,0
4420043,4.305,8.794,3.112,-0.586,0.418,0.083,2558,0
4420064,3.931,8.538,3.694,-0.290,0.393,0.191,2555,0
4420083,3.675,8.461,4.216,-0.028,0.347,0.302,2549,0
4420103,3.575,8.126,4.506,0.212,0.273,0.365,2543,0
4420124,3.486,7.956,4.690,0.451,0.186,0.355,2532,0
4420143,3.608,7.688,4.561,0.581,0.082,0.307,2523,0
4420163,3.649,7.913,4.192,0.679,0.008,0.268,2514,0
4420183,3.716,8.286,3.790,0.588,-0.039,0.241,2511,0
4420203,3.692,8.487,3.378,0.287,-0.032,0.195,2511,0
4420223,3.673,8.447,3.124,-0.042,-0.007,0.108,2510,0
4420243,3.766,8.334,2.990,-0.180,0.037,0.088,2512,0
4420264,3.977,8.526,2.899,-0.184,0.119,0.127,2512,0
4420283,3.953,8.593,3.194,-0.248,0.227,0.155,2514,0
4420303,3.778,8.569,3.673,-0.301,0.309,0.145,2513,0
4420323,3.706,8.763,4.113,-0.347,0.370,0.161,2511,0
4420343,3.711,8.633,4.786,-0.447,0.387,0.232,2509,0
4420363,3.618,8.018,5.459,-0.513,0.384,0.285,2507,0
4420383,3.515,7.214,5.684,-0.425,0.352,0.280,2506,0
4420403,3.369,6.840,5.689,-0.159,0.277,0.235,2504,0
4420423,3.275,6.946,5.418,0.113,0.165,0.178,2505,0
4420443,3.156,7.362,5.143,0.272,0.025,0.138,2505,0
4420463,3.225,7.654,4.717,0.291,-0.107,0.096,2503,0
4420483,3.266,7.870,4.484,0.224,-0.182,0.071,2504,0
4420503,3.220,8.004,4.223,0.140,-0.235,0.062,2505,0
4420523,3.347,7.819,3.972,0.064,-0.265,0.067,2505,0
4420543,3.721,7.508,3.795,0.086,-0.253,0.068,2505,0
4420563,3.998,7.372,3.651,0.183,-0.200,0.062,2506,0
4420583,4.240,7.355,3.673,0.246,-0.147,0.033,2508,0
4420603,4.542,7.506,3.754,0.214,-0.133,-0.024,2507,0
4420623,4.841,7.661,3.919,0.138,-0.136,-0.088,2506,0
4420643,4.757,8.071,4.092,0.106,-0.119,-0.120,2506,0
4420663,4.506,8.349,4.190,0.060,-0.121,-0.119,2505,0
4420683,4.353,8.507,4.233,0.018,-0.132,-0.095,2508,0
4420703,4.293,8.559,4.338,0.039,-0.145,-0.064,2505,0
4420723,4.298,8.703,4.343,0.080,-0.153,-0.014,2506,0
4420743,4.250,8.679,4.317,0.076,-0.163,0.043,2505,0
4420763,4.379,8.387,4.243,0.058,-0.187,0.077,2504,0
4420783,4.515,8.188,4.152,0.069,-0.179,0.103,2506,0
4420803,4.446,7.973,4.053,0.118,-0.148,0.129,2507,0
4420823,4.310,7.949,3.907,0.153,-0.159,0.133,2505,0
4420843,4.243,8.174,3.692,0.102,-0.190,0.138,2504,0
4420863,4.353,8.016,3.534,-0.049,-0.215,0.120,2505,0
4420883,4.489,7.709,3.560,-0.110,-0.205,0.084,2503,0
4420904,4.458,7.609,3.570,-0.045,-0.182,0.075,2504,0
4420923,4.420,7.740,3.462,0.028,-0.184,0.084,2503,0
4420943,4.472,7.903,3.376,0.021,-0.190,0.083,2503,0
4420963,4.539,7.930,3.376,-0.010,-0.181,0.086,2503,0
4420983,4.580,7.951,3.405,0.026,-0.153,0.110,2504,0
4421003,4.685,7.992,3.419,0.028,-0.132,0.133,2503,0
4421023,4.827,7.846,3.548,-0.018,-0.135,0.143,2503,0
4421043,4.889,7.676,3.567,-0.019,-0.160,0.129,2502,0
4421063,5.009,7.503,3.448,0.055,-0.175,0.109,2501,0
4421083,5.061,7.877,3.340,0.148,-0.168,0.106,2499,0
4421103,5.001,8.104,3.467,0.101,-0.168,0.108,2498,0
4421123,5.006,8.004,3.409,0.018,-0.196,0.111,2493,0
4421143,5.052,7.961,3.361,0.056,-0.184,0.117,2484,0
4421163,5.073,7.951,3.484,0.117,-0.177,0.137,2480,0
4421183,5.188,8.028,3.519,0.184,-0.177,0.166,2478,0
4421203,5.387,8.200,3.565,0.221,-0.198,0.193,2476,0
4421223,5.677,8.054,3.560,0.190,-0.237,0.185,2471,0
4421243,6.088,8.135,3.804,0.218,-0.296,0.177,2465,0
4421263,6.273,8.605,3.828,0.298,-0.411,0.208,2458,0
4421283,6.369,9.462,3.658,0.372,-0.605,0.288,2456,0
4421303,6.428,10.120,3.033,0.347,-0.787,0.416,2454,0
4421323,6.428,9.922,2.236,0.320,-0.895,0.561,2453,0
4421343,6.335,9.428,1.587,0.408,-0.853,0.704,2453,0
4421363,6.057,8.964,1.350,0.503,-0.737,0.808,2451,0
4421383,5.504,8.552,1.247,0.491,-0.608,0.843,2452,0
4421403,4.836,8.028,1.379,0.379,-0.487,0.823,2452,0
4421423,4.264,7.116,1.724,0.362,-0.381,0.728,2452,0
4421443,3.802,6.201,2.138,0.470,-0.276,0.554,2453,0
4421463,3.259,5.334,2.342,0.671,-0.171,0.363,2451,0
4421484,2.452,4.726,2.567,1.002,-0.107,0.223,2451,0
4421503,1.528,4.963,3.318,1.526,-0.074,0.056,2450,0
4421523,0.977,6.086,3.505,1.814,-0.251,-0.144,2448,0
4421543,1.331,6.931,2.693,1.862,-0.586,-0.135,2448,0
4421563,1.894,7.628,1.389,1.558,-0.852,0.142,2449,0
4421583,3.017,7.293,0.690,0.839,-0.851,0.365,2449,0
4421603,4.887,6.416,1.015,0.057,-0.634,0.203,2450,0
4421623,6.706,5.480,1.494,-0.574,-0.313,-0.081,2449,0
4421643,7.726,5.397,1.841,-0.886,-0.030,-0.256,2450,0
4421663,8.135,5.483,1.750,-1.109,0.114,-0.357,2449,0
4421683,8.811,5.198,1.717,-1.080,0.167,-0.471,2449,0
4421703,9.316,5.851,1.872,-0.809,0.229,-0.596,2448,0
4421723,9.333,7.049,1.772,-0.585,0.252,-0.689,2448,0
4421743,8.720,8.040,1.573,-0.625,0.228,-0.634,2448,0
4421763,8.270,8.270,1.815,-0.733,0.157,-0.487,2448,0
4421783,8.152,7.604,2.191,-0.654,0.045,-0.488,2447,0
4421803,7.156,7.444,2.057,-0.232,-0.051,-0.527,2446,0
4421823,6.108,8.674,1.427,0.204,-0.212,-0.496,2449,0
4421843,5.483,9.905,1.032,0.250,-0.279,-0.344,2448,0
4421863,5.346,9.974,1.027,0.003,-0.261,-0.172,2449,0
4421883,5.708,9.443,1.219,-0.222,-0.264,-0.093,2449,0
4421904,5.952,9.182,1.051,-0.376,-0.238,-0.065,2450,0
4421923,6.091,8.983,0.939,-0.477,-0.188,-0.059,2456,0
4421943,6.141,8.756,1.094,-0.435,-0.052,-0.041,2458,0
4421963,5.904,8.514,1.578,-0.243,0.132,0.024,2457,0
4421983,5.653,8.262,1.796,-0.037,0.247,0.116,2456,0
4422003,5.562,7.975,1.901,0.050,0.291,0.189,2455,0
4422023,5.646,7.638,2.014,0.050,0.272,0.232,2457,0
4422043,5.607,7.379,2.425,0.031,0.242,0.201,2455,0
4422064,5.468,7.207,2.583,-0.035,0.136,0.093,2453,0
4422083,5.543,7.092,2.468,-0.100,-0.020,0.029,2451,0
4422103,5.672,7.053,2.248,-0.062,-0.108,0.012,2450,0
4422123,5.669,7.147,2.025,0.055,-0.106,-0.002,2450,0
4422143,5.437,7.604,1.834,0.161,-0.066,-0.031,2451,0
4422163,5.241,8.025,1.592,0.149,-0.049,-0.022,2450,0
4422183,5.322,8.078,1.429,0.073,-0.032,0.020,2450,0
4422203,5.540,7.793,1.566,0.013,0.033,0.055,2452,0
4422223,5.571,7.456,1.899,0.009,0.110,0.044,2453,0
4422243,5.519,7.333,2.133,0.056,0.115,0.032,2450,0
4422263,5.545,7.410,2.128,0.104,0.084,0.042,2450,0
4422283,5.540,7.484,2.181,0.100,0.081,0.021,2449,0
4422304,5.578,7.475,2.267,0.075,0.086,-0.028,2450,0
4422323,5.696,7.513,2.301,0.102,0.084,-0.057,2449,0
4422343,5.739,7.726,2.107,0.136,0.083,-0.049,2450,0
4422364,5.751,7.968,2.088,0.112,0.086,-0.031,2451,0
4422383,5.617,8.061,2.203,0.019,0.102,-0.026,2452,0
4422403,5.523,7.985,2.301,-0.020,0.094,-0.006,2452,0
4422423,5.555,7.973,2.294,0.033,0.088,0.041,2454,0
4422443,5.605,7.772,2.253,0.084,0.077,0.071,2452,0
4422463,5.531,7.712,2.375,0.151,0.070,0.071,2452,0
4422483,5.543,7.683,2.315,0.166,0.030,0.056,2451,0
4422503,5.595,7.690,2.107,0.164,0.006,0.052,2451,0
4422523,5.564,7.724,2.081,0.142,0.029,0.047,2452,0
4422543,5.509,7.688,2.274,0.120,0.055,0.025,2452,0
4422563,5.485,7.652,2.377,0.106,0.046,0.010,2452,0
4422583,5.538,7.597,2.370,0.104,0.018,0.014,2451,0
4422603,5.629,7.573,2.310,0.093,0.001,0.011,2450,0
4422623,5.600,7.597,2.325,0.063,-0.005,-0.013,2451,0
4422644,5.581,7.657,2.322,0.032,-0.021,-0.040,2451,0
4422663,5.581,7.707,2.260,0.023,-0.052,-0.042,2450,0
4422684,5.607,7.839,2.191,0.025,-0.062,-0.029,2451,0
4422703,5.588,8.068,2.176,-0.048,-0.054,-0.032,2449,0
4422723,5.619,8.061,2.282,-0.169,-0.044,-0.059,2447,0
4422743,5.830,7.925,2.375,-0.197,-0.034,-0.075,2448,0
4422763,5.959,7.896,2.416,-0.063,-0.005,-0.046,2447,0
4422783,5.880,8.150,2.440,0.057,0.015,0.034,2445,0
4422803,5.631,8.425,2.547,0.055,-0.009,0.070,2444,0
4422823,5.409,8.478,2.404,-0.038,-0.064,0.094,2443,0
4422844,5.401,8.301,2.231,-0.108,-0.083,0.130,2444,0
4422863,5.504,7.922,2.229,-0.123,-0.063,0.169,2443,0
4422883,5.495,7.451,2.227,-0.055,-0.007,0.192,2442,0
4422903,5.425,7.106,2.263,0.037,0.023,0.185,2441,0
4422923,5.538,6.788,2.346,0.070,0.007,0.165,2442,0
4422943,5.684,6.498,2.368,0.064,-0.018,0.115,2440,0
4422963,5.837,6.414,2.251,0.064,-0.064,0.027,2442,0
4422983,5.801,6.699,2.136,0.069,-0.074,-0.053,2440,0
4423003,5.600,7.070,2.083,0.072,-0.049,-0.109,2439,0
4423024,5.416,7.412,2.073,0.103,-0.034,-0.129,2438,0
4423043,5.392,7.884,2.179,0.103,-0.056,-0.114,2437,0
4423063,5.540,8.052,2.119,0.062,-0.058,-0.100,2437,0
4423083,5.703,8.109,2.160,0.039,0.005,-0.092,2437,0
4423103,5.660,8.116,2.320,0.047,0.069,-0.071,2434,0
4423124,5.703,8.018,2.358,0.057,0.068,-0.026,2430,0
4423143,5.861,8.037,2.576,0.072,0.009,0.013,2426,0
4423163,6.019,7.927,2.569,0.055,-0.028,0.040,2423,0
4423183,5.950,7.769,2.543,0.013,-0.023,0.033,2422,0
4423203,5.859,7.649,2.509,0.023,-0.022,0.021,2423,0
4423223,5.698,7.769,2.373,0.067,-0.008,0.039,2421,0
4423243,5.689,7.705,2.255,0.062,-0.009,0.039,2419,0
4423263,5.581,7.700,2.320,0.010,0.003,0.021,2418,0
4423283,5.533,7.523,2.399,-0.034,-0.013,0.002,2419,0
4423303,5.509,7.422,2.401,-0.030,-0.038,0.005,2417,0
4423323,5.461,7.427,2.619,0.041,-0.127,0.070,2423,0
4423343,5.588,7.384,2.576,0.130,-0.193,0.133,2447,0
4423363,5.787,7.436,2.277,0.112,-0.137,0.092,2480,0
4423383,5.794,7.664,2.404,0.080,-0.099,0.040,2509,0
4423403,5.859,7.717,2.009,0.037,-0.071,0.017,2543,0
4423423,5.837,7.736,1.748,-0.018,0.032,0.017,2556,0
4423443,5.782,7.887,2.210,-0.084,0.058,0.011,2546,0
4423464,5.899,7.654,2.342,-0.178,0.051,-0.028,2540,0
4423483,5.895,7.547,2.404,-0.215,0.079,-0.052,2526,0
4423503,5.816,7.400,2.543,-0.178,0.126,-0.065,2512,0
4423523,5.667,7.369,2.782,-0.018,0.149,-0.066,2501,0
4423543,5.495,7.369,2.799,0.095,0.112,-0.065,2491,0
4423563,5.444,7.487,2.626,0.180,0.032,-0.001,2480,0
4423583,5.598,7.606,2.564,0.198,-0.011,0.034,2476,0
4423603,5.748,7.611,2.564,0.137,-0.018,0.018,2469,0
4423623,5.782,7.544,2.521,0.070,-0.010,-0.026,2465,0
4423643,5.768,7.585,2.454,0.067,0.015,-0.047,2463,0
4423663,5.657,7.652,2.425,0.066,0.056,-0.056,2458,0
4423683,5.497,7.728,2.600,0.081,0.017,-0.041,2458,0
4423703,5.533,7.769,2.602,0.106,-0.020,0.006,2456,0
4423723,5.567,7.697,2.564,0.070,-0.034,0.018,2455,0
4423743,5.653,7.702,2.545,0.032,-0.054,0.015,2461,0
4423763,5.375,7.807,3.376,0.054,-0.223,0.065,2478,0
4423783,5.365,7.647,4.073,0.084,-0.690,0.224,2558,0
4423803,6.096,8.353,4.954,-0.068,-1.447,0.381,2776,0
4423823,7.204,7.508,3.541,-0.293,-2.362,0.540,4095,0
4423843,6.017,7.436,0.941,0.616,-2.602,0.715,3170,0
4423863,5.035,7.202,-5.473,1.067,-1.442,0.850,3221,1868
4423884,5.732,8.643,1.252,0.693,-0.698,1.226,3301,3034
4423903,7.456,6.486,0.299,-0.271,-0.566,0.929,3338,3928
4423923,7.468,5.643,-0.182,-0.309,0.159,0.194,3340,4095
4423943,7.994,6.826,0.541,-0.247,0.646,-0.118,3329,4095
4423963,4.994,7.934,1.877,-0.200,0.664,-0.002,3319,4095
4423983,5.586,7.049,1.805,-0.141,0.182,0.210,3306,4095
4424003,8.107,7.479,2.138,-0.104,0.162,0.201,3299,4095
4424023,7.008,6.778,1.358,0.046,0.408,0.010,3294,4095
4424043,7.156,7.578,2.033,0.067,0.358,-0.006,3289,4095
4424063,7.374,7.676,2.392,-0.063,0.257,0.110,3282,4095
4424083,5.669,6.057,1.990,-0.204,0.066,0.099,3278,4095
4424103,6.661,5.940,2.136,-0.168,-0.202,0.074,3271,4095
4424123,7.501,6.529,2.454,-0.224,-0.226,0.143,3266,4095
4424143,6.354,4.774,1.697,-0.047,-0.148,-0.177,3266,4095
4424163,7.305,5.710,1.542,0.048,-0.076,-0.462,3263,4095
4424183,5.744,6.079,1.578,-0.360,0.216,-0.553,3267,3377
4424203,6.330,6.991,0.247,-0.763,0.538,-0.794,3278,8
4424223,4.556,5.986,-0.022,-1.698,1.255,-1.205,3223,0
4424243,6.041,5.052,1.164,-1.439,2.095,-1.849,3029,0
4424263,7.252,6.105,1.298,-0.174,2.411,-1.904,2651,0
4424283,5.871,9.452,4.714,1.157,2.016,-0.311,2453,0
4424303,3.965,9.431,6.661,1.018,1.050,0.406,2355,0
4424323,4.563,7.977,3.761,-0.490,-0.030,0.094,2323,0
4424344,4.700,8.432,4.144,-1.842,-0.268,-0.571,2320,0
4424363,4.918,8.013,4.305,-1.940,-0.420,-0.717,2313,0
4424383,5.363,7.319,3.651,-0.764,-0.206,-0.366,2304,0
4424403,5.404,7.499,4.130,0.277,-0.063,-0.003,2299,0
4424423,5.583,7.738,3.845,0.645,-0.007,0.123,2299,0
4424443,5.370,8.219,3.527,0.608,0.093,0.076,2303,0
4424463,4.956,8.641,3.503,0.343,0.133,0.001,2306,0
4424483,4.822,8.296,4.075,-0.147,-0.045,-0.003,2312,0
4424503,5.112,7.525,4.065,-0.370,-0.165,0.025,2317,0
4424523,5.306,6.955,3.948,-0.183,-0.150,0.074,2323,0
4424543,5.310,6.847,3.589,0.190,-0.057,0.109,2330,0
4424564,5.183,7.142,3.563,0.409,-0.011,0.131,2333,0
4424583,5.133,7.479,3.656,0.379,-0.055,0.132,2334,0
4424603,5.260,7.573,3.531,0.143,-0.099,0.091,2339,0
4424623,5.471,7.420,3.529,-0.030,-0.078,0.022,2343,0
4424643,5.571,7.513,3.742,-0.047,-0.039,-0.009,2348,0
4424664,5.478,7.429,3.742,0.013,-0.002,0.023,2352,0
4424683,5.320,7.556,3.912,0.137,0.006,0.097,2351,0
4424703,5.224,7.652,3.898,0.117,-0.012,0.126,2352,0
4424723,5.191,7.590,3.912,0.035,-0.016,0.082,2354,0
4424743,5.150,7.331,3.982,-0.046,-0.023,0.019,2358,0
4424763,5.140,7.281,3.936,-0.013,-0.056,0.022,2356,0
4424783,5.169,7.096,3.780,0.096,-0.057,0.048,2360,0
4424803,5.193,7.034,3.610,0.160,-0.045,0.055,2359,0
4424823,5.203,7.080,3.632,0.181,-0.038,0.034,2363,0
4424843,5.186,7.147,3.610,0.157,-0.032,0.003,2362,0
4424864,5.088,7.173,2.849,0.166,-0.002,-0.036,2366,0
4424883,5.511,6.752,3.112,0.145,-0.044,-0.046,2368,0
4424903,5.610,7.460,3.524,0.124,0.014,-0.050,2368,0
4424923,4.506,7.642,3.582,-0.052,-0.095,-0.026,2369,0
4424943,5.650,6.687,3.014,0.090,-0.070,-0.093,2368,0
4424963,5.526,7.757,3.759,0.042,0.000,-0.021,2369,0
4424983,5.160,6.505,3.089,0.038,-0.084,-0.083,2369,0
4425003,6.227,7.427,3.555,0.173,0.032,-0.075,2368,0
4425023,4.915,7.594,3.409,0.050,-0.076,-0.076,2369,0
4425043,6.249,7.544,3.292,0.185,0.031,-0.132,2373,0
4425063,4.867,8.392,3.869,-0.051,-0.003,-0.040,2374,0
4425083,5.859,7.281,3.213,0.028,-0.020,-0.094,2371,0
4425103,4.990,8.315,4.061,-0.162,-0.011,-0.006,2375,0
4425123,5.260,6.972,3.414,-0.034,-0.031,-0.036,2374,0
4425143,5.162,8.600,4.377,0.040,0.057,0.069,2374,0
4425163,4.839,7.161,3.503,0.099,-0.049,0.059,2375,0
4425183,5.399,8.284,4.190,0.094,0.018,0.101,2375,0
4425203,4.348,7.025,3.512,-0.047,-0.115,0.091,2376,0
4425223,5.741,7.487,3.812,0.122,0.001,0.072,2377,0
4425243,4.202,7.175,3.754,-0.050,-0.096,0.109,2377,0
4425263,5.811,6.835,3.450,0.191,-0.038,0.035,2377,0
4425283,4.477,7.463,3.780,0.022,-0.070,0.085,2376,0
4425303,5.586,6.474,3.050,0.193,-0.054,-0.025,2379,0
4425323,4.774,7.717,3.776,0.034,-0.031,0.010,2380,0
4425343,5.243,6.754,3.175,0.064,-0.104,-0.051,2382,0
4425363,5.389,7.077,3.026,0.066,-0.064,-0.068,2383,0
4425383,5.466,7.228,3.309,0.043,-0.007,-0.102,2383,0
4425403,5.420,7.400,3.412,0.052,0.027,-0.123,2384,0
4425423,5.332,7.527,3.500,0.088,0.038,-0.104,2385,0
4425443,5.294,7.719,3.579,0.138,0.022,-0.068,2393,0
4425463,5.318,7.891,3.589,0.118,0.012,-0.040,2395,0
4425483,5.329,7.798,3.620,0.068,0.009,-0.035,2400,0
4425503,5.315,7.726,3.596,0.075,-0.001,-0.021,2405,0
4425523,5.341,7.661,3.517,0.108,0.002,0.004,2406,0
4425543,5.346,7.621,3.472,0.145,0.018,0.015,2405,0
4425563,5.246,7.609,3.589,0.132,0.011,0.020,2408,0
4425583,5.198,7.453,3.598,0.161,-0.018,0.055,2413,0
4425603,5.265,7.381,3.534,0.225,-0.039,0.089,2419,0
4425623,5.298,7.515,3.496,0.256,-0.014,0.079,2422,0
4425643,5.186,7.635,3.443,0.224,0.026,0.034,2426,0
4425663,5.107,7.666,3.299,0.161,0.052,0.004,2432,0
4425683,5.045,7.671,3.338,0.086,0.057,0.003,2446,0
4425703,5.090,7.556,3.488,0.041,0.021,0.026,2454,0
4425723,5.219,7.460,3.642,0.002,-0.028,0.025,2465,0
4425743,5.356,7.389,3.606,0.003,-0.029,-0.010,2463,0
4425763,5.306,7.468,3.469,0.035,-0.015,-0.022,2463,0
4425783,5.265,7.551,3.402,0.078,0.001,-0.003,2462,0
4425803,5.217,7.566,3.390,0.058,0.004,-0.005,2459,0
4425824,5.207,7.621,3.414,0.038,-0.005,-0.021,2458,0
4425843,5.183,7.594,3.405,0.032,-0.015,-0.030,2456,0
4425863,5.301,7.683,3.812,0.023,-0.034,0.000,2456,0
4425883,4.707,7.992,3.575,0.021,0.016,0.035,2454,0
4425903,4.772,7.116,3.282,0.018,-0.036,-0.006,2452,0
4425923,5.935,7.688,3.589,0.108,0.086,-0.045,2451,0
4425943,4.446,7.606,3.565,-0.123,-0.011,-0.022,2451,0
4425963,5.906,7.396,3.539,0.086,0.068,-0.086,2450,0
4425983,4.353,7.910,3.833,-0.073,0.012,-0.019,2449,0
4426003,5.684,7.245,3.601,0.134,0.015,-0.047,2449,0
4426023,4.420,7.707,3.424,-0.040,-0.080,0.017,2450,0
4426043,5.799,7.252,3.326,0.113,-0.015,-0.028,2448,0
4426063,4.353,7.465,3.527,-0.038,-0.078,0.031,2448,0
4426083,5.966,7.642,3.606,0.159,0.008,0.006,2448,0
4426103,4.413,7.393,3.402,-0.032,-0.075,0.033,2448,0
4426123,5.940,7.582,3.524,0.150,0.031,-0.016,2447,0
4426143,4.336,7.365,3.481,-0.066,-0.066,0.014,2447,0
4426163,5.837,7.599,3.711,0.129,0.023,-0.023,2447,0
4426183,4.326,7.219,3.426,-0.026,-0.072,0.004,2447,0
4426203,5.854,7.661,3.591,0.168,0.038,-0.019,2446,0
4426224,4.405,7.132,3.330,-0.013,-0.060,-0.003,2448,0
4426243,5.863,7.822,3.728,0.139,0.046,-0.034,2445,0
4426263,4.472,7.173,3.335,-0.049,-0.058,-0.035,2446,0
4426283,5.725,8.016,3.785,0.089,0.057,-0.033,2446,0
4426303,4.484,7.084,3.390,-0.011,-0.055,-0.021,2446,0
4426323,5.631,8.270,3.917,0.135,0.040,-0.002,2444,0
4426344,4.899,7.645,3.622,-0.007,-0.071,0.003,2441,0
4426363,5.140,7.738,3.345,0.031,-0.030,0.008,2439,0
4426383,5.217,7.618,3.596,0.072,-0.037,0.028,2439,0
4426403,5.090,7.633,3.867,0.079,-0.117,0.068,2438,0
4426423,5.083,7.561,3.819,0.152,-0.227,0.125,2442,0
4426444,5.011,7.666,4.020,0.158,-0.342,0.145,2474,0
4426463,5.217,7.671,3.893,0.120,-0.501,0.145,2555,0
4426483,5.425,7.671,3.414,0.140,-0.524,0.108,2624,0
4426503,5.602,7.542,3.378,0.153,-0.539,0.064,2705,0
4426523,5.727,7.276,2.914,0.179,-0.555,0.013,2779,0
4426543,5.732,7.350,2.270,0.239,-0.476,0.031,4095,0
4426563,5.550,8.198,2.586,0.369,-0.419,0.190,4095,0
4426583,5.480,8.622,2.421,0.342,-0.430,0.367,2919,0
4426604,5.729,8.746,2.624,0.151,-0.458,0.548,2981,0
4426624,5.780,8.052,2.444,0.065,-0.600,0.667,3052,0
4426643,5.933,7.829,1.824,0.037,-0.538,0.662,3118,0
4426663,6.153,7.307,1.132,0.126,-0.297,0.589,3183,3356
4426683,5.768,6.577,2.081,0.026,0.059,0.540,3244,3954
4426703,5.890,6.732,3.345,-0.065,0.018,0.676,3296,4095
4426723,5.535,6.038,2.875,0.359,0.137,0.765,3311,4095
4426743,6.239,6.773,2.715,0.595,0.444,0.577,3300,4095
4426763,5.938,7.266,3.270,0.272,0.472,0.524,3284,4095
4426783,6.155,7.365,3.136,0.063,0.230,0.318,3270,4095
4426803,6.294,7.089,3.184,-0.036,0.144,0.294,3260,4095
4426823,6.670,6.280,3.259,-0.034,0.098,0.298,3251,4095
4426843,6.728,6.045,3.364,0.155,0.077,0.195,3246,4095
4426863,6.752,6.120,3.069,0.312,0.059,0.098,3236,4095
4426884,6.627,6.589,2.945,0.334,0.086,0.030,3234,4095
4426903,6.421,7.642,2.969,0.159,0.047,0.037,3229,4095
4426923,5.950,6.115,2.873,-0.018,-0.014,0.048,3223,4095
4426943,6.517,5.837,2.787,0.149,0.024,-0.006,3219,4095
4426963,6.335,7.278,2.547,0.285,-0.002,0.020,3218,4095
4426983,5.715,5.969,2.691,0.123,0.010,-0.037,3216,4095
4427003,6.936,6.886,2.861,0.094,-0.009,-0.023,3215,4095
4427023,6.256,6.792,2.641,0.028,0.019,-0.087,3213,4095
4427043,6.902,6.522,2.799,0.148,0.062,-0.151,3210,4095
4427063,6.397,7.875,2.880,0.168,-0.003,-0.039,3210,4095
4427084,6.294,6.215,2.825,0.017,-0.095,-0.034,3207,4095
4427103,7.020,7.712,2.761,0.053,-0.075,-0.003,3204,4095
4427123,6.112,6.203,2.583,0.016,0.030,-0.126,3202,4095
4427143,6.788,7.681,2.995,0.039,-0.003,-0.085,3201,4095
4427163,5.825,6.328,2.670,0.030,-0.071,-0.060,3201,4095
4427183,6.972,6.919,2.761,0.180,-0.066,-0.018,3199,4095
4427203,6.187,7.108,2.610,0.155,-0.050,-0.014,3196,4095
4427223,6.529,6.187,2.818,0.129,-0.055,-0.094,3195,4095
4427243,6.536,7.587,2.744,0.123,-0.126,-0.036,3192,4095
4427263,6.254,6.041,2.334,0.062,-0.072,-0.108,3190,4095
4427283,6.821,7.714,2.490,0.106,-0.038,-0.062,3190,4095
4427303,5.547,6.318,2.471,0.016,-0.041,-0.100,3186,4095
4427324,6.941,7.484,2.727,0.099,-0.108,0.009,3186,4095
4427343,6.081,6.507,2.282,0.139,-0.025,-0.064,3184,4095
4427363,6.965,7.317,2.533,0.157,0.056,-0.110,3184,4095
4427383,5.696,7.429,2.672,-0.019,-0.019,-0.058,3183,4095
4427403,6.517,6.476,2.658,0.026,-0.104,-0.038,3184,4095
4427424,6.644,7.853,2.488,0.081,-0.091,-0.008,3184,4095
4427443,6.017,6.294,2.614,0.018,-0.008,-0.094,3181,4095
4427463,6.517,7.946,2.897,0.039,-0.095,-0.010,3180,4095
4427483,5.480,6.249,2.739,-0.083,-0.222,-0.056,3178,4095
4427503,5.978,7.132,3.414,-0.106,-0.512,0.056,3181,4095
4427523,4.781,6.991,3.929,-0.319,-0.884,0.323,3182,4095
4427543,6.754,5.911,2.775,-0.230,-0.926,0.260,3185,4095
4427564,8.329,6.395,1.499,-0.023,-0.316,-0.124,3193,3718
4427583,6.318,7.396,1.547,-0.338,0.302,-0.550,3167,1391
4427603,5.827,6.582,1.946,-0.717,0.431,-0.610,3109,0
4427623,6.309,6.184,2.061,-0.947,0.717,-0.857,2999,0
4427643,6.235,6.594,3.795,-1.085,0.649,-0.906,2872,0
4427663,6.287,7.405,3.081,-0.378,0.681,-0.758,2877,0
4427683,6.065,6.443,1.403,-0.051,0.945,-0.503,2501,0
4427703,6.136,8.030,3.768,0.171,0.889,-0.229,2418,0
4427723,5.748,8.157,5.787,-0.140,0.435,-0.247,2361,0
4427743,5.497,6.337,4.408,-0.724,-0.117,-0.532,2322,0
4427763,4.776,6.898,4.606,-1.105,-0.350,-0.616,2295,0
4427783,5.643,6.630,3.824,-0.354,-0.284,-0.493,2287,0
4427803,4.827,7.173,3.675,0.179,-0.354,-0.129,2270,0
4427823,5.823,7.918,3.455,0.571,-0.244,-0.061,2258,0
4427843,4.997,7.348,3.196,0.092,-0.182,-0.145,2255,0
4427863,5.358,7.870,2.938,0.026,-0.074,-0.300,2253,0
4427883,5.265,7.942,3.539,-0.041,-0.081,-0.238,2253,0
4427903,5.332,7.908,3.215,-0.114,-0.036,-0.175,2250,0
4427923,5.239,7.906,3.333,-0.110,0.055,-0.099,2252,0
4427943,5.080,8.035,3.589,0.043,0.107,-0.016,2255,0
4427963,5.119,8.260,3.903,0.083,-0.051,0.067,2256,0
4427983,5.440,7.793,3.840,-0.060,-0.141,0.062,2262,0
4428003,5.722,7.278,3.603,-0.172,-0.111,0.007,2267,0
4428023,5.631,7.025,3.625,-0.065,-0.043,0.004,2271,0
4428043,5.358,7.137,3.519,0.145,0.007,0.050,2274,0
4428063,5.183,7.489,3.472,0.204,-0.004,0.094,2277,0
4428083,5.262,7.441,3.570,0.063,-0.027,0.092,2278,0
4428103,5.313,7.013,3.575,-0.047,-0.025,0.030,2284,0
4428123,5.231,7.005,3.579,0.027,-0.011,0.010,2286,0
4428143,5.215,7.178,3.484,0.127,-0.015,0.033,2285,0
4428163,5.227,7.326,3.476,0.116,-0.018,0.035,2288,0
4428183,5.315,7.300,3.536,0.042,-0.004,0.019,2290,0
4428203,5.327,7.235,3.531,0.030,0.030,-0.001,2292,0
4428223,5.303,7.283,3.675,0.065,0.051,-0.011,2296,0
4428243,5.318,7.319,3.752,0.086,0.054,-0.005,2297,0
4428263,5.356,7.369,3.852,0.085,0.038,0.006,2300,0
4428283,5.368,7.391,3.773,0.095,0.038,0.009,2300,0
4428303,5.313,7.537,3.761,0.099,0.040,0.014,2302,0
4428323,5.306,7.491,3.838,0.039,0.044,0.005,2303,0
4428343,5.279,7.343,4.015,0.029,0.027,0.013,2304,0
4428363,5.339,7.319,3.936,0.072,0.013,0.011,2304,0
4428384,5.298,7.295,3.802,0.080,0.018,0.007,2307,0
4428403,5.227,7.302,3.824,0.049,0.028,-0.006,2310,0
4428423,5.215,7.252,3.974,0.029,0.015,-0.008,2310,0
4428443,5.262,7.242,3.977,0.070,-0.002,0.002,2311,0
4428463,5.246,7.302,3.836,0.087,-0.005,0.001,2313,0
4428483,5.181,7.400,3.838,0.051,-0.003,-0.004,2314,0
4428503,5.148,7.341,3.883,0.012,-0.014,-0.010,2314,0
4428523,5.179,7.240,3.871,0.029,-0.023,-0.005,2317,0
4428543,5.277,7.283,3.797,0.074,-0.034,0.010,2318,0
4428563,5.368,7.350,3.783,0.086,-0.020,-0.002,2319,0
4428583,5.289,7.360,3.881,0.073,-0.014,-0.030,2320,0
4428603,5.270,7.422,3.898,0.072,-0.036,-0.032,2320,0
4428623,5.308,7.499,3.804,0.102,-0.042,-0.013,2320,0
4428644,5.356,7.494,3.697,0.096,-0.040,-0.006,2321,0
4428663,5.303,7.554,3.745,0.076,-0.028,-0.006,2321,0
4428683,5.203,7.532,3.800,0.042,-0.035,-0.006,2322,0
4428703,5.167,7.460,3.785,0.022,-0.045,0.001,2321,0
4428723,5.203,7.357,3.745,0.037,-0.055,0.015,2323,0
4428743,5.260,7.369,3.704,0.067,-0.057,0.034,2324,0
4428763,5.262,7.345,3.701,0.064,-0.051,0.023,2326,0
4428783,5.272,7.295,3.658,0.043,-0.044,0.000,2325,0
4428803,5.301,7.269,3.591,0.038,-0.033,-0.004,2327,0
4428823,5.320,7.247,3.572,0.048,-0.006,0.004,2329,0
4428843,5.234,7.262,3.689,0.055,0.005,0.011,2329,0
4428863,5.227,7.254,3.795,0.062,-0.015,0.017,2329,0
4428883,5.282,7.307,3.761,0.066,-0.032,0.000,2330,0
4428903,5.284,7.444,3.699,0.071,-0.030,-0.020,2329,0
4428923,5.339,7.472,3.656,0.054,-0.027,-0.021,2330,0
4428943,5.318,7.432,3.687,0.042,-0.022,-0.022,2329,0
4428963,5.318,7.434,3.725,0.042,-0.020,-0.021,2330,0
4428983,5.341,7.396,3.771,0.050,-0.018,-0.010,2330,0
4429003,5.294,7.494,3.790,0.047,-0.011,-0.005,2332,0
4429023,5.227,7.542,3.797,0.041,-0.007,0.002,2331,0
4429043,5.212,7.530,3.800,0.037,-0.023,0.011,2331,0
4429063,5.224,7.458,3.764,0.023,-0.027,0.017,2331,0
4429083,5.224,7.424,3.730,0.050,-0.028,0.024,2334,0
4429103,5.210,7.321,3.788,0.059,-0.021,0.024,2333,0
4429123,5.231,7.223,3.840,0.048,-0.032,0.017,2335,0
