738514,4.803,3.534,8.502,0.05,0.182,0.241,2678,0
738534,4.578,4.001,9.337,0.09,0.305,0.277,2675,0
738554,4.374,4.391,10.068,0.061,0.359,0.288,2673,0
738574,3.615,4.173,10.458,0.02,0.42,0.132,2671,0
738594,2.768,4.286,11.028,0.163,0.318,-0.1,2666,0
738615,2.253,4.685,10.925,0.515,-0.051,-0.291,2663,0
738635,2.298,5.181,9.912,0.712,-0.425,-0.266,2660,0
738654,2.672,5.176,9.136,0.682,-0.482,-0.078,2660,0
738674,2.772,4.851,8.811,0.593,-0.313,0.073,2659,0
738695,2.574,4.654,8.823,0.606,-0.207,0.072,2659,0
738715,2.636,4.424,8.533,0.722,-0.171,0.019,2657,0
738734,2.342,4.489,8.164,0.851,-0.234,0.001,2657,0
738755,2.593,4.673,7.908,0.869,-0.397,0.042,2658,0
738774,3.153,4.329,7.389,0.85,-0.351,0.053,2656,0
738794,3.63,3.984,6.986,0.897,-0.094,0.043,2655,0
738815,3.759,4.008,6.519,0.9,0.3,0.023,2657,0
738834,3.151,4.496,6.931,0.657,0.289,0.099,2653,0
738855,3.412,3.907,7.159,0.367,-0.167,0.18,2651,0
738874,4.685,2.835,6.663,0.38,-0.386,0.103,2653,0
738894,5.377,2.72,6.05,0.492,-0.232,-0.126,2653,0
738914,5.2,3.067,5.684,0.481,0.015,-0.34,2653,0
738934,4.824,3.591,5.535,0.264,-0.067,-0.456,2652,0
738954,5.234,3.747,5.452,0.095,-0.218,-0.472,2652,0
738975,6.065,3.974,5.413,-0.034,-0.083,-0.411,2651,0
738994,6.172,4.324,5.732,-0.213,0.215,-0.312,2650,0
739015,5.725,4.391,6.1,-0.462,0.368,-0.282,2646,0
739034,5.377,4.262,6.014,-0.697,0.258,-0.353,2644,0
739054,5.612,3.788,5.308,-0.777,0.112,-0.475,2643,0
739075,5.895,3.144,4.961,-0.687,0.261,-0.516,2643,0
739094,5.715,3.694,5.006,-0.669,0.522,-0.42,2643,0
739114,5.301,4.125,5.71,-1.052,0.695,-0.311,2641,0
739134,5.076,3.84,6.529,-1.441,0.681,-0.276,2641,0
739154,4.846,3.44,7.005,-1.465,0.586,-0.291,2640,0
739174,4.535,3.156,6.996,-1.126,0.415,-0.328,2641,0
739194,4.118,3.393,6.711,-0.771,0.324,-0.415,2640,0
739214,3.771,3.821,6.984,-0.613,0.387,-0.54,2640,0
739234,3.797,4.724,8.183,-0.37,0.543,-0.726,2641,0
739254,4.752,6.512,10.233,-0.064,0.614,-0.851,2639,0
739274,5.069,7.676,12.163,0.11,0.508,-0.774,2639,0
739294,4.714,7.705,12.342,0.118,0.026,-0.481,2638,0
739314,4.398,6.337,10.503,0.064,-0.598,-0.187,2640,0
739334,4.317,4.525,8.066,0.123,-0.863,-0.095,2649,0
739354,3.986,3.235,6.208,0.262,-0.624,-0.18,2662,0
739374,3.613,3.129,5.528,0.268,-0.138,-0.287,2672,0
739394,3.424,3.407,6.158,0.092,0.36,-0.322,2672,0
739414,3.287,4.073,7.602,-0.159,0.686,-0.297,2670,0
739435,3.112,4.563,9.036,-0.368,0.77,-0.208,2664,0
739454,2.684,4.554,9.718,-0.387,0.676,-0.13,2663,0
739474,2.207,4.228,9.692,-0.306,0.484,-0.054,2662,0
739494,1.918,3.644,9.213,-0.221,0.313,-0.028,2659,0
739514,1.769,3.299,8.868,-0.175,0.247,-0.07,2658,0
739534,1.707,3.33,8.859,-0.23,0.238,-0.114,2656,0
739554,1.65,3.321,9.093,-0.234,0.274,-0.16,2656,0
739575,1.69,3.326,9.352,-0.137,0.275,-0.181,2657,0
739594,1.657,3.579,9.445,-0.082,0.188,-0.155,2655,0
739615,1.75,3.642,9.402,-0.128,0.064,-0.124,2655,0
739635,1.906,3.457,9.225,-0.151,-0.021,-0.125,2654,0
739654,2.093,3.266,9.055,-0.096,-0.061,-0.166,2655,0
739674,2.174,3.105,8.887,0.022,-0.064,-0.246,2655,0
739694,2.215,3.457,8.914,0.107,-0.044,-0.288,2655,0
739715,2.126,3.876,8.94,0.055,-0.082,-0.247,2653,0
739734,2.274,3.852,8.993,0.014,-0.183,-0.218,2654,0
739754,2.418,3.759,8.844,0.11,-0.204,-0.258,2654,0
739774,2.358,3.926,8.629,0.252,-0.167,-0.312,2655,0
739794,2.239,4.422,8.449,0.259,-0.164,-0.284,2654,0
739815,2.337,4.628,8.449,0.155,-0.189,-0.19,2656,0
739835,2.421,4.583,8.406,0.128,-0.2,-0.092,2656,0
739854,2.583,4.614,8.296,0.16,-0.164,-0.035,2657,0
739874,2.567,4.326,8.164,0.192,-0.1,-0.007,2659,0
739894,2.569,4.238,8.243,0.233,-0.093,0.009,2659,0
739914,2.466,4.214,8.42,0.217,-0.125,0.039,2662,0
739934,2.492,4.271,8.526,0.133,-0.181,0.108,2668,0
739954,2.67,3.986,8.48,0.098,-0.177,0.123,2671,0
739974,2.784,3.575,8.444,0.179,-0.066,0.055,2671,0
739995,2.684,3.548,8.454,0.303,0.048,-0.062,2671,0
740014,2.421,3.907,8.564,0.257,0.102,-0.124,2670,0
740034,2.263,4.111,8.88,0.137,0.103,-0.125,2667,0
740054,2.018,3.994,8.935,0.132,0.09,-0.133,2668,0
740075,1.832,3.982,8.885,0.231,0.051,-0.161,2666,0
740094,1.882,3.982,8.705,0.288,0.013,-0.221,2666,0
740114,1.659,4.082,8.562,0.311,0.019,-0.293,2666,0
740134,1.659,4.472,8.61,0.222,-0.026,-0.283,2666,0
740154,1.791,4.468,8.55,0.153,-0.025,-0.235,2666,0
740174,1.93,4.441,8.531,0.167,-0.005,-0.216,2666,0
740194,1.968,4.477,8.478,0.204,-0.009,-0.225,2666,0
740214,2.193,4.571,8.418,0.184,-0.03,-0.222,2667,0
740235,2.351,4.659,8.349,0.135,0.022,-0.2,2665,0
740255,2.294,4.848,8.375,0.09,0.032,-0.159,2665,0
740274,2.229,4.824,8.437,0.067,0.003,-0.125,2667,0
740294,2.116,4.774,8.358,0.112,0.002,-0.118,2666,0
740314,1.954,4.803,8.267,0.145,0.012,-0.109,2666,0
740334,1.872,4.779,8.191,0.124,0.002,-0.097,2666,0
740354,1.786,4.829,8.305,0.075,0.006,-0.098,2665,0
740375,1.652,4.887,8.411,0.041,0.006,-0.101,2663,0
740394,1.551,5.033,8.423,0.027,0.011,-0.089,2664,0
740415,1.305,5.066,8.478,-0.002,-0.002,-0.048,2662,0
740435,1.427,5.085,8.497,-0.051,-0.033,0.01,2663,0
740455,1.516,4.896,8.454,-0.094,-0.026,0.04,2662,0
740475,1.614,4.884,8.492,-0.122,0.033,0.037,2662,0
740495,1.889,5.32,8.966,-0.217,0.144,0.065,2659,0
740514,1.958,5.576,9.608,-0.321,0.187,0.134,2659,0
740534,1.654,5.272,9.895,-0.375,0.045,0.227,2656,0
740554,1.456,4.357,9.333,-0.335,-0.177,0.304,2658,0
740574,1.513,3.594,8.497,-0.277,-0.238,0.265,2657,0
740594,1.46,3.031,7.992,-0.147,-0.123,0.088,2657,0
740614,1.403,3.366,8.052,0.01,0.014,-0.102,2656,0
740634,1.425,4.118,8.499,0.057,0.06,-0.169,2656,0
740654,1.432,4.463,8.756,0.02,-0.037,-0.121,2655,0
740675,1.542,4.417,8.557,0.002,-0.153,-0.05,2656,0
740694,1.642,4.259,8.193,-0.02,-0.171,-0.025,2657,0
740715,1.616,4.175,8.121,-0.04,-0.103,-0.036,2656,0
740735,1.571,4.324,8.456,-0.071,-0.035,-0.025,2655,0
740755,1.549,4.506,8.909,-0.104,-0.058,0.043,2654,0
740774,1.52,4.52,9.033,-0.15,-0.14,0.134,2654,0
740795,1.604,4.128,8.911,-0.189,-0.216,0.194,2655,0
740815,1.599,3.771,8.648,-0.189,-0.191,0.186,2654,0
740834,1.53,3.687,8.648,-0.189,-0.121,0.144,2654,0
740855,1.587,3.867,8.99,-0.187,-0.083,0.119,2654,0
740874,1.58,3.953,9.263,-0.199,-0.116,0.16,2652,0
740895,1.664,3.816,9.345,-0.235,-0.214,0.216,2653,0
740914,1.812,3.5,9.134,-0.193,-0.301,0.188,2653,0
740934,1.863,3.27,8.82,-0.091,-0.318,0.103,2653,0
740954,1.982,3.366,8.741,0.037,-0.306,0.022,2656,0
740974,2.004,3.725,8.765,0.1,-0.307,-0.007,2655,0
740994,2.107,3.936,8.921,0.095,-0.355,0.012,2655,0
741014,2.334,4.207,9.112,0.11,-0.413,0.051,2655,0
741034,2.567,4.372,9.067,0.138,-0.499,0.105,2654,0
741054,2.672,4.29,8.799,0.169,-0.577,0.154,2656,0
741074,2.887,4.125,8.478,0.167,-0.634,0.178,2660,0
741094,3.043,3.972,8.222,0.145,-0.585,0.195,2662,0
741114,3.055,3.778,8.126,0.159,-0.513,0.204,2663,0
741135,3.22,3.871,8.226,0.18,-0.482,0.197,2665,0
741154,3.357,4.166,8.327,0.163,-0.513,0.226,2667,0
741174,3.713,4.187,8.325,0.093,-0.555,0.251,2669,0
741194,3.96,3.97,8.167,0.06,-0.519,0.245,2672,0
741214,4.008,3.608,7.831,0.022,-0.447,0.239,2677,0
741234,4.022,3.177,7.602,-0.025,-0.348,0.258,2679,0
741254,4.195,3.002,7.626,-0.074,-0.256,0.265,2680,0
741275,4.334,2.971,7.764,-0.132,-0.159,0.207,2678,0
741294,4.42,3.031,8.107,-0.136,-0.117,0.127,2679,0
741315,4.583,3.002,8.363,-0.117,-0.14,0.059,2678,0
741334,4.575,2.787,8.384,-0.022,-0.161,-0.013,2677,0
741355,4.503,2.66,8.116,0.081,-0.185,-0.103,2678,0
741375,4.463,2.643,7.949,0.168,-0.156,-0.239,2678,0
741394,4.403,2.923,7.913,0.248,-0.088,-0.392,2678,0
741414,4.334,3.414,8.016,0.289,-0.05,-0.499,2677,0
741435,4.41,4.046,8.305,0.276,-0.039,-0.505,2677,0
741454,4.391,4.606,8.545,0.249,-0.059,-0.44,2675,0
741475,4.266,4.69,8.368,0.199,-0.111,-0.351,2676,0
741494,4.087,4.393,7.87,0.155,-0.112,-0.281,2677,0
741514,3.788,4.152,7.458,0.084,-0.051,-0.218,2674,0
741534,3.701,4.039,7.432,-0.001,0.024,-0.184,2675,0
741554,3.8,4.233,7.721,-0.094,0.139,-0.136,2674,0
741575,3.874,4.326,8.193,-0.184,0.221,-0.027,2672,0
741595,3.797,4.022,8.569,-0.211,0.188,0.068,2672,0
741614,3.579,3.407,8.387,-0.173,0.059,0.085,2672,0
741635,3.519,3.086,8.073,-0.135,-0.016,0.026,2672,0
741654,3.433,3.072,8.092,-0.126,0.038,-0.068,2671,0
741675,3.414,3.421,8.578,-0.072,0.085,-0.164,2671,0
741694,3.383,3.8,8.871,0.022,0.056,-0.227,2670,0
741715,3.28,4.046,8.792,0.057,-0.009,-0.221,2671,0
741734,3.211,3.824,8.571,0.01,-0.075,-0.172,2670,0
741755,3.285,3.689,8.368,-0.04,-0.039,-0.155,2671,0
741774,3.316,3.857,8.626,-0.084,0.059,-0.165,2670,0
741794,3.218,4.07,9.081,0.003,0.074,-0.208,2670,0
741814,3.057,4.281,9.103,0.207,-0.054,-0.258,2670,0
741834,2.962,4.24,8.509,0.359,-0.187,-0.26,2669,0
741854,3.019,4.068,7.81,0.356,-0.204,-0.246,2670,0
741875,3.108,4.125,7.628,0.275,-0.131,-0.249,2669,0
741894,3.165,4.401,7.915,0.233,-0.073,-0.271,2669,0
741915,3.081,4.82,8.131,0.247,-0.088,-0.272,2669,0
741935,3.033,4.891,8.119,0.253,-0.169,-0.215,2668,0
741954,3.146,4.841,7.851,0.197,-0.212,-0.11,2668,0
741974,3.203,4.618,7.614,0.065,-0.171,-0.019,2668,0
741995,3.273,4.329,7.714,-0.062,-0.068,0.031,2667,0
742014,3.225,4.195,8.04,-0.105,-0.014,0.045,2668,0
742034,3.208,4.041,8.238,-0.064,-0.076,0.051,2667,0
742054,3.215,3.809,8.037,-0.002,-0.139,0.032,2667,0
742074,3.194,3.694,7.673,-0.008,-0.096,0.003,2668,0
742094,3.158,3.555,7.69,-0.071,-0.002,-0.03,2667,0
742114,3.275,3.642,7.889,-0.063,0.06,-0.08,2668,0
742134,3.345,3.768,7.968,-0.029,0.07,-0.118,2666,0
742154,3.354,3.833,7.992,-0.028,0.051,-0.13,2666,0
742174,3.472,3.836,8.08,-0.031,0.009,-0.13,2665,0
742195,3.572,3.989,8.042,-0.023,-0.01,-0.157,2668,0
742214,3.752,4.357,8.073,-0.05,0.004,-0.178,2667,0
742234,4.046,4.894,8.76,-0.197,0.116,-0.104,2666,0
742254,3.797,4.571,9.467,-0.276,0.092,0.017,2664,0
742275,3.4,3.512,9.103,-0.146,-0.12,0.043,2665,0
742294,2.902,2.708,8.076,0.0,-0.233,-0.033,2663,0
742314,2.404,2.167,7.14,-0.005,-0.229,-0.123,2666,0
742334,2.231,1.817,6.675,-0.083,-0.084,-0.253,2666,0
742355,2.346,2.028,7.056,-0.148,0.124,-0.439,2665,0
742374,2.739,2.873,8.167,-0.186,0.26,-0.582,2666,0
742395,3.326,4.008,9.656,-0.192,0.285,-0.644,2664,0
742414,3.529,4.695,10.508,-0.103,0.159,-0.655,2661,0
742434,3.496,4.913,10.604,0.075,-0.064,-0.681,2661,0
742454,3.175,4.583,10.051,0.256,-0.226,-0.714,2660,0
742474,2.696,4.233,9.208,0.41,-0.302,-0.78,2661,0
742494,2.251,4.128,8.533,0.514,-0.285,-0.863,2660,0
742514,1.999,4.312,8.229,0.567,-0.218,-0.932,2662,0
742534,1.956,4.87,8.26,0.595,-0.16,-0.956,2661,0
742554,2.143,5.684,8.396,0.598,-0.163,-0.934,2662,0
742574,2.272,6.23,8.334,0.584,-0.186,-0.849,2663,0
742594,2.21,6.732,8.011,0.583,-0.225,-0.705,2663,0
742614,2.095,6.828,7.465,0.508,-0.232,-0.495,2664,0
742634,1.985,6.634,7.061,0.394,-0.211,-0.284,2662,0
742655,2.078,6.467,6.891,0.271,-0.175,-0.106,2663,0
742675,2.313,6.311,6.859,0.132,-0.115,0.044,2664,0
742695,2.576,6.108,7.125,0.003,-0.054,0.16,2663,0
742714,2.823,5.938,7.427,-0.068,-0.024,0.246,2663,0
742734,2.957,5.739,7.659,-0.09,-0.012,0.326,2663,0
742754,3.041,5.449,7.781,-0.117,-0.058,0.349,2661,0
742774,3.05,5.107,7.772,-0.138,-0.053,0.325,2661,0
742795,3.031,4.822,7.803,-0.133,-0.037,0.273,2662,0
742815,2.919,4.599,7.882,-0.098,-0.003,0.204,2661,0
742834,2.851,4.642,7.975,-0.051,0.023,0.136,2661,0
742854,2.722,4.69,8.023,-0.028,0.045,0.077,2660,0
742874,2.629,4.709,8.104,-0.009,0.048,0.043,2659,0
742894,2.55,4.803,8.09,-0.009,0.059,0.035,2659,0
742915,2.461,4.769,8.2,-0.032,0.051,0.037,2658,0
742934,2.43,4.741,8.284,-0.042,0.035,0.044,2658,0
742954,2.389,4.729,8.349,-0.039,0.017,0.052,2658,0
742974,2.409,4.676,8.392,-0.03,-0.002,0.05,2657,0
742995,2.454,4.635,8.358,-0.004,-0.009,0.034,2658,0
743015,2.428,4.64,8.315,0.018,-0.008,0.015,2658,0
743035,2.466,4.736,8.313,0.03,-0.026,0.006,2657,0
743054,2.574,4.743,8.317,0.036,-0.049,0.007,2656,0
743075,2.61,4.784,8.212,0.062,-0.039,-0.005,2658,0
743095,2.629,4.788,8.133,0.072,-0.039,-0.016,2658,0
743114,2.655,4.776,8.1,0.078,-0.035,-0.039,2657,0
743134,2.636,4.884,8.028,0.092,-0.021,-0.064,2657,0
743154,2.648,5.006,8.061,0.1,-0.033,-0.084,2657,0
743175,2.67,5.128,8.004,0.112,-0.045,-0.086,2658,0
743195,2.701,5.219,8.006,0.099,-0.071,-0.062,2657,0
743215,2.71,5.183,7.932,0.087,-0.089,-0.04,2657,0
743234,2.732,5.171,7.776,0.078,-0.08,-0.027,2657,0
743254,2.638,5.119,7.75,0.064,-0.04,-0.009,2657,0
743275,2.583,5.069,7.863,0.048,-0.017,0.01,2658,0
743294,2.588,5.076,7.951,0.036,-0.017,0.021,2657,0
743315,2.622,5.037,8.08,0.036,-0.043,0.024,2659,0
743335,2.653,5.011,8.073,0.05,-0.047,0.015,2658,0
743354,2.631,5.006,8.023,0.053,-0.041,0.012,2656,0
743374,2.605,4.951,8.028,0.055,-0.029,0.014,2658,0
743394,2.624,4.949,8.095,0.054,-0.043,0.013,2657,0
743414,2.672,4.93,8.162,0.064,-0.062,-0.001,2657,0
743435,2.667,4.992,8.126,0.085,-0.063,-0.018,2656,0
743454,2.617,5.025,8.054,0.094,-0.054,-0.029,2657,0
743474,2.567,5.057,8.006,0.088,-0.044,-0.026,2656,0
743494,2.583,5.1,8.025,0.055,-0.046,0.0,2657,0
743515,2.648,5.013,8.04,0.001,-0.05,0.039,2656,0
743535,2.693,4.863,8.092,-0.021,-0.036,0.052,2657,0
743555,2.66,4.752,8.033,-0.037,-0.009,0.044,2657,0
743574,2.734,4.767,8.047,-0.067,-0.03,0.023,2656,0
743595,2.856,4.733,8.009,-0.064,-0.038,-0.005,2656,0
743614,2.768,4.906,8.052,-0.033,-0.037,-0.038,2657,0
743635,2.691,4.913,7.97,-0.025,-0.061,-0.06,2658,0
743654,2.684,5.011,7.877,-0.034,-0.058,-0.068,2658,0
743675,2.705,5.152,7.925,-0.053,-0.046,-0.079,2657,0
743695,2.662,5.222,7.887,-0.052,-0.038,-0.091,2656,0
743714,2.547,5.262,7.951,-0.074,-0.053,-0.069,2657,0
743734,2.507,5.128,7.865,-0.142,-0.06,-0.014,2655,0
743755,2.43,4.877,7.863,-0.229,-0.017,0.037,2657,0
743774,2.337,4.671,7.942,-0.303,0.02,0.06,2657,0
743795,2.301,4.599,8.073,-0.363,0.061,0.066,2658,0
743814,2.416,4.52,8.361,-0.4,0.091,0.074,2656,0
743835,2.502,4.499,8.732,-0.377,0.082,0.074,2658,0
743855,2.667,4.427,8.835,-0.37,0.035,0.069,2658,0
743875,2.727,4.355,8.806,-0.379,0.015,0.059,2658,0
743894,2.66,4.187,8.775,-0.378,-0.012,0.041,2657,0
743915,2.696,4.063,8.827,-0.329,-0.071,0.002,2657,0
743935,2.832,4.015,8.741,-0.24,-0.121,-0.075,2659,0
743955,2.916,4.18,8.574,-0.149,-0.1,-0.166,2660,0
743974,2.811,4.499,8.396,-0.086,-0.056,-0.223,2660,0
743994,2.452,4.719,8.598,-0.062,-0.06,-0.215,2662,0
744014,2.612,4.884,8.519,-0.105,-0.163,-0.12,2661,0
744034,2.787,4.855,8.241,-0.182,-0.215,-0.025,2663,0
744054,2.78,4.614,8.064,-0.253,-0.158,0.006,2667,0
744075,2.732,4.501,8.119,-0.238,-0.069,0.007,2667,0
744094,2.66,4.731,8.416,-0.256,-0.026,0.038,2667,0
744115,2.648,4.889,8.674,-0.342,-0.097,0.137,2666,0
744135,2.816,4.525,8.655,-0.365,-0.157,0.175,2667,0
744155,2.892,4.082,8.406,-0.302,-0.115,0.141,2666,0
744174,2.794,3.785,8.392,-0.236,-0.01,0.1,2667,0
744195,2.658,3.704,8.744,-0.222,0.011,0.104,2667,0
744214,2.682,3.644,8.914,-0.294,-0.067,0.173,2667,0
744235,2.684,3.393,8.727,-0.389,-0.158,0.216,2669,0
744254,2.792,2.986,8.401,-0.412,-0.129,0.186,2669,0
744274,2.914,2.851,8.289,-0.335,0.015,0.057,2670,0
744294,2.83,3.259,8.693,-0.323,0.145,-0.004,2669,0
744314,2.734,3.5,9.361,-0.395,0.158,0.072,2668,0
744334,2.66,3.45,9.301,-0.482,0.117,0.177,2668,0
744354,2.576,2.993,9.203,-0.53,0.116,0.233,2669,0
744374,2.576,2.583,9.151,-0.51,0.131,0.211,2670,0
744394,2.737,2.571,9.148,-0.568,0.144,0.217,2670,0
744414,2.667,2.327,9.215,-0.672,0.193,0.234,2668,0
744435,2.421,2.073,9.309,-0.682,0.18,0.189,2670,0
744454,2.459,1.963,9.278,-0.579,0.142,0.11,2670,0
744475,2.744,1.939,9.249,-0.5,0.17,0.038,2670,0
744494,2.545,1.999,9.347,-0.513,0.257,-0.003,2670,0
744514,2.215,1.913,9.328,-0.549,0.23,-0.01,2667,0
744534,2.253,1.709,9.043,-0.54,0.151,-0.008,2669,0
744555,2.44,1.544,8.739,-0.509,0.148,-0.013,2668,0
744574,2.291,1.561,8.693,-0.504,0.166,0.002,2671,0
744595,2.227,1.616,8.607,-0.506,0.147,0.011,2670,0
744614,2.315,1.633,8.631,-0.451,0.152,-0.016,2671,0
744635,2.251,1.755,8.856,-0.392,0.176,-0.036,2670,0
744654,2.116,1.712,9.191,-0.369,0.158,-0.023,2669,0
744675,2.184,1.717,9.313,-0.354,0.125,0.028,2668,0
744694,2.344,1.477,9.342,-0.388,0.148,0.105,2668,0
744714,2.377,1.226,9.567,-0.405,0.198,0.179,2667,0
744734,2.16,0.893,9.957,-0.375,0.181,0.219,2667,0
744755,1.992,0.575,10.046,-0.325,0.105,0.216,2667,0
744774,2.042,0.287,9.869,-0.28,0.058,0.174,2667,0
744794,2.078,0.163,9.914,-0.225,0.082,0.131,2667,0
744814,1.963,0.134,9.948,-0.212,0.089,0.12,2667,0
744835,1.958,-0.132,9.948,-0.163,0.023,0.09,2666,0
744854,1.997,-0.172,9.735,-0.054,-0.009,-0.009,2667,0
744874,1.827,0.038,9.577,-0.01,-0.022,-0.095,2668,0
744895,1.788,0.249,9.366,0.004,-0.021,-0.138,2666,0
744915,1.877,0.508,9.266,0.022,0.001,-0.146,2667,0
744935,2.033,0.831,9.369,0.033,0.005,-0.139,2667,0
744955,2.035,1.094,9.469,0.058,-0.008,-0.135,2667,0
744974,1.968,1.185,9.546,0.095,-0.046,-0.132,2666,0
744995,1.961,1.247,9.471,0.121,-0.064,-0.119,2667,0
745014,1.884,1.391,9.577,0.094,-0.048,-0.069,2666,0
745034,1.856,1.346,9.704,0.031,-0.058,0.026,2667,0
745054,1.97,1.022,9.687,0.013,-0.059,0.108,2667,0
745074,2.014,0.699,9.651,-0.001,-0.05,0.157,2667,0
745094,2.023,0.498,9.558,-0.05,-0.045,0.196,2667,0
745114,2.028,0.359,9.457,-0.082,-0.016,0.212,2666,0
745134,1.942,0.263,9.613,-0.086,-0.002,0.209,2667,0
745155,1.982,0.108,9.651,-0.031,-0.013,0.142,2667,0
745175,1.978,0.127,9.732,0.015,-0.021,0.043,2666,0
745194,2.006,0.271,9.72,0.045,-0.035,-0.026,2666,0
745214,2.064,0.457,9.632,0.071,-0.024,-0.06,2666,0
745234,2.021,0.646,9.598,0.048,-0.033,-0.05,2666,0
745255,2.037,0.658,9.572,0.03,-0.048,-0.049,2665,0
745275,2.037,0.737,9.548,0.054,-0.054,-0.06,2665,0
745294,2.011,0.747,9.565,0.074,-0.055,-0.072,2665,0
745314,1.875,0.788,9.567,0.096,-0.066,-0.087,2664,0
745334,1.846,0.838,9.483,0.091,-0.07,-0.083,2664,0
745355,1.824,0.936,9.424,0.074,-0.056,-0.056,2665,0
745375,1.832,0.984,9.519,0.035,-0.031,-0.01,2666,0
745394,1.846,0.867,9.567,0.002,-0.019,0.046,2667,0
745414,1.999,0.587,9.661,-0.027,-0.006,0.086,2666,0
745435,2.045,0.388,9.728,-0.034,-0.006,0.075,2665,0
745455,2.023,0.328,9.768,0.002,-0.038,0.023,2666,0
745475,2.1,0.314,9.582,0.051,-0.065,-0.034,2667,0
745494,2.148,0.512,9.5,0.065,-0.033,-0.064,2663,0
745514,2.066,0.704,9.586,0.034,0.007,-0.052,2665,0
745534,1.997,0.781,9.685,0.013,-0.008,-0.033,2664,0
745555,2.033,0.723,9.586,0.021,-0.018,-0.027,2665,0
745574,1.946,0.723,9.481,0.023,-0.015,-0.02,2664,0
745594,1.889,0.658,9.443,-0.002,-0.025,0.006,2664,0
745614,1.87,0.543,9.505,0.013,-0.025,0.006,2663,0
745635,1.844,0.555,9.529,0.051,-0.024,-0.0,2661,0
745654,1.894,0.536,9.55,0.057,-0.015,0.002,2663,0
745675,1.875,0.527,9.646,0.044,-0.003,0.002,2662,0
745695,1.903,0.532,9.78,0.024,-0.017,0.016,2662,0
745715,1.978,0.512,9.759,0.041,-0.041,0.024,2660,0
745734,1.927,0.517,9.656,0.063,-0.029,0.019,2660,0
745754,1.846,0.517,9.562,0.073,-0.01,0.015,2662,0
745775,1.915,0.35,9.51,0.064,-0.02,0.022,2661,0
745794,1.975,0.34,9.57,0.051,-0.015,0.023,2660,0
745814,1.98,0.328,9.562,0.057,-0.021,-0.017,2661,0
745834,1.982,0.371,9.45,0.09,-0.001,-0.079,2660,0
745854,1.894,0.498,9.462,0.136,0.022,-0.131,2660,0
745875,1.951,0.646,9.538,0.153,0.002,-0.131,2659,0
745894,2.025,0.783,9.591,0.153,0.011,-0.114,2658,0
745914,2.021,0.907,9.538,0.13,0.041,-0.09,2659,0
745935,1.999,0.95,9.493,0.103,0.085,-0.044,2657,0
745954,1.966,0.982,9.471,0.087,0.141,-0.004,2657,0
745975,1.683,0.833,9.562,0.08,0.203,0.033,2657,0
745994,1.489,0.826,9.565,0.079,0.175,0.067,2655,0
746015,1.63,0.735,9.507,0.064,0.149,0.092,2655,0
746034,1.779,0.704,9.412,0.051,0.235,0.074,2653,0
746054,1.623,0.685,9.723,0.161,0.313,0.011,2651,0
746074,1.429,0.764,10.072,0.307,0.282,0.03,2652,0
746095,1.468,0.888,9.898,0.407,0.21,0.07,2650,0
746114,1.516,0.91,9.383,0.408,0.233,0.07,2648,0
746134,1.595,1.106,8.801,0.327,0.421,0.034,2647,0
746154,1.319,1.314,8.909,0.241,0.705,0.005,2647,0
746174,0.441,1.475,9.807,0.255,0.723,0.146,2643,0
746195,0.22,1.592,10.736,0.177,0.354,0.465,2641,0
746214,0.989,0.663,10.494,0.232,-0.086,0.536,2640,0
746234,1.47,0.606,9.871,0.397,-0.165,0.361,2640,0
746255,1.482,1.056,9.431,0.44,-0.064,0.151,2640,0
746274,1.247,1.262,9.187,0.375,0.086,-0.0,2639,0
746294,0.551,1.437,9.543,0.343,0.184,0.004,2635,0
746314,0.658,1.614,10.015,0.297,-0.055,0.169,2636,0
746335,1.221,1.396,9.955,0.333,-0.233,0.285,2635,0
746354,1.252,1.42,9.555,0.379,-0.228,0.286,2635,0
746374,1.185,1.446,9.354,0.368,-0.141,0.208,2632,0
746394,1.077,1.439,9.222,0.318,-0.01,0.145,2631,0
746415,0.845,1.547,9.266,0.264,0.1,0.126,2631,0
746435,0.766,1.769,9.591,0.257,0.049,0.189,2630,0
746454,0.9,1.779,9.735,0.239,-0.049,0.262,2625,0
746474,1.118,1.791,9.924,0.245,-0.1,0.307,2624,0
746495,1.14,1.671,9.955,0.288,-0.112,0.289,2623,0
746514,1.164,1.578,9.948,0.414,-0.179,0.234,2621,0
746535,1.19,1.604,9.802,0.573,-0.243,0.229,2618,0
746554,1.106,1.939,9.531,0.664,-0.262,0.254,2617,0
746574,1.267,2.102,9.371,0.611,-0.264,0.27,2615,0
746595,1.314,2.203,9.266,0.501,-0.244,0.238,2613,0
746615,1.417,2.356,9.395,0.408,-0.279,0.222,2614,0
746635,1.489,2.368,9.498,0.467,-0.308,0.24,2615,0
746654,1.535,2.772,9.565,0.521,-0.285,0.28,2613,0
746674,1.504,2.95,9.373,0.452,-0.253,0.326,2613,0
746695,1.53,3.127,9.311,0.322,-0.225,0.387,2612,0
746715,1.525,3.024,9.146,0.244,-0.218,0.434,2611,0
746735,1.556,2.689,9.064,0.246,-0.233,0.425,2610,0
746754,1.712,2.598,9.112,0.315,-0.257,0.386,2609,0
746774,1.798,2.914,9.163,0.305,-0.273,0.354,2608,0
746795,2.071,3.045,9.503,0.21,-0.363,0.336,2609,0
746814,2.167,2.658,9.594,0.254,-0.476,0.339,2609,0
746834,2.346,2.559,9.388,0.465,-0.619,0.354,2609,0
746854,2.579,2.526,8.768,0.604,-0.613,0.353,2608,0
746874,2.658,2.533,8.351,0.484,-0.427,0.33,2608,0
746894,2.806,2.421,8.495,0.3,-0.253,0.242,2608,0
746914,2.952,2.121,8.933,0.254,-0.198,0.128,2608,0
746934,2.995,2.081,9.431,0.446,-0.262,0.002,2608,0
746954,2.935,2.416,9.541,0.654,-0.286,-0.1,2608,0
746975,2.818,2.938,9.402,0.682,-0.278,-0.175,2607,0
746995,3.273,3.345,8.887,0.637,-0.371,-0.248,2607,0
747014,4.073,3.582,9.254,0.71,-0.351,-0.331,2608,0
747035,4.092,3.8,10.12,1.128,-0.132,-0.377,2611,0
747055,3.867,4.379,10.815,1.765,0.025,-0.444,2612,0
747075,3.716,5.289,10.063,2.474,-0.089,-0.516,2614,0
747094,3.874,6.716,8.665,3.115,-0.393,-0.698,2618,0
747115,3.548,7.235,7.448,3.745,-0.561,-0.991,2617,0
747134,3.247,7.831,6.582,4.383,-0.669,-1.269,2621,0
747154,2.677,8.368,5.586,4.846,-0.715,-1.353,2623,0
747174,2.397,9.091,4.202,5.073,-0.737,-1.274,2625,0
747194,2.124,9.222,2.775,5.061,-0.819,-1.2,2624,0
747214,1.614,9.045,1.674,4.866,-0.911,-1.164,2625,0
747235,1.561,8.602,0.747,4.601,-0.942,-1.156,2630,0
747254,1.48,8.222,0.043,4.544,-0.649,-1.248,2635,0
747274,0.828,8.267,-0.541,4.669,-0.242,-1.398,2636,0
747295,0.275,8.497,-0.948,4.661,-0.12,-1.488,2640,0
747315,0.201,9.108,-1.257,4.207,-0.117,-1.481,2639,0
747335,0.06,9.213,-0.871,3.361,-0.079,-1.334,2641,0
747354,-0.287,8.638,-0.575,2.769,-0.043,-1.185,2641,0
747374,-0.563,8.217,-0.718,2.495,-0.124,-1.086,2645,0
747395,0.022,8.787,-0.618,2.198,-0.259,-1.111,2645,0
747414,2.088,8.768,0.431,1.734,0.381,-1.038,2645,0
747434,0.184,8.001,1.75,1.987,0.771,-1.402,2646,0
747454,-1.973,7.398,0.441,2.747,-0.006,-1.89,2646,0
747475,-2.66,9.172,-2.88,2.751,-0.925,-1.89,2647,0
747494,-2.583,10.297,-5.217,1.601,-1.075,-1.326,2655,0
747515,-3.282,9.06,-6.213,0.368,-0.749,-0.553,2663,0
747534,-3.266,7.429,-6.464,-0.112,-0.383,-0.134,2663,0
747555,-2.784,6.424,-6.268,-0.136,-0.175,-0.173,2664,0
747574,-1.954,6.503,-5.531,0.026,0.004,-0.444,2665,0
747594,-1.384,7.106,-4.896,0.245,0.087,-0.705,2664,0
747614,-0.761,7.954,-4.547,0.487,0.135,-0.988,2665,0
747635,-0.778,8.226,-4.322,0.723,0.235,-1.313,2666,0
747654,-1.985,8.492,-4.585,0.977,0.239,-1.493,2664,0
747675,-3.409,9.34,-5.495,0.89,-0.097,-1.315,2663,0
747694,-4.027,9.804,-6.5,0.416,-0.376,-0.837,2664,0
747715,-3.51,9.412,-6.979,-0.195,-0.303,-0.387,2667,0
747734,-2.866,8.669,-6.615,-0.591,0.076,-0.079,2666,0
747755,-3.213,8.224,-5.717,-0.596,0.314,0.087,2664,0
747774,-2.909,8.6,-5.131,-0.533,0.149,0.267,2662,0
747795,-2.377,8.748,-4.736,-0.62,0.218,0.533,2661,0
747814,-2.473,8.104,-4.678,-0.443,0.306,0.359,2660,0
747834,-2.387,7.772,-4.879,-0.109,0.333,-0.039,2657,0
747854,-2.478,8.023,-5.021,0.01,0.491,-0.178,2652,0
747875,-3.096,8.715,-5.171,0.224,0.493,-0.281,2648,0
747894,-3.333,8.935,-5.875,0.279,0.428,-0.272,2644,0
747915,-3.11,8.885,-6.294,-0.087,0.638,0.022,2635,0
747935,-2.624,8.861,-5.978,-0.614,1.003,0.42,2626,0
747954,-2.339,8.459,-5.219,-1.046,1.316,0.743,2609,0
747974,-2.49,7.829,-4.3,-1.118,1.283,0.762,2584,0
747995,-2.09,7.587,-4.24,-0.764,0.909,0.523,2553,0
748015,-1.401,8.021,-4.532,-0.459,0.76,0.24,2533,0
748035,-1.092,8.394,-4.731,-0.476,1.088,0.174,2508,0
748054,-1.219,8.95,-4.29,-0.758,1.375,0.28,2469,0
748074,-1.755,9.136,-3.867,-1.069,1.075,0.377,2430,0
748094,-1.341,8.61,-3.63,-1.198,0.642,0.457,2403,0
748115,-0.682,8.104,-2.907,-1.251,0.572,0.527,2381,0
748135,-0.632,7.819,-3.151,-1.106,0.778,0.383,2357,0
748154,-0.924,7.673,-2.969,-0.893,0.85,0.067,2334,0
748174,-0.852,8.001,-2.849,-0.616,0.875,-0.269,2316,0
748195,-1.245,8.77,-2.186,-0.43,1.016,-0.443,2300,0
748214,-1.061,9.201,-1.642,-0.094,0.918,-0.513,2287,0
748235,-0.567,9.811,-1.798,0.165,0.839,-0.576,2269,0
748254,-0.462,10.321,-2.282,0.309,0.796,-0.625,2257,0
748275,-0.922,10.848,-2.782,0.042,0.752,-0.506,2252,0
748294,-1.25,11.21,-2.722,-0.625,0.5,-0.318,2247,0
748315,-1.638,10.961,-2.567,-1.083,0.237,-0.123,2245,0
748334,-0.977,10.453,-2.598,-1.025,0.018,-0.005,2247,0
748355,-0.469,10.331,-2.464,-0.791,0.049,0.133,2250,0
748374,-0.045,10.444,-2.274,-0.696,0.049,0.179,2255,0
748394,-0.077,10.681,-2.047,-0.941,-0.008,0.244,2260,0
748414,-0.871,10.733,-1.908,-1.481,-0.255,0.38,2270,0
748435,-1.01,9.941,-1.726,-1.843,-0.403,0.523,2284,0
748454,-0.862,9.237,-1.075,-1.807,-0.27,0.575,2296,0
748475,-1.065,9.172,-0.826,-1.522,-0.083,0.487,2310,0
748494,-1.571,9.893,-1.176,-1.347,-0.025,0.399,2325,0
748514,-1.674,10.477,-1.393,-1.64,-0.008,0.426,2338,0
748534,-1.288,10.309,-1.233,-2.092,0.178,0.559,2351,0
748554,-0.754,9.591,-0.733,-2.337,0.541,0.684,2353,0
748574,-0.46,9.507,0.134,-2.382,0.973,0.824,2353,0
748595,-0.409,9.744,1.286,-2.288,1.121,0.882,2352,0
748614,-0.194,9.814,1.992,-2.289,1.06,0.933,2351,0
748634,0.12,9.594,2.636,-2.346,0.936,0.935,2356,0
748654,0.144,9.33,2.986,-2.395,0.801,0.92,2360,0
748675,0.105,8.815,3.122,-2.481,0.706,0.942,2366,0
748695,0.328,8.554,3.46,-2.475,0.624,0.923,2368,0
748714,0.642,8.09,4.003,-2.45,0.51,0.86,2368,0
748735,0.855,7.733,4.571,-2.402,0.463,0.694,2367,0
748755,0.816,7.219,5.193,-2.345,0.398,0.554,2366,0
748774,0.725,6.682,5.547,-2.186,0.24,0.491,2366,0
748794,0.608,6.175,5.653,-1.897,0.048,0.398,2366,0
748814,0.572,5.605,5.567,-1.515,-0.153,0.217,2364,0
748835,0.979,5.138,5.38,-1.107,-0.242,-0.004,2366,0
748854,0.927,4.949,5.25,-0.676,-0.285,-0.207,2368,0
748875,0.668,5.025,5.018,-0.284,-0.415,-0.415,2375,0
748894,0.737,5.382,4.81,-0.043,-0.442,-0.587,2383,0
748914,1.018,6.014,4.731,0.044,-0.225,-0.684,2386,0
748934,1.065,6.038,4.93,-0.035,-0.021,-0.689,2396,0
748955,1.214,5.871,5.016,-0.03,0.136,-0.729,2404,0
748975,1.597,6.026,5.31,0.083,0.378,-0.876,2414,0
748994,1.671,6.764,5.854,0.2,0.765,-1.081,2416,0
749014,1.094,8.068,6.649,0.231,1.177,-1.192,2415,0
749034,0.309,8.914,7.427,0.139,1.314,-1.111,2414,0
749055,0.036,9.402,7.956,-0.004,1.144,-0.922,2416,0
749074,0.18,9.17,8.291,-0.169,0.913,-0.804,2417,0
749094,0.062,8.698,8.392,-0.234,0.786,-0.789,2418,0
749114,-0.338,8.126,8.301,-0.195,0.633,-0.768,2416,0
749134,-0.752,7.566,8.045,-0.079,0.449,-0.744,2416,0
749155,-1.135,7.19,7.76,0.052,0.277,-0.791,2417,0
749175,-1.796,7.649,7.477,-0.044,0.114,-0.766,2415,0
749194,-2.136,7.611,7.142,-0.329,-0.092,-0.671,2415,0
749214,-2.145,7.163,7.003,-0.418,-0.188,-0.675,2412,0
749234,-2.152,6.974,6.893,-0.215,-0.169,-0.766,2415,0
749254,-2.356,6.943,6.8,0.114,-0.091,-0.839,2415,0
749275,-2.473,7.228,6.771,0.467,-0.033,-0.871,2415,0
749294,-2.672,7.8,6.529,0.697,0.01,-0.861,2415,0
749314,-2.842,8.27,6.306,0.628,-0.013,-0.741,2415,0
749335,-2.78,8.332,6.115,0.436,-0.042,-0.574,2415,0
749354,-2.66,7.908,6.019,0.296,-0.045,-0.443,2417,0
749375,-2.547,7.429,5.942,0.278,-0.011,-0.37,2417,0
749394,-2.488,7.061,6.026,0.347,0.029,-0.346,2420,0
749415,-2.488,6.979,6.141,0.43,0.048,-0.328,2422,0
749434,-2.557,7.211,6.002,0.38,0.043,-0.306,2431,0
749455,-2.617,7.357,5.964,0.201,0.045,-0.259,2438,0
749474,-2.646,7.324,6.103,0.056,0.038,-0.215,2447,0
749494,-2.713,7.235,6.194,0.016,0.013,-0.181,2461,0
749514,-2.746,7.18,6.223,0.078,-0.015,-0.158,2465,0
749534,-2.84,7.113,6.206,0.195,-0.022,-0.161,2468,0
749555,-2.899,7.118,6.194,0.309,-0.035,-0.173,2472,0
749574,-2.933,7.128,6.112,0.373,-0.055,-0.186,2471,0
749594,-2.94,7.163,5.978,0.38,-0.071,-0.191,2470,0
749615,-2.94,7.228,5.89,0.37,-0.084,-0.183,2471,0
749634,-2.926,7.338,5.816,0.364,-0.088,-0.164,2474,0
749654,-2.935,7.439,5.734,0.348,-0.08,-0.138,2473,0
749675,-2.947,7.475,5.672,0.317,-0.074,-0.107,2474,0
749695,-2.962,7.535,5.619,0.281,-0.062,-0.081,2476,0
749714,-2.976,7.499,5.595,0.244,-0.054,-0.055,2477,0
749734,-2.976,7.482,5.593,0.207,-0.053,-0.034,2478,0
749754,-2.983,7.479,5.583,0.178,-0.044,-0.025,2480,0
749774,-2.983,7.463,5.629,0.163,-0.027,-0.018,2480,0
749794,-2.995,7.448,5.6,0.18,-0.023,-0.014,2480,0
749814,-2.969,7.47,5.6,0.211,-0.031,-0.007,2482,0
749834,-2.935,7.506,5.571,0.254,-0.035,-0.011,2485,0
749855,-2.895,7.535,5.519,0.294,-0.038,-0.016,2484,0
749875,-2.89,7.578,5.418,0.323,-0.035,-0.017,2484,0
749895,-2.899,7.594,5.38,0.335,-0.047,-0.013,2482,0
749915,-2.883,7.63,5.291,0.329,-0.053,-0.013,2486,0
749935,-2.914,7.676,5.234,0.298,-0.047,-0.013,2487,0
749954,-2.938,7.721,5.169,0.272,-0.037,-0.01,2487,0
749975,-2.952,7.74,5.124,0.263,-0.024,-0.01,2489,0
749994,-2.942,7.791,5.085,0.259,-0.018,-0.009,2491,0
750015,-2.923,7.853,5.061,0.234,-0.009,0.0,2493,0
750035,-2.904,7.867,5.08,0.185,0.003,0.014,2494,0
750055,-2.911,7.793,5.013,0.135,0.005,0.026,2495,0
750075,-2.907,7.755,5.045,0.12,0.012,0.022,2497,0
750094,-2.94,7.717,5.011,0.123,0.03,0.012,2500,0
750115,-2.99,7.733,5.028,0.115,0.04,0.003,2501,0
750135,-3.005,7.81,5.04,0.09,0.035,-0.001,2501,0
750154,-2.966,7.824,5.088,0.064,0.032,0.001,2506,0
750174,-2.959,7.846,5.035,0.064,0.033,-0.002,2506,0
750195,-2.966,7.853,5.023,0.089,0.038,-0.007,2508,0
750214,-3.048,7.865,4.99,0.114,0.038,-0.0,2510,0
750235,-3.086,7.846,4.949,0.126,0.023,0.011,2511,0
750254,-3.074,7.851,4.903,0.118,0.019,0.015,2511,0
750274,-3.067,7.851,4.918,0.083,0.022,0.019,2512,0
750295,-3.053,7.865,4.903,0.053,0.031,0.02,2512,0
750314,-3.041,7.831,4.901,0.03,0.035,0.023,2511,0
750335,-3.031,7.793,4.882,0.027,0.037,0.018,2512,0
750354,-3.021,7.8,4.867,0.02,0.046,0.014,2512,0
750375,-3.057,7.829,4.942,-0.003,0.056,0.007,2514,0
750394,-3.077,7.841,4.992,-0.026,0.057,0.006,2513,0
750415,-3.084,7.841,5.03,-0.03,0.039,0.01,2516,0
750435,-3.108,7.81,5.066,-0.011,0.025,0.009,2516,0
750454,-3.132,7.791,5.028,0.018,0.015,0.003,2519,0
750475,-3.168,7.812,5.018,0.038,0.012,0.006,2519,0
750495,-3.184,7.803,4.987,0.021,0.013,0.012,2520,0
750515,-3.165,7.755,4.98,-0.007,0.012,0.015,2523,0
750534,-3.134,7.712,4.963,-0.008,0.013,0.009,2522,0
750554,-3.127,7.788,4.987,0.024,0.018,0.001,2521,0
750574,-3.134,7.853,4.98,0.037,0.033,0.012,2521,0
750594,-3.148,7.831,4.98,0.032,0.033,0.025,2522,0
750614,-3.12,7.75,5.004,0.043,0.021,0.033,2522,0
750634,-3.12,7.695,5.03,0.064,0.019,0.025,2522,0
750655,-3.153,7.69,5.006,0.082,0.021,0.011,2520,0
750674,-3.163,7.726,5.013,0.085,0.026,-0.0,2523,0
750695,-3.16,7.781,5.016,0.078,0.023,-0.008,2521,0
750715,-3.146,7.822,5.001,0.087,0.014,-0.006,2519,0
750734,-3.16,7.796,5.001,0.096,0.011,-0.002,2521,0
750755,-3.182,7.812,4.994,0.099,0.002,0.009,2521,0
750775,-3.177,7.803,4.978,0.08,0.003,0.016,2521,0
750794,-3.187,7.752,4.966,0.06,0.001,0.019,2520,0
750815,-3.175,7.721,4.951,0.082,-0.011,0.007,2520,0
750835,-3.136,7.807,4.942,0.11,-0.013,-0.001,2522,0
750855,-3.156,7.86,4.949,0.108,-0.012,0.008,2521,0
750874,-3.175,7.865,4.93,0.102,-0.025,0.01,2522,0
750894,-3.17,7.843,4.915,0.098,-0.037,0.005,2522,0
750914,-3.134,7.815,4.949,0.103,-0.043,0.001,2521,0
750934,-3.158,7.834,4.858,0.104,-0.039,0.001,2522,0
750954,-3.141,7.834,4.822,0.104,-0.034,-0.003,2523,0
750974,-3.148,7.848,4.82,0.104,-0.034,-0.006,2523,0
750995,-3.158,7.879,4.82,0.103,-0.041,-0.006,2525,0
751014,-3.144,7.951,4.812,0.081,-0.046,-0.004,2525,0
751034,-3.165,7.92,4.846,0.013,-0.039,0.01,2526,0
751055,-3.175,7.772,4.884,-0.06,-0.033,0.011,2525,0
751074,-3.17,7.695,4.961,-0.087,-0.034,-0.002,2526,0
751094,-3.163,7.762,5.021,-0.107,-0.03,-0.006,2525,0
751114,-3.122,7.764,5.088,-0.129,-0.031,-0.001,2526,0
751135,-3.084,7.719,5.09,-0.09,-0.052,-0.007,2527,0
751154,-3.012,7.774,5.045,0.011,-0.081,-0.023,2526,0
751175,-2.993,7.877,4.958,0.115,-0.093,-0.035,2525,0
751194,-3.036,7.87,4.76,0.191,-0.096,-0.042,2526,0
751214,-3.098,7.901,4.587,0.249,-0.099,-0.06,2525,0
751234,-3.199,8.021,4.453,0.264,-0.083,-0.078,2525,0
751254,-3.314,8.133,4.429,0.207,-0.057,-0.071,2525,0
751274,-3.397,8.162,4.432,0.102,-0.034,-0.042,2527,0
751295,-3.433,8.083,4.48,-0.002,-0.023,-0.007,2526,0
751315,-3.381,7.98,4.602,-0.084,0.003,0.019,2529,0
751334,-3.297,7.913,4.817,-0.138,0.036,0.035,2528,0
751354,-3.242,7.798,5.004,-0.154,0.047,0.047,2528,0
751374,-3.124,7.671,5.124,-0.111,0.022,0.044,2528,0
751395,-3.005,7.659,5.164,0.008,-0.013,0.015,2528,0
751415,-2.983,7.752,5.085,0.125,-0.038,-0.009,2527,0
751434,-2.993,7.817,4.918,0.191,-0.054,-0.028,2529,0
751455,-3.048,7.836,4.755,0.211,-0.061,-0.045,2529,0
751474,-3.12,7.882,4.606,0.195,-0.057,-0.05,2527,0
751494,-3.156,7.985,4.559,0.112,-0.026,-0.038,2527,0
751515,-3.249,7.956,4.642,-0.017,0.012,-0.016,2528,0
751534,-3.27,7.846,4.745,-0.085,0.017,-0.007,2527,0
751554,-3.261,7.772,4.882,-0.078,0.015,-0.006,2528,0
751574,-3.247,7.793,4.968,-0.016,0.014,-0.01,2528,0
751595,-3.261,7.839,4.973,0.056,0.004,-0.013,2527,0
751615,-3.242,7.927,4.958,0.085,-0.009,-0.011,2527,0
751634,-3.223,7.906,4.932,0.06,-0.025,0.002,2527,0
751654,-3.199,7.779,4.877,0.033,-0.038,0.005,2525,0
751674,-3.203,7.721,4.848,0.05,-0.043,-0.008,2526,0
751695,-3.235,7.781,4.82,0.087,-0.032,-0.017,2529,0
751714,-3.261,7.86,4.776,0.097,-0.022,-0.019,2528,0
751735,-3.256,7.903,4.767,0.09,-0.025,-0.014,2526,0
751754,-3.261,7.949,4.767,0.081,-0.024,-0.003,2527,0
751774,-3.306,7.896,4.755,0.065,-0.019,0.001,2528,0
751795,-3.314,7.843,4.776,0.053,-0.019,-0.006,2526,0
751815,-3.323,7.872,4.784,0.036,-0.021,-0.012,2527,0
751835,-3.256,7.882,4.853,0.019,-0.029,-0.006,2527,0
751854,-3.215,7.86,4.824,0.032,-0.045,-0.005,2525,0
751874,-3.179,7.887,4.803,0.057,-0.045,-0.003,2526,0
751894,-3.203,7.863,4.755,0.075,-0.04,0.0,2528,0
751914,-3.215,7.973,4.717,0.089,-0.03,-0.006,2526,0
751934,-3.292,7.961,4.764,-0.001,-0.009,0.017,2527,0
751954,-3.309,7.728,4.822,-0.067,-0.025,0.02,2527,0
751974,-3.249,7.755,4.946,-0.082,-0.026,0.005,2528,0
751995,-3.278,7.834,5.023,-0.112,-0.009,0.011,2528,0
752015,-3.294,7.745,5.128,-0.163,-0.02,0.025,2526,0
752035,-3.247,7.635,5.219,-0.16,-0.062,0.023,2527,0
752055,-3.153,7.592,5.162,-0.06,-0.096,-0.004,2526,0
752074,-3.096,7.647,5.021,0.116,-0.122,-0.035,2525,0
752095,-3.053,7.831,4.769,0.266,-0.128,-0.05,2526,0
752115,-3.079,7.987,4.499,0.336,-0.114,-0.057,2526,0
752134,-3.156,8.128,4.35,0.296,-0.083,-0.054,2528,0
752154,-3.29,8.171,4.257,0.159,-0.051,-0.033,2525,0
752174,-3.366,8.08,4.319,-0.011,-0.027,-0.006,2528,0
752194,-3.395,7.91,4.525,-0.122,0.004,0.01,2529,0
752215,-3.407,7.839,4.726,-0.152,0.027,0.019,2527,0
752235,-3.373,7.836,4.918,-0.136,0.028,0.029,2527,0
752254,-3.302,7.817,5.078,-0.101,0.026,0.027,2524,0
752275,-3.235,7.781,5.186,-0.06,0.016,0.03,2527,0
752295,-3.17,7.661,5.217,-0.016,-0.013,0.027,2526,0
752314,-3.11,7.642,5.162,0.031,-0.039,0.014,2526,0
752334,-3.11,7.623,5.109,0.056,-0.055,-0.006,2526,0
752354,-3.151,7.599,5.025,0.071,-0.066,-0.022,2526,0
752374,-3.196,7.638,4.889,0.08,-0.075,-0.041,2526,0
752394,-3.199,7.769,4.767,0.079,-0.076,-0.058,2525,0
752415,-3.254,7.903,4.731,0.064,-0.063,-0.059,2524,0
752435,-3.266,8.028,4.695,0.049,-0.051,-0.044,2526,0
752455,-3.242,8.009,4.64,0.039,-0.038,-0.026,2525,0
752474,-3.251,7.932,4.666,0.034,-0.009,-0.008,2525,0
752495,-3.318,7.855,4.719,0.021,0.003,0.005,2526,0
752515,-3.302,7.798,4.764,-0.002,0.003,0.003,2525,0
752535,-3.275,7.815,4.846,-0.024,0.022,-0.001,2527,0
752555,-3.328,7.791,4.954,-0.06,0.039,0.006,2526,0
752575,-3.402,7.748,5.112,-0.071,0.021,0.005,2527,0
752594,-3.383,7.714,5.188,-0.036,-0.011,-0.001,2524,0
752614,-3.321,7.714,5.212,0.035,-0.039,-0.002,2525,0
752635,-3.266,7.69,5.107,0.091,-0.054,-0.001,2525,0
752654,-3.179,7.671,4.99,0.117,-0.069,-0.01,2524,0
752674,-3.122,7.728,4.834,0.111,-0.081,-0.016,2525,0
752694,-3.072,7.731,4.736,0.092,-0.072,-0.025,2524,0
752715,-3.1,7.798,4.693,0.078,-0.046,-0.036,2525,0
752734,-3.191,7.896,4.671,0.048,-0.025,-0.039,2525,0
752755,-3.273,7.906,4.741,-0.002,-0.021,-0.027,2523,0
752774,-3.314,7.831,4.798,-0.044,-0.019,-0.018,2524,0
752794,-3.369,7.74,4.911,-0.068,-0.009,-0.015,2524,0
752814,-3.393,7.693,4.994,-0.079,0.002,-0.013,2524,0
752834,-3.409,7.654,5.083,-0.073,0.003,-0.015,2523,0
752854,-3.405,7.673,5.15,-0.038,-0.006,-0.018,2522,0
752874,-3.357,7.628,5.164,-0.004,-0.019,-0.008,2522,0
752894,-3.338,7.611,5.116,0.044,-0.034,-0.019,2523,0
752914,-3.318,7.657,5.035,0.06,-0.034,-0.022,2521,0
752934,-3.354,7.628,4.958,0.053,-0.026,-0.018,2522,0
752954,-3.381,7.649,4.978,0.046,-0.031,-0.021,2523,0
752974,-3.395,7.719,4.97,0.043,-0.035,-0.027,2522,0
752994,-3.376,7.817,4.963,0.043,-0.035,-0.028,2523,0
753014,-3.338,7.819,4.956,0.046,-0.042,-0.013,2523,0
753034,-3.287,7.752,4.934,0.066,-0.046,-0.006,2525,0
753055,-3.282,7.728,4.851,0.082,-0.04,-0.005,2522,0
753074,-3.278,7.721,4.836,0.07,-0.027,-0.002,2523,0
753094,-3.297,7.719,4.887,0.039,-0.017,0.0,2524,0
753114,-3.311,7.685,4.949,0.019,-0.011,-0.0,2523,0
753134,-3.323,7.702,4.966,0.021,-0.013,-0.004,2524,0
753155,-3.361,7.726,5.021,0.023,-0.013,-0.004,2522,0
753175,-3.4,7.712,5.042,0.029,-0.022,-0.002,2523,0
753194,-3.443,7.633,5.064,-0.005,-0.019,0.008,2523,0
753214,-3.472,7.539,5.092,-0.027,-0.025,0.006,2523,0
753234,-3.448,7.556,5.104,0.015,-0.028,-0.008,2521,0
753255,-3.402,7.669,5.116,0.081,-0.034,-0.005,2522,0
753275,-3.385,7.776,5.016,0.127,-0.041,-0.002,2523,0
753294,-3.335,7.829,4.973,0.134,-0.048,0.001,2523,0
753314,-3.316,7.807,4.858,0.115,-0.051,0.007,2523,0
753334,-3.278,7.733,4.798,0.082,-0.05,0.007,2523,0
753354,-3.254,7.69,4.772,0.047,-0.041,0.002,2523,0
753374,-3.278,7.683,4.815,0.008,-0.022,-0.002,2522,0
753395,-3.316,7.69,4.884,-0.015,-0.011,-0.006,2524,0
753414,-3.342,7.721,4.966,-0.019,-0.009,-0.011,2520,0
753434,-3.347,7.745,5.021,-0.002,-0.014,-0.005,2523,0
753455,-3.33,7.764,5.045,0.023,-0.021,0.001,2522,0
753475,-3.347,7.731,5.021,0.041,-0.029,0.001,2523,0
753494,-3.34,7.697,4.99,0.055,-0.046,0.001,2521,0
753515,-3.333,7.69,4.973,0.072,-0.051,0.002,2521,0
753535,-3.357,7.652,4.927,0.071,-0.051,-0.003,2522,0
753554,-3.357,7.702,4.906,0.055,-0.059,-0.016,2522,0
753574,-3.311,7.757,4.903,0.029,-0.05,-0.019,2521,0
753594,-3.306,7.767,4.918,0.026,-0.042,-0.011,2522,0
753614,-3.306,7.781,4.913,0.042,-0.038,-0.003,2523,0
753634,-3.294,7.774,4.913,0.05,-0.031,0.005,2523,0
753654,-3.294,7.7,4.903,0.044,-0.023,0.008,2521,0
753674,-3.33,7.666,4.922,0.033,-0.02,0.005,2524,0
753694,-3.333,7.666,4.954,0.017,-0.021,0.0,2523,0
753714,-3.349,7.705,4.992,0.006,-0.018,-0.001,2525,0
753735,-3.354,7.724,5.047,0.007,-0.019,-0.002,2523,0
753755,-3.345,7.76,5.042,0.027,-0.033,-0.005,2523,0
753775,-3.39,7.721,4.999,0.042,-0.051,-0.002,2524,0
753794,-3.366,7.7,4.934,0.066,-0.058,-0.005,2524,0
753815,-3.357,7.733,4.887,0.068,-0.037,-0.003,2524,0
753834,-3.378,7.717,4.887,0.037,-0.027,0.008,2523,0
753855,-3.34,7.681,4.961,0.021,-0.029,0.005,2523,0
753874,-3.328,7.64,4.973,0.022,-0.025,0.005,2525,0
753894,-3.354,7.649,4.982,0.031,-0.021,0.002,2523,0
753914,-3.366,7.661,4.982,0.037,-0.025,-0.005,2526,0
753934,-3.393,7.693,5.006,0.039,-0.031,-0.009,2524,0
753954,-3.405,7.736,4.987,0.043,-0.032,-0.009,2525,0
753974,-3.412,7.743,4.99,0.038,-0.03,0.0,2525,0
753994,-3.407,7.705,4.98,0.024,-0.03,0.008,2523,0
754015,-3.397,7.671,4.99,0.023,-0.027,0.007,2523,0
754035,-3.371,7.642,5.061,0.04,-0.028,0.005,2524,0
754055,-3.371,7.659,5.052,0.047,-0.03,0.005,2524,0
754075,-3.371,7.712,5.045,0.072,-0.043,-0.002,2524,0
754095,-3.373,7.685,5.035,0.075,-0.048,0.006,2524,0
754114,-3.383,7.666,5.009,0.076,-0.062,-0.002,2522,0
754135,-3.33,7.728,4.951,0.072,-0.066,-0.008,2524,0
754154,-3.309,7.712,4.884,0.072,-0.056,-0.005,2523,0
754175,-3.321,7.738,4.848,0.075,-0.044,-0.007,2524,0
754194,-3.371,7.767,4.829,0.064,-0.033,0.001,2523,0
754215,-3.364,7.74,4.853,0.04,-0.021,0.011,2523,0
754234,-3.388,7.719,4.911,0.033,-0.013,0.013,2523,0
754254,-3.376,7.769,4.908,0.048,-0.015,0.011,2524,0
754274,-3.354,7.829,4.932,0.054,-0.015,0.015,2523,0
754294,-3.34,7.822,4.954,0.034,-0.014,0.023,2524,0
754314,-3.314,7.74,4.98,0.02,-0.02,0.024,2525,0
754335,-3.306,7.657,4.978,0.021,-0.03,0.019,2525,0
754354,-3.311,7.618,4.985,0.037,-0.035,0.009,2526,0
754375,-3.266,7.666,4.934,0.052,-0.035,-0.003,2523,0
754394,-3.273,7.721,4.92,0.056,-0.032,-0.008,2525,0
754414,-3.306,7.781,4.939,0.058,-0.035,-0.008,2523,0
754434,-3.28,7.827,4.925,0.06,-0.042,-0.007,2524,0
754455,-3.268,7.798,4.908,0.039,-0.047,-0.0,2525,0
754474,-3.27,7.714,4.891,0.027,-0.055,-0.001,2524,0
754495,-3.27,7.678,4.867,0.035,-0.057,-0.011,2523,0
754514,-3.29,7.721,4.841,0.04,-0.046,-0.018,2524,0
754535,-3.316,7.774,4.889,0.022,-0.025,-0.019,2524,0
754554,-3.349,7.796,4.944,0.008,-0.017,-0.013,2524,0
754575,-3.361,7.748,4.975,0.004,-0.025,-0.003,2523,0
754595,-3.361,7.666,4.987,0.017,-0.031,-0.002,2524,0
754615,-3.366,7.69,5.011,0.028,-0.02,-0.006,2524,0
754634,-3.381,7.69,5.025,0.002,-0.016,0.001,2524,0
754654,-3.34,7.628,5.083,0.006,-0.029,-0.002,2524,0
754674,-3.354,7.623,5.073,0.051,-0.041,-0.014,2524,0
754695,-3.402,7.755,5.013,0.09,-0.052,-0.017,2525,0
754714,-3.388,7.831,4.911,0.075,-0.056,-0.015,2523,0
754734,-3.352,7.769,4.879,0.046,-0.05,-0.007,2523,0
754755,-3.328,7.7,4.87,0.045,-0.044,-0.006,2523,0
754775,-3.318,7.712,4.848,0.043,-0.03,-0.008,2524,0
754795,-3.326,7.731,4.903,0.021,-0.015,-0.003,2523,0
754815,-3.357,7.7,4.939,0.012,-0.015,0.0,2522,0
754834,-3.359,7.697,4.994,0.018,-0.017,-0.005,2525,0
754854,-3.393,7.743,5.045,0.014,-0.018,-0.002,2524,0
754874,-3.395,7.7,5.057,0.0,-0.025,0.005,2524,0
754895,-3.39,7.606,5.064,0.02,-0.038,0.004,2524,0
754914,-3.388,7.621,5.047,0.064,-0.049,-0.005,2524,0
754934,-3.393,7.695,4.999,0.098,-0.053,-0.009,2523,0
754954,-3.371,7.786,4.927,0.103,-0.047,-0.005,2524,0
754974,-3.302,7.755,4.882,0.081,-0.046,0.007,2525,0
754995,-3.268,7.74,4.851,0.067,-0.043,0.003,2524,0
755014,-3.29,7.712,4.87,0.039,-0.035,0.007,2524,0
755035,-3.306,7.63,4.889,0.015,-0.029,0.003,2524,0
755055,-3.338,7.638,4.951,0.007,-0.026,-0.007,2524,0
755074,-3.373,7.697,4.982,0.016,-0.023,-0.007,2523,0
755094,-3.378,7.748,5.018,0.039,-0.024,-0.01,2523,0
755114,-3.407,7.774,4.982,0.055,-0.031,-0.005,2524,0
755134,-3.4,7.748,4.946,0.044,-0.038,0.004,2523,0
755154,-3.39,7.673,4.894,0.024,-0.036,0.003,2525,0
755174,-3.395,7.657,4.884,0.03,-0.029,-0.005,2526,0
755195,-3.354,7.714,4.884,0.06,-0.022,-0.005,2525,0
755214,-3.352,7.803,4.899,0.083,-0.019,-0.001,2523,0
755235,-3.304,7.858,4.891,0.078,-0.024,0.009,2522,0
755254,-3.275,7.8,4.882,0.051,-0.021,0.017,2523,0
755275,-3.299,7.69,4.891,0.039,-0.018,0.015,2524,0
755294,-3.299,7.614,4.896,0.047,-0.02,0.006,2524,0
755314,-3.309,7.659,4.932,0.055,-0.024,-0.012,2525,0
755334,-3.321,7.757,4.932,0.043,-0.019,-0.019,2523,0
755354,-3.376,7.784,4.932,0.018,-0.018,-0.012,2524,0
755374,-3.39,7.731,4.963,0.015,-0.025,-0.007,2525,0
755394,-3.383,7.702,4.97,0.045,-0.034,-0.005,2525,0
755414,-3.417,7.705,4.97,0.08,-0.037,-0.004,2523,0
755434,-3.424,7.707,4.903,0.109,-0.046,-0.01,2524,0
755454,-3.419,7.745,4.906,0.112,-0.051,-0.014,2524,0
755474,-3.338,7.764,4.875,0.094,-0.054,-0.011,2524,0
755494,-3.304,7.635,4.882,0.112,-0.051,-0.012,2521,0
755515,-3.177,7.558,4.963,0.193,-0.027,-0.028,2523,0
755534,-3.16,7.609,5.04,0.272,-0.002,-0.053,2522,0
755554,-3.175,7.626,5.059,0.31,-0.005,-0.071,2522,0
755574,-3.22,7.602,5.011,0.331,-0.034,-0.095,2522,0
755594,-3.259,7.592,4.925,0.355,-0.058,-0.119,2521,0
755615,-3.342,7.611,4.822,0.362,-0.064,-0.14,2521,0
755634,-3.428,7.707,4.707,0.372,-0.07,-0.163,2522,0
755655,-3.512,7.846,4.556,0.382,-0.088,-0.175,2522,0
755675,-3.57,8.009,4.422,0.394,-0.1,-0.178,2520,0
755695,-3.627,8.049,4.252,0.39,-0.099,-0.163,2525,0
755714,-3.649,8.1,4.18,0.393,-0.08,-0.153,2521,0
755735,-3.687,8.171,4.058,0.354,-0.055,-0.134,2521,0
755754,-3.721,8.255,4.02,0.263,-0.038,-0.099,2521,0
755775,-3.776,8.226,4.082,0.153,-0.032,-0.055,2522,0
755795,-3.788,8.164,4.152,0.055,-0.04,-0.026,2522,0
755815,-3.768,8.083,4.3,0.013,-0.058,0.002,2522,0
755834,-3.68,8.059,4.448,0.026,-0.082,0.024,2521,0
755854,-3.587,8.011,4.523,0.07,-0.088,0.027,2522,0
755874,-3.551,8.054,4.812,0.142,-0.086,0.041,2523,0
755894,-3.673,8.088,5.15,0.308,-0.129,0.06,2520,0
755914,-3.733,8.229,5.114,0.564,-0.249,0.09,2521,0
755934,-3.709,8.763,4.81,0.82,-0.33,0.114,2523,0
755954,-3.852,9.436,4.741,0.869,-0.348,0.18,2523,0
755975,-4.099,9.747,5.169,0.775,-0.355,0.324,2523,0
755994,-4.247,9.804,5.526,0.763,-0.422,0.505,2522,0
756014,-4.319,10.123,5.99,0.902,-0.536,0.725,2522,0
756034,-4.341,10.259,5.928,1.112,-0.697,0.867,2522,0
756054,-4.468,10.635,5.787,1.199,-0.822,0.917,2521,0
756075,-4.568,11.109,5.873,0.952,-0.937,1.059,2520,0
756094,-4.762,11.073,5.662,0.524,-1.091,1.259,2519,0
756115,-4.559,10.841,5.564,0.133,-1.131,1.472,2518,0
756134,-4.415,10.798,5.49,-0.127,-1.093,1.652,2517,0
756155,-4.07,10.549,5.37,-0.303,-0.938,1.814,2517,0
756175,-3.328,9.517,5.411,-0.426,-0.73,1.946,2516,0
756195,-2.658,8.82,5.725,-0.522,-0.654,1.953,2514,0
756214,-2.361,8.751,6.23,-0.6,-0.821,1.859,2512,0
756235,-1.753,8.282,6.431,-0.594,-1.103,1.754,2511,0
756254,-0.881,7.669,6.261,-0.478,-1.287,1.699,2512,0
756275,0.065,7.192,5.871,-0.332,-1.35,1.567,2511,0
756294,0.227,7.76,5.509,-0.287,-1.394,1.334,2511,0
756314,0.306,8.203,5.303,-0.438,-1.483,1.188,2511,0
756334,0.783,8.598,5.243,-0.733,-1.594,1.254,2512,0
756354,1.626,8.018,5.03,-1.067,-1.694,1.278,2512,0
756374,2.212,7.427,4.726,-1.18,-1.744,1.128,2512,0
756395,2.782,7.204,4.578,-1.224,-1.6,0.958,2513,0
756415,2.83,7.609,4.961,-1.435,-1.409,0.903,2512,0
756434,2.61,7.776,5.26,-1.845,-1.443,0.887,2512,0
756454,2.725,7.168,5.435,-2.275,-1.675,0.843,2510,0
756474,3.115,6.201,5.356,-2.538,-1.851,0.77,2509,0
756494,3.493,5.612,5.337,-2.56,-1.834,0.616,2510,0
756514,3.144,5.837,5.334,-2.539,-1.817,0.393,2509,0
756534,3.074,5.619,5.224,-2.571,-1.905,0.234,2509,0
756554,3.45,4.887,4.942,-2.458,-1.947,0.087,2512,0
756574,3.989,4.049,4.585,-2.142,-1.876,-0.122,2512,0
756595,4.199,3.962,4.357,-1.83,-1.73,-0.393,2512,0
756614,4.156,4.065,4.022,-1.683,-1.573,-0.653,2513,0
756635,4.152,4.606,4.197,-1.782,-1.364,-0.748,2512,0
756654,4.02,4.551,4.116,-2.062,-1.358,-0.781,2512,0
756674,4.077,4.676,4.032,-2.35,-1.474,-0.842,2512,0
756694,4.302,5.059,4.113,-2.638,-1.435,-0.956,2512,0
756715,4.343,5.207,4.338,-2.749,-1.241,-1.066,2511,0
756735,4.269,5.198,4.633,-2.575,-1.106,-1.134,2511,0
756754,4.436,5.205,4.86,-2.25,-1.068,-1.207,2512,0
756774,4.666,5.301,4.594,-1.957,-1.002,-1.284,2512,0
756794,5.016,4.247,3.958,-1.306,-0.893,-1.483,2514,0
756814,5.432,3.426,2.701,0.172,-0.766,-1.932,2524,0
756834,5.171,4.35,1.065,2.14,-0.61,-2.455,2539,0
756854,5.001,7.051,-0.462,3.808,-0.16,-2.714,2547,0
756875,4.97,9.436,-1.444,4.51,0.526,-2.543,2557,0
756894,5.236,11.454,-2.49,4.357,1.279,-2.103,2562,0
756914,5.267,12.488,-3.112,3.96,1.763,-1.714,2601,0
756935,5.325,12.445,-4.061,3.741,2.097,-1.494,2619,0
756954,5.95,13.357,-4.662,3.442,2.633,-1.129,2628,0
756975,6.141,15.675,-5.432,2.98,3.164,-0.696,2626,0
756995,6.711,16.305,-6.235,2.208,3.765,-0.191,2636,0
757014,6.749,14.542,-5.986,1.759,4.359,0.25,2639,0
757035,5.164,12.06,-4.173,1.898,5.018,0.517,2631,0
757054,3.393,10.649,-1.92,2.164,5.759,0.416,2622,0
757075,1.178,10.843,0.864,1.974,6.213,0.256,2604,0
757094,-0.553,10.027,3.033,1.427,5.999,0.221,2566,0
757115,-1.693,8.753,4.927,1.033,5.369,0.222,2559,0
757134,-1.949,7.142,6.251,1.093,4.836,0.185,2557,0
757155,-1.607,7.092,7.606,1.4,4.248,0.109,2553,0
757175,-1.247,7.566,8.301,1.588,3.497,-0.014,2548,0
757195,-1.98,8.21,8.248,1.528,2.696,-0.071,2549,0
757215,-2.444,9.024,7.973,1.229,2.036,-0.005,2547,0
757234,-2.267,9.318,7.52,0.802,1.466,0.052,2545,0
757255,-2.229,8.859,7.051,0.305,0.99,-0.02,2545,0
757274,-2.444,8.48,5.811,0.118,0.773,-0.157,2544,0
757294,-2.851,9.369,4.405,0.212,0.614,-0.098,2544,0
757314,-2.95,10.106,3.335,0.125,0.04,0.169,2545,0
757334,-2.318,10.202,2.447,-0.292,-0.586,0.256,2543,0
757355,-1.508,9.778,1.451,-0.663,-0.78,0.046,2547,0
757374,-0.888,9.029,0.804,-0.674,-0.442,-0.113,2558,0
757394,-0.558,8.473,0.711,-0.365,0.161,-0.141,2559,0
757415,-0.407,8.444,0.888,0.065,0.584,-0.228,2557,0
757435,-0.481,9.613,0.496,0.181,0.428,-0.363,2552,0
757454,-0.33,10.575,0.062,-0.031,-0.08,-0.448,2550,0
757475,0.012,10.448,0.055,-0.224,-0.463,-0.456,2550,0
757494,0.148,9.893,0.091,-0.15,-0.655,-0.404,2550,0
757514,0.263,9.912,-0.113,0.112,-0.749,-0.354,2549,0
757535,0.424,10.544,-0.287,0.269,-0.795,-0.282,2551,0
757555,0.39,10.81,-0.481,0.199,-0.808,-0.18,2551,0
757574,0.364,10.566,-0.558,0.11,-0.698,-0.082,2549,0
757595,0.34,10.501,-0.259,0.068,-0.428,-0.049,2549,0
757614,0.108,10.269,0.168,0.05,-0.156,-0.031,2547,0
757635,-0.065,10.068,0.639,0.132,-0.033,0.033,2546,0
757654,-0.01,9.962,0.958,0.214,-0.01,0.14,2545,0
757674,0.244,9.917,1.111,0.207,0.042,0.234,2544,0
757694,0.328,9.776,1.228,0.131,0.115,0.255,2545,0
757714,0.383,9.606,1.379,0.047,0.172,0.21,2544,0
757734,0.362,9.538,1.583,-0.001,0.149,0.183,2544,0
757755,0.194,9.311,1.7,-0.019,0.07,0.212,2544,0
757774,0.103,9.16,1.824,0.041,0.085,0.225,2544,0
757795,0.388,9.033,2.016,0.118,0.178,0.193,2544,0
757815,0.625,9.249,2.167,0.103,0.233,0.079,2543,0
757834,0.524,9.342,2.26,-0.063,0.253,-0.037,2544,0
757855,0.235,9.268,2.547,-0.25,0.198,-0.063,2544,0
757874,0.34,8.882,2.777,-0.242,0.145,-0.038,2543,0
757894,0.412,8.746,2.88,-0.048,0.123,-0.026,2543,0
757915,0.189,9.136,2.868,0.103,0.148,-0.046,2541,0
757935,-0.129,9.507,2.892,0.069,0.115,-0.041,2543,0
757955,0.017,9.337,2.99,-0.009,0.006,-0.003,2544,0
757974,0.318,9.155,3.057,0.008,-0.135,-0.021,2542,0
757995,0.407,9.297,3.036,-0.006,-0.244,-0.117,2543,0
758014,0.223,9.534,2.942,-0.142,-0.316,-0.21,2541,0
758035,0.278,9.345,2.978,-0.241,-0.328,-0.225,2543,0
758054,1.077,8.873,2.998,-0.157,-0.284,-0.235,2542,0
758075,1.401,8.954,3.017,0.044,-0.225,-0.323,2543,0
758094,0.996,9.632,3.069,0.14,-0.213,-0.394,2542,0
758115,0.57,9.835,3.144,0.068,-0.285,-0.366,2543,0
758134,0.302,9.598,3.249,0.002,-0.375,-0.332,2541,0
758155,0.036,9.438,3.275,0.031,-0.461,-0.342,2542,0
758175,-0.321,9.697,3.057,0.08,-0.604,-0.335,2543,0
758194,-0.488,9.867,2.677,0.134,-0.727,-0.219,2543,0
758214,-0.208,9.371,2.607,0.229,-0.778,-0.103,2543,0
758234,-0.105,9.455,2.567,0.332,-0.754,-0.131,2543,0
758254,-0.488,10.24,2.44,0.229,-0.773,-0.199,2542,0
758274,-0.769,10.475,2.488,-0.028,-0.881,-0.16,2544,0
758294,-0.682,9.893,2.519,-0.11,-1.001,-0.128,2543,0
758314,-0.414,9.893,2.394,-0.027,-1.157,-0.204,2544,0
758334,-0.328,9.965,2.057,-0.093,-1.313,-0.272,2544,0
758355,0.005,9.632,1.75,-0.29,-1.257,-0.216,2544,0
758375,0.4,9.129,2.021,-0.436,-1.083,-0.181,2544,0
758394,0.752,8.796,2.066,-0.47,-0.897,-0.255,2544,0
758414,0.5,8.866,2.016,-0.31,-0.844,-0.259,2544,0
758434,0.527,8.724,2.152,-0.008,-0.886,-0.075,2544,0
758454,0.919,8.15,2.131,0.431,-0.908,0.091,2546,0
758475,1.559,8.126,1.982,0.801,-0.796,0.117,2545,0
758494,1.458,8.871,1.863,0.858,-0.649,0.054,2544,0
758515,0.924,9.366,1.829,0.676,-0.611,0.073,2544,0
758534,0.611,9.175,1.944,0.575,-0.661,0.178,2544,0
758555,0.563,9.251,1.894,0.669,-0.679,0.203,2545,0
758575,0.541,9.57,1.638,0.71,-0.652,0.102,2545,0
758594,0.239,10.582,1.207,0.604,-0.687,-0.022,2545,0
758614,0.019,11.152,1.077,0.323,-0.756,-0.121,2547,0
758634,0.158,11.102,1.326,-0.014,-0.672,-0.156,2547,0
758654,0.347,10.288,1.539,-0.144,-0.479,-0.122,2547,0
758675,0.235,9.795,1.604,0.023,-0.321,-0.103,2550,0
758694,0.256,9.579,1.827,0.253,-0.153,-0.092,2549,0
758714,0.146,9.876,2.052,0.361,-0.061,-0.071,2548,0
758734,0.254,9.898,2.037,0.302,-0.093,-0.014,2548,0
758754,0.52,9.991,1.982,0.155,-0.196,0.023,2547,0
758774,0.685,9.984,1.994,-0.026,-0.281,0.013,2546,0
758795,0.745,10.027,2.018,-0.181,-0.313,-0.022,2547,0
758814,0.67,10.149,2.004,-0.304,-0.372,-0.032,2547,0
758834,0.577,10.003,2.021,-0.297,-0.403,-0.016,2548,0
758854,0.464,9.689,1.985,-0.162,-0.454,0.005,2548,0
758875,0.438,9.73,1.8,-0.045,-0.493,0.02,2548,0
758895,0.436,9.759,1.664,-0.054,-0.486,0.041,2548,0
758914,0.33,9.61,1.405,0.052,-0.472,0.036,2554,0
758934,0.381,9.768,1.092,0.264,-0.47,0.044,2557,0
758955,0.632,9.993,0.845,0.404,-0.441,0.092,2558,0
758974,0.826,9.869,0.735,0.42,-0.355,0.11,2559,0
758995,0.989,9.407,0.706,0.412,-0.201,0.104,2559,0
759015,0.974,9.438,0.946,0.322,-0.087,0.088,2559,0
759035,0.958,9.483,1.068,0.139,-0.062,0.059,2558,0
759054,1.022,9.361,1.128,0.034,-0.073,0.014,2559,0
759075,1.051,9.206,1.238,-0.006,-0.077,-0.035,2559,0
759094,0.96,9.443,1.341,-0.043,-0.093,-0.065,2559,0
759114,0.864,9.687,1.437,-0.17,-0.151,-0.072,2559,0
759134,0.895,9.708,1.542,-0.305,-0.181,-0.094,2559,0
759154,0.857,9.493,1.559,-0.251,-0.173,-0.118,2559,0
759175,0.773,9.416,1.542,-0.071,-0.153,-0.131,2559,0
759195,0.723,9.677,1.513,0.063,-0.123,-0.128,2558,0
759214,0.678,9.732,1.556,0.047,-0.097,-0.107,2559,0
759235,0.644,9.558,1.623,-0.026,-0.091,-0.106,2559,0
759254,0.532,9.572,1.587,-0.028,-0.135,-0.123,2559,0
759275,0.472,9.914,1.446,-0.029,-0.197,-0.134,2558,0
759295,0.52,9.845,1.415,-0.033,-0.207,-0.108,2559,0
759314,0.536,9.467,1.441,0.004,-0.165,-0.097,2559,0
759334,0.534,9.529,1.441,0.064,-0.138,-0.12,2558,0
759354,0.462,10.058,1.386,0.052,-0.158,-0.118,2558,0
759375,0.455,10.247,1.369,0.005,-0.185,-0.085,2559,0
759395,0.453,9.979,1.365,0.014,-0.168,-0.041,2559,0
759414,0.469,9.711,1.348,0.111,-0.111,0.01,2559,0
759434,0.491,9.756,1.295,0.217,-0.044,0.007,2559,0
759455,0.448,9.953,1.235,0.318,-0.011,0.004,2559,0
759475,0.508,9.972,1.267,0.353,0.009,0.039,2559,0
759494,0.546,9.914,1.274,0.311,0.015,0.052,2559,0
759515,0.462,9.768,1.35,0.242,-0.005,0.066,2559,0
759535,0.438,9.553,1.379,0.196,-0.04,0.057,2559,0
759555,0.426,9.55,1.369,0.199,-0.079,0.05,2559,0
759574,0.5,9.771,1.271,0.144,-0.094,0.041,2559,0
759595,0.599,9.67,1.276,0.027,-0.09,0.046,2559,0
759614,0.644,9.249,1.334,0.004,-0.078,0.024,2559,0
759634,0.618,9.266,1.322,0.07,-0.111,-0.008,2559,0
759654,0.63,9.558,1.264,0.095,-0.151,-0.026,2559,0
759675,0.663,9.776,1.152,0.054,-0.143,-0.03,2559,0
759694,0.687,9.656,1.087,0.023,-0.114,-0.02,2559,0
759714,0.67,9.431,1.068,0.064,-0.096,-0.039,2559,0
759735,0.639,9.471,1.039,0.087,-0.102,-0.072,2559,0
759755,0.63,9.56,1.001,0.039,-0.115,-0.087,2559,0
759774,0.658,9.56,0.948,-0.038,-0.084,-0.099,2559,0
759794,0.673,9.562,0.958,-0.088,-0.04,-0.118,2558,0
759815,0.646,9.706,0.986,-0.124,-0.003,-0.131,2559,0
759834,0.565,10.039,1.073,-0.148,0.023,-0.127,2559,0
759854,0.484,10.08,1.233,-0.17,0.009,-0.1,2559,0
759874,0.4,9.888,1.307,-0.159,-0.014,-0.071,2559,0
759894,0.378,9.874,1.331,-0.137,-0.032,-0.054,2559,0
759914,0.342,10.056,1.439,-0.158,-0.028,-0.031,2559,0
759934,0.251,10.07,1.537,-0.219,-0.022,-0.004,2559,0
759954,0.204,9.924,1.628,-0.246,-0.056,0.023,2559,0
759974,0.302,9.737,1.63,-0.183,-0.094,0.048,2559,0
759994,0.496,9.73,1.626,-0.104,-0.086,0.051,2559,0
760014,0.541,9.761,1.712,-0.062,-0.051,0.062,2559,0
760035,0.443,9.802,1.767,-0.059,-0.053,0.08,2558,0
760055,0.366,9.78,1.781,-0.025,-0.107,0.103,2558,0
760074,0.474,9.833,1.69,0.046,-0.142,0.119,2559,0
760094,0.56,9.665,1.693,0.095,-0.117,0.132,2559,0
760115,0.634,9.512,1.75,0.123,-0.07,0.138,2559,0
760134,0.594,9.598,1.757,0.097,-0.092,0.128,2559,0
760154,0.603,9.55,1.748,0.055,-0.157,0.117,2559,0
760174,0.663,9.402,1.693,0.085,-0.193,0.107,2559,0
760194,0.718,9.409,1.547,0.171,-0.168,0.09,2559,0
760214,0.711,9.658,1.448,0.187,-0.128,0.078,2558,0
760234,0.675,9.768,1.393,0.127,-0.118,0.083,2559,0
760255,0.709,9.651,1.341,0.084,-0.136,0.083,2558,0
760274,0.711,9.574,1.255,0.079,-0.142,0.079,2559,0
760294,0.704,9.529,1.144,0.066,-0.117,0.065,2559,0
760315,0.783,9.582,1.063,0.052,-0.066,0.052,2559,0
760335,0.888,9.608,1.111,0.058,-0.01,0.046,2559,0
760354,0.927,9.725,1.178,0.038,0.02,0.034,2559,0
760375,0.915,9.766,1.262,-0.026,0.027,0.041,2559,0
760395,0.95,9.656,1.374,-0.065,0.032,0.052,2559,0
760415,1.013,9.558,1.549,-0.068,0.052,0.043,2559,0
760434,0.936,9.481,1.678,-0.064,0.055,0.031,2559,0
760455,0.804,9.459,1.8,-0.044,0.029,0.016,2559,0
760474,0.747,9.488,1.829,-0.046,-0.01,0.007,2559,0
760495,0.831,9.44,1.879,-0.045,-0.023,-0.001,2558,0
760514,0.922,9.404,1.896,-0.03,-0.03,-0.023,2558,0
760535,0.843,9.392,1.877,-0.016,-0.054,-0.045,2558,0
760554,0.759,9.479,1.832,0.012,-0.088,-0.051,2558,0
760574,0.797,9.629,1.748,0.018,-0.108,-0.054,2558,0
760594,0.802,9.704,1.645,0.012,-0.11,-0.055,2558,0
760615,0.783,9.673,1.542,0.018,-0.109,-0.048,2558,0
760634,0.749,9.73,1.446,0.026,-0.109,-0.04,2558,0
760654,0.771,9.792,1.413,0.021,-0.087,-0.022,2558,0
760674,0.747,9.787,1.432,0.02,-0.052,-0.01,2559,0
760695,0.716,9.622,1.458,0.042,-0.025,0.004,2559,0
760714,0.694,9.538,1.504,0.038,-0.01,-0.003,2559,0
760735,0.713,9.61,1.551,0.0,-0.005,-0.011,2558,0
760754,0.824,9.668,1.638,-0.014,0.0,-0.011,2558,0
760774,0.85,9.766,1.669,-0.026,0.01,-0.011,2558,0
760795,0.757,9.792,1.724,-0.03,-0.005,0.008,2559,0
760815,0.733,9.771,1.717,-0.018,-0.02,0.025,2558,0
760834,0.764,9.704,1.724,-0.009,-0.015,0.035,2558,0
760854,0.804,9.596,1.779,0.024,-0.011,0.044,2558,0
760874,0.814,9.62,1.829,0.045,-0.011,0.044,2558,0
760894,0.776,9.663,1.851,0.013,-0.034,0.044,2559,0
760914,0.788,9.543,1.812,-0.02,-0.063,0.039,2558,0
760935,0.891,9.385,1.791,-0.005,-0.069,0.031,2557,0
760954,0.912,9.388,1.753,0.052,-0.054,0.022,2558,0
760974,0.862,9.486,1.719,0.08,-0.038,0.01,2557,0
760994,0.84,9.476,1.76,0.043,-0.033,-0.01,2557,0
761014,0.828,9.378,1.75,-0.014,-0.053,-0.035,2558,0
761035,0.883,9.412,1.791,-0.007,-0.067,-0.052,2558,0
761054,0.9,9.639,1.729,0.031,-0.058,-0.059,2558,0
761075,0.828,9.708,1.724,0.037,-0.047,-0.042,2558,0
761094,0.773,9.584,1.745,0.03,-0.036,-0.042,2557,0
761114,0.745,9.574,1.767,0.008,-0.048,-0.057,2557,0
761134,0.766,9.589,1.745,-0.012,-0.063,-0.051,2558,0
761154,0.776,9.697,1.726,0.011,-0.055,-0.044,2558,0
761174,0.747,9.802,1.707,0.033,-0.034,-0.033,2557,0
761194,0.668,9.713,1.776,0.033,-0.031,-0.01,2558,0
761214,0.656,9.613,1.784,0.025,-0.033,-0.011,2555,0
761235,0.682,9.68,1.803,0.007,-0.047,-0.009,2557,0
761254,0.735,9.756,1.748,-0.002,-0.056,0.003,2558,0
761274,0.759,9.687,1.755,0.009,-0.042,0.018,2558,0
761295,0.764,9.519,1.779,0.055,-0.015,0.029,2557,0
761314,0.735,9.531,1.81,0.069,-0.016,0.016,2557,0
761335,0.773,9.598,1.815,0.016,-0.042,0.001,2558,0
761355,0.802,9.57,1.774,-0.026,-0.052,-0.003,2558,0
761374,0.809,9.634,1.762,0.003,-0.023,0.007,2557,0
761395,0.824,9.579,1.76,0.064,0.01,0.022,2557,0
761414,0.783,9.515,1.779,0.092,0.015,0.021,2557,0
761434,0.776,9.474,1.834,0.053,0.001,0.004,2557,0
761454,0.792,9.491,1.891,-0.018,-0.014,-0.026,2557,0
761474,0.764,9.586,1.865,-0.045,-0.033,-0.037,2557,0
761494,0.742,9.615,1.884,-0.007,-0.028,-0.016,2556,0
761514,0.706,9.622,1.846,0.068,-0.013,-0.01,2557,0
761535,0.735,9.651,1.848,0.084,-0.018,-0.004,2557,0
761555,0.771,9.608,1.875,0.044,-0.022,-0.002,2556,0
761574,0.733,9.606,1.844,-0.001,-0.039,-0.01,2556,0
761594,0.737,9.649,1.836,-0.005,-0.049,-0.008,2556,0
761614,0.8,9.627,1.786,0.027,-0.036,0.001,2557,0
761634,0.773,9.538,1.81,0.058,-0.021,0.005,2557,0
761655,0.759,9.555,1.788,0.054,-0.019,0.004,2557,0
761674,0.713,9.572,1.851,0.021,-0.017,0.002,2557,0
761695,0.654,9.601,1.894,0.008,-0.024,-0.005,2555,0
761715,0.697,9.677,1.87,0.041,-0.028,0.0,2554,0
761734,0.713,9.716,1.877,0.078,-0.019,0.022,2555,0
761755,0.723,9.708,1.798,0.106,-0.01,0.04,2555,0
761775,0.721,9.716,1.748,0.112,-0.011,0.047,2556,0
761794,0.618,9.618,1.65,0.1,-0.02,0.054,2554,0
761815,0.675,9.426,1.566,0.114,-0.001,0.054,2555,0
761835,0.821,9.409,1.535,0.166,0.068,0.047,2554,0
761855,0.927,9.608,1.563,0.18,0.118,0.033,2554,0
761874,0.986,9.625,1.602,0.143,0.123,0.029,2554,0
761894,1.049,9.529,1.599,0.123,0.112,0.023,2552,0
761914,0.972,9.572,1.63,0.12,0.132,0.011,2553,0
761934,0.812,9.649,1.681,0.098,0.164,0.014,2552,0
761954,0.694,9.625,1.753,0.095,0.177,0.018,2552,0
761974,0.752,9.888,1.769,0.107,0.158,0.021,2552,0
761994,0.807,9.718,1.709,0.104,0.115,0.048,2551,0
762015,0.888,9.306,1.626,0.164,0.102,0.049,2551,0
762035,0.773,9.359,1.597,0.224,0.125,0.029,2551,0
762055,0.632,9.531,1.714,0.172,0.144,0.003,2552,0
762074,0.625,9.426,1.863,0.096,0.117,-0.017,2550,0
762095,0.749,9.44,1.949,0.103,0.059,-0.035,2551,0
762114,0.838,9.512,1.949,0.139,-0.011,-0.028,2551,0
762134,0.855,9.263,1.908,0.206,-0.067,-0.042,2551,0
762154,0.836,8.993,1.793,0.281,-0.086,-0.084,2550,0
762175,0.833,9.316,1.575,0.296,-0.078,-0.132,2550,0
762194,0.867,10.257,1.468,0.203,-0.048,-0.159,2551,0
762214,0.644,10.396,1.41,0.076,-0.083,-0.104,2553,0
762235,0.591,9.744,1.386,0.142,-0.164,-0.049,2552,0
762254,0.615,9.088,1.264,0.345,-0.134,-0.049,2551,0
762275,0.56,9.495,1.152,0.46,-0.063,-0.071,2554,0
762294,0.496,10.532,1.149,0.342,-0.026,-0.071,2551,0
762314,0.4,10.422,1.168,0.122,-0.118,0.001,2552,0
762335,0.474,9.761,1.135,0.099,-0.196,0.019,2551,0
762354,0.579,9.486,1.068,0.275,-0.159,0.022,2552,0
762374,0.615,10.032,1.022,0.407,-0.08,0.038,2553,0
762394,0.599,10.374,1.013,0.36,-0.085,0.07,2552,0
762414,0.603,9.955,0.967,0.296,-0.165,0.117,2555,0
762435,0.742,9.431,0.905,0.336,-0.187,0.127,2555,0
762455,0.795,9.416,0.855,0.398,-0.126,0.107,2555,0
762474,0.723,9.572,0.788,0.372,-0.119,0.068,2554,0
762495,0.654,9.467,0.678,0.312,-0.164,0.042,2554,0
762514,0.759,9.323,0.486,0.339,-0.175,0.016,2555,0
762534,0.862,9.622,0.33,0.375,-0.115,-0.011,2556,0
762554,0.929,9.823,0.204,0.341,-0.069,-0.031,2555,0
762575,0.994,9.914,0.187,0.266,-0.047,-0.015,2557,0
762594,0.905,9.773,0.151,0.244,-0.049,-0.004,2559,0
762615,0.79,9.629,0.122,0.275,-0.05,-0.018,2559,0
762634,0.678,9.852,0.019,0.28,-0.044,-0.026,2559,0
762655,0.735,10.125,-0.038,0.214,0.0,-0.002,2561,0
762675,0.764,10.142,0.177,0.122,0.079,0.022,2559,0
762694,0.654,9.922,0.311,0.067,0.088,0.049,2559,0
762714,0.661,9.606,0.292,0.143,0.038,0.051,2559,0
762735,0.778,9.634,0.168,0.268,0.012,0.035,2559,0
762754,0.711,9.823,0.096,0.238,0.014,0.029,2559,0
762774,0.646,9.845,0.271,0.098,0.051,0.041,2559,0
762795,0.63,9.732,0.62,0.022,0.076,0.048,2559,0
762814,0.67,9.555,0.615,0.086,-0.035,0.031,2559,0
762834,0.919,9.325,0.505,0.215,-0.128,-0.003,2559,0
762854,0.917,9.452,0.522,0.279,-0.071,-0.02,2559,0
762875,0.704,9.663,0.788,0.263,-0.04,-0.025,2561,0
762895,0.541,9.833,0.797,0.222,-0.193,-0.043,2561,0
762914,0.749,9.385,0.299,0.276,-0.403,-0.041,2559,0
762934,0.874,9.199,-0.232,0.446,-0.46,-0.074,2559,0
762955,0.8,9.627,-0.599,0.488,-0.389,-0.111,2583,0
762974,0.819,9.993,-0.618,0.38,-0.277,-0.114,2594,0
762994,0.819,9.981,-0.651,0.256,-0.25,-0.105,2596,0
763015,0.809,9.708,-0.888,0.252,-0.277,-0.1,2598,0
763034,0.764,9.802,-1.02,0.323,-0.267,-0.098,2603,0
763054,0.716,10.096,-1.094,0.31,-0.188,-0.089,2607,0
763074,0.611,10.192,-1.032,0.219,-0.106,-0.059,2608,0
763095,0.493,10.168,-0.994,0.132,-0.087,-0.027,2609,0
763114,0.474,10.029,-1.08,0.147,-0.114,0.003,2608,0
763135,0.572,10.142,-1.032,0.2,-0.077,0.032,2610,0
763154,0.582,10.118,-0.953,0.177,0.012,0.068,2612,0
763175,0.484,9.869,-0.881,0.145,0.036,0.083,2609,0
763194,0.508,9.785,-0.874,0.128,0.015,0.083,2610,0
763214,0.618,9.874,-0.783,0.092,0.038,0.089,2609,0
763234,0.702,9.835,-0.73,0.078,0.069,0.087,2611,0
763254,0.795,9.795,-0.773,0.103,0.052,0.094,2607,0
763274,0.946,9.67,-0.702,0.102,0.048,0.098,2609,0
763295,0.891,9.531,-0.517,0.034,0.052,0.085,2608,0
763314,0.725,9.515,-0.441,-0.029,-0.001,0.054,2608,0
763335,0.697,9.668,-0.476,-0.016,-0.074,0.035,2609,0
763355,0.721,9.737,-0.651,0.034,-0.095,0.034,2609,0
763375,0.802,9.641,-0.737,0.091,-0.068,0.038,2608,0
763395,0.742,9.589,-0.771,0.088,-0.051,0.027,2608,0
763415,0.761,9.641,-0.862,0.023,-0.074,0.002,2608,0
763434,0.769,9.728,-0.965,-0.021,-0.106,-0.004,2609,0
763454,0.809,9.795,-1.113,0.002,-0.098,-0.008,2608,0
763474,0.888,9.728,-1.255,0.039,-0.045,-0.0,2608,0
763495,1.025,9.641,-1.137,0.057,0.05,0.007,2608,0
763514,0.982,9.505,-0.898,0.015,0.087,-0.012,2608,0
763534,0.915,9.352,-0.757,-0.06,0.036,-0.057,2608,0
763554,0.862,9.455,-0.747,-0.08,0.003,-0.091,2607,0
763575,0.802,9.656,-0.812,-0.063,0.012,-0.103,2608,0
763594,0.711,9.72,-0.783,-0.045,0.055,-0.11,2609,0
763614,0.68,9.807,-0.725,-0.045,0.075,-0.108,2609,0
763634,0.625,9.84,-0.603,-0.084,0.068,-0.106,2608,0
763655,0.56,9.821,-0.421,-0.125,0.033,-0.093,2608,0
763674,0.532,9.802,-0.369,-0.113,0.015,-0.093,2608,0
763695,0.453,9.981,-0.393,-0.068,0.008,-0.084,2609,0
763714,0.486,10.048,-0.381,-0.021,-0.006,-0.058,2609,0
763735,0.57,10.02,-0.366,0.011,-0.015,-0.03,2608,0
763754,0.582,9.876,-0.376,0.01,-0.012,-0.008,2609,0
763774,0.567,9.771,-0.354,0.026,-0.033,0.001,2610,0
763795,0.596,9.833,-0.364,0.044,-0.064,-0.004,2609,0
763815,0.658,9.845,-0.541,0.044,-0.083,0.001,2608,0
763834,0.666,9.816,-0.675,0.062,-0.07,0.006,2608,0
763855,0.661,9.814,-0.711,0.052,-0.038,0.006,2608,0
763874,0.62,9.704,-0.642,0.013,-0.005,0.006,2609,0
763895,0.582,9.627,-0.599,-0.0,-0.006,-0.004,2609,0
763914,0.601,9.742,-0.541,0.02,-0.011,-0.014,2608,0
763934,0.63,9.862,-0.584,0.024,0.001,-0.011,2607,0
763954,0.68,9.802,-0.551,0.018,0.013,-0.004,2608,0
763975,0.654,9.785,-0.457,0.022,0.023,-0.005,2607,0
763994,0.536,9.855,-0.335,0.007,0.005,0.001,2607,0
764014,0.553,9.809,-0.271,-0.012,-0.038,0.008,2607,0
764034,0.596,9.68,-0.311,0.002,-0.062,0.007,2607,0
764054,0.622,9.656,-0.39,0.05,-0.062,-0.002,2607,0
764074,0.599,9.776,-0.409,0.073,-0.046,-0.008,2608,0
764094,0.57,9.764,-0.381,0.057,-0.042,-0.004,2607,0
764115,0.572,9.728,-0.385,0.029,-0.074,-0.014,2606,0
764134,0.658,9.708,-0.532,0.044,-0.097,-0.019,2607,0
764154,0.685,9.816,-0.639,0.069,-0.066,-0.018,2608,0
764175,0.63,9.922,-0.687,0.05,-0.04,-0.012,2606,0
764194,0.591,9.878,-0.56,0.011,-0.035,-0.007,2607,0
764214,0.599,9.787,-0.431,-0.002,-0.038,0.002,2605,0
764235,0.601,9.668,-0.453,0.016,-0.057,0.001,2606,0
764254,0.642,9.582,-0.488,0.037,-0.058,-0.017,2606,0
764275,0.62,9.603,-0.476,0.044,-0.022,-0.033,2607,0
764295,0.577,9.756,-0.469,0.02,-0.019,-0.04,2607,0
764315,0.591,9.797,-0.474,0.005,-0.048,-0.043,2607,0
764334,0.62,9.713,-0.5,0.015,-0.046,-0.045,2606,0
764355,0.56,9.665,-0.479,0.017,-0.021,-0.054,2607,0
764375,0.515,9.792,-0.429,0.004,-0.015,-0.058,2605,0
764394,0.488,9.986,-0.431,-0.025,-0.034,-0.054,2606,0
764415,0.558,9.852,-0.362,-0.033,-0.047,-0.037,2605,0
764434,0.596,9.685,-0.232,0.023,-0.029,-0.036,2603,0
764454,0.517,9.79,-0.113,0.036,-0.044,-0.041,2604,0
764474,0.479,9.881,-0.172,-0.006,-0.113,-0.042,2602,0
764494,0.505,9.874,-0.369,-0.008,-0.153,-0.042,2601,0
764515,0.496,9.893,-0.467,0.026,-0.122,-0.028,2603,0
764534,0.474,9.95,-0.407,0.02,-0.076,-0.007,2602,0
764555,0.381,9.819,-0.304,-0.009,-0.102,0.002,2601,0
764575,0.426,9.716,-0.192,0.02,-0.141,0.001,2602,0
764594,0.467,9.811,-0.28,0.031,-0.157,-0.002,2602,0
764614,0.527,9.867,-0.283,0.019,-0.14,-0.001,2600,0
764634,0.457,9.797,-0.215,0.02,-0.131,0.006,2600,0
764655,0.433,9.632,-0.297,0.044,-0.165,0.002,2601,0
764674,0.532,9.579,-0.429,0.078,-0.194,-0.021,2600,0
764694,0.577,9.73,-0.529,0.074,-0.169,-0.026,2601,0
764714,0.563,9.639,-0.57,0.05,-0.123,-0.034,2599,0
764734,0.503,9.689,-0.438,0.037,-0.093,-0.062,2598,0
764754,0.45,9.955,-0.294,-0.012,-0.103,-0.061,2601,0
764775,0.443,10.178,-0.225,-0.065,-0.143,-0.049,2598,0
764794,0.421,10.089,-0.213,-0.056,-0.17,-0.013,2597,0
764815,0.46,9.787,-0.333,0.021,-0.173,0.017,2597,0
764834,0.498,9.426,-0.601,0.096,-0.182,0.008,2596,0
764854,0.548,9.22,-0.86,0.109,-0.157,-0.044,2598,0
764875,0.577,9.261,-1.08,0.071,-0.092,-0.1,2599,0
764895,0.594,9.266,-1.111,0.0,-0.002,-0.147,2598,0
764915,0.541,9.359,-1.006,-0.076,0.081,-0.195,2599,0
764934,0.462,9.68,-0.85,-0.206,0.137,-0.23,2598,0
764954,0.366,10.001,-0.644,-0.37,0.16,-0.242,2599,0
764975,0.285,10.147,-0.52,-0.437,0.175,-0.229,2598,0
764994,0.208,10.041,-0.304,-0.403,0.225,-0.183,2597,0
765015,0.115,9.651,0.048,-0.343,0.285,-0.158,2597,0
765035,0.043,9.601,0.414,-0.317,0.268,-0.181,2597,0
765054,-0.005,10.183,0.575,-0.365,0.174,-0.188,2598,0
765074,-0.022,10.621,0.558,-0.4,0.103,-0.143,2595,0
765095,-0.069,10.408,0.634,-0.342,0.118,-0.063,2595,0
765114,-0.11,9.996,0.831,-0.223,0.142,-0.005,2597,0
765134,-0.184,9.998,1.001,-0.127,0.106,0.017,2596,0
765154,-0.23,10.384,0.994,-0.149,0.019,0.038,2597,0
765174,-0.256,10.558,0.836,-0.227,-0.056,0.091,2598,0
765195,-0.196,10.209,0.797,-0.235,-0.072,0.156,2596,0
765215,-0.134,9.874,0.845,-0.136,-0.065,0.189,2595,0
765235,-0.079,9.84,0.86,-0.051,-0.1,0.208,2595,0
765254,0.055,9.95,0.855,-0.054,-0.161,0.225,2597,0
765274,0.192,9.838,0.807,-0.114,-0.211,0.226,2595,0
765294,0.35,9.723,0.725,-0.118,-0.207,0.236,2595,0
765315,0.464,9.613,0.709,-0.078,-0.187,0.233,2597,0
765335,0.567,9.373,0.654,-0.045,-0.187,0.209,2592,0
765354,0.646,9.084,0.67,-0.033,-0.201,0.173,2594,0
765374,0.685,9.067,0.637,-0.065,-0.198,0.104,2594,0
765395,0.687,9.179,0.709,-0.135,-0.196,0.036,2595,0
765414,0.663,9.244,0.742,-0.162,-0.2,-0.012,2595,0
765435,0.625,9.357,0.8,-0.124,-0.203,-0.054,2593,0
765454,0.594,9.498,0.845,-0.094,-0.17,-0.089,2594,0
765474,0.527,9.498,0.864,-0.103,-0.133,-0.109,2595,0
765494,0.472,9.457,0.91,-0.097,-0.11,-0.125,2594,0
765514,0.405,9.677,0.931,-0.074,-0.106,-0.141,2595,0
765534,0.302,9.977,0.941,-0.081,-0.109,-0.135,2595,0
765555,0.244,10.125,0.984,-0.084,-0.11,-0.108,2594,0
765575,0.175,10.147,1.001,-0.076,-0.097,-0.074,2595,0
765594,0.129,10.001,1.068,-0.059,-0.092,-0.033,2594,0
765615,0.129,9.9,1.12,-0.003,-0.094,0.0,2595,0
765635,0.146,9.998,1.104,0.058,-0.103,0.026,2595,0
765655,0.206,10.017,1.106,0.075,-0.091,0.053,2593,0
765674,0.292,9.852,1.092,0.069,-0.077,0.082,2594,0
765695,0.409,9.711,1.08,0.072,-0.066,0.085,2593,0
765714,0.496,9.661,1.07,0.073,-0.06,0.082,2593,0
765735,0.553,9.649,1.058,0.076,-0.066,0.071,2593,0
765754,0.63,9.682,0.991,0.08,-0.058,0.071,2592,0
765774,0.67,9.673,0.919,0.074,-0.034,0.062,2591,0
765794,0.651,9.608,0.886,0.054,-0.008,0.046,2592,0
765815,0.594,9.596,0.845,0.03,0.005,0.035,2592,0
765834,0.567,9.644,0.867,0.019,0.019,0.022,2593,0
765855,0.51,9.725,0.809,0.003,0.038,0.017,2592,0
765874,0.467,9.713,0.855,-0.028,0.069,0.023,2593,0
765894,0.424,9.584,0.962,-0.036,0.092,0.012,2592,0
765914,0.354,9.567,1.049,-0.036,0.085,-0.006,2592,0
765934,0.359,9.601,1.154,-0.067,0.062,-0.018,2593,0
765954,0.414,9.567,1.238,-0.079,0.064,-0.029,2593,0
765974,0.429,9.661,1.314,-0.052,0.061,-0.041,2591,0
765994,0.445,9.776,1.358,-0.034,0.051,-0.039,2591,0
766014,0.443,9.706,1.425,0.004,0.049,-0.023,2591,0
766034,0.388,9.594,1.432,0.061,0.035,-0.023,2590,0
766055,0.381,9.663,1.379,0.071,-0.001,-0.035,2592,0
766074,0.39,9.783,1.307,0.036,-0.021,-0.034,2591,0
766094,0.412,9.89,1.235,0.023,-0.019,-0.025,2591,0
766114,0.436,9.922,1.171,0.047,-0.013,-0.01,2591,0
766134,0.436,9.828,1.156,0.077,-0.004,0.01,2590,0
766154,0.409,9.713,1.152,0.087,0.003,0.014,2592,0
766174,0.371,9.759,1.092,0.055,-0.006,0.015,2591,0
766195,0.419,9.771,1.032,0.019,-0.009,0.017,2591,0
766215,0.417,9.74,1.049,0.024,0.017,0.019,2591,0
766234,0.393,9.675,1.087,0.042,0.04,0.026,2590,0
766255,0.402,9.632,1.12,0.053,0.039,0.019,2589,0
766274,0.388,9.658,1.197,0.041,0.025,0.005,2591,0
766294,0.412,9.67,1.235,0.019,0.025,0.004,2591,0
766314,0.464,9.694,1.24,0.021,0.03,0.002,2591,0
766334,0.419,9.694,1.276,0.018,0.019,0.003,2591,0
766355,0.424,9.603,1.338,0.033,0.008,0.001,2591,0
766375,0.352,9.675,1.355,0.063,-0.008,-0.009,2590,0
766395,0.299,9.821,1.329,0.058,-0.031,-0.004,2591,0
766415,0.323,9.744,1.298,0.053,-0.045,0.006,2590,0
766434,0.35,9.706,1.262,0.087,-0.046,0.01,2590,0
766455,0.335,9.826,1.216,0.099,-0.048,0.015,2588,0
766474,0.395,9.845,1.168,0.078,-0.046,0.028,2590,0
766494,0.419,9.814,1.13,0.07,-0.041,0.034,2591,0
766515,0.448,9.845,1.152,0.072,-0.051,0.043,2590,0
766534,0.488,9.902,1.116,0.065,-0.061,0.055,2589,0
766555,0.539,9.742,1.118,0.074,-0.05,0.069,2589,0
766574,0.555,9.589,1.106,0.094,-0.042,0.064,2589,0
766595,0.555,9.541,1.116,0.079,-0.047,0.047,2591,0
766614,0.587,9.586,1.101,0.055,-0.05,0.038,2590,0
766635,0.555,9.658,1.087,0.053,-0.041,0.025,2591,0
766654,0.505,9.694,1.041,0.059,-0.028,0.023,2589,0
766675,0.503,9.639,1.001,0.058,-0.009,0.021,2590,0
766694,0.462,9.582,1.025,0.048,0.001,0.008,2591,0
766714,0.405,9.594,1.018,0.031,-0.008,-0.005,2588,0
766734,0.45,9.673,1.065,0.02,-0.007,-0.012,2590,0
766755,0.469,9.735,1.061,-0.001,0.007,-0.016,2588,0
766774,0.505,9.778,1.118,0.0,0.012,-0.009,2590,0
766795,0.486,9.852,1.144,0.013,0.006,-0.004,2589,0
766815,0.433,9.864,1.171,0.013,-0.006,0.011,2589,0
766835,0.419,9.778,1.235,0.014,-0.014,0.021,2589,0
766854,0.426,9.728,1.247,0.01,-0.019,0.028,2588,0
766875,0.441,9.716,1.29,0.013,-0.029,0.028,2589,0
766894,0.481,9.711,1.279,0.014,-0.051,0.028,2587,0
766915,0.548,9.713,1.276,0.039,-0.063,0.031,2589,0
766934,0.567,9.718,1.214,0.062,-0.06,0.032,2588,0
766954,0.553,9.639,1.235,0.067,-0.058,0.029,2590,0
766975,0.532,9.572,1.245,0.062,-0.068,0.02,2589,0
766995,0.529,9.632,1.255,0.055,-0.091,0.009,2589,0
767015,0.555,9.697,1.243,0.048,-0.103,0.005,2587,0
767034,0.591,9.673,1.185,0.065,-0.095,0.007,2588,0
767054,0.601,9.639,1.154,0.082,-0.084,0.002,2589,0
767075,0.615,9.582,1.104,0.064,-0.094,-0.01,2587,0
767094,0.666,9.606,1.087,0.052,-0.102,-0.022,2587,0
767114,0.644,9.742,1.061,0.035,-0.1,-0.031,2588,0
767134,0.613,9.685,1.044,0.027,-0.086,-0.031,2589,0
767154,0.587,9.579,1.041,0.049,-0.065,-0.033,2591,0
767174,0.539,9.629,1.068,0.058,-0.062,-0.048,2588,0
767195,0.524,9.79,1.051,0.022,-0.066,-0.053,2588,0
767214,0.508,9.797,1.037,-0.008,-0.06,-0.051,2588,0
767234,0.479,9.768,1.041,0.009,-0.041,-0.04,2587,0
767254,0.448,9.816,1.02,0.053,-0.027,-0.027,2588,0
767275,0.443,9.926,1.025,0.055,-0.01,-0.007,2588,0
767294,0.45,9.797,1.068,0.032,-0.004,-0.002,2588,0
767315,0.45,9.761,1.08,0.035,-0.011,-0.003,2587,0
767334,0.493,9.778,1.077,0.039,-0.004,0.004,2588,0
767355,0.508,9.761,1.116,0.046,0.017,0.017,2589,0
767374,0.524,9.675,1.156,0.055,0.013,0.018,2587,0
767395,0.532,9.68,1.166,0.048,-0.003,0.011,2587,0
767415,0.512,9.687,1.214,0.03,-0.007,0.007,2587,0
767434,0.476,9.694,1.216,0.034,-0.007,0.002,2587,0
767454,0.453,9.773,1.185,0.05,-0.013,0.007,2588,0
767474,0.441,9.744,1.183,0.064,-0.01,0.015,2586,0
767495,0.45,9.706,1.178,0.078,-0.013,0.014,2586,0
767514,0.472,9.759,1.125,0.056,-0.033,0.011,2586,0
767534,0.488,9.735,1.116,0.023,-0.04,0.011,2587,0
767555,0.548,9.689,1.085,0.042,-0.027,0.014,2586,0
767574,0.532,9.744,1.085,0.075,-0.017,0.011,2587,0
767595,0.558,9.713,1.104,0.069,-0.016,0.022,2588,0
767614,0.57,9.603,1.147,0.05,-0.019,0.011,2586,0
767634,0.539,9.574,1.161,0.021,-0.036,-0.01,2587,0
767654,0.529,9.594,1.197,0.009,-0.049,-0.018,2587,0
767674,0.503,9.68,1.216,0.031,-0.05,-0.026,2583,0
767694,0.498,9.752,1.159,0.05,-0.053,-0.024,2588,0
767714,0.46,9.744,1.159,0.062,-0.05,-0.014,2586,0
767734,0.469,9.72,1.101,0.059,-0.048,-0.017,2587,0
767755,0.479,9.723,1.085,0.028,-0.06,-0.022,2587,0
767774,0.5,9.673,1.061,0.025,-0.059,-0.021,2587,0
767795,0.52,9.747,1.056,0.051,-0.041,-0.021,2588,0
767814,0.491,9.821,1.101,0.047,-0.037,-0.012,2587,0
767834,0.476,9.783,1.116,0.035,-0.048,-0.01,2588,0
767854,0.46,9.711,1.132,0.039,-0.054,-0.009,2587,0
767874,0.481,9.663,1.128,0.05,-0.044,-0.006,2586,0
767894,0.493,9.73,1.087,0.059,-0.041,-0.008,2586,0
767915,0.529,9.752,1.053,0.057,-0.033,-0.006,2587,0
767934,0.536,9.761,1.01,0.052,-0.022,-0.001,2586,0
767955,0.532,9.747,1.032,0.042,-0.024,-0.002,2588,0
767974,0.493,9.732,1.022,0.026,-0.022,-0.007,2587,0
767995,0.453,9.708,1.051,0.026,-0.01,-0.003,2587,0
768014,0.453,9.73,1.101,0.042,-0.007,-0.001,2586,0
768035,0.436,9.768,1.147,0.044,-0.013,-0.001,2586,0
768054,0.453,9.723,1.171,0.04,-0.017,0.001,2587,0
768074,0.445,9.699,1.171,0.042,-0.019,-0.003,2586,0
768094,0.448,9.742,1.144,0.034,-0.025,-0.003,2586,0
768114,0.486,9.735,1.178,0.033,-0.024,0.001,2585,0
768134,0.481,9.72,1.154,0.047,-0.026,0.0,2586,0
768155,0.469,9.752,1.125,0.054,-0.038,0.004,2586,0
768174,0.472,9.764,1.111,0.047,-0.041,0.01,2587,0
768195,0.493,9.723,1.087,0.04,-0.038,0.013,2586,0
768214,0.498,9.689,1.034,0.041,-0.03,0.007,2586,0
768234,0.51,9.641,1.068,0.038,-0.023,0.005,2586,0
768255,0.448,9.692,1.085,0.031,-0.029,-0.005,2586,0
768275,0.438,9.737,1.08,0.022,-0.037,-0.007,2586,0
768294,0.46,9.819,1.077,0.028,-0.023,0.001,2586,0
768314,0.45,9.799,1.046,0.039,-0.006,0.01,2584,0
768335,0.433,9.737,1.097,0.048,-0.007,0.017,2586,0
768355,0.467,9.716,1.106,0.048,-0.025,0.014,2585,0
768374,0.503,9.723,1.154,0.03,-0.029,0.013,2585,0
768395,0.541,9.641,1.132,0.03,-0.024,0.012,2586,0
768415,0.527,9.627,1.161,0.047,-0.027,0.002,2585,0
768435,0.503,9.737,1.14,0.037,-0.039,-0.001,2586,0
768454,0.493,9.74,1.12,0.03,-0.041,0.002,2584,0
768475,0.455,9.744,1.111,0.039,-0.038,0.003,2584,0
768495,0.484,9.749,1.085,0.041,-0.031,0.01,2584,0
768515,0.493,9.699,1.087,0.041,-0.026,0.007,2584,0
768534,0.505,9.706,1.099,0.037,-0.031,0.004,2586,0
768554,0.546,9.701,1.137,0.039,-0.03,0.006,2584,0
768574,0.543,9.68,1.147,0.042,-0.023,0.003,2584,0
768595,0.515,9.687,1.159,0.037,-0.024,-0.001,2584,0
768615,0.515,9.665,1.202,0.027,-0.021,-0.007,2587,0
768634,0.505,9.68,1.166,0.032,-0.025,-0.014,2585,0
768654,0.491,9.728,1.192,0.035,-0.038,-0.01,2585,0
768674,0.496,9.735,1.14,0.039,-0.046,-0.004,2582,0
768694,0.488,9.704,1.106,0.042,-0.05,-0.007,2583,0
768715,0.5,9.699,1.051,0.03,-0.045,-0.009,2580,0
768734,0.496,9.694,1.027,0.024,-0.035,-0.012,2585,0
768754,0.503,9.74,1.058,0.022,-0.027,-0.013,2584,0
768775,0.5,9.768,1.075,0.033,-0.015,-0.004,2583,0
768794,0.508,9.816,1.068,0.044,-0.011,0.004,2583,0
768814,0.496,9.713,1.144,0.029,-0.011,0.004,2583,0
768834,0.472,9.577,1.183,0.006,-0.021,-0.011,2581,0
768854,0.445,9.649,1.195,0.019,-0.025,-0.017,2583,0
768874,0.45,9.828,1.197,0.03,-0.019,-0.012,2580,0
768894,0.443,9.814,1.204,0.035,-0.016,-0.001,2583,0
768915,0.467,9.665,1.199,0.052,-0.014,0.005,2584,0
768935,0.469,9.658,1.204,0.059,-0.023,0.0,2583,0
768954,0.457,9.749,1.149,0.034,-0.045,-0.005,2584,0
768975,0.491,9.783,1.13,0.017,-0.049,0.002,2582,0
768994,0.496,9.802,1.128,0.03,-0.033,0.009,2580,0
769015,0.464,9.766,1.125,0.039,-0.027,0.017,2584,0
769034,0.469,9.653,1.149,0.042,-0.031,0.017,2583,0
769055,0.481,9.603,1.176,0.037,-0.035,0.008,2582,0
769074,0.508,9.61,1.195,0.026,-0.041,0.0,2582,0
769095,0.541,9.687,1.216,-0.01,-0.046,-0.003,2582,0
769115,0.541,9.629,1.243,-0.021,-0.048,-0.009,2584,0
769134,0.491,9.651,1.259,0.014,-0.045,-0.014,2579,0
769154,0.448,9.697,1.252,0.037,-0.051,-0.017,2582,0
769175,0.455,9.72,1.221,0.037,-0.058,-0.016,2583,0
769194,0.496,9.761,1.195,0.033,-0.056,-0.008,2582,0
769214,0.508,9.74,1.147,0.038,-0.044,-0.007,2582,0
769235,0.508,9.699,1.123,0.043,-0.045,-0.005,2584,0
769255,0.5,9.673,1.135,0.047,-0.048,-0.007,2577,0
769274,0.476,9.706,1.19,0.041,-0.041,-0.014,2582,0
769295,0.462,9.759,1.147,0.021,-0.041,-0.013,2583,0
769314,0.481,9.74,1.156,0.024,-0.037,-0.007,2582,0
769334,0.46,9.706,1.178,0.045,-0.023,-0.005,2577,0
769354,0.453,9.716,1.144,0.042,-0.025,-0.005,2582,0
769375,0.493,9.694,1.144,0.031,-0.028,-0.006,2584,0
769394,0.491,9.723,1.166,0.032,-0.019,-0.009,2583,0
769414,0.479,9.761,1.176,0.03,-0.016,-0.003,2583,0
769435,0.462,9.732,1.207,0.033,-0.015,-0.001,2582,0
769454,0.441,9.716,1.173,0.044,-0.012,0.003,2582,0
769475,0.445,9.708,1.209,0.047,-0.015,0.003,2583,0
769495,0.464,9.725,1.223,0.037,-0.025,0.003,2582,0
769514,0.474,9.713,1.202,0.025,-0.034,0.001,2580,0
769535,0.443,9.744,1.178,0.027,-0.03,0.003,2582,0
769555,0.424,9.79,1.195,0.031,-0.021,0.013,2582,0
769574,0.421,9.742,1.216,0.031,-0.025,0.017,2582,0
769594,0.457,9.629,1.269,0.037,-0.034,0.016,2582,0
769614,0.512,9.618,1.267,0.047,-0.036,0.007,2582,0
769635,0.512,9.68,1.269,0.036,-0.037,-0.002,2581,0
769654,0.505,9.756,1.259,0.032,-0.043,0.004,2578,0
769675,0.486,9.766,1.24,0.041,-0.041,0.006,2583,0
769694,0.462,9.677,1.197,0.05,-0.041,0.009,2578,0
769714,0.503,9.618,1.164,0.056,-0.039,0.005,2577,0
769734,0.534,9.622,1.18,0.046,-0.038,-0.007,2577,0
769755,0.527,9.768,1.135,0.022,-0.048,-0.012,2581,0
769774,0.527,9.756,1.144,0.017,-0.033,-0.002,2578,0
769795,0.488,9.675,1.166,0.044,-0.008,-0.0,2581,0
769814,0.462,9.673,1.192,0.06,-0.011,0.0,2582,0
769835,0.5,9.685,1.199,0.035,-0.017,-0.004,2577,0
769854,0.503,9.658,1.211,0.009,-0.018,-0.018,2582,0
769874,0.472,9.682,1.221,0.005,-0.022,-0.02,2576,0
769894,0.467,9.773,1.243,0.032,-0.017,-0.015,2579,0
769915,0.445,9.773,1.276,0.052,-0.012,-0.008,2579,0
769934,0.436,9.732,1.288,0.055,-0.021,0.002,2583,0
769955,0.479,9.737,1.279,0.041,-0.028,-0.004,2582,0
769974,0.441,9.718,1.228,0.019,-0.035,-0.005,2581,0
769995,0.469,9.725,1.168,0.026,-0.033,-0.003,2582,0
770014,0.474,9.764,1.207,0.048,-0.024,0.006,2579,0
770035,0.455,9.773,1.183,0.054,-0.025,0.014,2576,0
770054,0.455,9.682,1.221,0.04,-0.025,0.016,2581,0
770074,0.455,9.634,1.209,0.03,-0.027,0.008,2583,0
770094,0.479,9.62,1.199,0.017,-0.033,-0.001,2580,0
770114,0.493,9.682,1.219,0.033,-0.022,0.003,2582,0
770134,0.522,9.716,1.252,0.05,-0.016,0.002,2581,0
770155,0.488,9.673,1.312,0.04,-0.028,-0.001,2578,0
770174,0.505,9.639,1.286,0.037,-0.036,-0.004,2578,0
770194,0.481,9.716,1.252,0.036,-0.036,-0.011,2580,0
770214,0.445,9.723,1.202,0.03,-0.04,-0.01,2579,0
770235,0.476,9.708,1.221,0.044,-0.036,-0.0,2581,0
770254,0.479,9.687,1.192,0.054,-0.029,-0.004,2581,0
770275,0.503,9.67,1.226,0.039,-0.033,-0.01,2581,0
770294,0.486,9.656,1.219,0.025,-0.037,-0.016,2581,0
770315,0.5,9.661,1.19,0.025,-0.033,-0.02,2579,0
770334,0.491,9.692,1.209,0.037,-0.02,-0.022,2578,0
770355,0.474,9.72,1.226,0.045,-0.02,-0.016,2579,0
770374,0.46,9.694,1.219,0.039,-0.021,-0.017,2578,0
770394,0.4,9.656,1.231,0.021,-0.025,-0.025,2581,0
770414,0.383,9.67,1.231,0.023,-0.023,-0.028,2583,0
770434,0.369,9.771,1.228,0.035,-0.015,-0.023,2578,0
770454,0.373,9.787,1.255,0.036,-0.016,-0.019,2578,0
770474,0.407,9.711,1.295,0.034,-0.018,-0.012,2572,0
770494,0.445,9.699,1.298,0.042,-0.024,-0.011,2581,0
770515,0.429,9.744,1.317,0.051,-0.025,-0.009,2582,0
770534,0.395,9.749,1.29,0.043,-0.034,-0.006,2581,0
770555,0.395,9.704,1.286,0.031,-0.047,-0.006,2575,0
770574,0.414,9.718,1.235,0.037,-0.048,-0.007,2578,0
770595,0.417,9.761,1.226,0.048,-0.041,0.001,2581,0
770614,0.421,9.783,1.219,0.048,-0.036,0.005,2581,0
770634,0.417,9.713,1.228,0.047,-0.04,0.007,2583,0
770655,0.445,9.668,1.214,0.048,-0.032,0.009,2578,0
770675,0.474,9.677,1.223,0.041,-0.025,0.002,2580,0
770695,0.46,9.687,1.228,0.035,-0.03,-0.002,2580,0
770715,0.417,9.706,1.228,0.032,-0.032,-0.003,2577,0
770734,0.433,9.708,1.243,0.027,-0.032,-0.003,2578,0
770755,0.421,9.72,1.247,0.027,-0.027,0.001,2581,0
770775,0.429,9.718,1.281,0.013,-0.028,0.001,2580,0
770794,0.429,9.735,1.269,0.0,-0.033,0.002,2580,0
770815,0.443,9.613,1.243,-0.004,-0.035,-0.0,2578,0
770835,0.457,9.589,1.267,0.029,-0.033,-0.008,2581,0
770855,0.46,9.711,1.298,0.037,-0.028,-0.012,2582,0
770874,0.441,9.692,1.307,0.01,-0.033,-0.012,2581,0
770894,0.429,9.673,1.322,0.014,-0.037,-0.011,2580,0
770914,0.393,9.728,1.259,0.025,-0.035,-0.01,2577,0
770935,0.397,9.723,1.25,0.023,-0.03,-0.006,2578,0
770954,0.397,9.663,1.31,0.033,-0.026,-0.007,2581,0
770975,0.385,9.711,1.338,0.038,-0.035,-0.006,2579,0
770994,0.4,9.723,1.362,0.024,-0.044,-0.006,2577,0
771014,0.419,9.682,1.362,0.029,-0.041,-0.002,2581,0
771035,0.407,9.704,1.343,0.059,-0.033,0.003,2581,0
771055,0.393,9.704,1.322,0.064,-0.036,-0.001,2577,0
771074,0.424,9.689,1.288,0.045,-0.05,-0.003,2574,0
771094,0.441,9.706,1.264,0.026,-0.052,-0.003,2578,0
771114,0.443,9.704,1.247,0.035,-0.038,-0.001,2581,0
771135,0.419,9.701,1.269,0.046,-0.03,0.003,2581,0
771154,0.424,9.649,1.286,0.05,-0.034,0.002,2579,0
771175,0.402,9.67,1.3,0.046,-0.033,-0.003,2574,0
771194,0.381,9.694,1.317,0.029,-0.029,-0.004,2580,0
771215,0.397,9.704,1.312,0.025,-0.027,-0.008,2577,0
771234,0.397,9.735,1.293,0.031,-0.033,-0.009,2577,0
771254,0.424,9.725,1.295,0.042,-0.031,0.003,2581,0
771274,0.429,9.735,1.312,0.05,-0.026,0.002,2578,0
771295,0.405,9.713,1.295,0.039,-0.034,0.002,2581,0
771314,0.426,9.675,1.307,0.033,-0.036,0.004,2579,0
771334,0.409,9.675,1.329,0.04,-0.034,-0.001,2575,0
771354,0.395,9.673,1.326,0.044,-0.04,-0.003,2582,0
771375,0.395,9.689,1.317,0.041,-0.044,-0.003,2576,0
771394,0.405,9.692,1.286,0.037,-0.039,-0.008,2581,0
771415,0.414,9.685,1.247,0.033,-0.036,-0.006,2576,0
771434,0.453,9.682,1.221,0.039,-0.039,-0.007,2580,0
771454,0.424,9.72,1.231,0.041,-0.029,-0.006,2579,0
771475,0.393,9.735,1.267,0.027,-0.016,-0.002,2580,0
771494,0.35,9.732,1.305,0.026,-0.02,0.0,2580,0
771515,0.345,9.737,1.35,0.036,-0.023,0.002,2581,0
771534,0.39,9.711,1.384,0.042,-0.024,0.011,2577,0
771555,0.405,9.661,1.396,0.052,-0.028,0.012,2577,0
771575,0.405,9.687,1.329,0.054,-0.039,0.009,2581,0
771594,0.412,9.735,1.3,0.035,-0.045,0.007,2582,0
771614,0.426,9.716,1.276,0.037,-0.042,0.01,2580,0
771634,0.424,9.752,1.257,0.052,-0.037,0.016,2582,0
771655,0.421,9.718,1.279,0.048,-0.038,0.017,2574,0
771675,0.409,9.634,1.288,0.039,-0.039,0.013,2580,0
771694,0.409,9.644,1.331,0.029,-0.046,0.001,2581,0
771714,0.429,9.697,1.334,0.014,-0.052,-0.002,2580,0
771734,0.45,9.694,1.31,0.027,-0.039,0.006,2579,0
771754,0.431,9.649,1.312,0.051,-0.024,0.007,2576,0
771774,0.453,9.625,1.346,0.048,-0.03,0.0,2580,0
771794,0.462,9.582,1.324,0.028,-0.043,-0.015,2578,0
771815,0.479,9.629,1.343,0.021,-0.048,-0.022,2575,0
771834,0.476,9.74,1.346,0.03,-0.043,-0.018,2575,0
771855,0.421,9.802,1.341,0.034,-0.035,-0.014,2574,0
771875,0.4,9.699,1.305,0.043,-0.031,-0.002,2572,0
771894,0.414,9.639,1.314,0.059,-0.033,-0.008,2574,0
771914,0.412,9.675,1.293,0.039,-0.043,-0.016,2579,0
771934,0.436,9.697,1.271,0.014,-0.038,-0.015,2574,0
771954,0.429,9.737,1.238,0.031,-0.023,-0.011,2574,0
771974,0.364,9.814,1.247,0.044,-0.004,-0.003,2568,0
771995,0.359,9.756,1.281,0.031,0.003,0.009,2572,0
772015,0.359,9.677,1.326,0.031,-0.01,0.003,2579,0
772034,0.385,9.725,1.365,0.026,-0.024,-0.003,2574,0
772055,0.424,9.701,1.41,0.019,-0.019,0.005,2577,0
772075,0.409,9.73,1.415,0.029,-0.019,0.01,2576,0
772095,0.407,9.661,1.374,0.023,-0.037,0.007,2576,0
772115,0.419,9.601,1.372,0.037,-0.043,0.001,2574,0
772134,0.407,9.661,1.334,0.04,-0.039,-0.005,2571,0
772154,0.412,9.766,1.302,0.031,-0.036,-0.0,2574,0
772175,0.409,9.804,1.281,0.04,-0.023,0.01,2576,0
772195,0.39,9.766,1.293,0.043,-0.018,0.019,2576,0
772214,0.369,9.658,1.317,0.033,-0.03,0.016,2577,0
772234,0.409,9.598,1.348,0.037,-0.035,0.012,2571,0
772254,0.45,9.682,1.374,0.036,-0.026,0.008,2572,0
772275,0.467,9.692,1.413,0.029,-0.027,0.009,2580,0
772294,0.457,9.627,1.408,0.048,-0.032,0.011,2581,0
772314,0.45,9.661,1.413,0.056,-0.036,0.003,2579,0
772334,0.429,9.622,1.377,0.03,-0.049,-0.006,2574,0
772355,0.46,9.601,1.322,0.035,-0.046,-0.007,2580,0
772374,0.443,9.699,1.298,0.05,-0.04,-0.013,2577,0
772395,0.426,9.737,1.29,0.037,-0.038,-0.01,2580,0
772414,0.412,9.689,1.307,0.037,-0.031,-0.01,2572,0
772434,0.393,9.74,1.35,0.028,-0.032,-0.013,2569,0
772454,0.407,9.706,1.317,0.015,-0.034,-0.01,2579,0
772475,0.426,9.716,1.305,0.04,-0.024,-0.001,2580,0
772494,0.424,9.744,1.341,0.058,-0.016,0.005,2580,0
772515,0.402,9.704,1.384,0.045,-0.019,0.005,2577,0
772534,0.373,9.637,1.398,0.019,-0.034,-0.002,2579,0
772555,0.409,9.653,1.398,0.019,-0.038,-0.004,2572,0
772574,0.441,9.689,1.377,0.046,-0.031,-0.005,2580,0
772595,0.438,9.708,1.393,0.058,-0.029,-0.001,2569,0
772614,0.441,9.622,1.396,0.059,-0.034,0.001,2573,0
772635,0.409,9.658,1.365,0.05,-0.045,-0.012,2572,0
772654,0.371,9.742,1.341,0.018,-0.054,-0.012,2574,0
772675,0.388,9.73,1.312,0.022,-0.038,-0.002,2577,0
772694,0.39,9.768,1.293,0.054,-0.024,0.001,2574,0
772715,0.385,9.776,1.314,0.047,-0.031,0.011,2575,0
772734,0.397,9.706,1.312,0.034,-0.031,0.015,2579,0
772754,0.373,9.687,1.341,0.029,-0.029,0.014,2571,0
772775,0.426,9.675,1.377,0.034,-0.023,0.02,2571,0
772795,0.467,9.653,1.389,0.052,-0.015,0.018,2576,0
772814,0.481,9.663,1.389,0.052,-0.022,0.013,2572,0
772835,0.481,9.615,1.384,0.031,-0.032,0.002,2573,0
772855,0.453,9.615,1.389,0.023,-0.038,-0.008,2566,0
772875,0.436,9.661,1.379,0.03,-0.039,-0.005,2566,0
772894,0.414,9.653,1.381,0.048,-0.03,-0.012,2569,0
772915,0.397,9.646,1.379,0.051,-0.038,-0.013,2574,0
772934,0.429,9.704,1.343,0.036,-0.046,-0.017,2571,0
772954,0.405,9.773,1.336,0.02,-0.044,-0.019,2574,0
772974,0.409,9.814,1.29,0.028,-0.033,-0.003,2567,0
772995,0.402,9.778,1.276,0.043,-0.02,0.008,2570,0
773014,0.424,9.732,1.293,0.052,-0.022,0.012,2572,0
773035,0.438,9.685,1.36,0.039,-0.024,0.013,2569,0
773055,0.433,9.61,1.355,0.013,-0.025,0.006,2570,0
773075,0.424,9.577,1.415,0.014,-0.027,-0.003,2574,0
773094,0.424,9.653,1.453,0.043,-0.022,-0.004,2577,0
773115,0.407,9.692,1.446,0.054,-0.03,-0.005,2569,0
773134,0.421,9.668,1.427,0.044,-0.042,-0.003,2574,0
773155,0.429,9.663,1.386,0.033,-0.047,-0.009,2574,0
773175,0.433,9.723,1.346,0.035,-0.045,-0.009,2566,0
773195,0.436,9.78,1.31,0.047,-0.037,0.0,2567,0
773214,0.429,9.768,1.283,0.052,-0.026,0.007,2566,0
773234,0.409,9.737,1.3,0.044,-0.026,0.012,2571,0
773254,0.393,9.697,1.329,0.025,-0.029,0.013,2571,0
773275,0.395,9.658,1.362,0.018,-0.025,0.013,2564,0
773294,0.414,9.632,1.396,0.038,-0.015,0.011,2568,0
773315,0.438,9.692,1.425,0.046,-0.014,0.01,2563,0
773334,0.45,9.646,1.434,0.033,-0.024,0.009,2564,0
773354,0.443,9.615,1.448,0.034,-0.035,0.001,2571,0
773374,0.443,9.665,1.448,0.033,-0.041,-0.007,2566,0
773394,0.433,9.665,1.405,0.023,-0.051,-0.014,2566,0
773414,0.457,9.677,1.391,0.036,-0.05,-0.012,2561,0
773435,0.419,9.74,1.374,0.049,-0.047,-0.006,2561,0
773454,0.409,9.716,1.353,0.044,-0.052,-0.001,2569,0
773475,0.417,9.67,1.367,0.039,-0.047,-0.003,2567,0
773494,0.429,9.673,1.322,0.036,-0.043,-0.006,2564,0
773514,0.431,9.682,1.341,0.035,-0.039,-0.004,2565,0
773535,0.431,9.723,1.346,0.041,-0.034,-0.003,2564,0
773555,0.421,9.74,1.362,0.04,-0.034,0.0,2564,0
773574,0.421,9.685,1.341,0.039,-0.025,0.007,2566,0
773595,0.397,9.639,1.369,0.036,-0.022,-0.001,2566,0
773614,0.421,9.663,1.405,0.029,-0.033,-0.007,2564,0
773635,0.443,9.665,1.396,0.03,-0.035,-0.006,2567,0
773654,0.429,9.673,1.417,0.042,-0.033,-0.002,2566,0
773674,0.436,9.658,1.422,0.054,-0.034,-0.002,2563,0
773694,0.409,9.668,1.398,0.053,-0.043,-0.007,2566,0
773714,0.4,9.728,1.398,0.04,-0.051,-0.005,2566,0
773735,0.417,9.783,1.346,0.025,-0.052,-0.001,2563,0
773755,0.424,9.783,1.336,0.037,-0.039,0.007,2571,0
773774,0.419,9.735,1.286,0.047,-0.026,0.014,2564,0
773794,0.445,9.68,1.348,0.046,-0.023,0.023,2566,0
773814,0.455,9.618,1.398,0.036,-0.025,0.014,2566,0
773834,0.46,9.608,1.422,0.023,-0.031,0.004,2566,0
773854,0.448,9.613,1.46,0.028,-0.031,0.002,2571,0
773875,0.438,9.661,1.482,0.047,-0.034,-0.002,2570,0
773894,0.426,9.663,1.48,0.043,-0.047,-0.006,2576,0
773915,0.421,9.649,1.439,0.029,-0.057,-0.012,2562,0
773934,0.419,9.658,1.381,0.034,-0.051,-0.009,2569,0
773955,0.429,9.74,1.348,0.048,-0.044,-0.007,2571,0
773974,0.45,9.749,1.365,0.042,-0.044,-0.003,2559,0
773995,0.455,9.658,1.353,0.04,-0.046,-0.004,2561,0
774014,0.433,9.658,1.353,0.036,-0.044,-0.009,2569,0
774035,0.429,9.677,1.367,0.023,-0.038,-0.008,2569,0
774054,0.455,9.675,1.372,0.029,-0.033,-0.01,2564,0
774074,0.438,9.697,1.353,0.029,-0.03,-0.009,2575,0
774094,0.445,9.685,1.353,0.031,-0.023,-0.006,2569,0
774115,0.419,9.677,1.369,0.034,-0.017,-0.005,2571,0
774134,0.393,9.646,1.41,0.026,-0.016,-0.008,2569,0
774155,0.39,9.639,1.453,0.012,-0.025,-0.018,2561,0
774174,0.412,9.653,1.489,0.019,-0.032,-0.019,2566,0
774195,0.421,9.711,1.516,0.04,-0.025,-0.014,2571,0
774214,0.393,9.728,1.542,0.048,-0.034,-0.006,2569,0
774234,0.397,9.665,1.489,0.05,-0.048,-0.007,2568,0
774255,0.402,9.687,1.437,0.039,-0.063,-0.01,2568,0
774274,0.431,9.689,1.391,0.032,-0.064,-0.009,2569,0
774294,0.424,9.759,1.326,0.05,-0.049,-0.001,2570,0
774315,0.405,9.79,1.305,0.048,-0.041,0.007,2567,0
774334,0.405,9.713,1.312,0.032,-0.039,0.008,2566,0
774354,0.414,9.634,1.346,0.031,-0.031,0.003,2564,0
774375,0.419,9.685,1.343,0.032,-0.017,0.009,2566,0
774394,0.441,9.663,1.432,0.036,-0.008,0.007,2567,0
774414,0.421,9.646,1.448,0.035,-0.009,0.002,2569,0
774435,0.412,9.644,1.516,0.032,-0.019,0.001,2566,0
774455,0.397,9.711,1.535,0.019,-0.033,-0.006,2573,0
774475,0.397,9.692,1.504,-0.016,-0.051,-0.005,2562,0
774494,0.412,9.644,1.444,-0.009,-0.053,-0.006,2567,0
774514,0.431,9.665,1.427,0.016,-0.041,-0.003,2561,0
774534,0.433,9.658,1.437,0.042,-0.034,-0.004,2561,0
774555,0.436,9.651,1.468,0.044,-0.035,-0.006,2559,0
774574,0.445,9.598,1.441,0.034,-0.037,-0.014,2563,0
774595,0.431,9.627,1.456,0.019,-0.037,-0.018,2571,0
774614,0.431,9.665,1.429,0.02,-0.029,-0.019,2561,0
774634,0.405,9.704,1.432,0.032,-0.022,-0.017,2561,0
774655,0.383,9.699,1.47,0.039,-0.025,-0.016,2566,0
774674,0.4,9.689,1.453,0.035,-0.03,-0.011,2559,0
774694,0.4,9.665,1.458,0.032,-0.025,-0.01,2564,0
774715,0.369,9.701,1.444,0.034,-0.019,-0.014,2568,0
774734,0.33,9.728,1.494,0.023,-0.029,-0.011,2563,0
774755,0.371,9.668,1.513,0.032,-0.035,-0.008,2559,0
774775,0.405,9.656,1.511,0.053,-0.034,-0.003,2566,0
774795,0.378,9.644,1.501,0.051,-0.033,-0.007,2563,0
774814,0.383,9.627,1.506,0.042,-0.039,-0.01,2564,0
774834,0.373,9.675,1.477,0.038,-0.048,-0.021,2563,0
774854,0.354,9.754,1.448,0.018,-0.056,-0.018,2563,0
774874,0.4,9.723,1.393,0.026,-0.037,0.003,2563,0
774894,0.383,9.735,1.384,0.06,-0.012,0.006,2563,0
774915,0.381,9.728,1.396,0.052,-0.015,0.009,2564,0
774934,0.4,9.603,1.437,0.026,-0.021,0.008,2574,0
774954,0.402,9.565,1.518,0.026,-0.018,-0.004,2563,0
774974,0.385,9.615,1.551,0.031,-0.021,-0.013,2567,0
774994,0.388,9.641,1.575,0.039,-0.028,-0.011,2561,0
775014,0.359,9.634,1.575,0.05,-0.036,-0.015,2569,0
775034,0.321,9.649,1.544,0.039,-0.052,-0.017,2563,0
775054,0.34,9.658,1.499,0.037,-0.053,-0.018,2562,0
775074,0.362,9.766,1.456,0.042,-0.048,-0.017,2561,0
775094,0.366,9.771,1.417,0.029,-0.053,-0.015,2574,0
775115,0.369,9.668,1.403,0.03,-0.056,-0.009,2559,0
775134,0.366,9.67,1.425,0.045,-0.043,0.001,2563,0
775155,0.347,9.699,1.451,0.048,-0.03,0.002,2566,0
775174,0.354,9.697,1.434,0.036,-0.033,0.003,2568,0
775194,0.385,9.634,1.458,0.034,-0.029,-0.001,2572,0
775214,0.376,9.644,1.453,0.039,-0.024,-0.003,2571,0
775235,0.366,9.637,1.489,0.034,-0.023,-0.003,2563,0
775254,0.345,9.661,1.472,0.035,-0.018,-0.003,2561,0
775275,0.347,9.649,1.477,0.035,-0.015,-0.006,2566,0
775295,0.352,9.651,1.496,0.028,-0.019,-0.008,2569,0
775314,0.333,9.639,1.508,0.023,-0.026,-0.013,2562,0
775334,0.328,9.653,1.556,0.031,-0.031,-0.011,2561,0
775355,0.345,9.697,1.568,0.052,-0.034,-0.006,2575,0
775374,0.345,9.704,1.542,0.06,-0.04,-0.007,2567,0
775395,0.35,9.62,1.52,0.046,-0.056,-0.007,2566,0
775414,0.357,9.661,1.465,0.05,-0.051,-0.009,2573,0
775434,0.371,9.742,1.437,0.052,-0.042,-0.005,2561,0
775454,0.359,9.744,1.415,0.037,-0.041,-0.004,2571,0
775474,0.359,9.673,1.365,0.036,-0.036,0.002,2566,0
775494,0.359,9.697,1.393,0.042,-0.019,0.007,2566,0
775514,0.338,9.692,1.46,0.026,-0.011,0.004,2568,0
775535,0.311,9.598,1.525,0.022,-0.017,0.002,2572,0
775554,0.35,9.646,1.556,0.039,-0.018,0.002,2564,0
775574,0.35,9.661,1.573,0.039,-0.024,-0.005,2566,0
775594,0.35,9.62,1.611,0.027,-0.041,-0.009,2569,0
775614,0.326,9.634,1.58,0.03,-0.052,-0.014,2568,0
775634,0.34,9.694,1.544,0.036,-0.053,-0.006,2563,0
775655,0.335,9.72,1.456,0.05,-0.045,-0.003,2568,0
775675,0.335,9.718,1.439,0.05,-0.043,0.002,2561,0
775694,0.34,9.682,1.437,0.038,-0.046,0.0,2561,0
775715,0.338,9.653,1.48,0.033,-0.046,0.002,2573,0
775734,0.354,9.658,1.472,0.041,-0.037,0.001,2562,0
775755,0.366,9.67,1.472,0.038,-0.031,-0.002,2568,0
775774,0.369,9.639,1.477,0.034,-0.03,-0.004,2561,0
775794,0.362,9.656,1.48,0.037,-0.029,-0.005,2571,0
775814,0.338,9.706,1.472,0.03,-0.03,-0.007,2568,0
775834,0.338,9.701,1.458,0.026,-0.024,-0.006,2571,0
775855,0.352,9.689,1.441,0.043,-0.013,0.002,2571,0
775875,0.338,9.711,1.494,0.04,-0.011,-0.001,2563,0
775894,0.314,9.663,1.506,0.011,-0.023,-0.003,2566,0
775914,0.299,9.61,1.561,0.013,-0.034,-0.005,2559,0
775934,0.318,9.706,1.592,0.043,-0.029,0.002,2563,0
775954,0.338,9.697,1.59,0.055,-0.025,0.005,2573,0
775974,0.345,9.62,1.583,0.05,-0.038,0.003,2562,0
775994,0.364,9.594,1.532,0.048,-0.047,-0.001,2569,0
776015,0.345,9.697,1.487,0.043,-0.049,-0.003,2566,0
776034,0.35,9.718,1.422,0.032,-0.045,-0.001,2561,0
776054,0.376,9.685,1.405,0.041,-0.034,0.005,2567,0
776075,0.338,9.716,1.42,0.046,-0.023,0.007,2564,0
776095,0.321,9.675,1.468,0.027,-0.02,0.005,2568,0
776115,0.333,9.61,1.489,0.022,-0.021,-0.001,2576,0
776134,0.335,9.634,1.559,0.026,-0.021,-0.001,2569,0
776155,0.35,9.641,1.621,0.033,-0.021,-0.002,2563,0
776174,0.352,9.67,1.599,0.038,-0.028,-0.003,2566,0
776194,0.333,9.658,1.595,0.039,-0.042,-0.007,2564,0
776214,0.338,9.653,1.549,0.03,-0.05,-0.009,2566,0
776234,0.342,9.656,1.537,0.037,-0.051,-0.006,2564,0
776254,0.342,9.699,1.499,0.056,-0.046,-0.003,2561,0
776275,0.34,9.725,1.484,0.053,-0.044,-0.001,2561,0
776295,0.34,9.639,1.468,0.041,-0.043,0.003,2559,0
776314,0.33,9.62,1.472,0.035,-0.045,-0.008,2569,0
776334,0.326,9.677,1.477,0.027,-0.044,-0.01,2561,0
776355,0.354,9.673,1.511,0.028,-0.035,-0.006,2572,0
776374,0.359,9.673,1.508,0.047,-0.024,-0.001,2561,0
776395,0.354,9.713,1.523,0.053,-0.02,0.004,2564,0
776414,0.328,9.692,1.501,0.029,-0.029,0.003,2566,0
776434,0.35,9.646,1.489,0.021,-0.031,-0.003,2569,0
776454,0.342,9.675,1.499,0.034,-0.027,0.001,2561,0
776475,0.338,9.67,1.535,0.036,-0.017,0.005,2564,0
776495,0.297,9.637,1.568,0.03,-0.024,0.002,2567,0
776515,0.316,9.615,1.595,0.037,-0.035,-0.002,2562,0
776535,0.333,9.665,1.607,0.044,-0.037,-0.006,2561,0
776554,0.333,9.685,1.563,0.038,-0.043,-0.002,2567,0
776574,0.364,9.637,1.571,0.048,-0.045,-0.002,2564,0
776595,0.338,9.687,1.513,0.054,-0.043,-0.003,2566,0
776615,0.338,9.711,1.477,0.041,-0.047,0.002,2566,0
776635,0.35,9.704,1.46,0.039,-0.04,0.006,2571,0
776654,0.35,9.701,1.448,0.046,-0.031,0.007,2563,0
776675,0.311,9.728,1.47,0.038,-0.027,0.013,2569,0
776694,0.328,9.627,1.484,0.031,-0.021,0.015,2566,0
776715,0.342,9.577,1.532,0.039,-0.019,0.006,2564,0
776734,0.34,9.627,1.59,0.036,-0.027,-0.001,2569,0
776754,0.366,9.618,1.602,0.037,-0.028,0.002,2563,0
776774,0.357,9.646,1.602,0.047,-0.029,0.0,2566,0
776795,0.345,9.682,1.573,0.043,-0.044,-0.004,2564,0
776814,0.33,9.663,1.561,0.034,-0.051,-0.004,2564,0
776835,0.345,9.677,1.528,0.043,-0.047,-0.002,2564,0
776854,0.342,9.704,1.506,0.05,-0.049,-0.001,2570,0
776875,0.342,9.653,1.513,0.041,-0.054,-0.003,2571,0
776894,0.364,9.629,1.492,0.039,-0.049,0.002,2571,0
776914,0.342,9.653,1.458,0.038,-0.038,0.0,2566,0
776935,0.347,9.682,1.487,0.03,-0.035,-0.001,2567,0
776954,0.357,9.627,1.496,0.033,-0.031,-0.005,2564,0
776974,0.366,9.656,1.489,0.041,-0.025,-0.001,2568,0
776994,0.357,9.675,1.516,0.037,-0.025,-0.002,2572,0
777014,0.34,9.685,1.539,0.03,-0.026,-0.001,2569,0
777034,0.323,9.651,1.542,0.036,-0.026,-0.001,2572,0
777054,0.323,9.699,1.542,0.041,-0.029,0.0,2561,0
777075,0.338,9.699,1.539,0.042,-0.031,0.007,2571,0
777094,0.321,9.682,1.539,0.044,-0.026,0.01,2559,0
777115,0.302,9.651,1.542,0.038,-0.034,0.009,2566,0
777134,0.333,9.608,1.566,0.038,-0.043,0.006,2561,0
777154,0.362,9.665,1.578,0.058,-0.036,0.006,2561,0
777174,0.354,9.725,1.561,0.055,-0.037,0.009,2566,0
777194,0.371,9.644,1.532,0.047,-0.045,0.008,2571,0
777215,0.371,9.615,1.492,0.047,-0.05,-0.0,2564,0
777235,0.364,9.658,1.441,0.039,-0.046,-0.004,2563,0
777254,0.366,9.704,1.444,0.034,-0.035,0.002,2568,0
777274,0.345,9.74,1.46,0.038,-0.025,0.005,2566,0
777294,0.326,9.732,1.48,0.041,-0.021,0.011,2566,0
777315,0.326,9.658,1.523,0.03,-0.016,0.016,2561,0
777334,0.333,9.594,1.551,0.02,-0.024,0.006,2564,0
777355,0.364,9.579,1.616,0.03,-0.03,0.002,2562,0
777374,0.378,9.675,1.64,0.046,-0.029,0.002,2561,0
777395,0.378,9.687,1.597,0.042,-0.036,0.003,2559,0
777414,0.366,9.589,1.595,0.041,-0.047,-0.001,2564,0
777435,0.354,9.627,1.535,0.051,-0.055,-0.008,2564,0
777454,0.352,9.701,1.549,0.033,-0.058,-0.013,2559,0
777474,0.371,9.665,1.496,0.027,-0.059,-0.009,2568,0
777494,0.369,9.701,1.463,0.053,-0.044,0.002,2563,0
777515,0.352,9.723,1.494,0.055,-0.037,0.006,2561,0
777535,0.335,9.639,1.456,0.032,-0.039,0.002,2564,0
777555,0.357,9.608,1.504,0.026,-0.035,-0.002,2569,0
777574,0.383,9.665,1.489,0.033,-0.027,0.002,2561,0
777595,0.395,9.658,1.539,0.037,-0.022,-0.002,2562,0
777615,0.35,9.735,1.52,0.027,-0.03,-0.001,2564,0
777634,0.39,9.601,1.547,-0.006,-0.037,-0.001,2561,0
777655,0.335,9.594,1.544,0.003,-0.038,-0.018,2561,0
777675,0.338,9.677,1.58,0.003,-0.029,-0.011,2563,0
777694,0.345,9.649,1.551,0.02,-0.019,-0.009,2568,0
777715,0.338,9.725,1.611,0.032,-0.029,-0.011,2562,0
777734,0.318,9.744,1.59,0.018,-0.035,-0.002,2559,0
777755,0.34,9.629,1.595,0.021,-0.03,-0.002,2559,0
777775,0.345,9.606,1.623,0.036,-0.04,-0.007,2561,0
777795,0.364,9.675,1.602,0.036,-0.047,-0.006,2559,0
777814,0.366,9.697,1.616,0.031,-0.044,-0.006,2566,0
777835,0.359,9.668,1.633,0.028,-0.048,-0.005,2564,0
777854,0.354,9.606,1.592,0.043,-0.048,-0.007,2561,0
777874,0.333,9.665,1.547,0.042,-0.045,-0.006,2563,0
777894,0.359,9.708,1.496,0.041,-0.034,0.001,2569,0
777914,0.35,9.711,1.475,0.042,-0.025,-0.002,2561,0
777934,0.357,9.716,1.511,0.023,-0.027,-0.002,2562,0
777955,0.352,9.663,1.508,0.003,-0.023,0.002,2569,0
777974,0.347,9.639,1.549,-0.014,-0.017,0.003,2563,0
777994,0.362,9.567,1.618,0.002,-0.011,-0.001,2561,0
778014,0.345,9.634,1.678,0.028,-0.006,-0.001,2561,0
778035,0.362,9.639,1.731,0.029,-0.011,-0.001,2562,0
778054,0.345,9.56,1.709,0.036,-0.024,-0.006,2559,0
778074,0.338,9.596,1.709,0.041,-0.042,-0.016,2572,0
778094,0.338,9.677,1.669,0.032,-0.047,-0.015,2561,0
778114,0.321,9.646,1.604,0.036,-0.046,-0.015,2564,0
778134,0.333,9.692,1.609,0.049,-0.046,-0.012,2559,0
778155,0.316,9.708,1.578,0.043,-0.047,-0.008,2561,0
778174,0.345,9.649,1.571,0.038,-0.042,-0.006,2563,0
778194,0.359,9.637,1.556,0.048,-0.036,-0.008,2559,0
778214,0.333,9.682,1.571,0.043,-0.032,-0.005,2562,0
778235,0.342,9.625,1.58,0.032,-0.032,-0.009,2564,0
778254,0.345,9.56,1.635,0.036,-0.03,-0.014,2561,0
778275,0.326,9.651,1.65,0.044,-0.024,-0.015,2561,0
778294,0.323,9.685,1.642,0.03,-0.024,-0.013,2562,0
778315,0.323,9.658,1.64,0.032,-0.032,-0.014,2561,0
778334,0.326,9.658,1.647,0.046,-0.035,-0.011,2561,0
778354,0.297,9.711,1.616,0.042,-0.031,-0.01,2561,0
778374,0.263,9.634,1.633,0.03,-0.039,-0.009,2566,0
778395,0.28,9.598,1.63,0.039,-0.04,-0.011,2568,0
778414,0.28,9.67,1.659,0.042,-0.042,-0.008,2561,0
778434,0.316,9.632,1.669,0.043,-0.045,-0.008,2564,0
778454,0.34,9.589,1.676,0.062,-0.048,-0.012,2562,0
778475,0.33,9.644,1.657,0.058,-0.053,-0.013,2561,0
778494,0.33,9.641,1.595,0.045,-0.05,-0.012,2566,0
778514,0.326,9.646,1.554,0.047,-0.044,-0.016,2566,0
778534,0.285,9.701,1.496,0.045,-0.04,-0.017,2566,0
778554,0.259,9.776,1.492,0.029,-0.035,-0.01,2561,0
778574,0.263,9.764,1.513,0.028,-0.017,0.003,2564,0
778594,0.278,9.701,1.542,0.04,-0.005,0.006,2564,0
778614,0.299,9.665,1.592,0.039,-0.007,0.01,2564,0
778635,0.321,9.601,1.642,0.042,-0.007,0.013,2563,0
778655,0.299,9.694,1.688,0.021,-0.015,0.007,2561,0
778675,0.302,9.608,1.714,-0.005,-0.029,0.009,2563,0
778694,0.299,9.572,1.736,0.027,-0.024,0.006,2564,0
778715,0.261,9.627,1.721,0.054,-0.029,-0.001,2564,0
778734,0.263,9.622,1.724,0.05,-0.045,0.0,2559,0
778755,0.29,9.62,1.671,0.047,-0.05,-0.003,2564,0
778774,0.306,9.656,1.63,0.037,-0.059,-0.008,2571,0
778795,0.299,9.644,1.597,0.036,-0.058,-0.008,2572,0
778815,0.314,9.658,1.566,0.052,-0.047,-0.005,2564,0
778835,0.316,9.687,1.578,0.054,-0.042,-0.005,2563,0
778855,0.306,9.658,1.595,0.036,-0.041,-0.003,2563,0
778874,0.338,9.639,1.578,0.037,-0.031,-0.002,2568,0
778894,0.304,9.658,1.583,0.039,-0.023,-0.005,2559,0
778914,0.294,9.663,1.616,0.026,-0.027,-0.007,2564,0
778934,0.302,9.627,1.604,0.032,-0.025,-0.008,2568,0
778955,0.285,9.708,1.614,0.038,-0.015,-0.003,2564,0
778974,0.28,9.694,1.647,0.025,-0.012,-0.002,2566,0
778994,0.263,9.615,1.705,0.02,-0.025,-0.002,2559,0
779014,0.278,9.603,1.717,0.046,-0.037,-0.003,2563,0
779035,0.28,9.673,1.733,0.058,-0.039,-0.002,2559,0
779055,0.271,9.661,1.721,0.054,-0.043,0.002,2566,0
779075,0.256,9.668,1.666,0.045,-0.05,0.002,2564,0
779095,0.302,9.697,1.607,0.042,-0.051,0.002,2561,0
779114,0.338,9.677,1.585,0.042,-0.045,0.005,2564,0
779134,0.338,9.673,1.537,0.044,-0.038,0.007,2561,0
779155,0.347,9.658,1.551,0.041,-0.032,0.008,2561,0
779174,0.29,9.644,1.587,0.028,-0.025,0.01,2559,0
779195,0.29,9.579,1.611,0.026,-0.023,0.004,2564,0
779215,0.278,9.618,1.683,0.031,-0.026,-0.002,2563,0
779234,0.306,9.622,1.709,0.036,-0.026,-0.001,2567,0
779254,0.318,9.632,1.705,0.048,-0.028,-0.003,2559,0
779274,0.292,9.694,1.676,0.043,-0.038,-0.001,2561,0
779294,0.297,9.675,1.638,0.028,-0.042,0.004,2561,0
779314,0.304,9.644,1.635,0.039,-0.042,0.001,2561,0
779334,0.287,9.701,1.642,0.042,-0.05,-0.0,2559,0
779354,0.306,9.637,1.628,0.03,-0.048,0.005,2563,0
779374,0.321,9.57,1.642,0.05,-0.039,0.005,2559,0
779395,0.299,9.61,1.65,0.049,-0.041,-0.002,2561,0
779414,0.321,9.598,1.642,0.03,-0.044,-0.003,2567,0
779434,0.328,9.584,1.628,0.045,-0.037,-0.009,2561,0
779454,0.342,9.697,1.616,0.048,-0.036,-0.008,2566,0
779475,0.35,9.653,1.592,0.023,-0.035,-0.01,2565,0
779494,0.333,9.584,1.571,0.023,-0.031,-0.015,2564,0
779514,0.285,9.68,1.571,0.034,-0.026,-0.014,2559,0
779534,0.251,9.756,1.626,0.021,-0.018,-0.009,2561,0
779555,0.237,9.649,1.69,0.023,-0.015,-0.002,2566,0
779574,0.244,9.656,1.695,0.046,-0.023,-0.002,2566,0
779594,0.283,9.706,1.7,0.039,-0.031,0.003,2559,0
779614,0.309,9.629,1.724,0.037,-0.029,0.003,2563,0
779635,0.294,9.589,1.688,0.052,-0.035,0.005,2559,0
779654,0.292,9.649,1.657,0.051,-0.042,0.002,2559,0
779675,0.285,9.692,1.635,0.042,-0.041,0.005,2563,0
779694,0.318,9.68,1.616,0.041,-0.035,0.007,2559,0
779715,0.299,9.68,1.604,0.046,-0.031,0.01,2562,0
779735,0.306,9.665,1.604,0.038,-0.035,0.01,2559,0
779755,0.314,9.649,1.599,0.031,-0.025,0.013,2564,0
779775,0.318,9.591,1.64,0.036,-0.017,0.013,2559,0
779795,0.314,9.613,1.695,0.042,-0.016,0.007,2567,0
779814,0.294,9.627,1.709,0.037,-0.025,0.002,2561,0
779835,0.33,9.615,1.717,0.033,-0.029,-0.0,2562,0
779854,0.309,9.625,1.688,0.036,-0.032,-0.006,2561,0
779875,0.326,9.618,1.693,0.029,-0.04,-0.007,2559,0
779894,0.326,9.579,1.676,0.039,-0.044,-0.01,2559,0
779915,0.304,9.668,1.686,0.046,-0.045,-0.011,2562,0
779934,0.275,9.689,1.645,0.029,-0.05,-0.011,2559,0
779954,0.285,9.618,1.657,0.025,-0.051,-0.008,2559,0
779975,0.297,9.598,1.664,0.044,-0.044,-0.01,2559,0
779995,0.302,9.682,1.683,0.044,-0.046,-0.009,2561,0
780014,0.297,9.675,1.654,0.026,-0.05,-0.007,2564,0
780035,0.304,9.639,1.662,0.027,-0.045,-0.007,2559,0
780054,0.302,9.665,1.626,0.045,-0.04,-0.005,2561,0
780075,0.287,9.711,1.621,0.044,-0.033,-0.0,2559,0
780094,0.302,9.68,1.638,0.033,-0.034,0.002,2562,0
780115,0.311,9.658,1.618,0.039,-0.026,0.008,2562,0
780134,0.292,9.67,1.64,0.042,-0.014,0.011,2559,0
780155,0.275,9.594,1.669,0.029,-0.021,0.007,2561,0
780175,0.271,9.591,1.724,0.037,-0.032,0.001,2561,0
780194,0.292,9.651,1.745,0.045,-0.036,-0.002,2559,0
780214,0.311,9.651,1.755,0.043,-0.038,0.003,2559,0
780235,0.314,9.606,1.702,0.051,-0.04,0.002,2559,0
780254,0.33,9.615,1.652,0.051,-0.044,-0.001,2564,0
780274,0.292,9.668,1.63,0.046,-0.046,-0.003,2561,0
780294,0.302,9.704,1.611,0.035,-0.041,0.001,2564,0
780314,0.285,9.677,1.592,0.04,-0.037,0.008,2561,0
780335,0.275,9.651,1.599,0.05,-0.03,0.011,2562,0
780355,0.278,9.629,1.595,0.039,-0.024,0.014,2561,0
780374,0.304,9.584,1.65,0.027,-0.02,0.006,2561,0
780395,0.316,9.586,1.688,0.025,-0.027,-0.001,2561,0
780414,0.335,9.615,1.738,0.031,-0.039,-0.008,2564,0
780434,0.34,9.62,1.745,0.036,-0.041,-0.003,2559,0
780454,0.328,9.565,1.743,0.049,-0.041,-0.005,2561,0
780475,0.275,9.613,1.712,0.051,-0.052,-0.013,2564,0
780494,0.292,9.67,1.693,0.029,-0.057,-0.016,2559,0
780514,0.297,9.694,1.664,0.012,-0.061,-0.012,2561,0
780534,0.318,9.661,1.63,0.035,-0.051,-0.003,2561,0
780554,0.309,9.677,1.616,0.063,-0.04,0.001,2559,0
780575,0.287,9.687,1.621,0.044,-0.041,0.007,2562,0
780595,0.299,9.608,1.647,0.031,-0.039,0.002,2562,0
780614,0.294,9.639,1.638,0.032,-0.033,-0.002,2559,0
780634,0.309,9.677,1.645,0.032,-0.03,0.002,2561,0
780654,0.323,9.629,1.674,0.05,-0.024,0.008,2559,0
780675,0.311,9.641,1.683,0.052,-0.023,0.007,2559,0
780694,0.292,9.608,1.678,0.029,-0.032,-0.002,2561,0
780714,0.318,9.646,1.647,0.027,-0.031,-0.0,2564,0
780734,0.304,9.718,1.654,0.036,-0.021,0.005,2565,0
780755,0.306,9.663,1.659,0.036,-0.019,0.01,2562,0
780774,0.292,9.577,1.7,0.044,-0.024,0.007,2559,0
780795,0.299,9.62,1.712,0.04,-0.031,-0.0,2559,0
780814,0.335,9.591,1.729,0.025,-0.036,0.0,2564,0
780835,0.328,9.536,1.753,0.048,-0.036,-0.008,2559,0
780855,0.318,9.627,1.7,0.059,-0.038,-0.009,2561,0
780874,0.28,9.646,1.69,0.038,-0.045,-0.009,2559,0
780894,0.287,9.651,1.654,0.029,-0.048,-0.009,2559,0
780914,0.287,9.689,1.628,0.037,-0.039,-0.008,2559,0
780934,0.299,9.73,1.602,0.045,-0.03,0.003,2564,0
780955,0.316,9.706,1.602,0.047,-0.023,0.007,2562,0
780975,0.297,9.658,1.654,0.038,-0.025,0.008,2562,0
780995,0.311,9.589,1.686,0.025,-0.028,0.003,2561,0
781014,0.306,9.579,1.702,0.026,-0.027,0.002,2559,0
781034,0.321,9.594,1.75,0.041,-0.026,0.001,2561,0
781055,0.302,9.62,1.736,0.047,-0.036,-0.005,2559,0
781074,0.304,9.589,1.726,0.045,-0.044,-0.002,2562,0
781094,0.294,9.606,1.688,0.047,-0.047,-0.01,2561,0
781114,0.294,9.68,1.671,0.039,-0.05,-0.007,2561,0
781135,0.306,9.682,1.64,0.041,-0.044,-0.002,2562,0
781155,0.328,9.67,1.65,0.048,-0.039,-0.001,2561,0
781174,0.328,9.639,1.638,0.05,-0.037,-0.002,2559,0
781195,0.311,9.615,1.638,0.042,-0.031,-0.002,2559,0
781215,0.314,9.61,1.657,0.037,-0.026,-0.005,2559,0
781234,0.306,9.618,1.662,0.037,-0.025,-0.007,2561,0
781254,0.316,9.615,1.669,0.044,-0.025,-0.01,2559,0
781275,0.297,9.641,1.657,0.043,-0.022,-0.01,2561,0
781294,0.28,9.649,1.671,0.028,-0.027,-0.013,2559,0
781315,0.261,9.646,1.669,0.027,-0.031,-0.012,2561,0
781334,0.244,9.663,1.686,0.041,-0.025,-0.007,2561,0
781354,0.292,9.68,1.69,0.055,-0.022,0.001,2562,0
781374,0.304,9.625,1.736,0.054,-0.022,-0.003,2561,0
781395,0.297,9.567,1.757,0.035,-0.035,-0.01,2561,0
781415,0.285,9.582,1.719,0.026,-0.049,-0.017,2561,0
781435,0.297,9.637,1.724,0.04,-0.052,-0.018,2559,0
781454,0.304,9.656,1.724,0.061,-0.043,-0.015,2559,0
781474,0.29,9.613,1.717,0.059,-0.046,-0.015,2559,0
781494,0.297,9.574,1.688,0.043,-0.056,-0.022,2559,0
781515,0.299,9.613,1.647,0.028,-0.059,-0.032,2563,0
781534,0.273,9.699,1.604,0.02,-0.054,-0.026,2561,0
781554,0.271,9.716,1.599,0.044,-0.034,-0.011,2559,0
781574,0.242,9.744,1.58,0.07,-0.021,-0.007,2561,0
781594,0.227,9.732,1.583,0.046,-0.022,0.004,2561,0
781615,0.23,9.644,1.618,0.023,-0.022,0.0,2562,0
781635,0.239,9.677,1.664,0.018,-0.03,-0.004,2561,0
781654,0.261,9.682,1.705,0.034,-0.025,0.004,2561,0
781675,0.273,9.658,1.755,0.059,-0.013,0.017,2561,0
781695,0.266,9.618,1.745,0.065,-0.026,0.013,2561,0
781715,0.256,9.586,1.738,0.041,-0.052,0.005,2561,0
781735,0.268,9.598,1.676,0.027,-0.054,-0.001,2561,0
781754,0.285,9.663,1.64,0.05,-0.042,0.005,2559,0
781774,0.28,9.685,1.645,0.063,-0.04,0.007,2559,0
781794,0.285,9.634,1.65,0.051,-0.042,0.008,2559,0
781814,0.278,9.589,1.645,0.044,-0.045,-0.001,2561,0
781835,0.273,9.632,1.616,0.039,-0.042,-0.007,2559,0
781854,0.28,9.675,1.616,0.03,-0.033,-0.003,2564,0
781874,0.294,9.641,1.633,0.042,-0.022,0.0,2562,0
781894,0.28,9.661,1.647,0.054,-0.017,0.0,2559,0
781915,0.268,9.661,1.652,0.037,-0.021,0.001,2561,0
781934,0.268,9.61,1.678,0.028,-0.027,-0.003,2559,0
781955,0.251,9.644,1.695,0.035,-0.031,-0.009,2561,0
781974,0.268,9.694,1.664,0.039,-0.029,-0.002,2559,0
781994,0.256,9.663,1.666,0.039,-0.026,0.005,2561,0
782014,0.244,9.618,1.695,0.044,-0.027,0.0,2561,0
782035,0.247,9.629,1.707,0.04,-0.035,-0.001,2565,0
782055,0.275,9.663,1.733,0.033,-0.042,-0.001,2562,0
782074,0.283,9.704,1.709,0.018,-0.048,-0.001,2561,0
782094,0.306,9.524,1.707,0.023,-0.052,-0.005,2559,0
782114,0.292,9.606,1.666,0.053,-0.041,-0.009,2559,0
782134,0.271,9.73,1.626,0.037,-0.038,-0.007,2561,0
782155,0.271,9.697,1.611,0.021,-0.034,0.0,2561,0
782174,0.268,9.653,1.621,0.038,-0.026,0.005,2562,0
782195,0.268,9.663,1.645,0.042,-0.021,0.009,2562,0
782214,0.268,9.637,1.671,0.031,-0.018,0.007,2559,0
782235,0.266,9.572,1.697,0.025,-0.025,-0.001,2559,0
782254,0.259,9.582,1.733,0.025,-0.026,-0.001,2561,0
782274,0.28,9.62,1.75,0.037,-0.026,-0.002,2561,0
782295,0.275,9.675,1.743,0.038,-0.033,-0.006,2562,0
782314,0.266,9.641,1.712,0.029,-0.038,-0.002,2564,0
782335,0.259,9.656,1.702,0.024,-0.043,-0.006,2559,0
782355,0.266,9.677,1.664,0.002,-0.051,-0.002,2559,0
782374,0.297,9.627,1.664,0.022,-0.036,0.007,2561,0
782395,0.302,9.665,1.695,0.054,-0.023,0.006,2559,0
782414,0.256,9.653,1.712,0.035,-0.035,0.005,2559,0
782435,0.278,9.531,1.765,0.021,-0.041,0.001,2561,0
782454,0.259,9.548,1.721,0.027,-0.044,-0.01,2561,0
782474,0.292,9.615,1.717,0.032,-0.036,-0.005,2561,0
782494,0.299,9.637,1.693,0.05,-0.026,-0.008,2559,0
782514,0.263,9.68,1.69,0.044,-0.032,-0.007,2566,0
782534,0.254,9.656,1.702,0.021,-0.038,-0.011,2559,0
782555,0.249,9.677,1.664,0.022,-0.034,-0.005,2559,0
782574,0.275,9.742,1.695,0.035,-0.023,0.004,2559,0
782594,0.249,9.694,1.695,0.039,-0.013,0.012,2559,0
782614,0.242,9.603,1.729,0.047,-0.019,0.012,2561,0
782634,0.23,9.589,1.774,0.041,-0.026,0.009,2559,0
782655,0.273,9.57,1.784,0.029,-0.035,0.004,2566,0
782674,0.294,9.572,1.781,0.036,-0.039,-0.002,2559,0
782694,0.29,9.627,1.788,0.039,-0.043,-0.002,2561,0
782715,0.261,9.653,1.798,0.039,-0.047,-0.004,2562,0
782734,0.263,9.673,1.709,0.051,-0.049,0.003,2559,0
782754,0.275,9.663,1.686,0.044,-0.048,0.003,2559,0
782774,0.299,9.658,1.652,0.039,-0.043,0.007,2562,0
782794,0.299,9.677,1.647,0.039,-0.036,0.007,2561,0
782814,0.28,9.675,1.623,0.03,-0.024,0.008,2559,0
782835,0.263,9.586,1.666,0.028,-0.016,0.009,2561,0
782854,0.275,9.591,1.748,0.041,-0.013,0.009,2559,0
782874,0.292,9.606,1.803,0.039,-0.015,0.003,2561,0
782894,0.294,9.582,1.817,0.033,-0.025,-0.001,2559,0
782914,0.268,9.565,1.82,0.027,-0.042,-0.009,2562,0
782934,0.251,9.625,1.796,0.025,-0.05,-0.011,2559,0
782955,0.268,9.644,1.769,0.042,-0.045,-0.007,2559,0
782975,0.256,9.732,1.733,0.059,-0.04,0.002,2559,0
782994,0.283,9.692,1.702,0.057,-0.041,0.008,2559,0
783014,0.309,9.632,1.683,0.045,-0.047,0.005,2562,0
783035,0.297,9.582,1.669,0.03,-0.05,-0.002,2559,0
783055,0.278,9.618,1.654,0.031,-0.035,-0.002,2561,0
783075,0.283,9.649,1.7,0.037,-0.023,0.0,2559,0
783094,0.273,9.637,1.726,0.039,-0.022,0.0,2559,0
783115,0.28,9.596,1.719,0.04,-0.022,-0.001,2559,0
783134,0.275,9.637,1.743,0.027,-0.03,-0.007,2561,0
783155,0.268,9.661,1.738,0.019,-0.034,-0.004,2561,0
783174,0.283,9.658,1.755,0.043,-0.026,0.003,2559,0
783194,0.268,9.713,1.745,0.054,-0.022,0.011,2561,0
783215,0.251,9.618,1.765,0.04,-0.03,0.012,2561,0
783235,0.254,9.567,1.76,0.036,-0.04,0.004,2561,0
783254,0.259,9.61,1.781,0.038,-0.043,0.002,2561,0
783275,0.299,9.632,1.788,0.043,-0.043,0.002,2559,0
783294,0.311,9.62,1.736,0.058,-0.039,0.004,2561,0
783314,0.268,9.651,1.729,0.052,-0.041,0.003,2559,0
783335,0.292,9.608,1.745,0.039,-0.05,-0.002,2561,0
783355,0.297,9.641,1.702,0.039,-0.049,-0.007,2562,0
783374,0.302,9.694,1.657,0.034,-0.042,0.0,2559,0
783395,0.321,9.677,1.652,0.038,-0.033,0.005,2562,0
783415,0.273,9.663,1.666,0.044,-0.027,0.006,2561,0
783435,0.275,9.632,1.683,0.026,-0.026,0.008,2561,0
783454,0.275,9.553,1.729,0.031,-0.018,0.006,2561,0
783474,0.285,9.591,1.757,0.047,-0.014,0.009,2562,0
783494,0.323,9.601,1.808,0.044,-0.019,0.002,2559,0
783514,0.316,9.553,1.815,0.042,-0.032,-0.006,2559,0
783534,0.304,9.584,1.8,0.038,-0.043,-0.011,2561,0
783555,0.266,9.615,1.781,0.026,-0.05,-0.019,2561,0
783575,0.259,9.606,1.738,0.031,-0.055,-0.021,2561,0
783594,0.273,9.687,1.745,0.051,-0.047,-0.009,2559,0
783615,0.256,9.723,1.719,0.05,-0.043,-0.003,2559,0
783635,0.278,9.615,1.726,0.038,-0.052,-0.004,2561,0
783655,0.261,9.591,1.712,0.036,-0.055,-0.01,2564,0
783674,0.271,9.658,1.664,0.031,-0.05,-0.007,2561,0
783695,0.278,9.644,1.688,0.039,-0.039,0.0,2559,0
783714,0.287,9.634,1.721,0.055,-0.029,0.004,2561,0
783734,0.287,9.637,1.721,0.042,-0.034,0.002,2561,0
783754,0.287,9.603,1.69,0.019,-0.04,-0.003,2559,0
783775,0.287,9.594,1.724,0.029,-0.033,-0.004,2559,0
783794,0.285,9.704,1.721,0.044,-0.024,0.004,2559,0
783815,0.294,9.692,1.736,0.047,-0.023,0.011,2559,0
783834,0.278,9.658,1.719,0.048,-0.025,0.014,2559,0
783854,0.259,9.606,1.717,0.036,-0.028,0.011,2559,0
783874,0.275,9.584,1.76,0.031,-0.031,0.008,2559,0
783895,0.285,9.622,1.772,0.046,-0.032,0.009,2563,0
783914,0.321,9.639,1.772,0.05,-0.031,0.009,2564,0
783935,0.318,9.574,1.765,0.049,-0.036,0.002,2559,0
783954,0.306,9.579,1.781,0.044,-0.042,-0.003,2561,0
783975,0.302,9.615,1.733,0.035,-0.043,-0.004,2561,0
783995,0.316,9.627,1.693,0.043,-0.035,0.0,2562,0
784015,0.318,9.651,1.676,0.056,-0.028,-0.002,2559,0
784035,0.292,9.663,1.702,0.041,-0.03,-0.001,2561,0
784055,0.294,9.622,1.686,0.027,-0.029,0.004,2559,0
784074,0.285,9.627,1.674,0.031,-0.022,0.001,2559,0
784095,0.273,9.61,1.748,0.035,-0.022,0.0,2559,0
784114,0.285,9.62,1.765,0.035,-0.023,0.0,2559,0
784134,0.309,9.582,1.808,0.039,-0.026,-0.002,2559,0
784154,0.292,9.584,1.839,0.041,-0.033,-0.01,2559,0
784175,0.275,9.598,1.803,0.039,-0.045,-0.01,2559,0
784195,0.278,9.62,1.76,0.041,-0.046,-0.009,2559,0
784214,0.275,9.644,1.738,0.046,-0.042,-0.009,2559,0
784234,0.292,9.627,1.7,0.049,-0.042,-0.005,2564,0
784254,0.311,9.639,1.717,0.052,-0.039,-0.007,2562,0
784275,0.285,9.665,1.719,0.033,-0.042,-0.011,2559,0
784294,0.283,9.637,1.702,0.022,-0.044,-0.012,2559,0
784314,0.283,9.632,1.714,0.041,-0.027,-0.007,2561,0
784334,0.273,9.668,1.714,0.056,-0.02,-0.004,2564,0
784354,0.268,9.634,1.729,0.043,-0.028,-0.004,2561,0
784374,0.297,9.586,1.743,0.032,-0.031,-0.005,2562,0
784394,0.261,9.632,1.76,0.034,-0.03,-0.007,2559,0
784414,0.259,9.661,1.767,0.034,-0.03,-0.008,2559,0
784434,0.247,9.661,1.721,0.043,-0.029,-0.003,2559,0
784455,0.268,9.685,1.738,0.047,-0.028,0.005,2559,0
784474,0.254,9.641,1.757,0.034,-0.031,0.005,2562,0
784495,0.254,9.577,1.76,0.032,-0.033,0.001,2559,0
784514,0.259,9.601,1.769,0.045,-0.033,0.001,2559,0
784534,0.285,9.67,1.774,0.052,-0.035,0.001,2564,0
784555,0.292,9.625,1.784,0.054,-0.043,0.002,2559,0
784575,0.29,9.56,1.772,0.051,-0.047,-0.006,2559,0
784595,0.278,9.582,1.743,0.04,-0.049,-0.009,2561,0
784615,0.294,9.629,1.683,0.04,-0.043,-0.008,2561,0
784635,0.302,9.673,1.654,0.047,-0.035,-0.008,2559,0
784655,0.278,9.694,1.638,0.042,-0.026,-0.003,2559,0
784674,0.268,9.656,1.654,0.038,-0.021,0.003,2559,0
784695,0.249,9.651,1.681,0.036,-0.014,0.003,2561,0
784714,0.249,9.625,1.721,0.023,-0.016,-0.001,2561,0
784735,0.259,9.601,1.762,0.026,-0.018,-0.001,2559,0
784754,0.285,9.615,1.853,0.044,-0.017,0.002,2559,0
784774,0.268,9.622,1.844,0.048,-0.027,-0.001,2561,0
784794,0.259,9.558,1.851,0.042,-0.044,-0.006,2559,0
784814,0.268,9.591,1.786,0.05,-0.053,-0.006,2559,0
784835,0.239,9.677,1.736,0.042,-0.054,-0.009,2559,0
784854,0.259,9.68,1.702,0.031,-0.052,-0.005,2559,0
784874,0.268,9.639,1.664,0.05,-0.045,-0.004,2561,0
784895,0.275,9.704,1.674,0.049,-0.04,0.002,2559,0
784914,0.275,9.625,1.686,0.033,-0.037,0.005,2559,0
784934,0.278,9.553,1.712,0.035,-0.033,0.0,2559,0
784954,0.273,9.622,1.719,0.044,-0.024,-0.003,2561,0
784974,0.273,9.644,1.743,0.037,-0.025,-0.003,2559,0
784994,0.287,9.598,1.75,0.038,-0.031,-0.006,2559,0
785015,0.275,9.634,1.741,0.043,-0.031,-0.009,2559,0
785035,0.263,9.67,1.741,0.029,-0.033,-0.006,2559,0
785055,0.254,9.606,1.714,0.025,-0.035,-0.008,2559,0
785074,0.261,9.632,1.729,0.047,-0.028,-0.004,2562,0
785094,0.254,9.713,1.714,0.043,-0.022,0.002,2559,0
785115,0.256,9.651,1.731,0.021,-0.025,0.001,2559,0
785134,0.23,9.558,1.772,0.025,-0.033,-0.005,2559,0
785154,0.242,9.622,1.824,0.045,-0.037,-0.006,2561,0
785174,0.239,9.668,1.805,0.046,-0.038,-0.002,2559,0
785194,0.266,9.613,1.808,0.049,-0.044,0.001,2561,0
785215,0.273,9.603,1.76,0.057,-0.047,-0.002,2562,0
785234,0.271,9.658,1.705,0.041,-0.053,-0.004,2561,0
785254,0.261,9.637,1.686,0.022,-0.05,-0.005,2562,0
785275,0.275,9.644,1.65,0.039,-0.033,0.0,2559,0
785294,0.249,9.713,1.652,0.052,-0.024,0.005,2559,0
785314,0.227,9.692,1.681,0.032,-0.021,0.007,2559,0
785334,0.254,9.574,1.741,0.021,-0.022,0.008,2559,0
785355,0.254,9.567,1.765,0.023,-0.02,0.003,2559,0
785374,0.256,9.634,1.812,0.03,-0.02,0.002,2559,0
785395,0.285,9.639,1.836,0.038,-0.02,0.004,2561,0
785414,0.283,9.608,1.841,0.047,-0.025,0.008,2562,0
785435,0.263,9.601,1.796,0.038,-0.035,0.001,2559,0
785454,0.247,9.594,1.767,0.028,-0.049,-0.006,2561,0
785475,0.251,9.644,1.755,0.031,-0.046,-0.004,2562,0
785494,0.266,9.673,1.765,0.038,-0.039,0.002,2562,0
785515,0.263,9.641,1.755,0.043,-0.038,0.004,2559,0
785534,0.266,9.644,1.743,0.028,-0.045,0.004,2559,0
785554,0.278,9.562,1.757,0.021,-0.047,0.0,2561,0
785574,0.273,9.586,1.729,0.04,-0.038,-0.002,2559,0
785595,0.29,9.646,1.743,0.045,-0.031,0.0,2559,0
785615,0.29,9.653,1.738,0.036,-0.033,-0.002,2561,0
785634,0.261,9.615,1.753,0.029,-0.036,-0.007,2559,0
785654,0.259,9.646,1.726,0.032,-0.031,-0.005,2559,0
785674,0.242,9.685,1.738,0.031,-0.027,-0.005,2561,0
785694,0.256,9.685,1.753,0.03,-0.025,0.007,2561,0
785715,0.268,9.598,1.784,0.046,-0.018,0.011,2561,0
785734,0.247,9.615,1.808,0.038,-0.025,0.005,2559,0
785755,0.278,9.548,1.846,0.022,-0.04,-0.0,2562,0
785774,0.287,9.548,1.848,0.041,-0.042,-0.008,2561,0
785795,0.266,9.653,1.832,0.046,-0.039,-0.007,2559,0
785814,0.259,9.625,1.805,0.039,-0.037,-0.001,2562,0
785835,0.251,9.62,1.755,0.054,-0.039,-0.005,2564,0
785855,0.271,9.697,1.707,0.046,-0.042,-0.006,2559,0
785875,0.273,9.668,1.709,0.026,-0.039,-0.003,2561,0
785894,0.28,9.656,1.707,0.039,-0.031,0.005,2562,0
785915,0.268,9.699,1.688,0.047,-0.021,0.007,2561,0
785934,0.249,9.62,1.741,0.03,-0.019,0.009,2559,0
785955,0.251,9.541,1.796,0.034,-0.018,0.002,2559,0
785974,0.237,9.615,1.796,0.027,-0.027,0.001,2559,0
785995,0.266,9.603,1.82,0.026,-0.029,0.001,2559,0
786015,0.266,9.606,1.844,0.047,-0.028,0.004,2561,0
786034,0.259,9.625,1.829,0.052,-0.034,0.003,2559,0
786054,0.261,9.622,1.8,0.031,-0.044,-0.001,2561,0
786075,0.278,9.591,1.779,0.03,-0.048,-0.003,2561,0
786095,0.278,9.651,1.784,0.045,-0.045,-0.003,2559,0
786115,0.285,9.651,1.767,0.048,-0.041,0.002,2561,0
786134,0.29,9.603,1.745,0.047,-0.037,-0.0,2561,0
786154,0.261,9.603,1.745,0.035,-0.042,-0.007,2564,0
786174,0.247,9.622,1.753,0.023,-0.043,-0.005,2561,0
786195,0.268,9.613,1.772,0.036,-0.036,-0.004,2559,0
786214,0.278,9.656,1.772,0.049,-0.024,0.0,2561,0
786234,0.247,9.637,1.786,0.042,-0.023,-0.001,2559,0
786254,0.256,9.637,1.745,0.03,-0.03,0.002,2559,0
786275,0.249,9.641,1.798,0.03,-0.033,0.001,2561,0
786294,0.273,9.692,1.769,0.038,-0.031,0.007,2561,0
786315,0.28,9.692,1.781,0.045,-0.028,0.01,2559,0
786335,0.268,9.62,1.8,0.041,-0.029,0.013,2559,0
786354,0.261,9.553,1.796,0.039,-0.031,0.011,2559,0
786374,0.256,9.582,1.81,0.035,-0.034,0.002,2559,0
786394,0.266,9.613,1.827,0.029,-0.042,-0.002,2559,0
786414,0.29,9.598,1.829,0.038,-0.042,-0.003,2559,0
786435,0.29,9.615,1.798,0.052,-0.041,0.001,2562,0
786454,0.285,9.644,1.779,0.052,-0.035,0.003,2559,0
786474,0.294,9.641,1.745,0.039,-0.041,-0.002,2561,0
786494,0.299,9.62,1.702,0.032,-0.044,-0.003,2559,0
786514,0.297,9.653,1.733,0.043,-0.03,0.001,2559,0
786535,0.261,9.708,1.729,0.04,-0.021,0.007,2559,0
786555,0.271,9.62,1.738,0.036,-0.021,0.008,2559,0
786574,0.266,9.586,1.784,0.036,-0.023,0.008,2561,0
786595,0.266,9.591,1.841,0.029,-0.025,-0.001,2564,0
786614,0.278,9.594,1.856,0.018,-0.033,-0.004,2559,0
786634,0.299,9.57,1.865,0.034,-0.034,-0.001,2559,0
786654,0.285,9.641,1.844,0.052,-0.03,0.0,2561,0
786674,0.263,9.661,1.829,0.045,-0.044,0.002,2561,0
786694,0.275,9.591,1.791,0.038,-0.054,-0.005,2562,0
786715,0.271,9.625,1.753,0.035,-0.05,-0.005,2559,0
786734,0.29,9.651,1.76,0.037,-0.044,0.0,2561,0
786755,0.302,9.661,1.76,0.05,-0.038,0.001,2559,0
786774,0.285,9.629,1.772,0.05,-0.034,0.002,2562,0
786794,0.287,9.584,1.774,0.034,-0.039,-0.003,2561,0
786814,0.28,9.57,1.772,0.024,-0.037,-0.004,2559,0
786835,0.292,9.589,1.784,0.041,-0.03,-0.001,2559,0
786854,0.294,9.653,1.779,0.051,-0.02,-0.002,2559,0
786874,0.28,9.639,1.8,0.043,-0.022,0.003,2562,0
786895,0.299,9.603,1.805,0.035,-0.027,-0.003,2561,0
786914,0.259,9.567,1.81,0.022,-0.039,-0.012,2559,0
786934,0.259,9.601,1.812,0.026,-0.035,-0.007,2559,0
786954,0.261,9.692,1.822,0.048,-0.025,-0.003,2559,0
786974,0.268,9.697,1.834,0.046,-0.03,0.001,2559,0
786995,0.275,9.615,1.81,0.039,-0.036,0.007,2559,0
787014,0.278,9.55,1.793,0.043,-0.035,0.0,2559,0
787035,0.251,9.629,1.817,0.034,-0.04,-0.006,2562,0
787054,0.306,9.622,1.82,0.033,-0.041,-0.002,2562,0
787074,0.297,9.606,1.824,0.059,-0.033,-0.001,2561,0
787094,0.299,9.625,1.822,0.061,-0.037,-0.005,2561,0
787115,0.287,9.567,1.808,0.035,-0.044,-0.011,2564,0
787134,0.287,9.553,1.772,0.027,-0.046,-0.017,2561,0
787155,0.304,9.634,1.736,0.042,-0.034,-0.015,2559,0
787174,0.261,9.723,1.731,0.044,-0.021,-0.007,2561,0
787194,0.268,9.685,1.731,0.039,-0.019,0.001,2559,0
787215,0.254,9.62,1.755,0.038,-0.018,-0.003,2559,0
787234,0.242,9.594,1.769,0.025,-0.018,-0.005,2561,0
787254,0.239,9.548,1.851,0.027,-0.013,-0.005,2564,0
787275,0.266,9.598,1.867,0.042,-0.017,-0.009,2559,0
787295,0.249,9.639,1.87,0.046,-0.026,-0.007,2561,0
787314,0.263,9.608,1.894,0.045,-0.037,-0.004,2561,0
787334,0.251,9.598,1.846,0.043,-0.045,-0.009,2559,0
787355,0.242,9.601,1.82,0.038,-0.052,-0.013,2561,0
787374,0.28,9.632,1.786,0.043,-0.048,-0.009,2561,0
787395,0.259,9.653,1.767,0.048,-0.044,-0.005,2559,0
787414,0.251,9.644,1.748,0.045,-0.045,-0.0,2559,0
787434,0.266,9.589,1.75,0.046,-0.039,-0.005,2559,0
787455,0.251,9.615,1.767,0.036,-0.042,-0.01,2559,0
787475,0.242,9.601,1.776,0.026,-0.039,-0.011,2559,0
787494,0.266,9.615,1.791,0.044,-0.027,-0.005,2559,0
787514,0.256,9.682,1.781,0.056,-0.025,-0.002,2561,0
787534,0.275,9.663,1.796,0.038,-0.032,-0.001,2559,0
787554,0.261,9.546,1.793,0.027,-0.035,-0.008,2559,0
787574,0.235,9.582,1.784,0.038,-0.032,-0.011,2561,0
787594,0.235,9.673,1.798,0.037,-0.03,-0.006,2559,0
787614,0.244,9.661,1.786,0.036,-0.025,0.002,2559,0
787634,0.242,9.639,1.81,0.049,-0.021,0.007,2559,0
787655,0.223,9.594,1.786,0.052,-0.019,0.004,2559,0
787674,0.235,9.589,1.834,0.03,-0.033,-0.009,2559,0
787695,0.235,9.591,1.834,0.019,-0.05,-0.014,2559,0
787714,0.251,9.658,1.846,0.047,-0.037,-0.006,2564,0
787734,0.235,9.697,1.841,0.064,-0.03,0.008,2559,0
787754,0.242,9.598,1.822,0.057,-0.038,0.006,2561,0
787775,0.266,9.558,1.743,0.047,-0.047,-0.004,2559,0
787794,0.278,9.613,1.721,0.037,-0.041,-0.006,2559,0
787815,0.275,9.704,1.686,0.035,-0.026,0.0,2559,0
787834,0.239,9.673,1.721,0.042,-0.02,0.001,2561,0
787854,0.201,9.651,1.765,0.046,-0.023,0.004,2561,0
787874,0.199,9.591,1.779,0.033,-0.021,0.004,2561,0
787895,0.225,9.562,1.805,0.023,-0.026,-0.002,2561,0
787914,0.266,9.601,1.865,0.03,-0.033,-0.006,2559,0
787934,0.275,9.649,1.858,0.049,-0.031,-0.001,2559,0
787954,0.242,9.658,1.848,0.052,-0.031,0.005,2559,0
787974,0.225,9.586,1.844,0.046,-0.042,0.005,2561,0
787994,0.22,9.601,1.781,0.035,-0.053,-0.005,2559,0
788014,0.235,9.641,1.76,0.016,-0.055,-0.01,2561,0
788034,0.249,9.629,1.772,0.031,-0.05,-0.005,2559,0
788055,0.266,9.68,1.796,0.059,-0.031,0.011,2561,0
788075,0.22,9.646,1.76,0.057,-0.032,0.009,2561,0
788094,0.254,9.558,1.788,0.037,-0.047,-0.001,2561,0
788114,0.254,9.56,1.767,0.019,-0.046,-0.013,2559,0
788134,0.263,9.625,1.757,0.018,-0.038,-0.011,2561,0
788154,0.283,9.656,1.736,0.046,-0.02,-0.002,2559,0
788174,0.235,9.697,1.774,0.051,-0.015,0.004,2559,0
788194,0.235,9.613,1.781,0.027,-0.023,0.001,2559,0
788214,0.237,9.582,1.791,0.017,-0.029,-0.004,2559,0
788235,0.244,9.656,1.812,0.025,-0.022,-0.005,2561,0
788254,0.204,9.661,1.841,0.027,-0.019,0.005,2559,0
788274,0.196,9.598,1.879,0.038,-0.022,0.008,2559,0
788294,0.201,9.632,1.899,0.011,-0.042,0.004,2559,0
788314,0.261,9.579,1.882,-0.007,-0.054,0.004,2559,0
788334,0.268,9.596,1.827,-0.01,-0.052,-0.003,2562,0
788354,0.287,9.56,1.812,-0.003,-0.051,-0.007,2559,0
788374,0.28,9.61,1.808,0.026,-0.039,-0.005,2559,0
788394,0.249,9.685,1.805,0.036,-0.03,-0.003,2559,0
788414,0.251,9.627,1.82,0.023,-0.033,0.002,2561,0
788434,0.223,9.596,1.805,0.027,-0.034,-0.002,2559,0
788454,0.223,9.663,1.827,0.016,-0.031,0.003,2559,0
788475,0.225,9.62,1.851,0.014,-0.025,0.006,2559,0
788494,0.237,9.591,1.894,0.034,-0.02,0.008,2559,0
788514,0.249,9.618,1.911,0.038,-0.024,0.007,2561,0
788534,0.254,9.594,1.935,0.02,-0.034,0.004,2559,0
788554,0.249,9.553,1.93,0.017,-0.044,-0.003,2561,0
788574,0.239,9.577,1.903,0.022,-0.047,-0.005,2561,0
788594,0.261,9.622,1.887,0.032,-0.034,0.007,2559,0
788614,0.266,9.598,1.882,0.05,-0.023,0.003,2559,0
788634,0.259,9.618,1.865,0.044,-0.039,-0.002,2561,0
788654,0.263,9.582,1.925,0.023,-0.053,-0.007,2561,0
788674,0.266,9.562,1.889,0.025,-0.048,-0.009,2559,0
788694,0.261,9.646,1.901,0.043,-0.037,-0.001,2559,0
788714,0.227,9.622,1.875,0.05,-0.031,0.003,2559,0
788734,0.266,9.601,1.863,0.052,-0.033,0.005,2561,0
788754,0.244,9.603,1.87,0.042,-0.036,-0.001,2559,0
788774,0.244,9.629,1.839,0.021,-0.044,-0.005,2559,0
788794,0.249,9.582,1.858,0.03,-0.035,0.0,2559,0
788814,0.247,9.644,1.839,0.05,-0.016,0.008,2561,0
788834,0.271,9.632,1.877,0.048,-0.016,0.01,2561,0
788854,0.261,9.596,1.901,0.036,-0.024,0.006,2559,0
788874,0.242,9.572,1.911,0.024,-0.03,0.002,2559,0
788894,0.227,9.546,1.925,0.028,-0.034,-0.007,2559,0
788914,0.235,9.601,1.975,0.042,-0.033,0.001,2559,0
788934,0.266,9.629,1.956,0.053,-0.032,0.004,2561,0
809165,4.798,3.594,7.932,0.059,0.074,0.123,2605,0
818271,3.845,6.141,6.098,-0.037,-0.128,0.153,2524,0
818291,3.926,6.266,6.081,-0.065,-0.091,0.157,2524,0
818311,3.903,6.321,6.122,-0.14,-0.044,0.188,2525,0
818331,3.871,6.122,6.278,-0.167,-0.034,0.208,2524,0
818351,3.958,6.024,6.323,-0.143,-0.015,0.204,2525,0
818371,3.931,5.971,6.357,-0.122,-0.015,0.201,2525,0
818391,4.046,5.875,6.503,-0.124,-0.03,0.192,2524,0
818411,4.13,5.744,6.527,-0.122,-0.007,0.171,2526,0
818431,4.161,5.607,6.608,-0.074,0.012,0.126,2526,0
818451,4.111,5.617,6.594,-0.012,0.018,0.076,2526,0
818471,4.104,5.715,6.529,-0.013,0.015,0.061,2528,0
818491,4.118,5.856,6.577,-0.06,0.016,0.079,2529,0
818511,4.113,5.851,6.586,-0.133,0.022,0.113,2529,0
818531,4.152,5.748,6.677,-0.185,0.014,0.127,2529,0
818551,4.207,5.607,6.749,-0.174,0.033,0.111,2531,0
818571,4.235,5.531,6.749,-0.088,0.066,0.076,2532,0
818591,4.207,5.531,6.74,0.032,0.106,0.017,2531,0
818611,4.082,5.839,6.706,0.054,0.141,-0.011,2533,0
818631,4.005,5.964,6.862,-0.049,0.123,0.02,2530,0
818651,4.029,5.827,6.993,-0.085,0.063,0.066,2532,0
818671,4.14,5.669,6.948,-0.045,0.046,0.06,2532,0
818691,4.142,5.696,6.879,0.016,0.101,0.02,2534,0
818711,4.008,5.818,7.034,0.046,0.158,0.008,2532,0
818731,3.867,5.981,7.207,0.043,0.152,0.047,2532,0
818751,3.761,5.986,7.228,-0.001,0.087,0.081,2531,0
818771,3.816,5.808,7.24,-0.034,0.047,0.093,2531,0
818791,3.828,5.588,7.24,-0.006,0.063,0.088,2528,0
818811,3.797,5.502,7.281,0.047,0.084,0.065,2530,0
818831,3.697,5.545,7.355,0.072,0.087,0.054,2529,0
818851,3.594,5.602,7.309,0.034,0.052,0.065,2530,0
818871,3.637,5.468,7.302,-0.026,0.006,0.079,2530,0
818891,3.725,5.248,7.226,-0.032,-0.01,0.072,2529,0
818911,3.804,5.088,7.14,0.024,0.009,0.033,2530,0
818931,3.737,5.169,7.068,0.062,0.04,-0.007,2531,0
818951,3.689,5.315,7.022,0.029,0.043,-0.015,2528,0
818971,3.701,5.322,7.068,-0.019,0.039,-0.003,2530,0
818991,3.766,5.286,7.173,-0.023,0.042,-0.011,2529,0
819011,3.74,5.255,7.192,0.004,0.028,-0.043,2529,0
819031,3.735,5.42,7.199,0.019,0.03,-0.06,2530,0
819051,3.694,5.547,7.197,0.002,0.036,-0.053,2528,0
819071,3.711,5.535,7.211,-0.009,0.038,-0.04,2529,0
819091,3.689,5.523,7.269,0.002,0.057,-0.035,2530,0
819111,3.685,5.555,7.293,-0.005,0.043,-0.031,2529,0
819131,3.692,5.533,7.345,-0.015,0.034,-0.031,2530,0
819151,3.716,5.533,7.386,0.006,0.025,-0.027,2529,0
819171,3.757,5.543,7.372,0.019,0.022,-0.026,2528,0
819191,3.745,5.509,7.369,0.027,0.028,-0.023,2528,0
819211,3.757,5.514,7.422,0.019,0.014,-0.011,2530,0
819231,3.807,5.495,7.398,-0.001,0.002,0.01,2528,0
819251,3.821,5.404,7.384,-0.002,0.0,0.021,2527,0
819271,3.807,5.375,7.374,0.019,0.007,0.009,2529,0
819291,3.764,5.373,7.429,0.021,-0.004,-0.001,2528,0
819311,3.709,5.413,7.491,0.019,-0.027,0.005,2528,0
819331,3.706,5.42,7.444,0.018,-0.046,0.009,2528,0
819351,3.701,5.468,7.362,0.003,-0.06,0.011,2526,0
819371,3.694,5.399,7.36,0.006,-0.058,0.011,2527,0
819391,3.673,5.406,7.365,0.039,-0.046,0.006,2527,0
819411,3.634,5.464,7.348,0.026,-0.066,0.011,2527,0
819431,3.711,5.365,7.36,0.009,-0.084,0.022,2526,0
819451,3.761,5.334,7.278,0.036,-0.05,0.011,2528,0
819471,3.692,5.351,7.274,0.048,-0.035,-0.005,2528,0
819491,3.675,5.349,7.211,0.038,-0.049,-0.0,2527,0
819511,3.666,5.346,7.223,0.015,-0.06,0.009,2525,0
819531,3.723,5.327,7.233,0.0,-0.05,0.007,2526,0
819551,3.73,5.306,7.259,0.022,-0.027,-0.008,2527,0
819571,3.706,5.389,7.309,0.04,-0.013,-0.018,2527,0
819591,3.63,5.428,7.348,0.034,-0.03,-0.003,2527,0
819611,3.687,5.375,7.283,0.017,-0.063,0.012,2528,0
819631,3.79,5.315,7.195,0.015,-0.043,0.009,2527,0
819651,3.728,5.325,7.238,0.011,-0.01,0.001,2525,0
819671,3.709,5.325,7.35,0.017,-0.005,-0.009,2527,0
819691,3.658,5.394,7.381,0.023,-0.022,-0.006,2527,0
819711,3.711,5.399,7.345,0.019,-0.046,-0.001,2527,0
819731,3.761,5.382,7.324,0.024,-0.037,-0.004,2527,0
819751,3.764,5.387,7.329,0.024,-0.025,-0.007,2527,0
819771,3.761,5.373,7.362,0.019,-0.023,-0.004,2526,0
819791,3.752,5.368,7.396,0.017,-0.023,-0.003,2526,0
819811,3.733,5.394,7.398,0.011,-0.042,0.005,2526,0
819831,3.776,5.356,7.348,0.015,-0.053,0.016,2527,0
819851,3.776,5.365,7.333,0.011,-0.044,0.022,2527,0
819871,3.764,5.267,7.314,-0.004,-0.037,0.015,2527,0
819891,3.754,5.215,7.302,0.018,-0.035,-0.001,2527,0
819911,3.694,5.303,7.283,0.023,-0.024,-0.008,2526,0
819931,3.692,5.373,7.314,0.009,-0.034,0.003,2526,0
819951,3.721,5.294,7.29,0.002,-0.037,0.004,2523,0
819971,3.706,5.265,7.281,0.006,-0.02,-0.003,2527,0
819991,3.718,5.334,7.338,0.006,-0.014,-0.002,2527,0
820011,3.701,5.296,7.384,0.003,-0.013,0.002,2526,0
820031,3.737,5.284,7.341,0.009,-0.017,0.001,2524,0
820051,3.783,5.25,7.341,-0.002,-0.012,-0.001,2526,0
820071,3.742,5.27,7.398,-0.007,-0.004,-0.002,2526,0
820091,3.747,5.246,7.427,0.013,-0.018,-0.005,2526,0
820111,3.78,5.291,7.408,0.031,-0.024,-0.011,2526,0
820131,3.754,5.337,7.427,0.025,-0.017,-0.011,2525,0
820151,3.737,5.37,7.424,-0.002,-0.018,0.005,2526,0
820171,3.771,5.306,7.477,-0.02,-0.024,0.021,2526,0
820191,3.78,5.205,7.47,0.002,-0.037,0.016,2525,0
820211,3.792,5.229,7.408,0.041,-0.03,-0.004,2525,0
820231,3.745,5.308,7.355,0.036,-0.03,0.001,2525,0
820251,3.725,5.248,7.367,-0.009,-0.029,0.022,2525,0
820271,3.735,5.126,7.365,-0.02,-0.035,0.019,2526,0
820291,3.757,5.143,7.367,0.005,-0.022,0.006,2525,0
820311,3.733,5.207,7.4,0.023,0.004,-0.002,2526,0
820331,3.658,5.236,7.441,0.022,0.002,0.0,2526,0
820351,3.699,5.241,7.422,0.013,-0.026,0.013,2525,0
820371,3.797,5.162,7.396,-0.002,-0.015,0.02,2525,0
820391,3.771,5.119,7.42,-0.004,0.003,0.016,2527,0
820411,3.73,5.102,7.441,0.02,0.005,0.005,2526,0
820431,3.682,5.181,7.436,0.016,-0.004,0.008,2524,0
820451,3.656,5.164,7.53,-0.017,-0.028,0.022,2527,0
820471,3.682,5.076,7.537,-0.01,-0.035,0.021,2525,0
820491,3.723,5.107,7.448,0.019,-0.031,-0.001,2524,0
820511,3.704,5.174,7.439,0.026,-0.005,-0.015,2525,0
820531,3.61,5.234,7.479,0.008,-0.004,-0.001,2525,0
820551,3.649,5.155,7.503,0.0,-0.014,0.016,2525,0
820571,3.668,5.076,7.525,0.021,-0.015,0.008,2526,0
820591,3.692,5.097,7.527,0.037,-0.018,-0.005,2526,0
820611,3.723,5.092,7.499,0.034,-0.014,-0.008,2525,0
820631,3.689,5.097,7.53,0.023,-0.015,-0.003,2525,0
820651,3.699,5.064,7.518,0.014,-0.03,-0.005,2525,0
820671,3.711,5.052,7.482,0.025,-0.025,-0.009,2525,0
820691,3.685,5.073,7.465,0.04,-0.014,-0.021,2525,0
820711,3.663,5.126,7.458,0.041,-0.012,-0.028,2526,0
820731,3.666,5.121,7.479,0.033,-0.013,-0.018,2524,0
820751,3.651,5.131,7.551,0.03,-0.003,-0.016,2526,0
820771,3.663,5.128,7.578,0.033,-0.014,-0.012,2524,0
820791,3.666,5.1,7.527,0.034,-0.028,-0.002,2525,0
820811,3.67,5.078,7.463,0.038,-0.025,-0.009,2525,0
820831,3.642,5.136,7.511,0.033,-0.016,-0.014,2524,0
820851,3.606,5.193,7.511,0.038,-0.011,-0.007,2525,0
820871,3.594,5.138,7.506,0.036,-0.02,-0.002,2524,0
820891,3.615,5.16,7.477,0.036,-0.012,-0.003,2524,0
820911,3.625,5.133,7.518,0.036,-0.008,-0.002,2522,0
820931,3.651,5.116,7.527,0.041,-0.003,-0.002,2523,0
820951,3.668,5.095,7.566,0.031,-0.005,0.003,2524,0
820971,3.67,5.047,7.602,0.01,-0.012,0.005,2524,0
820991,3.711,5.025,7.602,0.017,-0.027,0.004,2525,0
821011,3.721,5.018,7.549,0.029,-0.013,-0.002,2525,0
821031,3.639,5.08,7.618,0.029,-0.005,-0.009,2523,0
821051,3.608,5.097,7.681,0.025,-0.028,-0.003,2523,0
821071,3.627,5.033,7.592,0.027,-0.038,-0.005,2523,0
821091,3.627,5.066,7.532,0.018,-0.034,-0.009,2525,0
821111,3.618,5.054,7.535,0.017,-0.031,-0.011,2523,0
821131,3.608,5.114,7.527,0.023,-0.016,-0.014,2522,0
821151,3.582,5.114,7.547,0.019,-0.005,-0.006,2524,0
821171,3.615,5.1,7.573,0.008,-0.002,0.003,2525,0
821191,3.603,5.104,7.561,-0.023,-0.002,0.017,2523,0
821211,3.615,5.018,7.628,-0.06,-0.023,0.035,2525,0
821231,3.692,4.954,7.621,-0.091,-0.047,0.041,2524,0
821251,3.697,4.966,7.604,-0.106,-0.024,0.038,2522,0
821271,3.711,4.987,7.7,-0.136,-0.013,0.044,2524,0
821291,3.699,5.011,7.841,-0.177,-0.018,0.052,2524,0
821311,3.754,4.963,7.98,-0.209,-0.065,0.041,2531,0
821331,3.768,4.932,8.033,-0.329,-0.172,0.033,2564,0
821351,3.766,4.831,7.939,-0.419,-0.242,0.041,2679,0
821371,3.948,4.695,7.69,-0.344,-0.201,0.053,2728,0
821391,4.051,4.664,7.731,-0.379,-0.129,0.047,2759,0
821411,4.238,4.64,7.989,-0.569,-0.145,0.052,2801,0
821431,4.729,4.405,8.025,-0.756,-0.221,0.022,2848,0
821451,4.855,4.638,7.781,-0.826,-0.207,-0.079,2885,0
821471,3.845,3.926,7.034,-0.949,-0.043,-0.238,2915,0
821491,4.118,3.91,7.214,-1.003,0.299,-0.211,2956,0
821511,4.697,3.917,7.451,-0.956,0.8,-0.22,3008,0
821531,2.734,3.871,6.46,-0.707,1.451,-0.375,3017,0
821551,0.534,5.018,5.854,-0.886,1.786,-0.355,3042,3424
821571,2.416,3.093,8.571,-1.191,1.589,-0.133,3075,3984
821591,2.545,1.762,8.827,-0.932,1.546,-0.215,3099,4095
821611,1.662,2.428,9.282,-0.577,1.338,-0.36,3110,4095
821631,1.379,2.756,9.917,-0.468,0.909,-0.212,3118,4095
821651,1.887,2.61,9.72,-0.414,0.622,-0.146,3118,4095
821671,1.571,2.662,9.895,-0.404,0.42,-0.155,3119,4095
821691,2.253,2.409,9.665,-0.423,0.424,-0.22,3118,4095
821711,1.413,2.308,9.816,-0.289,0.438,-0.269,3115,4095
821731,1.508,2.44,10.008,-0.078,0.359,-0.297,3115,4095
821751,1.106,3.105,9.888,-0.077,0.2,-0.252,3114,4095
821771,1.434,2.43,9.768,-0.029,0.204,-0.237,3108,4095
821791,1.413,2.088,9.732,0.142,0.321,-0.329,3103,4095
821811,0.792,2.43,10.154,0.46,0.172,-0.374,3095,4095
821831,1.432,1.566,9.718,0.741,-0.014,-0.427,3090,4095
821851,1.437,0.139,9.445,1.472,-0.096,-0.621,3087,4095
821871,2.14,-1.051,8.942,3.103,0.124,-1.167,3080,4095
821891,1.099,1.245,8.186,4.667,0.39,-1.707,3069,4095
821911,0.939,2.025,7.266,5.72,0.729,-2.184,3067,4095
821931,-0.421,2.387,6.002,7.071,0.849,-2.68,3062,4095
821951,-0.304,2.425,3.27,8.602,1.09,-3.406,3056,4095
821971,-1.47,3.539,-0.603,8.731,1.681,-4.182,3055,4095
821991,-1.932,4.551,-5.289,8.731,2.902,-4.65,3053,4095
822011,-5.205,8.382,-8.605,8.731,3.956,-4.528,3050,4095
822031,-7.652,10.925,-8.715,8.731,3.765,-3.715,3051,4095
822051,-7.846,8.981,-9.16,8.731,2.584,-2.791,3048,4095
822071,-6.421,8.14,-10.544,8.731,1.549,-2.341,3048,4095
822091,-7.128,10.489,-10.669,8.731,0.762,-1.805,3043,4095
822111,-6.242,9.965,-10.913,5.421,-0.158,-0.565,3039,4095
822131,-4.319,2.854,-11.25,2.973,-0.039,0.03,3036,4095
822151,-4.128,0.754,-10.721,2.455,0.471,-0.15,3037,4095
822171,-4.781,1.568,-10.384,2.04,0.756,-0.116,3036,4095
822191,-5.306,1.049,-9.316,1.423,0.525,0.102,3034,4095
822211,-4.446,0.953,-9.273,0.994,0.093,0.098,3033,4095
822231,-3.347,0.223,-9.567,0.45,0.05,0.062,3033,4095
822251,-3.263,0.517,-9.299,0.405,0.268,-0.127,3031,4095
822271,-3.5,1.561,-8.942,0.04,0.294,-0.037,3031,4095
822291,-3.615,1.085,-8.411,-0.15,0.182,-0.078,3030,4095
822311,-3.618,1.018,-8.461,-0.229,-0.035,-0.23,3027,4095
822331,-3.749,1.678,-8.679,-0.254,-0.143,-0.318,3029,4095
822351,-3.867,1.638,-8.768,-0.422,-0.19,-0.247,3027,4095
822371,-4.046,1.377,-8.799,-0.183,-0.161,-0.236,3029,4095
822391,-4.41,2.483,-9.041,-0.159,-0.205,-0.175,3029,4095
822411,-4.417,1.822,-9.036,-0.287,-0.218,-0.116,3028,4095
822431,-4.628,2.049,-9.117,-0.21,-0.295,-0.143,3026,4095
822451,-4.53,2.219,-9.383,-0.355,-0.313,-0.072,3025,4095
822471,-4.331,1.159,-9.347,-0.301,-0.209,-0.068,3025,4095
822491,-4.542,1.765,-9.349,-0.096,-0.127,-0.09,3024,4095
822511,-4.547,1.932,-9.388,-0.086,-0.063,-0.018,3024,4095
822531,-4.575,1.733,-9.266,-0.133,-0.045,0.017,3022,4095
822551,-4.365,1.832,-9.072,-0.209,-0.062,0.045,3022,4095
822571,-4.29,1.094,-8.923,-0.18,-0.077,0.027,3021,4095
822591,-3.936,1.453,-9.199,0.014,0.013,-0.065,3022,4095
822611,-4.283,1.839,-9.086,-0.04,0.071,-0.023,3021,4095
822631,-4.475,2.045,-8.928,-0.152,0.037,0.002,3018,4095
822651,-4.152,1.403,-8.66,-0.284,-0.067,0.02,3018,4095
822671,-4.513,1.259,-8.736,-0.204,-0.192,-0.041,3018,4095
822691,-3.601,1.389,-8.95,-0.106,-0.086,-0.066,3015,4095
822711,-4.3,1.513,-8.811,-0.019,-0.014,-0.063,3017,4095
822731,-4.226,2.119,-8.93,-0.017,0.019,-0.057,3015,4095
822751,-4.417,2.229,-8.686,-0.166,0.005,0.0,3015,4095
822771,-4.626,2.042,-8.607,-0.238,-0.156,0.018,3016,4095
822791,-4.001,1.664,-8.753,-0.259,-0.195,-0.026,3016,4095
822811,-4.389,1.396,-8.619,-0.116,-0.189,-0.074,3016,4095
822831,-4.013,2.318,-8.899,-0.057,-0.067,-0.084,3015,4095
822851,-4.566,2.083,-8.571,-0.139,-0.076,0.041,3017,4095
822871,-4.638,2.246,-8.507,-0.178,-0.16,0.041,3014,4095
822891,-4.113,1.992,-8.492,-0.279,-0.237,0.048,3017,4095
822911,-4.525,1.59,-8.428,-0.193,-0.28,-0.028,3020,4095
822931,-4.427,2.102,-8.732,-0.132,-0.27,-0.042,3024,4094
822951,-4.372,1.477,-8.792,-0.128,-0.25,-0.059,3032,3839
822971,-6.06,2.169,-8.686,-0.27,-0.35,-0.253,3040,3246
822991,-7.944,4.025,-7.815,-0.908,-1.071,-0.011,3029,0
823011,-4.547,3.701,-10.623,-1.877,-1.897,0.632,2974,0
823031,-2.911,0.836,-10.63,-1.62,-0.43,0.39,2893,0
823051,-3.603,2.471,-10.123,-0.428,0.997,-0.248,2781,0
823071,-5.679,4.283,-9.206,-0.218,1.902,0.055,2673,0
823091,-4.63,4.877,-8.724,-0.287,1.933,0.739,2586,0
823111,-3.443,4.585,-3.591,-0.618,1.172,1.102,2524,0
823131,-3.371,1.401,-7.489,-0.504,-0.189,0.652,2484,0
823151,-3.754,2.253,-7.963,0.551,0.034,0.09,2443,0
823171,-3.675,4.673,-8.15,0.71,-0.069,0.114,2414,0
823191,-3.737,4.247,-8.353,0.225,-0.119,0.317,2396,0
823211,-3.934,3.302,-8.945,-0.089,-0.141,0.339,2385,0
823231,-3.881,2.969,-8.696,-0.035,-0.003,0.229,2380,0
823251,-3.989,3.089,-8.636,0.071,0.124,0.103,2375,0
823271,-3.955,3.539,-8.389,0.031,0.084,0.016,2370,0
823291,-4.022,3.639,-8.578,-0.091,-0.051,-0.033,2370,0
823311,-3.864,3.572,-8.425,-0.122,-0.077,-0.01,2371,0
823331,-3.721,3.397,-8.49,-0.137,-0.02,0.059,2374,0
823351,-3.735,3.395,-8.447,-0.043,0.084,0.067,2379,0
823371,-3.881,3.531,-8.394,0.067,0.106,0.001,2380,0
823391,-3.814,3.745,-8.243,0.019,-0.044,-0.044,2382,0
823411,-3.728,3.632,-8.334,-0.113,-0.165,-0.038,2384,0
823431,-3.654,3.302,-8.411,-0.139,-0.146,-0.006,2388,0
823451,-3.771,3.383,-8.325,-0.06,-0.079,0.032,2390,0
823471,-3.838,3.615,-8.511,0.017,-0.051,0.005,2395,0
823491,-3.85,3.831,-8.404,-0.004,-0.075,-0.026,2399,0
823511,-3.833,3.78,-8.471,-0.072,-0.121,-0.006,2401,0
823531,-3.79,3.711,-8.413,-0.096,-0.146,0.007,2403,0
823551,-3.876,3.582,-8.815,0.029,-0.077,-0.017,2409,0
823571,-3.704,3.285,-8.918,0.137,-0.037,-0.041,2415,0
823591,-3.361,4.305,-8.662,0.235,-0.014,-0.011,2422,0
823611,-4.492,4.247,-7.934,0.025,-0.082,0.003,2428,0
823631,-4.278,3.199,-8.691,0.005,-0.174,-0.022,2430,0
823651,-3.333,4.391,-8.631,0.074,-0.186,-0.001,2434,0
823671,-4.623,3.807,-8.162,-0.158,-0.123,0.027,2436,0
823691,-3.371,3.618,-8.854,0.1,-0.025,0.007,2437,0
823711,-4.039,4.568,-8.078,0.082,0.044,0.034,2444,0
823731,-4.58,3.294,-8.236,0.031,-0.043,-0.008,2446,0
823751,-3.247,4.324,-8.662,0.146,-0.095,0.013,2449,0
823771,-4.422,4.343,-7.827,-0.119,-0.102,0.068,2453,0
823791,-4.003,3.06,-8.674,-0.068,-0.095,0.031,2457,0
823811,-3.44,4.456,-8.478,0.061,-0.035,0.063,2459,0
823831,-4.779,3.551,-7.963,-0.086,-0.044,0.061,2459,0
823851,-3.476,3.563,-8.799,0.124,-0.06,0.003,2461,0
823871,-4.068,4.628,-7.999,0.008,-0.069,0.035,2465,0
823891,-4.446,3.057,-8.394,-0.071,-0.113,0.015,2472,0
823911,-3.251,4.286,-8.55,0.129,-0.042,0.053,2479,0
823931,-4.659,3.955,-7.781,-0.075,-0.046,0.096,2480,0
823951,-3.62,3.388,-8.538,0.065,-0.114,0.056,2485,0
823971,-3.907,4.659,-7.934,0.023,-0.133,0.088,2493,0
823991,-4.513,3.048,-8.265,-0.097,-0.173,0.055,2498,0
824011,-3.218,4.075,-8.571,0.082,-0.13,0.062,2503,0
824031,-4.104,3.859,-8.047,0.002,-0.044,0.06,2507,0
824051,-4.094,3.857,-8.363,0.084,-0.025,0.007,2506,0
824071,-4.08,3.97,-8.279,0.065,-0.052,-0.011,2505,0
824091,-4.041,3.953,-8.298,-0.006,-0.114,0.005,2508,0
824111,-3.984,3.821,-8.277,-0.026,-0.127,0.025,2511,0
824131,-3.989,3.752,-8.298,0.048,-0.102,0.015,2515,0
824151,-4.008,3.919,-8.32,0.115,-0.054,-0.01,2518,0
824171,-4.07,4.032,-8.351,0.105,-0.043,-0.017,2523,0
824191,-4.063,4.044,-8.296,0.042,-0.047,0.01,2525,0
824211,-4.12,3.919,-8.294,0.01,-0.073,0.023,2526,0
824231,-3.998,3.838,-8.286,0.032,-0.057,0.021,2528,0
824251,-4.032,3.905,-8.246,0.061,-0.02,0.008,2529,0
824271,-4.108,4.017,-8.274,0.065,-0.027,-0.012,2531,0
824291,-4.12,4.085,-8.282,0.04,-0.046,-0.006,2532,0
824311,-4.065,4.044,-8.238,0.022,-0.042,0.022,2533,0
824331,-4.039,3.953,-8.198,0.037,-0.028,0.038,2534,0
824351,-3.996,3.991,-8.186,0.056,-0.04,0.032,2537,0
824371,-3.984,3.962,-8.181,0.051,-0.046,0.038,2537,0
824391,-4.044,3.982,-8.205,0.036,-0.064,0.038,2538,0
824411,-4.001,3.929,-8.236,0.025,-0.08,0.027,2536,0
824431,-4.029,3.888,-8.282,0.019,-0.07,0.025,2537,0
824451,-4.027,3.912,-8.248,0.038,-0.06,0.022,2537,0
824471,-4.049,3.883,-8.282,0.04,-0.054,0.018,2538,0
824491,-4.073,3.915,-8.317,0.043,-0.055,0.021,2536,0
824511,-4.058,3.934,-8.313,0.024,-0.045,0.031,2536,0
824531,-4.029,3.917,-8.26,0.005,-0.039,0.029,2535,0
824551,-4.005,3.869,-8.176,0.027,-0.034,0.017,2534,0
824571,-4.046,3.862,-8.121,0.057,-0.039,0.011,2534,0
824591,-4.044,3.953,-8.164,0.069,-0.066,0.006,2534,0
824611,-4.044,3.958,-8.21,0.044,-0.088,0.001,2534,0
824631,-4.041,3.907,-8.219,0.032,-0.081,-0.003,2532,0
824651,-4.068,3.912,-8.226,0.038,-0.074,-0.001,2535,0
824671,-4.108,3.891,-8.31,0.065,-0.071,-0.005,2535,0
824691,-4.111,3.982,-8.339,0.077,-0.064,-0.008,2535,0
824711,-4.096,4.039,-8.334,0.04,-0.065,-0.002,2534,0
824731,-4.096,3.958,-8.289,0.012,-0.063,-0.002,2536,0
824751,-4.123,3.905,-8.317,0.039,-0.041,-0.003,2536,0
824771,-4.106,3.97,-8.282,0.059,-0.016,0.007,2535,0
824791,-4.118,3.982,-8.215,0.046,-0.011,0.014,2536,0
824811,-4.092,3.95,-8.181,0.025,-0.035,0.003,2536,0
824831,-4.106,3.943,-8.191,0.003,-0.054,0.0,2536,0
824851,-4.123,3.912,-8.159,-0.015,-0.054,0.004,2536,0
824871,-4.113,3.838,-8.133,0.007,-0.039,0.003,2536,0
824891,-4.152,3.919,-8.183,0.056,-0.029,-0.003,2535,0
824911,-4.159,4.039,-8.167,0.064,-0.034,-0.016,2537,0
