4211146,3.321,7.491,5.217,0.024,-0.040,-0.042,2461,0
4211166,3.354,7.563,5.205,0.054,-0.035,-0.031,2459,0
4211186,3.340,7.654,5.229,0.085,-0.010,-0.025,2460,0
4211206,3.302,7.712,5.234,0.083,0.000,-0.017,2460,0
4211226,3.290,7.693,5.301,0.063,0.001,-0.007,2459,0
4211246,3.321,7.616,5.394,0.071,0.001,0.004,2460,0
4211266,3.318,7.594,5.432,0.079,-0.003,0.003,2459,0
4211286,3.311,7.604,5.394,0.062,-0.016,-0.006,2460,0
4211306,3.290,7.549,5.382,0.050,-0.023,-0.006,2460,0
4211326,3.187,7.623,5.346,0.073,-0.027,-0.003,2461,0
4211346,3.165,7.726,5.260,0.066,-0.023,0.011,2461,0
4211366,3.168,7.599,5.267,0.029,-0.025,0.018,2461,0
4211386,3.273,7.491,5.227,0.034,-0.023,0.006,2462,0
4211406,3.309,7.539,5.274,0.051,-0.007,0.000,2460,0
4211426,3.242,7.487,5.397,0.048,-0.007,0.004,2461,0
4211446,3.189,7.405,5.471,0.063,-0.032,0.011,2461,0
4211466,3.225,7.477,5.334,0.090,-0.052,0.011,2460,0
4211486,3.266,7.494,5.267,0.081,-0.047,0.006,2461,0
4211506,3.244,7.448,5.308,0.067,-0.033,-0.006,2461,0
4211526,3.261,7.458,5.358,0.097,-0.045,-0.010,2462,0
4211546,3.347,7.515,5.248,0.122,-0.049,-0.011,2462,0
4211566,3.349,7.585,5.167,0.103,-0.037,-0.020,2461,0
4211586,3.223,7.700,5.183,0.071,-0.031,-0.022,2464,0
4211606,3.230,7.652,5.205,0.059,-0.047,-0.015,2462,0
4211626,3.278,7.630,5.143,0.053,-0.050,-0.010,2462,0
4211646,3.287,7.549,5.085,0.032,-0.028,-0.012,2464,0
4211666,3.270,7.470,5.231,0.044,-0.014,-0.020,2462,0
4211686,3.249,7.453,5.320,0.091,-0.026,-0.021,2465,0
4211706,3.290,7.551,5.231,0.100,-0.040,-0.024,2462,0
4211726,3.314,7.606,5.164,0.064,-0.039,-0.033,2464,0
4211746,3.302,7.604,5.224,0.048,-0.030,-0.044,2464,0
4211766,3.278,7.666,5.272,0.081,-0.030,-0.038,2462,0
4211786,3.242,7.839,5.203,0.106,-0.038,-0.019,2462,0
4211806,3.256,7.887,5.157,0.065,-0.041,-0.009,2466,0
4211826,3.266,7.752,5.183,0.021,-0.033,-0.010,2465,0
4211846,3.273,7.626,5.262,0.026,-0.025,-0.010,2466,0
4211866,3.225,7.621,5.282,0.060,-0.029,-0.007,2464,0
4211886,3.211,7.664,5.241,0.075,-0.033,-0.004,2465,0
4211906,3.211,7.697,5.248,0.070,-0.032,0.002,2464,0
4211926,3.203,7.640,5.210,0.066,-0.033,0.003,2466,0
4211946,3.201,7.604,5.164,0.054,-0.036,-0.001,2465,0
4211966,3.239,7.575,5.155,0.040,-0.038,-0.006,2465,0
4211986,3.239,7.544,5.217,0.042,-0.036,-0.009,2466,0
4212006,3.215,7.547,5.282,0.068,-0.042,-0.018,2467,0
4212026,3.247,7.640,5.193,0.092,-0.050,-0.025,2466,0
4212046,3.251,7.757,5.126,0.102,-0.035,-0.021,2466,0
4212066,3.196,7.702,5.171,0.122,-0.021,-0.010,2467,0
4212086,3.179,7.774,5.243,0.146,-0.028,0.010,2468,0
4212106,3.203,7.870,5.090,0.094,-0.052,0.014,2466,0
4212126,3.285,7.731,4.999,-0.014,-0.057,-0.005,2467,0
4212146,3.314,7.556,5.080,-0.030,-0.039,-0.014,2467,0
4212166,3.259,7.561,5.171,0.047,-0.021,-0.011,2467,0
4212186,3.282,7.688,5.143,0.096,-0.022,-0.009,2467,0
4212206,3.287,7.824,5.025,0.062,-0.024,-0.013,2465,0
4212226,3.182,7.824,5.124,-0.001,-0.023,-0.017,2467,0
4212246,3.156,7.688,5.207,-0.006,-0.032,-0.006,2466,0
4212266,3.194,7.592,5.243,0.048,-0.035,0.005,2466,0
4212286,3.247,7.633,5.119,0.085,-0.030,0.003,2468,0
4212306,3.249,7.671,5.071,0.057,-0.023,-0.004,2469,0
4212326,3.184,7.642,5.167,0.023,-0.021,-0.010,2469,0
4212346,3.136,7.592,5.243,0.024,-0.031,-0.010,2468,0
4212366,3.184,7.585,5.203,0.052,-0.043,-0.010,2470,0
4212386,3.270,7.614,5.150,0.071,-0.046,-0.013,2468,0
4212406,3.311,7.628,5.119,0.070,-0.045,-0.021,2468,0
4212426,3.266,7.724,5.128,0.053,-0.043,-0.031,2469,0
4212446,3.189,7.772,5.145,0.026,-0.042,-0.033,2468,0
4212466,3.177,7.762,5.102,0.033,-0.038,-0.023,2468,0
4212486,3.206,7.724,5.119,0.060,-0.023,-0.009,2469,0
4212506,3.218,7.690,5.171,0.075,-0.019,-0.006,2469,0
4212526,3.244,7.721,5.143,0.059,-0.028,-0.017,2469,0
4212546,3.215,7.769,5.119,0.025,-0.035,-0.023,2469,0
4212566,3.153,7.714,5.195,0.009,-0.036,-0.024,2469,0
4212586,3.089,7.705,5.236,0.035,-0.039,-0.017,2469,0
4212606,3.124,7.733,5.164,0.076,-0.042,-0.003,2468,0
4212626,3.199,7.740,5.109,0.085,-0.036,0.004,2470,0
4212646,3.208,7.700,5.119,0.062,-0.031,0.000,2469,0
4212666,3.158,7.695,5.145,0.044,-0.046,-0.014,2469,0
4212686,3.203,7.712,5.040,0.023,-0.057,-0.021,2469,0
4212706,3.247,7.726,4.954,0.020,-0.042,-0.022,2471,0
4212726,3.235,7.728,4.987,0.043,-0.017,-0.016,2469,0
4212746,3.182,7.683,5.076,0.073,-0.001,-0.007,2468,0
4212766,3.160,7.798,5.131,0.090,-0.014,0.002,2468,0
4212786,3.199,7.788,5.143,0.052,-0.025,0.003,2468,0
4212806,3.227,7.669,5.224,0.020,-0.040,-0.009,2469,0
4212826,3.230,7.683,5.164,0.030,-0.048,-0.016,2469,0
4212846,3.254,7.788,5.037,0.047,-0.041,-0.006,2470,0
4212866,3.203,7.822,5.016,0.045,-0.013,-0.001,2471,0
4212886,3.139,7.824,5.138,0.044,0.005,0.006,2470,0
4212906,3.129,7.724,5.210,0.045,-0.010,0.014,2469,0
4212926,3.158,7.661,5.133,0.030,-0.041,0.009,2471,0
4212946,3.115,7.640,5.128,0.014,-0.048,-0.001,2470,0
4212966,3.110,7.681,5.116,0.017,-0.049,-0.007,2470,0
4212986,3.156,7.623,5.148,0.038,-0.041,-0.004,2471,0
4213006,3.201,7.599,5.131,0.063,-0.031,-0.003,2471,0
4213026,3.211,7.609,5.162,0.059,-0.026,-0.007,2471,0
4213046,3.148,7.666,5.200,0.040,-0.032,-0.022,2470,0
4213066,3.127,7.757,5.164,0.028,-0.054,-0.023,2470,0
4213086,3.189,7.772,5.040,0.023,-0.053,-0.015,2473,0
4213106,3.235,7.728,5.045,0.034,-0.035,-0.010,2472,0
4213126,3.208,7.755,5.160,0.051,-0.016,-0.012,2471,0
4213146,3.182,7.786,5.193,0.059,-0.027,-0.006,2473,0
4213166,3.170,7.796,5.114,0.044,-0.037,-0.002,2471,0
4213186,3.199,7.683,5.107,0.015,-0.032,-0.005,2472,0
4213206,3.179,7.580,5.198,0.024,-0.020,-0.012,2472,0
4213226,3.122,7.659,5.198,0.056,-0.027,-0.017,2472,0
4213246,3.127,7.767,5.157,0.052,-0.044,-0.017,2470,0
4213266,3.127,7.779,5.097,0.043,-0.043,-0.014,2470,0
4213286,3.112,7.757,5.114,0.046,-0.036,-0.007,2473,0
4213306,3.124,7.738,5.136,0.050,-0.038,-0.004,2472,0
4213326,3.196,7.700,5.116,0.047,-0.046,-0.005,2473,0
4213346,3.201,7.738,5.076,0.045,-0.046,-0.009,2472,0
4213366,3.175,7.755,5.071,0.045,-0.042,-0.010,2471,0
4213386,3.136,7.772,5.092,0.042,-0.033,-0.012,2472,0
4213406,3.112,7.793,5.090,0.044,-0.035,-0.006,2472,0
4213426,3.168,7.764,5.035,0.047,-0.028,0.003,2473,0
4213446,3.215,7.702,5.083,0.033,-0.021,-0.002,2473,0
4213466,3.184,7.666,5.150,0.025,-0.027,-0.010,2472,0
4213486,3.163,7.707,5.104,0.041,-0.038,-0.009,2473,0
4213506,3.172,7.776,5.047,0.046,-0.032,0.000,2473,0
4213526,3.153,7.752,5.097,0.046,-0.019,0.003,2475,0
4213546,3.132,7.769,5.193,0.057,-0.017,0.003,2472,0
4213566,3.127,7.769,5.186,0.054,-0.030,0.004,2473,0
4213586,3.160,7.762,5.162,0.027,-0.036,0.007,2474,0
4213606,3.168,7.642,5.167,0.010,-0.036,0.003,2475,0
4213626,3.144,7.609,5.229,0.039,-0.034,-0.004,2473,0
4213646,3.108,7.705,5.186,0.067,-0.044,-0.009,2475,0
4213666,3.124,7.803,5.102,0.070,-0.053,-0.003,2475,0
4213686,3.136,7.829,5.090,0.053,-0.046,0.003,2475,0
4213706,3.108,7.738,5.143,0.024,-0.045,0.002,2474,0
4213726,3.144,7.657,5.109,0.024,-0.044,-0.002,2474,0
4213746,3.213,7.585,5.085,0.035,-0.046,0.000,2475,0
4213766,3.206,7.611,5.066,0.053,-0.031,-0.007,2475,0
4213786,3.153,7.721,5.095,0.054,-0.022,-0.017,2476,0
4213806,3.146,7.772,5.112,0.032,-0.033,-0.018,2473,0
4213826,3.179,7.757,5.088,0.016,-0.033,-0.015,2475,0
4213846,3.163,7.752,5.126,0.023,-0.022,-0.014,2473,0
4213866,3.127,7.731,5.227,0.048,-0.020,-0.009,2475,0
4213886,3.141,7.772,5.234,0.074,-0.038,-0.001,2475,0
4213906,3.211,7.848,5.128,0.053,-0.053,0.005,2475,0
4213926,3.211,7.788,5.109,0.013,-0.042,-0.001,2475,0
4213946,3.117,7.721,5.203,0.020,-0.032,-0.004,2475,0
4213966,3.079,7.772,5.179,0.090,-0.046,0.013,2474,0
4213986,3.127,7.736,5.152,0.059,-0.052,0.017,2474,0
4214006,3.206,7.652,5.092,0.036,-0.047,0.011,2476,0
4214026,3.172,7.621,5.097,0.031,-0.042,0.001,2475,0
4214046,3.139,7.618,5.133,0.033,-0.044,-0.003,2476,0
4214066,3.132,7.628,5.061,0.030,-0.046,-0.004,2478,0
4214086,3.163,7.599,5.064,0.031,-0.036,-0.008,2476,0
4214106,3.160,7.597,5.136,0.051,-0.025,-0.016,2476,0
4214126,3.153,7.669,5.090,0.054,-0.032,-0.018,2476,0
4214146,3.189,7.731,5.073,0.044,-0.039,-0.025,2475,0
4214166,3.182,7.827,5.059,0.030,-0.030,-0.031,2476,0
4214186,3.139,7.906,5.121,0.018,-0.024,-0.021,2476,0
4214206,3.168,7.870,5.167,0.019,-0.030,-0.008,2476,0
4214226,3.184,7.796,5.229,0.032,-0.037,0.004,2475,0
4214246,3.191,7.740,5.215,0.044,-0.039,0.005,2474,0
4214266,3.194,7.733,5.191,0.047,-0.045,0.006,2476,0
4214286,3.160,7.712,5.143,0.048,-0.047,0.008,2477,0
4214306,3.168,7.702,5.076,0.049,-0.044,0.009,2475,0
4214326,3.175,7.697,5.033,0.040,-0.032,0.005,2475,0
4214346,3.163,7.673,5.109,0.036,-0.023,-0.002,2476,0
4214366,3.139,7.681,5.160,0.036,-0.032,-0.001,2475,0
4214386,3.132,7.669,5.104,0.023,-0.044,0.003,2474,0
4214406,3.153,7.633,5.107,0.019,-0.039,-0.005,2476,0
4214426,3.100,7.642,5.148,0.037,-0.026,-0.012,2476,0
4214446,3.110,7.724,5.169,0.072,-0.027,-0.006,2476,0
4214466,3.132,7.800,5.148,0.069,-0.033,0.000,2478,0
4214486,3.177,7.757,5.150,0.032,-0.028,-0.003,2475,0
4214506,3.160,7.678,5.250,0.011,-0.028,-0.009,2476,0
4214526,3.160,7.666,5.286,0.028,-0.044,-0.011,2476,0
4214546,3.168,7.707,5.229,0.049,-0.059,-0.008,2475,0
4214566,3.184,7.774,5.088,0.057,-0.050,-0.006,2476,0
4214586,3.139,7.769,5.104,0.050,-0.038,0.000,2476,0
4214606,3.122,7.757,5.157,0.041,-0.041,-0.002,2476,0
4214626,3.172,7.733,5.112,0.037,-0.055,-0.001,2475,0
4214646,3.206,7.724,5.033,0.036,-0.049,-0.003,2478,0
4214666,3.218,7.690,5.083,0.040,-0.032,-0.003,2476,0
4214686,3.139,7.673,5.152,0.049,-0.030,-0.009,2477,0
4214706,3.120,7.762,5.131,0.037,-0.046,-0.008,2476,0
4214726,3.184,7.726,5.040,0.014,-0.047,-0.004,2478,0
4214746,3.196,7.678,5.116,-0.011,-0.032,-0.005,2476,0
4214766,3.168,7.582,5.167,0.021,-0.017,-0.010,2476,0
4214786,3.182,7.628,5.212,0.084,-0.003,-0.001,2476,0
4214806,3.112,7.671,5.112,0.061,-0.007,-0.010,2477,0
4214826,3.141,7.793,5.078,0.048,-0.026,-0.007,2476,0
4214846,3.141,7.697,5.124,0.017,-0.024,-0.011,2476,0
4214866,3.110,7.673,5.181,0.032,-0.025,-0.018,2476,0
4214886,3.127,7.733,5.174,0.065,-0.029,-0.002,2477,0
4214906,3.165,7.726,5.109,0.059,-0.030,0.002,2476,0
4214926,3.144,7.728,5.157,0.045,-0.029,-0.010,2478,0
4214946,3.108,7.764,5.200,0.032,-0.031,-0.020,2479,0
4214966,3.110,7.819,5.210,0.036,-0.036,-0.010,2477,0
4214986,3.151,7.779,5.152,0.049,-0.041,0.007,2477,0
4215006,3.191,7.709,5.121,0.049,-0.035,0.010,2479,0
4215026,3.158,7.666,5.164,0.035,-0.029,-0.002,2477,0
4215046,3.165,7.626,5.128,0.039,-0.040,-0.006,2476,0
4215066,3.177,7.666,5.059,0.054,-0.037,-0.005,2475,0
4215086,3.132,7.712,5.042,0.053,-0.018,-0.005,2476,0
4215106,3.045,7.788,5.136,0.044,-0.008,-0.005,2475,0
4215126,3.062,7.776,5.186,0.030,-0.018,0.000,2477,0
4215146,3.124,7.693,5.219,0.027,-0.028,-0.002,2475,0
4215166,3.124,7.678,5.186,0.045,-0.029,-0.006,2476,0
4215186,3.033,7.728,5.222,0.051,-0.033,-0.009,2476,0
4215206,3.036,7.752,5.181,0.041,-0.050,-0.002,2475,0
4215226,3.163,7.661,5.061,0.033,-0.056,0.003,2477,0
4215246,3.259,7.568,5.052,0.041,-0.038,-0.004,2476,0
4215266,3.196,7.578,5.124,0.056,-0.015,-0.020,2475,0
4215286,3.041,7.673,5.210,0.052,-0.021,-0.027,2476,0
4215306,3.057,7.748,5.126,0.052,-0.047,-0.026,2475,0
4215326,3.160,7.865,5.033,0.042,-0.041,-0.025,2476,0
4215346,3.124,7.887,5.083,0.026,-0.016,-0.022,2477,0
4215366,3.079,7.831,5.212,0.035,-0.014,-0.008,2477,0
4215386,3.139,7.721,5.224,0.044,-0.026,0.003,2476,0
4215406,3.218,7.669,5.155,0.046,-0.034,0.001,2476,0
4215426,3.191,7.661,5.157,0.037,-0.029,-0.014,2474,0
4215446,3.089,7.721,5.179,0.043,-0.032,-0.015,2476,0
4215466,3.065,7.781,5.131,0.053,-0.039,-0.006,2476,0
4215486,3.096,7.752,5.102,0.038,-0.035,-0.003,2476,0
4215506,3.129,7.688,5.090,0.032,-0.027,-0.004,2477,0
4215526,3.163,7.616,5.121,0.043,-0.020,-0.007,2476,0
4215546,3.120,7.678,5.160,0.051,-0.015,-0.021,2478,0
4215566,3.045,7.769,5.198,0.042,-0.022,-0.024,2477,0
4215586,3.024,7.774,5.198,0.040,-0.030,-0.015,2477,0
4215606,3.045,7.733,5.234,0.046,-0.032,-0.013,2477,0
4215626,3.084,7.709,5.248,0.051,-0.036,-0.013,2477,0
4215646,3.086,7.724,5.133,0.060,-0.042,-0.013,2477,0
4215666,3.103,7.762,5.085,0.057,-0.037,-0.017,2477,0
4215686,3.074,7.798,5.143,0.040,-0.032,-0.015,2477,0
4215706,3.033,7.705,5.179,0.039,-0.033,-0.010,2478,0
4215726,3.084,7.664,5.167,0.068,-0.037,-0.010,2477,0
4215746,3.108,7.776,5.116,0.074,-0.039,-0.014,2478,0
4215766,3.093,7.803,5.047,0.038,-0.039,-0.020,2478,0
4215786,3.074,7.793,5.112,0.004,-0.034,-0.025,2476,0
4215806,3.072,7.697,5.183,0.018,-0.033,-0.019,2478,0
4215826,3.065,7.724,5.174,0.066,-0.040,-0.008,2477,0
4215846,3.110,7.788,5.037,0.069,-0.041,-0.003,2478,0
4215866,3.117,7.786,5.023,0.037,-0.031,-0.011,2478,0
4215886,3.062,7.846,5.090,0.012,-0.028,-0.020,2478,0
4215906,3.026,7.841,5.145,0.011,-0.026,-0.011,2478,0
4215926,3.029,7.779,5.145,0.036,-0.025,0.001,2478,0
4215946,3.065,7.731,5.119,0.060,-0.021,0.015,2478,0
4215966,3.117,7.657,5.157,0.060,-0.024,0.010,2478,0
4215986,3.110,7.664,5.193,0.034,-0.032,-0.007,2477,0
4216006,3.091,7.671,5.198,0.031,-0.040,-0.013,2477,0
4216026,3.055,7.676,5.112,0.038,-0.036,-0.008,2478,0
4216046,3.053,7.683,5.131,0.067,-0.030,-0.010,2478,0
4216066,3.012,7.776,5.131,0.066,-0.025,-0.013,2478,0
4216086,3.029,7.791,5.124,0.032,-0.030,-0.014,2476,0
4216106,3.069,7.673,5.114,0.013,-0.032,-0.017,2478,0
4216126,3.127,7.626,5.169,0.029,-0.027,-0.025,2478,0
4216146,3.067,7.721,5.205,0.064,-0.025,-0.035,2478,0
4216166,2.974,7.963,5.195,0.063,-0.031,-0.030,2476,0
4216186,2.962,7.973,5.140,0.038,-0.039,-0.009,2478,0
4216206,3.014,7.846,5.162,0.033,-0.028,0.000,2476,0
4216226,3.074,7.721,5.234,0.045,-0.022,0.003,2478,0
4216246,3.086,7.707,5.246,0.050,-0.032,-0.003,2477,0
4216266,3.084,7.738,5.210,0.040,-0.050,-0.007,2479,0
4216286,3.086,7.743,5.160,0.023,-0.055,-0.010,2478,0
4216306,3.084,7.728,5.150,0.030,-0.048,-0.008,2478,0
4216326,3.017,7.745,5.169,0.051,-0.046,-0.002,2478,0
4216346,3.026,7.784,5.107,0.064,-0.049,0.005,2478,0
4216366,3.050,7.786,5.049,0.043,-0.046,0.003,2478,0
4216386,3.014,7.740,5.100,0.027,-0.034,-0.002,2478,0
4216406,2.935,7.661,5.215,0.030,-0.036,-0.010,2478,0
4216426,2.921,7.714,5.207,0.061,-0.051,-0.007,2479,0
4216446,2.993,7.769,5.090,0.058,-0.058,-0.007,2479,0
4216466,3.048,7.724,5.023,0.040,-0.042,-0.010,2479,0
4216486,3.038,7.659,5.136,0.032,-0.029,-0.015,2479,0
4216506,3.010,7.678,5.246,0.046,-0.038,-0.020,2478,0
4216526,3.024,7.745,5.191,0.062,-0.062,-0.025,2479,0
4216546,3.055,7.875,5.095,0.049,-0.070,-0.029,2479,0
4216566,3.038,7.930,5.042,0.032,-0.059,-0.026,2479,0
4216586,3.074,7.882,5.035,0.021,-0.051,-0.011,2479,0
4216606,3.146,7.772,5.066,0.036,-0.042,-0.001,2479,0
4216626,3.110,7.714,5.107,0.061,-0.031,-0.004,2479,0
4216646,3.084,7.767,5.143,0.070,-0.034,-0.006,2479,0
4216666,3.041,7.819,5.107,0.042,-0.041,-0.009,2479,0
4216686,3.019,7.745,5.092,0.023,-0.048,-0.007,2478,0
4216706,3.019,7.697,5.013,0.032,-0.033,-0.004,2479,0
4216726,3.021,7.681,5.028,0.042,-0.013,-0.003,2479,0
4216746,2.993,7.623,5.083,0.044,-0.010,-0.009,2479,0
4216766,3.017,7.659,5.100,0.044,-0.020,-0.015,2479,0
4216786,3.065,7.700,5.076,0.033,-0.028,-0.027,2479,0
4216806,3.079,7.695,5.114,0.028,-0.020,-0.035,2478,0
4216826,3.062,7.784,5.174,0.057,-0.015,-0.034,2479,0
4216846,3.036,7.908,5.119,0.067,-0.019,-0.025,2479,0
4216866,3.033,7.915,5.097,0.041,-0.016,-0.016,2477,0
4216886,3.033,7.827,5.171,0.033,-0.012,-0.011,2479,0
4216906,3.021,7.791,5.255,0.034,-0.022,-0.010,2479,0
4216926,3.077,7.779,5.262,0.025,-0.052,-0.011,2479,0
4216946,3.060,7.863,5.183,-0.017,-0.062,-0.024,2478,0
4216966,3.012,7.829,5.191,-0.030,-0.056,-0.022,2478,0
4216986,2.988,7.745,5.191,0.007,-0.046,-0.014,2479,0
4217006,2.945,7.745,5.157,0.060,-0.031,-0.006,2478,0
4217026,2.964,7.817,5.121,0.085,-0.024,0.003,2480,0
4217046,3.036,7.767,5.121,0.062,-0.022,0.001,2478,0
4217066,3.036,7.726,5.169,0.035,-0.024,-0.011,2478,0
4217086,2.988,7.714,5.195,0.023,-0.034,-0.017,2479,0
4217106,2.993,7.772,5.157,0.031,-0.038,-0.011,2479,0
4217126,3.000,7.772,5.102,0.048,-0.022,-0.004,2479,0
4217146,2.978,7.764,5.183,0.054,-0.010,-0.001,2480,0
4217166,2.952,7.767,5.279,0.051,-0.015,-0.010,2479,0
4217186,2.945,7.817,5.291,0.047,-0.038,-0.014,2479,0
4217206,2.962,7.841,5.181,0.033,-0.052,-0.006,2479,0
4217226,2.995,7.784,5.160,0.037,-0.047,0.001,2479,0
4217246,2.978,7.733,5.200,0.059,-0.034,0.002,2479,0
4217266,2.962,7.719,5.219,0.067,-0.046,0.002,2479,0
4217286,3.041,7.719,5.116,0.050,-0.056,-0.007,2476,0
4217306,3.026,7.705,5.035,0.032,-0.054,-0.017,2479,0
4217326,2.969,7.781,5.090,0.031,-0.038,-0.026,2479,0
4217346,2.921,7.853,5.138,0.047,-0.039,-0.019,2479,0
4217366,2.942,7.973,5.069,0.036,-0.058,-0.004,2478,0
4217386,2.962,8.140,4.985,-0.065,-0.074,0.004,2479,0
4217406,3.029,7.944,4.982,-0.260,-0.087,-0.007,2479,0
4217426,3.060,7.602,5.262,-0.319,-0.085,-0.025,2478,0
4217446,3.055,7.415,5.351,-0.209,-0.074,-0.021,2479,0
4217466,3.117,7.321,5.363,-0.028,-0.043,-0.002,2479,0
4217486,3.096,7.429,5.337,0.148,0.000,0.008,2479,0
4217506,3.048,7.609,5.339,0.210,0.017,0.006,2479,0
4217526,2.986,7.738,5.313,0.171,0.003,-0.004,2478,0
4217546,2.959,7.848,5.284,0.079,-0.023,-0.014,2478,0
4217566,2.964,7.745,5.301,0.012,-0.038,-0.022,2478,0
4217586,2.942,7.760,5.318,0.018,-0.042,-0.023,2478,0
4217606,2.892,7.807,5.310,0.052,-0.043,-0.009,2479,0
4217626,2.940,7.829,5.279,0.072,-0.042,0.006,2479,0
4217646,2.988,7.748,5.243,0.061,-0.039,0.009,2479,0
4217666,3.019,7.652,5.291,0.048,-0.040,-0.001,2479,0
4217686,2.995,7.638,5.265,0.062,-0.039,-0.006,2479,0
4217706,3.014,7.709,5.239,0.077,-0.044,0.001,2478,0
4217726,3.045,7.661,5.181,0.075,-0.034,-0.000,2478,0
4217746,2.993,7.661,5.200,0.075,-0.024,-0.010,2479,0
4217766,2.952,7.728,5.236,0.078,-0.027,-0.012,2478,0
4217786,2.950,7.796,5.198,0.063,-0.041,-0.010,2480,0
4217806,3.014,7.776,5.150,0.039,-0.046,-0.007,2479,0
4217826,3.041,7.707,5.148,0.034,-0.034,-0.005,2479,0
4217846,3.010,7.688,5.222,0.050,-0.023,-0.006,2479,0
4217866,2.952,7.762,5.253,0.056,-0.029,-0.011,2478,0
4217886,2.971,7.841,5.200,0.054,-0.043,-0.003,2477,0
4217906,2.983,7.831,5.164,0.038,-0.036,0.002,2479,0
4217926,2.988,7.750,5.167,0.037,-0.025,0.006,2479,0
4217946,3.024,7.527,5.239,0.059,-0.012,-0.000,2479,0
4217966,3.029,7.470,5.428,0.156,-0.005,-0.013,2479,0
4217986,2.998,7.628,5.313,0.295,-0.003,-0.007,2480,0
4218006,2.966,8.054,5.047,0.343,-0.001,0.018,2480,0
4218026,2.818,8.289,4.958,0.192,-0.010,0.028,2479,0
4218046,2.837,8.045,4.934,-0.013,-0.041,0.018,2479,0
4218066,2.986,7.638,5.059,-0.080,-0.050,0.009,2479,0
4218086,3.105,7.444,5.114,0.020,-0.024,-0.002,2478,0
4218106,3.065,7.575,5.160,0.120,-0.014,-0.006,2478,0
4218126,2.995,7.836,5.095,0.097,-0.036,-0.014,2478,0
4218146,2.950,7.913,5.011,0.015,-0.047,-0.022,2480,0
4218166,2.964,7.822,5.018,-0.009,-0.037,-0.016,2479,0
4218186,2.988,7.764,5.045,0.033,-0.014,-0.003,2478,0
4218206,3.005,7.757,5.109,0.069,-0.001,-0.002,2477,0
4218226,3.005,7.812,5.169,0.062,-0.005,-0.015,2479,0
4218246,2.981,7.863,5.164,0.028,-0.025,-0.020,2478,0
4218266,2.962,7.843,5.179,0.009,-0.041,-0.014,2478,0
4218286,2.942,7.793,5.152,0.028,-0.042,-0.006,2479,0
4218306,2.923,7.817,5.119,0.049,-0.033,-0.001,2479,0
4218326,2.945,7.796,5.140,0.052,-0.027,0.002,2479,0
4218346,2.957,7.752,5.160,0.043,-0.031,-0.005,2479,0
4218366,2.952,7.769,5.179,0.039,-0.041,-0.016,2479,0
4218386,2.959,7.793,5.128,0.030,-0.048,-0.017,2480,0
4218406,2.938,7.834,5.085,0.023,-0.046,-0.020,2479,0
4218426,2.921,7.803,5.092,0.021,-0.037,-0.015,2479,0
4218446,2.923,7.798,5.112,0.030,-0.033,-0.010,2479,0
4218466,2.969,7.824,5.085,0.042,-0.035,-0.008,2479,0
4218486,2.995,7.805,5.104,0.033,-0.034,-0.009,2480,0
4218506,2.993,7.784,5.167,0.036,-0.034,-0.010,2479,0
4218526,2.986,7.827,5.186,0.048,-0.036,-0.005,2480,0
4218546,2.974,7.841,5.119,0.049,-0.039,-0.003,2480,0
4218566,2.988,7.855,5.066,0.033,-0.036,-0.003,2479,0
4218586,2.976,7.815,5.133,0.026,-0.024,-0.008,2479,0
4218606,2.928,7.822,5.167,0.044,-0.028,-0.004,2479,0
4218626,2.895,7.877,5.164,0.049,-0.037,0.003,2479,0
4218646,2.954,7.872,5.097,0.038,-0.046,0.004,2480,0
4218666,2.952,7.812,5.133,0.037,-0.042,0.005,2480,0
4218686,2.959,7.736,5.138,0.049,-0.038,0.010,2479,0
4218706,2.952,7.750,5.088,0.056,-0.037,0.010,2479,0
4218726,2.935,7.738,5.033,0.034,-0.036,0.003,2480,0
4218746,2.945,7.717,5.001,0.020,-0.024,-0.009,2479,0
4218766,2.947,7.705,5.145,0.026,-0.015,-0.022,2481,0
4218786,2.947,7.762,5.160,0.045,-0.027,-0.023,2480,0
4218806,2.950,7.872,5.114,0.048,-0.035,-0.015,2480,0
4218826,2.966,7.827,5.052,0.034,-0.028,-0.009,2480,0
4218846,2.945,7.822,5.095,0.040,-0.020,-0.008,2479,0
4218866,2.959,7.846,5.143,0.049,-0.022,-0.007,2479,0
4218886,2.976,7.875,5.107,0.048,-0.026,-0.004,2480,0
4218906,2.978,7.901,5.112,0.033,-0.015,-0.003,2480,0
4218926,2.921,7.836,5.191,0.024,-0.008,-0.001,2479,0
4218946,2.923,7.827,5.241,0.032,-0.021,0.007,2479,0
4218966,2.981,7.762,5.215,0.043,-0.033,0.010,2480,0
4218986,2.974,7.760,5.152,0.047,-0.034,0.002,2480,0
4219006,2.931,7.819,5.157,0.044,-0.031,-0.003,2480,0
4219026,2.895,7.812,5.167,0.037,-0.039,0.002,2479,0
4219046,2.887,7.776,5.164,0.040,-0.043,0.002,2480,0
4219066,2.926,7.736,5.112,0.042,-0.044,0.003,2480,0
4219086,2.959,7.693,5.119,0.043,-0.033,-0.002,2480,0
4219106,2.971,7.673,5.160,0.048,-0.034,-0.012,2481,0
4219126,2.942,7.767,5.126,0.054,-0.037,-0.018,2480,0
4219146,2.921,7.848,5.066,0.039,-0.037,-0.018,2480,0
4219166,2.926,7.855,5.071,0.026,-0.030,-0.014,2480,0
4219186,2.940,7.831,5.140,0.039,-0.024,-0.010,2480,0
4219206,2.976,7.805,5.171,0.055,-0.022,-0.004,2480,0
4219226,3.010,7.846,5.164,0.050,-0.023,-0.006,2480,0
4219246,2.978,7.865,5.155,0.034,-0.020,-0.008,2480,0
4219266,2.914,7.882,5.241,0.040,-0.021,-0.005,2480,0
4219286,2.899,7.894,5.258,0.049,-0.029,0.003,2480,0
4219306,2.909,7.887,5.200,0.045,-0.037,0.012,2480,0
4219326,2.959,7.827,5.157,0.043,-0.041,0.014,2480,0
4219346,2.986,7.748,5.176,0.042,-0.036,0.008,2480,0
4219366,2.969,7.740,5.167,0.048,-0.035,0.003,2479,0
4219386,2.921,7.796,5.138,0.051,-0.040,0.004,2479,0
4219406,2.926,7.822,5.023,0.044,-0.041,0.003,2479,0
4219426,2.921,7.848,5.016,0.024,-0.027,0.001,2480,0
4219446,2.921,7.812,5.112,0.032,-0.013,0.001,2480,0
4219466,2.926,7.817,5.155,0.046,-0.013,0.009,2480,0
4219486,2.971,7.836,5.104,0.047,-0.021,0.016,2480,0
4219506,2.978,7.784,5.090,0.027,-0.019,0.009,2480,0
4219526,2.940,7.743,5.145,0.014,-0.014,0.000,2479,0
4219546,2.942,7.750,5.191,0.037,-0.015,0.006,2480,0
4219566,2.931,7.834,5.157,0.061,-0.019,0.008,2479,0
4219586,2.950,7.851,5.157,0.042,-0.017,0.012,2480,0
4219606,2.957,7.776,5.200,0.024,-0.017,0.008,2480,0
4219626,2.959,7.769,5.243,0.047,-0.026,0.005,2480,0
4219646,2.935,7.810,5.210,0.058,-0.036,0.006,2480,0
4219666,2.883,7.824,5.193,0.047,-0.035,0.005,2480,0
4219686,2.878,7.764,5.210,0.052,-0.034,0.008,2480,0
4219706,2.875,7.793,5.186,0.080,-0.035,0.014,2480,0
4219726,2.899,7.805,5.121,0.076,-0.038,0.017,2479,0
4219746,2.952,7.740,5.131,0.057,-0.041,0.010,2480,0
4219766,2.942,7.784,5.133,0.059,-0.036,0.004,2480,0
4219786,2.933,7.817,5.083,0.041,-0.046,0.002,2479,0
4219806,2.950,7.800,5.080,0.015,-0.045,-0.001,2479,0
4219826,2.966,7.748,5.071,0.018,-0.035,-0.000,2480,0
4219846,2.942,7.764,5.090,0.047,-0.018,0.003,2480,0
4219866,2.954,7.791,5.145,0.042,-0.018,-0.001,2480,0
4219886,2.962,7.760,5.160,0.018,-0.027,-0.005,2480,0
4219906,2.959,7.762,5.186,0.019,-0.030,-0.009,2480,0
4219926,2.914,7.774,5.179,0.037,-0.030,-0.005,2480,0
4219946,2.914,7.836,5.212,0.039,-0.028,0.000,2480,0
4219966,2.911,7.817,5.191,0.032,-0.030,0.002,2481,0
4219986,2.950,7.793,5.174,0.038,-0.033,0.001,2480,0
4220006,2.945,7.817,5.157,0.040,-0.037,0.002,2480,0
4220026,2.921,7.788,5.160,0.031,-0.041,0.004,2481,0
4220046,2.907,7.779,5.138,0.042,-0.046,0.004,2480,0
4220066,2.954,7.824,5.088,0.035,-0.044,-0.001,2480,0
4220086,2.969,7.800,5.116,0.016,-0.031,-0.003,2479,0
4220106,2.952,7.731,5.191,0.033,-0.031,0.002,2479,0
4220126,2.954,7.743,5.140,0.053,-0.037,0.006,2479,0
4220146,2.928,7.791,5.124,0.048,-0.041,0.005,2480,0
4220166,2.933,7.788,5.080,0.030,-0.037,0.002,2479,0
4220186,2.959,7.724,5.121,0.033,-0.030,0.003,2479,0
4220206,2.983,7.717,5.121,0.046,-0.024,0.001,2480,0
4220226,2.964,7.728,5.167,0.042,-0.018,-0.004,2480,0
4220246,2.947,7.731,5.193,0.033,-0.026,-0.006,2479,0
4220266,2.933,7.762,5.198,0.042,-0.031,-0.003,2479,0
4220286,2.933,7.779,5.171,0.036,-0.030,-0.008,2479,0
4220306,2.928,7.738,5.222,0.028,-0.031,-0.008,2481,0
4220326,2.942,7.757,5.205,0.049,-0.035,-0.007,2482,0
4220346,2.947,7.805,5.219,0.060,-0.039,-0.004,2480,0
4220366,2.962,7.796,5.215,0.046,-0.044,-0.009,2479,0
4220386,2.957,7.831,5.183,0.037,-0.046,-0.009,2480,0
4220406,2.947,7.796,5.179,0.045,-0.047,-0.002,2480,0
4220426,2.945,7.807,5.164,0.058,-0.043,0.002,2479,0
4220446,2.933,7.819,5.138,0.050,-0.042,0.004,2479,0
4220466,2.942,7.748,5.155,0.039,-0.039,0.001,2479,0
4220486,2.942,7.707,5.131,0.037,-0.041,-0.001,2479,0
4220506,2.952,7.724,5.114,0.038,-0.037,-0.005,2479,0
4220526,2.981,7.700,5.128,0.041,-0.029,-0.007,2479,0
4220546,2.947,7.719,5.167,0.050,-0.027,-0.012,2479,0
4220566,2.931,7.781,5.174,0.050,-0.029,-0.013,2479,0
4220586,2.954,7.788,5.176,0.041,-0.032,-0.013,2479,0
4220606,2.916,7.769,5.227,0.035,-0.029,-0.017,2479,0
4220626,2.954,7.772,5.210,0.051,-0.034,-0.014,2478,0
4220646,2.962,7.781,5.227,0.056,-0.038,-0.013,2478,0
4220666,2.938,7.829,5.114,0.050,-0.044,-0.019,2481,0
4220686,2.921,7.939,5.061,0.035,-0.040,-0.021,2479,0
4220706,2.923,7.932,5.107,0.024,-0.027,-0.009,2479,0
4220726,2.907,7.853,5.174,0.044,-0.025,0.005,2478,0
4220746,2.940,7.793,5.210,0.062,-0.031,0.013,2479,0
4220766,2.976,7.733,5.148,0.046,-0.041,0.006,2479,0
4220786,2.993,7.709,5.109,0.033,-0.039,-0.004,2479,0
4220806,2.954,7.719,5.097,0.043,-0.029,-0.008,2480,0
4220826,2.916,7.812,5.152,0.051,-0.020,-0.008,2479,0
4220846,2.911,7.858,5.124,0.036,-0.022,-0.008,2477,0
4220866,2.933,7.848,5.174,0.027,-0.020,0.001,2478,0
4220886,2.954,7.717,5.236,0.043,-0.021,0.005,2478,0
4220906,2.931,7.731,5.248,0.065,-0.029,0.002,2479,0
4220926,2.895,7.855,5.176,0.044,-0.037,-0.004,2478,0
4220946,2.890,7.819,5.162,0.013,-0.041,-0.009,2478,0
4220966,2.892,7.733,5.222,0.029,-0.036,-0.004,2478,0
4220986,2.883,7.733,5.205,0.058,-0.033,0.003,2478,0
4221006,2.931,7.748,5.229,0.061,-0.039,-0.004,2478,0
4221026,2.971,7.738,5.171,0.045,-0.048,-0.010,2478,0
4221046,2.983,7.764,5.143,0.037,-0.047,-0.013,2480,0
4221066,2.909,7.776,5.164,0.041,-0.043,-0.014,2478,0
4221086,2.902,7.858,5.167,0.046,-0.042,-0.010,2475,0
4221106,2.935,7.863,5.116,0.045,-0.040,0.001,2478,0
4221126,2.978,7.779,5.114,0.050,-0.032,0.002,2478,0
4221146,2.952,7.776,5.152,0.054,-0.026,-0.002,2478,0
4221166,2.928,7.798,5.210,0.044,-0.036,-0.007,2479,0
4221186,2.940,7.793,5.169,0.037,-0.048,-0.009,2477,0
4221206,2.931,7.846,5.121,0.041,-0.042,-0.005,2478,0
4221226,2.909,7.824,5.104,0.038,-0.030,0.001,2478,0
4221246,2.919,7.784,5.186,0.042,-0.033,0.002,2478,0
4221266,2.938,7.774,5.169,0.048,-0.044,0.002,2478,0
4221286,2.976,7.755,5.121,0.037,-0.046,-0.001,2477,0
4221306,2.933,7.764,5.083,0.039,-0.040,-0.010,2478,0
4221326,2.902,7.836,5.088,0.036,-0.030,-0.011,2477,0
4221346,2.902,7.807,5.164,0.033,-0.024,-0.008,2478,0
4221366,2.928,7.798,5.193,0.046,-0.030,0.001,2478,0
4221386,2.945,7.772,5.179,0.044,-0.034,0.004,2478,0
4221406,2.966,7.755,5.138,0.033,-0.035,-0.003,2477,0
4221426,2.954,7.786,5.092,0.036,-0.037,-0.004,2478,0
4221446,2.966,7.781,5.061,0.042,-0.026,0.002,2477,0
4221466,2.957,7.776,5.097,0.044,-0.008,-0.002,2477,0
4221486,2.931,7.767,5.207,0.042,-0.006,-0.008,2478,0
4221506,2.921,7.815,5.248,0.031,-0.016,-0.011,2477,0
4221526,2.916,7.791,5.291,0.025,-0.034,-0.007,2477,0
4221546,2.919,7.798,5.219,0.042,-0.043,-0.000,2478,0
4221566,2.909,7.788,5.205,0.051,-0.038,0.001,2477,0
4221586,2.861,7.829,5.212,0.048,-0.037,-0.004,2477,0
4221606,2.899,7.827,5.191,0.047,-0.046,0.000,2478,0
4221626,2.923,7.822,5.140,0.036,-0.041,-0.001,2478,0
4221646,2.954,7.738,5.157,0.024,-0.036,-0.002,2477,0
4221666,2.923,7.705,5.200,0.037,-0.037,-0.005,2478,0
4221686,2.911,7.719,5.183,0.051,-0.048,-0.006,2479,0
4221706,2.945,7.796,5.119,0.044,-0.046,-0.007,2478,0
4221726,2.942,7.784,5.095,0.034,-0.036,-0.007,2478,0
4221746,2.921,7.817,5.162,0.036,-0.026,-0.010,2479,0
4221766,2.897,7.807,5.188,0.040,-0.027,-0.010,2478,0
4221786,2.938,7.841,5.157,0.041,-0.032,-0.003,2480,0
4221806,2.947,7.793,5.179,0.031,-0.024,-0.001,2478,0
4221826,2.940,7.743,5.250,0.033,-0.026,-0.005,2478,0
4221846,2.921,7.772,5.267,0.048,-0.035,-0.008,2478,0
4221866,2.907,7.810,5.167,0.048,-0.041,-0.005,2481,0
4221886,2.928,7.788,5.164,0.038,-0.036,-0.002,2479,0
4221906,2.897,7.728,5.243,0.042,-0.032,-0.007,2479,0
4221926,2.895,7.772,5.222,0.047,-0.043,-0.007,2478,0
4221946,2.899,7.791,5.131,0.040,-0.054,-0.007,2479,0
4221966,2.902,7.846,5.076,0.031,-0.047,-0.013,2479,0
4221986,2.895,7.934,5.095,-0.006,-0.041,-0.010,2479,0
4222006,2.926,7.812,5.210,-0.021,-0.046,-0.009,2479,0
4222026,2.969,7.702,5.188,0.011,-0.047,-0.006,2479,0
4222046,2.950,7.786,5.131,0.039,-0.034,0.000,2479,0
4222066,2.902,7.889,5.047,0.011,-0.029,0.001,2478,0
4222086,2.909,7.786,5.083,-0.018,-0.029,0.003,2479,0
4222106,2.964,7.700,5.095,-0.009,-0.012,0.006,2478,0
4222126,2.923,7.673,5.286,0.041,0.005,0.004,2479,0
4222146,2.753,8.183,5.361,0.033,-0.008,0.014,2480,0
4222166,2.538,9.555,5.006,-0.447,-0.129,0.059,2479,0
4222186,2.490,9.737,4.915,-1.502,-0.363,0.055,2479,0
4222206,2.820,8.021,5.385,-2.254,-0.472,0.003,2478,0
4222226,2.938,7.396,5.942,-2.199,-0.482,0.030,2478,0
4222246,2.555,9.931,5.717,-2.570,-0.672,0.232,2475,0
4222266,2.670,10.496,4.374,-4.537,-0.985,0.381,2470,0
4222286,3.584,5.897,4.492,-6.536,-1.111,0.217,2467,0
4222306,4.207,-0.225,7.884,-6.017,-0.907,-0.130,2472,0
4222326,4.305,-1.484,9.996,-3.182,-0.608,-0.035,2475,0
4222346,4.156,0.950,9.301,-0.308,-0.302,0.237,2473,0
4222366,4.154,3.515,8.200,0.873,-0.075,0.357,2469,0
4222386,4.044,4.903,7.796,0.422,-0.017,0.310,2468,0
4222406,4.003,4.073,8.059,-0.463,-0.082,0.164,2466,0
4222426,4.187,2.456,8.605,-0.697,-0.201,0.091,2465,0
4222446,4.336,1.872,8.645,-0.178,-0.169,0.099,2465,0
4222466,4.295,2.507,8.250,0.382,-0.083,0.104,2466,0
4222486,4.049,3.515,7.977,0.381,-0.042,0.080,2463,0
4222506,3.898,3.651,7.908,-0.028,-0.080,0.039,2465,0
4222526,3.936,2.933,8.174,-0.189,-0.105,0.018,2466,0
4222546,4.029,2.485,8.174,0.041,-0.062,0.021,2465,0
4222566,4.056,2.945,8.073,0.286,0.005,0.032,2464,0
4222586,3.998,3.400,7.999,0.252,0.022,-0.001,2468,0
4222606,3.938,3.632,8.054,0.021,-0.001,-0.042,2465,0
4222626,3.955,3.292,8.265,-0.099,-0.016,-0.052,2465,0
4222646,4.005,2.998,8.341,0.034,-0.003,-0.033,2465,0
4222666,4.010,3.316,8.270,0.197,0.004,-0.007,2465,0
4222686,4.005,3.797,8.212,0.109,-0.013,-0.017,2465,0
4222706,4.063,3.677,8.215,-0.094,-0.019,-0.043,2467,0
4222726,4.147,3.153,8.384,-0.049,0.003,-0.038,2465,0
4222746,4.116,3.163,8.392,0.191,0.024,-0.011,2465,0
4222766,4.044,3.646,8.286,0.244,0.014,0.001,2465,0
4222786,3.979,3.773,8.205,0.060,-0.010,-0.026,2467,0
4222806,3.907,3.632,8.229,-0.046,-0.024,-0.039,2466,0
4222826,3.924,3.498,8.229,-0.003,-0.020,-0.007,2467,0
4222846,3.965,3.349,8.279,0.120,-0.001,0.015,2466,0
4222866,3.974,3.517,8.262,0.226,0.022,0.019,2466,0
4222886,3.998,3.622,8.246,0.233,0.024,0.024,2465,0
4222906,3.919,3.764,8.262,0.128,0.001,0.023,2465,0
4222926,3.955,3.390,8.353,-0.006,-0.026,0.007,2465,0
4222946,3.955,3.122,8.440,0.076,-0.019,-0.007,2466,0
4222966,3.852,3.438,8.327,0.194,-0.004,-0.005,2465,0
4222986,3.816,3.761,8.267,0.128,-0.024,-0.006,2466,0
4223006,3.871,3.654,8.274,-0.009,-0.052,-0.013,2465,0
4223026,3.931,3.534,8.260,-0.060,-0.069,-0.007,2465,0
4223046,3.982,3.273,8.284,0.007,-0.056,0.001,2464,0
4223066,3.998,3.266,8.193,0.137,-0.023,0.001,2466,0
4223086,3.929,3.694,8.090,0.092,-0.023,-0.017,2466,0
4223106,3.967,3.519,8.116,-0.037,-0.039,-0.037,2467,0
4223126,4.027,3.184,8.169,0.015,-0.013,-0.046,2466,0
4223146,3.965,3.390,8.109,0.149,0.016,-0.042,2469,0
4223166,3.843,3.766,8.174,0.135,0.023,-0.027,2464,0
4223186,3.809,3.706,8.212,0.046,0.008,-0.031,2465,0
4223206,3.780,3.792,8.308,-0.002,-0.019,-0.015,2465,0
4223226,3.907,3.496,8.351,0.013,-0.043,-0.004,2464,0
4223246,4.070,3.270,8.358,0.160,-0.021,-0.006,2464,0
4223266,4.051,3.412,8.282,0.359,0.019,-0.006,2465,0
4223286,3.895,4.017,8.164,0.378,0.050,0.001,2466,0
4223306,3.831,4.053,8.152,0.238,0.046,0.003,2467,0
4223326,3.792,3.728,8.236,0.199,0.052,-0.001,2466,0
4223346,3.780,3.733,8.291,0.264,0.053,0.006,2468,0
4223366,3.773,4.017,8.183,0.238,0.032,-0.001,2466,0
4223386,3.819,4.041,8.090,0.057,-0.007,-0.023,2467,0
4223406,3.871,3.716,8.116,-0.015,-0.024,-0.031,2467,0
4223426,3.824,3.589,8.162,0.068,-0.010,-0.018,2466,0
4223446,3.728,3.771,8.174,0.136,0.001,-0.007,2465,0
4223466,3.745,3.876,8.200,0.142,-0.000,-0.009,2465,0
4223486,3.745,4.037,8.167,0.119,-0.000,-0.009,2467,0
4223506,3.747,4.128,8.140,0.025,-0.014,-0.003,2464,0
4223526,3.807,3.845,8.286,-0.044,-0.035,0.001,2466,0
4223546,3.845,3.680,8.325,0.015,-0.042,-0.006,2465,0
4223566,3.840,3.840,8.210,0.112,-0.036,-0.003,2464,0
4223586,3.814,4.075,8.085,0.079,-0.031,0.009,2465,0
4223606,3.788,3.998,8.128,0.008,-0.030,0.011,2466,0
4223626,3.776,3.847,8.169,-0.017,-0.024,0.003,2465,0
4223646,3.804,3.766,8.186,0.025,-0.023,0.006,2467,0
4223666,3.843,3.742,8.150,0.090,-0.007,0.009,2466,0
4223686,3.773,3.862,8.210,0.110,0.002,0.009,2466,0
4223706,3.658,4.044,8.231,0.021,-0.027,0.003,2467,0
4223726,3.711,3.857,8.282,-0.087,-0.068,-0.005,2466,0
4223746,3.816,3.560,8.270,-0.032,-0.064,-0.013,2467,0
4223766,3.859,3.572,8.200,0.160,-0.033,-0.003,2467,0
4223786,3.797,4.027,8.059,0.218,-0.013,0.007,2469,0
4223806,3.733,4.197,8.013,0.027,-0.029,-0.004,2466,0
4223826,3.725,3.757,8.205,-0.095,-0.046,-0.017,2468,0
4223846,3.804,3.476,8.308,0.042,-0.035,-0.013,2471,0
4223866,3.886,3.603,8.135,0.221,-0.020,-0.005,2468,0
4223886,3.804,4.075,7.997,0.215,-0.009,-0.013,2468,0
4223906,3.704,4.214,7.989,0.033,-0.016,-0.026,2468,0
4223926,3.673,3.931,8.179,-0.029,-0.020,-0.018,2468,0
4223946,3.718,3.771,8.226,0.078,-0.011,-0.002,2468,0
4223966,3.845,3.836,8.162,0.176,-0.007,0.007,2469,0
4223986,3.840,4.051,8.104,0.159,-0.007,-0.004,2469,0
4224006,3.759,4.187,8.102,0.025,-0.022,-0.014,2468,0
4224026,3.682,3.962,8.210,-0.030,-0.029,-0.013,2469,0
4224046,3.689,3.761,8.291,0.062,-0.023,-0.006,2470,0
4224066,3.737,3.943,8.226,0.172,-0.017,0.010,2469,0
4224086,3.833,4.087,8.155,0.153,-0.030,0.014,2469,0
4224106,3.824,4.073,8.162,0.061,-0.037,0.001,2473,0
4224126,3.745,4.022,8.128,-0.013,-0.053,-0.011,2470,0
4224146,3.713,3.910,8.188,-0.014,-0.058,-0.018,2470,0
4224166,3.742,3.843,8.159,0.063,-0.051,-0.007,2469,0
4224186,3.740,3.938,8.016,0.148,-0.033,0.006,2469,0
4224206,3.733,4.104,7.985,0.100,-0.034,0.003,2470,0
4224226,3.759,3.984,8.054,-0.008,-0.041,-0.017,2469,0
4224246,3.766,3.836,8.088,-0.007,-0.037,-0.024,2469,0
4224266,3.759,3.785,8.052,0.082,-0.026,-0.011,2467,0
4224286,3.792,3.867,7.954,0.154,-0.002,0.014,2470,0
4224306,3.737,4.120,7.985,0.152,0.033,0.029,2468,0
4224326,3.728,4.235,8.061,0.076,0.029,0.034,2470,0
4224346,3.733,4.041,8.159,0.047,0.017,0.014,2469,0
4224366,3.773,3.982,8.186,0.097,0.006,-0.008,2469,0
4224386,3.761,4.020,8.171,0.140,0.002,-0.021,2468,0
4224406,3.733,4.118,8.157,0.126,-0.008,-0.026,2467,0
4224426,3.709,4.190,8.133,0.094,-0.021,-0.017,2469,0
4224446,3.716,4.120,8.126,0.063,-0.022,-0.012,2468,0
4224466,3.706,4.120,8.195,0.048,-0.022,-0.016,2467,0
4224486,3.718,4.041,8.253,0.056,-0.021,-0.017,2469,0
4224506,3.685,4.046,8.215,0.127,-0.019,-0.007,2469,0
4224526,3.644,4.235,8.073,0.123,-0.025,0.005,2468,0
4224546,3.591,4.223,8.090,0.043,-0.041,0.002,2469,0
4224566,3.579,4.065,8.145,0.012,-0.045,-0.002,2468,0
4224586,3.644,4.025,8.114,0.056,-0.049,0.003,2468,0
4224606,3.728,4.041,8.054,0.092,-0.038,0.009,2469,0
4224626,3.759,4.089,8.045,0.074,-0.027,-0.002,2470,0
4224646,3.718,4.113,8.083,0.039,-0.036,-0.015,2467,0
4224666,3.716,4.149,8.073,0.015,-0.047,-0.013,2466,0
4224686,3.725,4.096,8.059,0.038,-0.037,0.006,2468,0
4224706,3.716,4.207,8.042,0.083,-0.019,0.025,2471,0
4224726,3.704,4.286,7.994,0.055,-0.015,0.022,2469,0
4224746,3.716,4.101,8.037,0.041,-0.016,0.007,2468,0
4224766,3.742,3.989,8.047,0.090,-0.021,0.006,2468,0
4224786,3.706,4.080,8.059,0.123,-0.021,0.011,2471,0
4224806,3.704,4.161,8.054,0.073,-0.029,-0.011,2469,0
4224826,3.673,4.154,8.073,0.012,-0.039,-0.026,2470,0
4224846,3.658,4.199,8.076,0.007,-0.044,-0.021,2470,0
4224866,3.689,4.065,8.150,0.037,-0.041,-0.005,2468,0
4224886,3.733,4.068,8.107,0.129,-0.029,0.002,2470,0
4224906,3.749,4.120,8.045,0.141,-0.021,-0.001,2469,0
4224926,3.680,4.190,7.982,0.116,-0.019,-0.005,2470,0
4224946,3.666,4.111,7.987,0.090,-0.013,-0.006,2471,0
4224966,3.598,4.128,8.085,0.103,-0.007,-0.017,2469,0
4224986,3.584,4.276,8.068,0.088,-0.019,-0.026,2471,0
4225006,3.627,4.312,8.066,0.040,-0.030,-0.019,2469,0
4225026,3.694,4.070,8.124,0.056,-0.034,-0.004,2470,0
4225046,3.725,3.931,8.147,0.200,-0.027,0.009,2471,0
4225066,3.694,4.257,8.013,0.280,-0.011,0.018,2470,0
4225086,3.649,4.513,7.963,0.179,-0.008,-0.006,2472,0
4225106,3.651,4.484,7.954,0.017,-0.039,-0.030,2471,0
4225126,3.663,4.298,8.064,-0.000,-0.038,-0.033,2471,0
4225146,3.651,4.250,8.037,0.077,-0.031,-0.023,2471,0
4225166,3.673,4.350,7.994,0.140,-0.019,-0.005,2473,0
4225186,3.656,4.405,7.956,0.121,-0.025,0.003,2472,0
4225206,3.658,4.389,8.016,0.093,-0.038,0.003,2471,0
4225226,3.642,4.460,7.956,0.044,-0.055,0.002,2470,0
4225246,3.685,4.322,7.896,0.021,-0.055,0.008,2472,0
4225266,3.725,4.175,7.853,0.069,-0.035,0.014,2473,0
4225286,3.757,4.147,7.877,0.158,-0.008,0.014,2473,0
4225306,3.687,4.453,7.891,0.168,-0.002,0.004,2472,0
4225326,3.637,4.537,7.930,0.055,-0.011,-0.006,2472,0
4225346,3.622,4.417,7.956,-0.041,-0.025,-0.013,2470,0
4225366,3.658,4.171,8.071,0.010,-0.021,-0.011,2471,0
4225386,3.649,4.207,8.092,0.129,-0.016,-0.004,2470,0
4225406,3.598,4.559,7.997,0.092,-0.030,-0.006,2471,0
4225426,3.620,4.542,7.937,-0.064,-0.054,-0.023,2472,0
4225446,3.661,4.216,8.071,-0.094,-0.051,-0.027,2469,0
4225466,3.646,4.080,8.143,0.059,-0.031,-0.014,2470,0
4225486,3.625,4.302,8.028,0.205,-0.019,0.007,2469,0
4225506,3.608,4.633,7.915,0.172,-0.030,0.014,2470,0
4225526,3.622,4.666,7.848,-0.019,-0.049,-0.001,2470,0
4225546,3.685,4.240,7.987,-0.093,-0.052,-0.014,2470,0
4225566,3.711,4.010,8.102,0.048,-0.032,-0.016,2470,0
4225586,3.682,4.286,8.004,0.204,-0.023,-0.003,2469,0
4225606,3.663,4.587,7.851,0.174,-0.026,0.004,2469,0
4225626,3.625,4.587,7.841,0.021,-0.034,-0.006,2470,0
4225646,3.577,4.345,8.004,-0.050,-0.039,-0.020,2469,0
4225666,3.596,4.238,8.073,0.012,-0.044,-0.020,2470,0
4225686,3.668,4.348,7.997,0.102,-0.039,-0.011,2469,0
4225706,3.694,4.525,7.910,0.109,-0.034,-0.002,2470,0
4225726,3.670,4.511,7.908,0.060,-0.030,-0.003,2469,0
4225746,3.656,4.374,7.987,0.021,-0.026,-0.009,2471,0
4225766,3.608,4.329,8.059,0.051,-0.025,-0.009,2469,0
4225786,3.606,4.422,7.994,0.084,-0.034,0.000,2469,0
4225806,3.618,4.451,7.939,0.068,-0.039,0.002,2470,0
4225826,3.637,4.372,7.934,0.027,-0.041,-0.011,2471,0
4225846,3.651,4.343,7.939,0.029,-0.043,-0.018,2470,0
4225866,3.685,4.343,7.908,0.054,-0.038,-0.018,2471,0
4225886,3.654,4.369,7.898,0.083,-0.029,-0.013,2470,0
4225906,3.615,4.398,7.913,0.092,-0.024,-0.015,2469,0
4225926,3.567,4.530,7.932,0.061,-0.032,-0.022,2470,0
4225946,3.615,4.458,7.968,0.003,-0.042,-0.032,2470,0
4225966,3.646,4.367,8.013,0.033,-0.038,-0.034,2472,0
4225986,3.632,4.523,7.977,0.078,-0.037,-0.018,2470,0
4226006,3.637,4.499,7.944,0.062,-0.041,-0.009,2471,0
4226026,3.687,4.427,7.956,0.044,-0.044,-0.012,2471,0
4226046,3.692,4.513,7.851,0.022,-0.041,-0.017,2470,0
4226066,3.661,4.465,7.903,-0.024,-0.041,-0.023,2469,0
4226086,3.613,4.350,8.004,-0.019,-0.042,-0.029,2470,0
4226106,3.610,4.408,7.994,0.061,-0.034,-0.017,2470,0
4226126,3.622,4.602,7.913,0.102,-0.024,0.002,2469,0
4226146,3.661,4.456,7.910,0.070,-0.020,0.005,2470,0
4226166,3.670,4.362,7.958,0.091,-0.021,0.001,2468,0
4226186,3.630,4.451,7.946,0.101,-0.028,-0.004,2470,0
4226206,3.603,4.487,7.951,0.064,-0.031,-0.012,2468,0
4226226,3.618,4.427,7.973,0.044,-0.029,-0.017,2471,0
4226246,3.589,4.329,8.052,0.109,-0.026,-0.014,2471,0
4226266,3.613,4.484,7.951,0.158,-0.031,-0.011,2470,0
4226286,3.639,4.609,7.865,0.107,-0.040,-0.013,2472,0
4226306,3.675,4.441,7.891,0.060,-0.039,-0.024,2472,0
4226326,3.658,4.434,7.908,0.115,-0.031,-0.028,2470,0
4226346,3.572,4.767,7.858,0.119,-0.031,-0.019,2470,0
4226366,3.567,4.750,7.865,0.021,-0.042,-0.019,2472,0
4226386,3.627,4.527,7.877,-0.001,-0.041,-0.014,2468,0
4226406,3.668,4.503,7.824,0.065,-0.029,0.002,2471,0
4226426,3.642,4.606,7.836,0.055,-0.028,-0.002,2470,0
4226446,3.608,4.614,7.872,-0.055,-0.043,-0.033,2468,0
4226466,3.618,4.401,7.994,-0.088,-0.055,-0.049,2470,0
4226486,3.649,4.262,7.963,0.052,-0.038,-0.027,2470,0
4226506,3.627,4.439,7.865,0.204,-0.006,0.003,2471,0
4226526,3.565,4.810,7.796,0.187,-0.008,0.010,2470,0
4226546,3.536,4.827,7.839,-0.009,-0.030,-0.012,2470,0
4226566,3.596,4.554,7.985,-0.105,-0.051,-0.027,2470,0
4226586,3.610,4.410,7.985,-0.001,-0.039,-0.012,2471,0
4226606,3.618,4.463,7.918,0.149,-0.018,0.018,2470,0
4226626,3.579,4.662,7.865,0.185,-0.009,0.027,2471,0
4226646,3.555,4.793,7.882,0.051,-0.032,0.011,2470,0
4226666,3.582,4.472,7.949,-0.060,-0.050,-0.009,2471,0
4226686,3.651,4.286,7.963,-0.004,-0.049,-0.011,2471,0
4226706,3.642,4.367,7.922,0.118,-0.036,-0.001,2471,0
4226726,3.625,4.638,7.774,0.118,-0.034,-0.008,2472,0
4226746,3.579,4.707,7.807,0.019,-0.035,-0.019,2471,0
4226766,3.558,4.594,7.872,-0.007,-0.033,-0.024,2471,0
4226786,3.548,4.587,7.875,0.033,-0.032,-0.009,2472,0
4226806,3.606,4.530,7.841,0.073,-0.027,0.004,2471,0
4226826,3.594,4.642,7.829,0.079,-0.022,0.007,2471,0
4226846,3.596,4.640,7.807,0.025,-0.028,0.004,2471,0
4226866,3.625,4.530,7.836,-0.008,-0.025,-0.003,2472,0
4226886,3.654,4.439,7.913,0.030,-0.017,-0.006,2471,0
4226906,3.642,4.535,7.915,0.090,-0.012,0.001,2471,0
4226926,3.563,4.568,7.970,0.093,-0.010,0.003,2477,0
4226946,3.570,4.604,8.045,0.080,-0.014,-0.000,2480,0
4226966,3.548,4.650,7.966,0.025,-0.035,-0.002,2479,0
4226986,3.596,4.583,7.958,-0.003,-0.050,-0.004,2480,0
4227006,3.582,4.520,7.961,0.024,-0.045,-0.002,2479,0
4227026,3.591,4.508,7.865,0.052,-0.034,0.002,2479,0
4227046,3.541,4.525,7.870,0.062,-0.030,0.000,2480,0
4227066,3.560,4.446,7.887,0.070,-0.031,-0.007,2481,0
4227086,3.572,4.513,7.863,0.083,-0.033,-0.009,2481,0
4227106,3.577,4.580,7.867,0.068,-0.032,-0.015,2481,0
4227126,3.534,4.697,7.884,0.025,-0.035,-0.019,2482,0
4227146,3.555,4.635,7.922,-0.004,-0.039,-0.014,2482,0
4227166,3.613,4.520,7.913,0.031,-0.037,-0.004,2482,0
4227186,3.634,4.489,7.894,0.095,-0.022,0.002,2481,0
4227206,3.603,4.630,7.901,0.097,-0.021,-0.009,2483,0
4227226,3.539,4.695,7.901,0.018,-0.036,-0.022,2483,0
4227246,3.570,4.559,7.903,-0.003,-0.046,-0.019,2482,0
4227266,3.598,4.542,7.863,0.064,-0.034,-0.002,2483,0
4227286,3.639,4.547,7.824,0.120,-0.017,0.007,2482,0
4227306,3.618,4.604,7.872,0.123,-0.011,-0.002,2483,0
4227326,3.584,4.781,7.851,0.068,-0.024,-0.014,2483,0
4227346,3.594,4.767,7.824,-0.011,-0.037,-0.020,2482,0
4227366,3.579,4.592,7.884,-0.014,-0.028,-0.019,2480,0
4227386,3.560,4.640,7.939,0.063,-0.018,0.007,2480,0
4227406,3.551,4.638,7.949,0.089,-0.023,0.014,2479,0
4227426,3.567,4.604,7.910,0.068,-0.029,0.008,2480,0
4227446,3.615,4.551,7.858,0.038,-0.035,0.006,2479,0
4227466,3.646,4.523,7.865,0.022,-0.032,-0.001,2479,0
4227486,3.589,4.487,7.934,0.034,-0.025,-0.012,2479,0
4227506,3.541,4.563,7.951,0.077,-0.031,-0.014,2479,0
4227526,3.500,4.808,7.831,0.069,-0.036,-0.002,2478,0
4227546,3.517,4.800,7.831,0.002,-0.038,0.006,2479,0
4227566,3.565,4.640,7.949,0.003,-0.037,0.016,2478,0
4227586,3.601,4.592,7.994,0.074,-0.039,0.030,2479,0
4227606,3.598,4.697,7.925,0.109,-0.053,0.041,2479,0
4227626,3.555,4.729,7.937,0.037,-0.083,0.045,2479,0
4227646,3.630,4.606,7.865,-0.007,-0.085,0.035,2478,0
4227666,3.637,4.549,7.863,-0.010,-0.063,0.026,2479,0
4227686,3.680,4.472,7.836,0.024,-0.041,0.023,2480,0
4227706,3.668,4.501,7.872,0.059,-0.019,0.019,2478,0
4227726,3.649,4.578,7.896,0.067,-0.010,0.009,2479,0
4227746,3.553,4.669,7.913,0.035,-0.028,0.004,2479,0
4227766,3.555,4.712,7.848,-0.011,-0.044,0.013,2479,0
4227786,3.598,4.489,7.908,-0.020,-0.038,0.009,2479,0
4227806,3.579,4.413,7.958,0.054,-0.029,0.008,2479,0
4227826,3.558,4.583,8.025,0.084,-0.048,0.010,2479,0
4227846,3.551,4.616,7.834,0.037,-0.051,0.010,2480,0
4227866,3.587,4.549,7.791,-0.022,-0.055,0.014,2479,0
4227886,3.632,4.453,7.834,-0.004,-0.060,0.001,2477,0
4227906,3.689,4.436,7.913,0.054,-0.047,-0.003,2475,0
4227926,3.670,4.477,7.872,0.072,-0.033,-0.014,2472,0
4227946,3.606,4.702,7.853,0.041,-0.035,-0.007,2470,0
4227966,3.601,4.666,7.920,-0.012,-0.048,0.001,2472,0
4227986,3.656,4.453,7.956,0.004,-0.047,0.001,2472,0
4228006,3.673,4.482,7.946,0.060,-0.040,-0.005,2469,0
4228026,3.658,4.633,7.877,0.080,-0.044,-0.002,2470,0
4228046,3.637,4.676,7.805,0.032,-0.047,0.001,2470,0
4228066,3.630,4.597,7.896,0.004,-0.048,0.004,2468,0
4228086,3.620,4.472,7.956,0.023,-0.050,0.004,2468,0
4228106,3.608,4.501,7.939,0.065,-0.050,0.007,2469,0
4228126,3.603,4.609,7.858,0.073,-0.047,0.013,2468,0
4228146,3.603,4.609,7.853,0.048,-0.046,0.019,2469,0
4228166,3.622,4.523,7.879,0.013,-0.052,0.019,2469,0
4228186,3.675,4.377,7.925,0.003,-0.053,0.003,2470,0
4228206,3.677,4.360,7.906,0.050,-0.049,-0.014,2470,0
4228226,3.634,4.501,7.831,0.081,-0.046,-0.008,2472,0
4228246,3.598,4.566,7.788,0.085,-0.044,0.003,2473,0
4228266,3.603,4.599,7.752,0.037,-0.043,-0.009,2475,0
4228286,3.642,4.556,7.807,-0.003,-0.036,-0.017,2476,0
4228306,3.677,4.475,7.865,0.023,-0.028,-0.013,2478,0
4228326,3.666,4.525,7.889,0.074,-0.027,-0.007,2479,0
4228346,3.603,4.556,7.879,0.086,-0.026,-0.001,2484,0
4228366,3.551,4.635,7.879,0.061,-0.043,-0.001,2496,0
4228386,3.646,4.539,7.772,0.010,-0.052,0.002,2509,0
4228406,3.783,4.458,7.733,0.010,-0.042,-0.001,2513,0
4228426,3.838,4.424,7.669,0.059,-0.014,-0.004,2516,0
4228446,3.761,4.527,7.769,0.074,0.011,-0.007,2519,0
4228466,3.625,4.585,7.982,0.057,0.017,-0.018,2520,0
4228486,3.503,4.594,8.088,0.054,-0.003,-0.021,2521,0
4228506,3.551,4.681,8.004,0.046,-0.031,-0.014,2523,0
4228526,3.610,4.616,7.949,0.033,-0.033,-0.007,2529,0
4228546,3.618,4.571,7.956,0.055,-0.034,-0.002,2535,0
4228566,3.644,4.597,7.901,0.070,-0.035,0.004,2542,0
4228586,3.685,4.539,7.848,0.049,-0.041,0.001,2544,0
4228606,3.699,4.501,7.836,0.043,-0.039,-0.006,2548,0
4228626,3.673,4.472,7.839,0.069,-0.033,-0.006,2545,0
4228646,3.668,4.578,7.846,0.074,-0.035,-0.013,2546,0
4228666,3.610,4.647,7.736,0.021,-0.031,-0.024,2553,0
4228686,3.622,4.566,7.772,-0.008,-0.032,-0.023,2558,0
4228706,3.615,4.520,7.834,0.038,-0.019,-0.011,2559,0
4228726,3.601,4.554,7.841,0.083,-0.007,-0.005,2559,0
4228746,3.622,4.640,7.824,0.065,-0.010,-0.006,2559,0
4228766,3.632,4.621,7.870,0.029,-0.015,-0.011,2559,0
4228786,3.646,4.556,7.898,0.034,-0.017,-0.011,2559,0
4228806,3.630,4.604,7.975,0.044,-0.016,-0.013,2559,0
4228826,3.615,4.626,7.975,0.058,-0.013,-0.013,2559,0
4228846,3.603,4.685,7.958,0.040,-0.021,-0.007,2564,0
4228866,3.603,4.618,7.975,0.026,-0.030,-0.002,2566,0
4228886,3.613,4.594,7.989,0.034,-0.034,-0.000,2579,0
4228906,3.613,4.513,7.999,0.048,-0.043,0.004,2582,0
4228926,3.606,4.506,7.934,0.066,-0.047,-0.001,2580,0
4228946,3.598,4.568,7.829,0.061,-0.052,0.001,2578,0
4228966,3.591,4.597,7.750,0.041,-0.051,-0.004,2570,0
4228986,3.591,4.583,7.731,0.010,-0.036,-0.014,2577,0
4229006,3.582,4.561,7.812,0.018,-0.020,-0.014,2571,0
4229026,3.587,4.568,7.879,0.046,-0.017,-0.007,2561,0
4229046,3.596,4.566,7.865,0.061,-0.021,-0.005,2564,0
4229066,3.570,4.609,7.867,0.039,-0.029,-0.007,2559,0
4229086,3.577,4.604,7.891,0.027,-0.038,-0.004,2563,0
4229106,3.627,4.561,7.872,0.028,-0.035,-0.003,2559,0
4229126,3.673,4.530,7.815,0.041,-0.026,-0.004,2559,0
4229146,3.687,4.554,7.786,0.047,-0.018,-0.000,2562,0
4229166,3.651,4.551,7.839,0.048,-0.009,-0.005,2559,0
4229186,3.632,4.530,7.891,0.057,-0.006,-0.009,2559,0
4229206,3.577,4.630,7.918,0.080,-0.015,-0.003,2559,0
4229226,3.546,4.721,7.891,0.046,-0.029,0.001,2561,0
4229246,3.567,4.606,7.875,0.004,-0.031,-0.001,2560,0
4229266,3.579,4.542,7.894,0.037,-0.026,-0.002,2559,0
4229286,3.603,4.525,7.894,0.073,-0.021,0.002,2559,0
4229306,3.587,4.583,7.887,0.073,-0.022,-0.003,2559,0
4229326,3.555,4.633,7.932,0.042,-0.025,-0.005,2559,0
4229346,3.541,4.578,7.913,0.022,-0.032,-0.006,2559,0
4229366,3.589,4.554,7.939,0.025,-0.033,-0.009,2559,0
4229386,3.618,4.530,7.922,0.049,-0.028,-0.011,2559,0
4229406,3.620,4.604,7.896,0.073,-0.026,-0.005,2559,0
4229426,3.579,4.700,7.915,0.065,-0.025,0.000,2559,0
4229446,3.553,4.650,7.920,0.035,-0.034,0.002,2559,0
4229466,3.570,4.635,7.920,0.023,-0.043,0.002,2559,0
4229486,3.610,4.571,7.891,0.023,-0.043,0.003,2559,0
4229506,3.618,4.513,7.887,0.054,-0.031,-0.001,2558,0
4229526,3.570,4.537,7.922,0.078,-0.028,-0.001,2559,0
4229546,3.551,4.614,7.913,0.074,-0.036,-0.003,2558,0
4229566,3.515,4.690,7.839,0.048,-0.044,-0.002,2558,0
4229586,3.565,4.611,7.817,0.014,-0.045,0.004,2557,0
4229606,3.601,4.480,7.834,0.030,-0.034,0.002,2557,0
4229626,3.596,4.489,7.879,0.064,-0.029,-0.002,2557,0
4229646,3.582,4.530,7.829,0.074,-0.036,-0.009,2557,0
4229666,3.601,4.597,7.760,0.072,-0.034,-0.014,2556,0
4229686,3.572,4.638,7.796,0.059,-0.016,-0.010,2557,0
4229706,3.555,4.633,7.865,0.048,-0.015,-0.013,2557,0
4229726,3.591,4.621,7.915,0.045,-0.021,-0.021,2557,0
4229746,3.606,4.664,7.891,0.039,-0.032,-0.017,2556,0
4229766,3.587,4.654,7.848,0.040,-0.031,-0.010,2553,0
4229786,3.589,4.626,7.863,0.045,-0.026,-0.007,2553,0
4229806,3.603,4.618,7.879,0.047,-0.025,-0.005,2553,0
4229826,3.596,4.606,7.901,0.052,-0.024,-0.005,2554,0
4229846,3.575,4.678,7.913,0.045,-0.028,-0.002,2552,0
4229866,3.539,4.729,7.903,0.016,-0.033,-0.002,2554,0
4229886,3.548,4.561,7.949,0.013,-0.035,0.001,2551,0
4229906,3.546,4.487,7.956,0.081,-0.035,0.008,2551,0
4229926,3.543,4.647,7.858,0.099,-0.037,0.009,2553,0
4229946,3.536,4.685,7.848,0.035,-0.045,-0.006,2550,0
4229966,3.567,4.628,7.836,-0.017,-0.051,-0.011,2551,0
4229986,3.565,4.475,7.848,0.018,-0.038,-0.009,2551,0
4230006,3.563,4.470,7.819,0.087,-0.017,0.000,2553,0
4230026,3.553,4.604,7.829,0.110,-0.014,0.001,2553,0
4230046,3.543,4.676,7.819,0.036,-0.025,-0.013,2551,0
4230066,3.570,4.611,7.865,-0.014,-0.034,-0.027,2552,0
4230086,3.567,4.575,7.946,0.025,-0.029,-0.022,2551,0
4230106,3.565,4.638,7.958,0.084,-0.023,-0.011,2551,0
4230126,3.555,4.750,7.879,0.075,-0.030,-0.004,2550,0
4230146,3.577,4.733,7.867,0.031,-0.036,-0.003,2551,0
4230166,3.601,4.618,7.918,0.015,-0.037,-0.004,2551,0
4230186,3.606,4.554,7.958,0.040,-0.039,-0.008,2550,0
4230206,3.606,4.542,7.925,0.054,-0.041,-0.016,2551,0
4230226,3.555,4.638,7.918,0.072,-0.043,-0.015,2551,0
4230246,3.484,4.729,7.827,0.073,-0.046,-0.006,2552,0
4230266,3.484,4.681,7.817,0.053,-0.042,0.001,2549,0
4230286,3.524,4.549,7.841,0.037,-0.043,-0.007,2550,0
4230306,3.570,4.537,7.824,0.033,-0.050,-0.013,2550,0
4230326,3.584,4.561,7.757,0.047,-0.046,-0.019,2551,0
4230346,3.548,4.647,7.784,0.051,-0.030,-0.024,2552,0
4230366,3.486,4.669,7.819,0.049,-0.025,-0.021,2550,0
4230386,3.512,4.681,7.870,0.050,-0.025,-0.014,2549,0
4230406,3.575,4.693,7.827,0.043,-0.023,-0.011,2550,0
4230426,3.587,4.652,7.870,0.011,-0.024,-0.018,2550,0
4230446,3.582,4.616,7.932,0.029,-0.029,-0.021,2550,0
4230466,3.591,4.688,7.918,0.074,-0.029,-0.012,2549,0
4230486,3.577,4.805,7.865,0.075,-0.028,-0.002,2553,0
4230506,3.522,4.793,7.891,0.017,-0.028,-0.005,2550,0
4230526,3.524,4.650,7.973,0.006,-0.038,-0.007,2550,0
4230546,3.591,4.544,8.009,0.059,-0.039,0.002,2552,0
4230566,3.572,4.587,8.071,0.114,-0.038,0.000,2552,0
4230586,3.479,4.769,8.085,0.103,-0.054,-0.011,2551,0
4230606,3.414,4.824,8.049,0.052,-0.076,-0.015,2552,0
4230626,3.433,4.650,8.090,0.049,-0.083,-0.010,2552,0
4230646,3.462,4.518,8.181,0.095,-0.099,0.001,2554,0
4230666,3.503,4.494,8.049,0.119,-0.146,0.003,2553,0
4230686,3.663,4.448,7.805,0.088,-0.178,-0.009,2551,0
4230706,3.754,4.247,7.592,0.056,-0.167,-0.030,2552,0
4230726,3.759,4.187,7.484,0.074,-0.146,-0.054,2553,0
4230746,3.740,4.254,7.367,0.099,-0.124,-0.078,2551,0
4230766,3.711,4.458,7.259,0.095,-0.088,-0.095,2552,0
4230786,3.613,4.551,7.369,0.073,-0.045,-0.112,2552,0
4230806,3.536,4.652,7.542,0.052,-0.025,-0.132,2552,0
4230826,3.500,4.810,7.700,0.042,-0.025,-0.144,2552,0
4230846,3.460,5.023,7.721,0.064,-0.014,-0.133,2552,0
4230866,3.402,5.246,7.738,0.095,-0.002,-0.100,2552,0
4230886,3.364,5.461,7.796,0.058,-0.006,-0.065,2551,0
4230906,3.472,5.327,7.889,-0.017,-0.021,-0.047,2552,0
4230926,3.637,5.116,7.997,-0.022,-0.031,-0.033,2552,0
4230946,3.711,5.004,8.040,0.043,-0.034,-0.010,2551,0
4230966,3.682,4.942,8.097,0.096,-0.039,0.008,2555,0
4230986,3.639,4.836,8.112,0.092,-0.072,0.013,2552,0
4231006,3.634,4.834,7.973,0.030,-0.111,0.007,2554,0
4231026,3.692,4.657,7.784,-0.017,-0.133,-0.005,2550,0
4231046,3.704,4.583,7.666,0.006,-0.108,-0.023,2551,0
4231066,3.625,4.638,7.633,0.065,-0.080,-0.027,2553,0
4231086,3.570,4.884,7.542,0.104,-0.076,-0.014,2550,0
4231106,3.565,5.054,7.348,0.030,-0.077,-0.003,2550,0
4231126,3.615,4.865,7.355,-0.052,-0.064,-0.006,2551,0
4231146,3.630,4.623,7.441,-0.017,-0.041,-0.014,2551,0
4231166,3.670,4.693,7.494,0.111,-0.019,-0.003,2552,0
4231186,3.687,4.925,7.441,0.146,-0.001,0.002,2551,0
4231206,3.656,5.071,7.487,0.066,0.014,0.001,2551,0
4231226,3.627,4.949,7.654,-0.030,0.008,-0.003,2553,0
4231246,3.646,4.776,7.839,-0.015,0.003,0.003,2553,0
4231266,3.673,4.738,7.956,0.075,0.010,0.014,2553,0
4231286,3.666,4.779,8.006,0.132,0.001,0.020,2554,0
4231306,3.627,4.939,7.910,0.107,-0.033,0.013,2553,0
4231326,3.618,4.925,7.784,0.013,-0.054,0.002,2551,0
4231346,3.603,4.803,7.776,0.001,-0.054,0.001,2553,0
4231366,3.565,4.748,7.764,0.055,-0.041,0.015,2553,0
4231386,3.587,4.729,7.755,0.112,-0.030,0.023,2556,0
4231406,3.596,4.867,7.724,0.115,-0.029,0.016,2557,0
4231426,3.558,4.913,7.664,0.024,-0.033,0.001,2555,0
4231446,3.570,4.690,7.707,-0.025,-0.037,-0.002,2555,0
4231466,3.553,4.597,7.776,0.046,-0.027,-0.000,2556,0
4231486,3.572,4.827,7.709,0.103,-0.022,0.005,2557,0
4231506,3.632,4.872,7.654,0.044,-0.025,-0.001,2556,0
4231526,3.651,4.764,7.738,-0.007,-0.022,-0.010,2556,0
4231546,3.622,4.700,7.855,0.012,-0.023,-0.018,2556,0
4231566,3.642,4.781,7.863,0.027,-0.037,-0.025,2556,0
4231586,3.646,4.903,7.807,0.049,-0.041,-0.018,2557,0
4231606,3.610,4.999,7.752,0.048,-0.038,-0.002,2556,0
4231626,3.589,4.951,7.757,0.022,-0.037,0.005,2556,0
4231646,3.577,4.820,7.798,0.008,-0.042,0.001,2556,0
4231666,3.622,4.712,7.757,0.045,-0.050,0.004,2555,0
4231686,3.677,4.748,7.661,0.078,-0.047,0.007,2556,0
4231706,3.646,4.762,7.645,0.058,-0.039,-0.005,2556,0
4231726,3.572,4.774,7.721,0.036,-0.041,-0.019,2555,0
4231746,3.551,4.831,7.683,0.044,-0.050,-0.019,2556,0
4231766,3.577,4.930,7.606,0.053,-0.042,-0.007,2555,0
4231786,3.575,4.903,7.621,0.044,-0.023,-0.001,2554,0
4231806,3.610,4.793,7.709,0.047,-0.019,0.001,2555,0
4231826,3.620,4.800,7.731,0.051,-0.028,-0.005,2555,0
4231846,3.668,4.836,7.697,0.030,-0.034,-0.011,2556,0
4231866,3.654,4.853,7.705,0.041,-0.020,-0.007,2555,0
4231886,3.579,4.896,7.731,0.054,-0.007,0.006,2555,0
4231906,3.572,4.803,7.793,0.043,-0.015,0.009,2555,0
4231926,3.661,4.762,7.836,0.029,-0.029,0.001,2554,0
4231946,3.663,4.808,7.788,0.047,-0.025,-0.003,2554,0
4231966,3.610,4.875,7.817,0.047,-0.024,0.000,2555,0
4231986,3.555,4.848,7.882,0.030,-0.033,0.006,2556,0
4232006,3.563,4.791,7.807,0.024,-0.050,0.002,2556,0
4232026,3.622,4.726,7.731,0.042,-0.051,-0.001,2556,0
4232046,3.634,4.774,7.664,0.066,-0.039,-0.002,2556,0
4232066,3.575,4.843,7.683,0.053,-0.032,-0.004,2556,0
4232086,3.517,4.781,7.764,0.028,-0.033,-0.008,2556,0
4232106,3.496,4.822,7.769,0.019,-0.044,-0.008,2554,0
4232126,3.567,4.750,7.714,0.012,-0.048,-0.004,2555,0
4232146,3.637,4.726,7.657,0.039,-0.036,-0.005,2551,0
4232166,3.682,4.731,7.712,0.075,-0.020,-0.004,2554,0
4232186,3.692,4.882,7.724,0.073,-0.021,-0.010,2553,0
4232206,3.857,5.049,7.743,0.014,-0.029,-0.006,2555,0
4232226,4.166,5.186,7.863,-0.029,-0.011,0.026,2555,0
4232246,4.281,5.095,8.272,-0.052,0.031,0.091,2553,0
4232266,3.802,4.506,8.782,0.003,0.038,0.141,2554,0
4232286,3.045,4.085,8.892,0.094,-0.072,0.101,2554,0
4232306,2.715,3.986,8.337,0.170,-0.217,-0.011,2552,0
4232326,2.928,4.611,7.520,0.168,-0.318,-0.086,2555,0
4232346,3.153,4.772,6.960,0.085,-0.294,-0.072,2554,0
4232366,3.278,4.492,6.711,0.070,-0.230,-0.041,2555,0
4232386,3.412,4.389,6.687,0.105,-0.164,-0.021,2554,0
4232406,3.673,4.424,6.809,0.094,-0.080,-0.046,2555,0
4232426,3.800,4.657,7.077,0.030,-0.004,-0.111,2553,0
4232446,3.867,4.963,7.377,-0.021,0.036,-0.149,2555,0
4232466,4.037,5.124,7.695,-0.018,0.047,-0.152,2555,0
4232486,4.034,5.234,8.006,0.074,0.069,-0.108,2555,0
4232506,3.982,5.370,8.229,0.157,0.039,-0.070,2554,0
4232526,3.948,5.612,8.265,0.098,-0.026,-0.048,2554,0
4232546,3.862,5.404,8.284,-0.013,-0.076,-0.033,2554,0
4232566,3.773,5.052,8.169,0.013,-0.112,-0.017,2553,0
4232586,3.704,4.942,7.920,0.103,-0.121,0.015,2553,0
4232606,3.694,4.877,7.609,0.131,-0.116,0.034,2553,0
4232626,3.644,4.741,7.341,0.069,-0.108,0.026,2554,0
4232646,3.603,4.662,7.132,-0.011,-0.098,-0.002,2554,0
4232666,3.610,4.503,7.159,-0.026,-0.076,-0.034,2554,0
4232686,3.587,4.566,7.290,0.065,-0.051,-0.058,2554,0
4232706,3.606,4.951,7.290,0.107,-0.041,-0.071,2554,0
4232726,3.622,5.095,7.300,0.068,-0.026,-0.064,2555,0
4232746,3.567,5.112,7.386,0.052,-0.020,-0.065,2553,0
4232766,3.682,5.222,7.420,0.046,-0.026,-0.056,2555,0
4232786,3.883,5.258,7.393,0.047,-0.012,-0.039,2553,0
4232806,4.037,5.224,7.468,0.065,0.027,-0.014,2555,0
4232826,3.994,5.164,7.688,0.095,0.049,0.008,2554,0
4232846,3.919,5.229,7.855,0.082,0.032,0.013,2554,0
4232866,4.089,5.373,7.987,0.011,0.003,0.006,2553,0
4232886,4.298,5.432,8.174,-0.039,0.025,0.050,2553,0
4232906,3.855,5.222,8.507,-0.044,0.063,0.119,2553,0
4232926,3.067,4.494,8.880,0.025,0.019,0.141,2552,0
4232946,2.650,4.345,8.449,0.113,-0.139,0.073,2553,0
4232966,2.976,4.542,7.558,0.119,-0.262,0.015,2552,0
4232986,3.472,4.456,6.972,0.071,-0.248,0.000,2553,0
4233006,3.723,4.288,6.668,0.136,-0.155,0.033,2553,0
4233026,3.687,4.269,6.821,0.179,-0.095,0.055,2555,0
4233046,3.603,4.350,6.730,0.176,-0.045,-0.022,2554,0
4233066,3.589,4.853,7.008,0.088,0.009,-0.116,2552,0
4233086,3.670,5.083,7.372,0.020,0.037,-0.140,2553,0
4233106,3.689,5.222,7.875,0.102,0.070,-0.112,2554,0
4233126,3.594,5.363,8.174,0.180,0.074,-0.066,2551,0
4233146,3.572,5.588,8.090,0.131,0.023,-0.021,2554,0
4233166,3.668,5.167,7.915,0.003,-0.050,-0.013,2554,0
4233186,3.967,4.822,7.800,0.038,-0.089,-0.050,2554,0
4233206,3.984,5.004,7.618,0.112,-0.058,-0.061,2554,0
4233226,3.859,4.985,7.475,0.120,-0.054,-0.035,2554,0
4233246,3.845,4.752,7.357,0.114,-0.068,-0.033,2553,0
4233266,3.864,4.791,7.161,0.133,-0.068,-0.057,2554,0
4233286,3.721,5.045,7.080,0.123,-0.051,-0.088,2553,0
4233306,3.589,5.329,7.192,0.064,-0.022,-0.104,2554,0
4233326,3.445,5.387,7.556,0.031,0.003,-0.102,2555,0
4233346,3.354,5.507,7.661,0.067,0.009,-0.078,2554,0
4233366,3.424,5.272,7.664,0.107,0.011,-0.020,2553,0
4233386,3.448,4.913,7.503,0.188,-0.005,-0.015,2554,0
4233406,3.699,5.145,7.144,0.226,-0.031,-0.070,2556,0
4233426,3.867,5.282,7.039,0.092,0.009,-0.095,2557,0
4233446,4.171,5.076,7.154,0.052,0.031,-0.105,2558,0
4233466,4.173,5.229,7.298,0.114,0.076,-0.093,2558,0
4233486,3.891,5.569,7.530,0.130,0.084,-0.076,2556,0
4233506,3.340,5.578,7.908,0.107,0.042,-0.054,2557,0
4233526,2.978,5.768,8.095,0.105,-0.050,-0.056,2554,0
4233546,2.940,5.933,7.992,0.052,-0.133,-0.023,2556,0
4233566,3.151,5.789,7.851,0.057,-0.153,0.035,2556,0
4233586,3.297,5.476,7.568,0.121,-0.107,0.066,2557,0
4233606,3.486,5.411,7.420,0.154,-0.062,0.066,2558,0
4233626,3.565,5.294,7.427,0.097,-0.033,0.055,2557,0
4233646,3.565,4.994,7.391,0.081,-0.066,0.036,2557,0
4233666,3.809,4.946,7.149,0.099,-0.095,0.024,2558,0
4233686,4.113,4.915,6.888,0.085,-0.056,-0.015,2557,0
4233706,4.262,5.112,6.910,0.159,0.020,-0.027,2558,0
4233726,4.070,5.349,7.058,0.127,0.052,-0.024,2558,0
4233746,3.587,5.167,7.355,0.012,0.033,-0.038,2558,0
4233766,3.227,5.059,7.460,0.043,-0.034,-0.099,2556,0
4233786,3.220,5.562,7.415,0.121,-0.056,-0.114,2556,0
4233806,3.275,5.923,7.410,0.158,-0.038,-0.067,2557,0
4233826,3.151,6.019,7.539,0.158,-0.025,0.014,2556,0
4233846,3.120,5.938,7.494,0.088,-0.044,0.057,2558,0
4233866,3.369,5.600,7.427,-0.020,-0.041,0.031,2558,0
4233886,3.728,5.380,7.568,-0.007,-0.026,0.011,2557,0
4233906,3.898,5.353,7.558,0.125,-0.017,0.041,2559,0
4233926,3.814,5.389,7.341,0.207,-0.017,0.070,2558,0
4233946,3.694,5.567,7.101,0.155,-0.013,0.048,2557,0
4233966,3.651,5.562,7.056,-0.020,-0.024,0.021,2557,0
4233986,3.515,5.126,7.266,-0.063,-0.040,0.006,2558,0
4234006,3.440,5.133,7.252,0.074,-0.064,-0.008,2559,0
4234026,3.431,5.476,7.072,0.148,-0.067,0.008,2559,0
4234046,3.419,5.516,6.960,0.155,-0.026,0.034,2559,0
4234066,3.491,5.693,7.077,0.074,-0.012,0.038,2583,0
4234086,3.666,5.571,7.458,-0.017,0.014,0.017,2585,0
4234106,3.642,5.473,7.628,-0.041,0.028,0.003,2583,0
4234126,3.606,5.365,7.700,0.016,0.006,0.020,2586,0
4234146,3.658,5.339,7.606,0.090,-0.008,0.029,2586,0
4234166,3.701,5.456,7.465,0.090,-0.015,0.012,2587,0
4234186,3.649,5.562,7.403,0.025,-0.035,-0.006,2588,0
4234206,3.541,5.600,7.367,-0.044,-0.066,-0.010,2586,0
4234226,3.519,5.425,7.333,-0.032,-0.078,-0.003,2587,0
4234246,3.455,5.308,7.309,0.073,-0.056,0.010,2586,0
4234266,3.395,5.557,7.264,0.162,-0.055,0.019,2583,0
4234286,3.393,5.811,7.101,0.072,-0.069,0.027,2574,0
4234306,3.357,5.653,7.101,-0.062,-0.065,0.030,2578,0
4234326,3.500,5.478,7.168,-0.063,-0.044,0.038,2566,0
4234346,3.771,5.224,7.278,0.027,-0.007,0.049,2561,0
4234366,3.826,5.198,7.367,0.126,0.029,0.051,2561,0
4234386,3.716,5.306,7.403,0.174,0.029,0.043,2559,0
4234406,3.601,5.550,7.393,0.096,-0.011,0.022,2559,0
4234426,3.663,5.471,7.348,-0.045,-0.061,0.002,2559,0
4234446,3.721,5.155,7.355,-0.044,-0.064,-0.012,2559,0
4234466,3.601,5.193,7.333,0.101,-0.032,-0.001,2559,0
4234486,3.445,5.514,7.247,0.193,-0.015,0.017,2559,0
4234506,3.314,5.871,7.242,0.111,-0.021,0.023,2559,0
4234526,3.378,5.748,7.341,-0.046,-0.051,0.018,2558,0
4234546,3.500,5.471,7.468,-0.051,-0.059,0.017,2559,0
4234566,3.577,5.461,7.458,0.044,-0.044,0.030,2559,0
4234586,3.668,5.430,7.410,0.136,-0.027,0.055,2559,0
4234606,3.689,5.466,7.415,0.169,-0.019,0.056,2559,0
4234626,3.704,5.476,7.441,0.083,-0.053,0.046,2559,0
4234646,3.725,5.329,7.420,-0.002,-0.082,0.034,2559,0
4234666,3.768,5.088,7.271,-0.005,-0.086,0.021,2559,0
4234686,3.757,5.033,7.130,0.082,-0.055,0.006,2558,0
4234706,3.697,5.236,7.029,0.164,-0.032,0.001,2558,0
4234726,3.582,5.564,7.017,0.126,-0.030,-0.002,2559,0
4234746,3.479,5.657,7.063,-0.001,-0.049,-0.004,2559,0
4234766,3.448,5.473,7.250,-0.062,-0.052,-0.011,2559,0
4234786,3.488,5.399,7.336,0.021,-0.038,-0.018,2559,0
4234806,3.531,5.612,7.333,0.110,-0.026,-0.009,2559,0
4234826,3.567,5.844,7.367,0.100,-0.037,0.013,2559,0
4234846,3.682,5.713,7.324,0.014,-0.050,0.020,2559,0
4234866,3.800,5.349,7.484,-0.004,-0.040,0.014,2559,0
4234886,3.852,5.246,7.556,0.063,-0.041,0.003,2559,0
4234906,3.929,5.270,7.472,0.125,-0.060,0.002,2561,0
4234926,3.893,5.387,7.319,0.119,-0.063,-0.006,2561,0
4234946,3.780,5.516,7.163,0.057,-0.064,-0.013,2559,0
4234966,3.692,5.543,7.094,-0.050,-0.066,-0.023,2561,0
4234986,3.649,5.332,7.171,-0.064,-0.061,-0.021,2559,0
4235006,3.570,5.337,7.195,0.058,-0.050,-0.013,2561,0
4235026,3.484,5.689,7.144,0.135,-0.045,-0.002,2559,0
4235046,3.395,5.811,7.125,0.069,-0.047,0.011,2566,0
4235066,3.414,5.569,7.128,-0.020,-0.062,0.002,2584,0
4235086,3.673,5.574,7.159,0.021,-0.060,0.001,2588,0
4235106,3.764,5.428,7.207,0.074,-0.024,0.024,2589,0
4235126,3.824,5.325,7.329,0.115,-0.019,0.041,2591,0
4235146,3.812,5.294,7.379,0.106,-0.017,0.026,2591,0
4235166,3.855,5.349,7.317,0.044,-0.040,-0.015,2596,0
4235186,3.847,5.375,7.192,0.004,-0.063,-0.047,2604,0
4235206,3.850,5.356,7.142,0.029,-0.051,-0.055,2609,0
4235226,3.694,5.461,7.168,0.071,-0.031,-0.051,2624,0
4235246,3.582,5.760,7.106,0.083,-0.038,-0.023,2626,0
4235266,3.543,5.808,7.027,0.026,-0.040,-0.015,2635,0
4235286,3.613,5.784,7.104,-0.010,-0.030,-0.006,2642,0
4235306,3.618,5.569,7.307,0.005,-0.007,-0.002,2654,0
4235326,3.651,5.502,7.424,0.063,-0.021,0.005,2662,0
4235346,3.610,5.442,7.360,0.126,-0.039,0.027,2671,0
4235366,3.682,5.502,7.125,0.113,-0.067,0.029,2678,0
4235386,3.797,5.325,7.123,0.045,-0.079,0.026,2680,0
4235406,3.843,5.169,7.202,0.051,-0.103,0.010,2680,0
4235426,3.946,5.246,7.144,0.088,-0.136,-0.007,2680,0
4235446,3.934,5.349,7.022,0.150,-0.103,-0.017,2681,0
4235466,3.831,5.708,7.025,0.194,-0.079,-0.022,2681,0
4235486,3.713,5.971,6.984,0.086,-0.074,-0.026,2681,0
4235506,3.680,5.897,7.087,-0.017,-0.083,-0.025,2678,0
4235526,3.733,5.782,7.154,-0.021,-0.070,-0.006,2677,0
4235546,3.747,5.653,7.240,0.071,-0.028,0.022,2676,0
4235566,3.745,5.662,7.312,0.167,-0.007,0.037,2673,0
4235586,3.723,5.816,7.259,0.171,-0.023,0.042,2671,0
4235606,3.768,5.895,7.116,0.050,-0.046,0.049,2670,0
4235626,3.843,5.571,7.216,-0.065,-0.059,0.050,2669,0
4235646,3.864,5.277,7.305,-0.012,-0.056,0.053,2665,0
4235666,3.855,5.241,7.355,0.096,-0.040,0.063,2663,0
4235686,3.852,5.476,7.214,0.177,-0.039,0.076,2662,0
4235706,3.836,5.758,7.013,0.106,-0.047,0.075,2658,0
4235726,3.785,5.590,7.001,-0.063,-0.059,0.071,2655,0
4235746,3.840,5.262,7.226,-0.068,-0.076,0.029,2652,0
4235766,3.864,5.344,7.216,0.046,-0.067,0.008,2651,0
4235786,3.792,5.600,7.044,0.086,-0.054,0.006,2650,0
4235806,3.768,5.792,7.044,0.053,-0.058,0.028,2646,0
4235826,3.819,5.691,7.075,-0.024,-0.066,0.025,2640,0
4235846,3.903,5.476,7.199,-0.040,-0.067,0.017,2638,0
4235866,3.876,5.258,7.046,-0.009,-0.056,-0.003,2625,0
4235886,3.840,5.356,7.070,0.094,-0.034,-0.000,2611,0
4235906,3.821,5.349,7.032,0.102,-0.036,-0.001,2585,0
4235926,3.783,5.495,7.022,0.034,-0.047,-0.005,2545,0
4235946,3.812,5.567,7.113,-0.069,-0.074,-0.009,2522,0
4235966,3.955,5.375,7.192,-0.117,-0.104,-0.026,2505,0
4235986,3.962,5.097,7.140,-0.002,-0.059,-0.039,2495,0
4236006,3.838,5.385,7.245,0.132,-0.029,-0.018,2483,0
4236026,3.845,5.713,7.266,0.137,-0.057,0.007,2473,0
4236046,3.869,5.595,7.111,0.002,-0.076,-0.008,2465,0
4236066,3.895,5.502,7.082,-0.062,-0.071,-0.029,2457,0
4236086,3.898,5.361,7.185,-0.012,-0.048,-0.029,2453,0
4236106,3.919,5.258,7.250,0.081,-0.041,-0.039,2450,0
4236126,3.821,5.310,7.113,0.115,-0.043,-0.048,2451,0
4236146,3.862,5.669,7.087,0.152,-0.061,-0.026,2449,0
4236166,3.907,5.559,7.005,0.064,-0.068,-0.012,2447,0
4236186,3.948,5.418,7.092,-0.001,-0.059,-0.039,2439,0
4236206,3.912,5.349,7.159,0.014,-0.040,-0.070,2434,0
4236226,3.788,5.540,6.993,0.068,-0.018,-0.083,2433,0
4236246,3.742,5.861,7.053,0.076,-0.027,-0.052,2431,0
4236266,3.790,5.765,7.101,-0.001,-0.033,-0.021,2429,0
4236286,3.893,5.428,7.317,-0.029,-0.049,-0.003,2428,0
4236306,3.903,5.423,7.309,0.036,-0.057,-0.012,2428,0
4236326,3.886,5.499,7.207,0.046,-0.085,-0.007,2428,0
4236346,3.864,5.492,7.046,0.051,-0.060,-0.002,2430,0
4236366,3.804,5.461,7.171,0.070,-0.062,0.005,2429,0
4236386,3.926,5.564,7.072,-0.014,-0.106,0.006,2434,0
4236406,3.962,5.351,7.104,-0.047,-0.066,-0.062,2443,0
4236426,3.924,5.473,7.013,-0.001,-0.059,-0.085,2448,0
4236446,3.886,5.538,6.917,0.082,-0.066,-0.028,2454,0
4236466,3.881,5.622,7.013,0.074,-0.084,0.015,2460,0
4236486,3.864,5.583,7.010,-0.042,-0.105,-0.011,2465,0
4236506,3.915,5.521,6.958,-0.087,-0.091,-0.017,2473,0
4236526,3.979,5.310,7.041,-0.009,-0.044,-0.009,2493,0
4236546,3.924,5.397,7.015,0.144,-0.025,0.014,2528,0
4236566,3.850,5.617,6.955,0.149,-0.024,0.038,2550,0
4236586,3.898,5.602,7.072,0.033,-0.044,0.027,2559,0
4236606,4.020,5.466,7.149,-0.060,-0.049,-0.013,2564,0
4236626,4.058,5.363,7.084,-0.037,-0.031,-0.026,2593,0
4236646,4.008,5.385,7.096,0.073,-0.003,-0.009,2619,0
4236666,3.871,5.504,7.034,0.143,0.015,0.001,2639,0
4236686,3.836,5.653,7.077,0.067,0.014,-0.006,2645,0
4236706,3.946,5.648,7.207,-0.017,-0.005,-0.007,2656,0
4236726,3.998,5.339,6.967,-0.048,0.048,-0.051,2664,0
4236746,3.941,5.100,7.209,0.065,0.096,-0.082,2661,0
4236766,3.802,5.344,7.293,0.148,0.077,-0.069,2659,0
4236786,3.673,5.653,7.202,0.117,0.023,-0.008,2643,0
4236806,3.656,5.748,7.171,0.056,-0.032,0.029,2634,0
4236826,3.800,5.449,7.132,-0.027,-0.050,-0.003,2630,0
4236846,3.836,5.406,7.130,0.048,-0.037,-0.004,2638,0
4236866,3.915,5.466,7.147,0.126,-0.040,0.011,2661,0
4236886,3.888,5.507,7.151,0.151,-0.043,0.014,2689,0
4236906,3.879,5.734,7.104,0.096,-0.052,0.021,2702,0
4236926,3.840,5.667,7.099,0.011,-0.044,0.027,2698,0
4236946,3.836,5.432,7.087,-0.017,-0.039,0.031,2692,0
4236966,3.876,5.341,7.199,0.053,-0.033,0.053,2688,0
4236986,3.824,5.267,7.183,0.156,-0.014,0.067,2683,0
4237006,3.802,5.540,7.183,0.161,-0.055,0.055,2682,0
4237026,3.838,5.643,7.020,0.096,-0.074,0.037,2674,0
4237046,3.922,5.555,6.886,-0.009,-0.072,0.006,2660,0
4237066,3.941,5.301,6.962,-0.044,-0.042,-0.029,2650,0
4237086,3.838,5.406,6.991,0.062,-0.021,-0.007,2642,0
4237106,3.836,5.476,7.039,0.152,-0.007,0.029,2639,0
4237126,3.900,5.794,7.175,0.187,-0.034,0.048,2635,0
4237146,3.907,6.031,7.032,0.098,-0.067,0.024,2635,0
4237166,4.022,5.703,6.893,-0.019,-0.070,0.005,2634,0
4237186,4.104,5.509,7.008,0.028,-0.031,-0.008,2630,0
4237206,4.080,5.521,7.082,0.080,-0.027,-0.034,2625,0
4237226,3.977,5.449,7.209,0.093,-0.022,-0.051,2625,0
4237246,3.776,5.715,7.202,0.119,-0.024,-0.018,2632,0
4237266,3.812,5.942,7.295,0.065,-0.059,0.012,2650,0
4237286,3.852,5.626,7.204,-0.014,-0.088,-0.001,2673,0
4237306,3.946,5.559,7.120,-0.014,-0.098,-0.007,2696,0
4237326,3.919,5.456,7.015,0.063,-0.064,0.006,2705,0
4237346,3.912,5.442,7.022,0.110,-0.053,0.002,2709,0
4237366,3.934,5.432,7.041,0.130,-0.039,-0.026,2717,0
4237386,3.881,5.650,6.941,0.102,-0.036,-0.031,2723,0
4237406,3.900,5.686,6.893,0.010,-0.042,-0.033,2725,0
4237426,3.898,5.435,6.886,-0.020,-0.027,-0.048,2731,0
4237446,3.869,5.423,6.998,0.049,-0.023,-0.034,2732,0
4237466,3.891,5.521,7.056,0.096,-0.026,-0.035,2729,0
4237486,3.898,5.578,6.986,0.080,-0.032,-0.051,2730,0
4237506,3.883,5.626,6.965,0.039,-0.017,-0.051,2724,0
4237526,3.922,5.569,7.092,-0.004,-0.023,-0.056,2718,0
4237546,3.960,5.327,6.924,0.031,0.026,-0.108,2716,0
4237566,3.816,5.578,7.008,0.092,0.043,-0.106,2716,0
4237586,3.766,5.902,7.178,0.095,-0.031,-0.048,2718,0
4237606,3.752,5.816,7.180,0.049,-0.086,-0.021,2721,0
4237626,3.790,5.873,7.151,0.013,-0.101,-0.028,2733,0
4237646,3.867,5.686,7.056,0.025,-0.067,-0.034,2739,0
4237666,3.934,5.574,7.046,0.096,-0.041,-0.023,2747,0
4237686,3.917,5.665,6.936,0.149,-0.037,-0.008,2753,0
4237706,3.874,5.753,6.955,0.116,-0.042,-0.016,2767,0
4237726,3.836,5.780,6.900,0.060,-0.032,-0.027,2778,0
4237746,3.778,5.641,6.917,0.031,-0.028,-0.024,2784,0
4237766,3.836,5.602,6.974,0.060,-0.044,-0.012,2793,0
4237786,3.876,5.617,6.898,0.087,-0.033,-0.020,2800,0
4237806,3.836,5.940,6.946,0.076,-0.019,-0.015,2809,0
4237826,3.812,5.804,7.063,0.039,-0.017,-0.018,2816,0
4237846,3.768,5.610,7.058,0.039,-0.008,-0.002,2823,0
4237866,3.783,5.612,7.089,0.119,-0.019,0.025,2828,0
4237886,3.812,5.816,7.061,0.127,-0.033,0.020,2832,0
4237906,3.819,5.816,7.084,0.043,-0.027,0.011,2832,0
4237926,3.816,5.619,7.219,-0.005,-0.043,-0.015,2834,0
4237946,3.864,5.464,7.187,0.027,-0.068,-0.023,2835,0
4237966,3.898,5.447,7.046,0.087,-0.078,-0.027,2837,0
4237986,3.859,5.693,6.852,0.126,-0.073,-0.025,2847,0
4238006,3.785,5.966,6.802,0.069,-0.086,-0.024,2859,0
4238026,3.802,5.895,6.828,-0.018,-0.084,-0.023,2857,0
4238046,3.852,5.722,6.857,-0.007,-0.064,-0.027,2858,0
4238066,3.864,5.765,6.785,0.062,-0.038,0.002,2860,0
4238086,3.879,5.792,6.845,0.101,-0.025,0.025,2856,0
4238106,3.871,5.674,7.001,0.069,-0.027,0.003,2855,0
4238126,3.869,5.550,7.025,0.036,-0.016,-0.043,2863,0
4238146,3.845,5.772,7.080,0.066,-0.030,-0.042,2866,0
4238166,3.852,5.847,7.044,0.070,-0.035,-0.022,2867,0
4238186,3.780,5.832,7.037,0.093,-0.021,-0.014,2869,0
4238206,3.730,5.856,7.089,0.107,-0.034,-0.010,2868,0
4238226,3.766,5.799,7.065,0.081,-0.076,0.016,2871,0
4238246,3.929,5.734,6.924,0.074,-0.108,0.016,2874,0
4238266,3.950,5.770,6.814,0.114,-0.096,0.013,2888,0
4238286,3.929,5.923,6.821,0.147,-0.079,0.021,2894,0
4238306,3.845,5.890,6.847,0.099,-0.066,0.021,2896,0
4238326,3.816,5.780,6.895,0.070,-0.074,0.033,2897,0
4238346,3.836,5.720,6.852,0.088,-0.073,0.074,2902,0
4238366,3.828,5.777,6.883,0.145,-0.063,0.109,2899,0
4238386,3.749,6.170,6.869,0.126,-0.105,0.161,2885,0
4238406,3.915,6.065,6.989,-0.011,-0.155,0.166,2866,0
4238426,4.144,5.552,7.020,-0.129,-0.162,0.081,2858,0
4238446,4.132,5.308,6.938,-0.058,-0.116,0.011,2851,0
4238466,4.032,5.502,6.852,0.081,-0.093,0.017,2848,0
4238486,4.053,5.823,6.912,0.181,-0.085,0.066,2847,0
4238506,4.053,6.055,6.677,0.140,-0.107,0.084,2848,0
4238526,4.101,5.890,6.630,-0.007,-0.112,0.061,2844,0
4238546,4.108,5.485,6.759,-0.045,-0.098,0.039,2848,0
4238566,4.144,5.495,6.862,0.086,-0.083,0.043,2850,0
4238586,4.175,5.559,6.653,0.197,-0.068,0.025,2851,0
4238606,4.164,5.887,6.634,0.193,-0.060,0.015,2853,0
4238626,4.108,6.031,6.586,0.054,-0.074,0.024,2854,0
4238646,4.096,5.763,6.706,-0.031,-0.082,0.029,2856,0
4238666,4.192,5.622,6.749,0.021,-0.077,0.019,2859,0
4238686,4.269,5.665,6.713,0.138,-0.054,0.018,2860,0
4238706,4.235,5.873,6.687,0.159,-0.059,0.016,2864,0
4238726,4.204,6.076,6.608,0.091,-0.077,0.045,2866,0
4238746,4.223,5.890,6.675,0.004,-0.071,0.041,2868,0
4238766,4.276,5.657,6.819,-0.001,-0.067,0.011,2868,0
4238786,4.269,5.665,6.876,0.097,-0.088,0.023,2872,0
4238806,4.343,5.811,6.711,0.169,-0.105,0.031,2872,0
4238826,4.245,5.871,6.419,0.177,-0.059,0.014,2869,0
4238846,4.168,5.969,6.445,0.131,-0.017,0.006,2867,0
4238866,4.164,5.823,6.543,0.097,-0.010,0.011,2865,0
4238886,4.195,5.842,6.500,0.085,-0.011,0.007,2866,0
4238906,4.276,5.859,6.579,0.049,-0.026,-0.009,2863,0
4238926,4.298,5.748,6.534,0.004,-0.019,-0.042,2854,0
4238946,4.228,5.732,6.625,0.020,0.004,-0.038,2850,0
4238966,4.156,5.816,6.747,0.071,0.001,-0.019,2845,0
4238986,4.154,5.940,6.706,0.113,-0.013,-0.005,2842,0
4239006,4.168,5.957,6.670,0.067,-0.006,-0.003,2837,0
4239026,4.202,5.801,6.704,0.013,-0.007,-0.010,2834,0
4239046,4.187,5.703,6.732,0.018,-0.025,-0.020,2834,0
4239066,4.152,5.722,6.634,0.044,-0.026,-0.023,2833,0
4239086,4.099,5.871,6.579,0.068,-0.010,-0.015,2832,0
4239106,4.106,5.832,6.699,0.060,-0.011,-0.014,2832,0
4239126,4.178,5.799,6.795,0.065,-0.023,-0.034,2832,0
4239146,4.233,5.962,6.737,0.059,-0.038,-0.038,2832,0
4239166,4.233,6.014,6.646,0.023,-0.047,-0.027,2832,0
4239186,4.214,5.914,6.639,-0.026,-0.044,-0.017,2831,0
4239206,4.226,5.756,6.735,0.006,-0.037,-0.017,2827,0
4239226,4.171,5.818,6.677,0.065,-0.024,-0.023,2824,0
4239246,4.116,5.930,6.618,0.098,-0.022,-0.011,2825,0
4239266,4.171,6.091,6.644,0.069,-0.035,0.012,2823,0
4239286,4.199,5.978,6.670,0.001,-0.034,0.017,2822,0
4239306,4.195,5.851,6.699,-0.031,-0.029,0.003,2823,0
4239326,4.161,5.705,6.699,-0.005,-0.032,0.000,2821,0
4239346,4.156,5.739,6.639,0.066,-0.023,0.004,2822,0
4239366,4.140,5.816,6.675,0.076,-0.019,0.003,2822,0
4239386,4.135,5.770,6.732,0.038,-0.029,-0.012,2823,0
4239406,4.120,5.816,6.665,0.035,-0.039,-0.008,2827,0
4239426,4.128,5.854,6.598,0.041,-0.039,0.002,2831,0
4239446,4.137,5.799,6.591,0.050,-0.021,0.006,2834,0
4239466,4.161,5.710,6.673,0.071,-0.012,-0.002,2833,0
4239486,4.161,5.729,6.711,0.072,-0.018,-0.013,2832,0
4239506,4.216,5.808,6.687,0.052,-0.035,-0.030,2836,0
4239526,4.175,5.933,6.661,0.038,-0.031,-0.038,2835,0
4239546,4.159,6.041,6.732,0.032,-0.036,-0.027,2834,0
4239566,4.135,5.978,6.754,0.019,-0.040,-0.012,2833,0
4239586,4.185,5.871,6.721,0.054,-0.042,0.001,2832,0
4239606,4.211,5.918,6.646,0.080,-0.042,0.003,2832,0
4239626,4.195,5.839,6.608,0.068,-0.044,0.002,2831,0
4239646,4.125,5.818,6.637,0.067,-0.037,-0.004,2830,0
4239666,4.104,5.832,6.618,0.062,-0.037,-0.006,2829,0
4239686,4.094,5.868,6.589,0.066,-0.040,0.004,2830,0
4239706,4.149,5.930,6.522,0.054,-0.038,0.015,2829,0
4239726,4.185,5.808,6.644,0.049,-0.026,0.002,2827,0
4239746,4.149,5.813,6.653,0.054,-0.024,-0.012,2825,0
4239766,4.108,5.892,6.704,0.076,-0.031,-0.012,2824,0
4239786,4.130,5.942,6.639,0.060,-0.039,-0.001,2823,0
4239806,4.144,5.906,6.622,0.033,-0.032,0.000,2823,0
4239826,4.183,5.839,6.646,0.033,-0.028,0.000,2824,0
4239846,4.137,5.746,6.670,0.047,-0.028,-0.009,2829,0
4239866,4.089,5.861,6.637,0.083,-0.031,-0.011,2826,0
4239886,4.120,6.007,6.627,0.073,-0.039,-0.012,2826,0
4239906,4.147,5.981,6.615,0.038,-0.035,-0.012,2824,0
4239926,4.149,5.926,6.680,0.041,-0.039,-0.003,2821,0
4239946,4.175,5.923,6.732,0.053,-0.046,0.003,2822,0
4239966,4.149,5.875,6.692,0.066,-0.048,0.009,2820,0
4239986,4.187,5.940,6.610,0.078,-0.048,0.006,2819,0
4240006,4.199,6.002,6.567,0.042,-0.052,0.011,2821,0
4240026,4.247,5.847,6.572,0.016,-0.051,0.014,2818,0
4240046,4.247,5.734,6.589,0.038,-0.037,0.001,2818,0
4240066,4.221,5.880,6.586,0.076,-0.029,-0.004,2817,0
4240086,4.178,5.938,6.613,0.085,-0.022,0.005,2818,0
4240106,4.137,6.002,6.603,0.075,-0.027,0.014,2818,0
4240126,4.147,5.950,6.577,0.042,-0.034,0.015,2818,0
4240146,4.187,5.830,6.553,0.037,-0.031,0.008,2819,0
4240166,4.235,5.792,6.570,0.066,-0.027,0.004,2819,0
4240186,4.183,5.854,6.613,0.102,-0.019,-0.004,2820,0
4240206,4.128,5.962,6.685,0.074,-0.028,-0.008,2820,0
4240226,4.116,5.978,6.663,0.040,-0.037,-0.005,2818,0
4240246,4.159,5.916,6.601,0.037,-0.036,0.003,2820,0
4240266,4.209,5.849,6.603,0.067,-0.030,0.006,2819,0
4240286,4.204,5.885,6.627,0.096,-0.030,-0.001,2819,0
4240306,4.195,6.009,6.651,0.071,-0.042,-0.011,2819,0
4240326,4.187,5.971,6.613,0.008,-0.053,-0.022,2821,0
4240346,4.197,6.000,6.584,0.010,-0.054,-0.017,2822,0
4240366,4.187,6.007,6.594,0.048,-0.043,-0.002,2821,0
4240386,4.171,5.959,6.603,0.086,-0.034,0.007,2820,0
4240406,4.207,6.069,6.584,0.068,-0.048,0.009,2818,0
4240426,4.219,5.926,6.495,0.022,-0.050,0.006,2818,0
4240446,4.209,5.911,6.479,0.020,-0.035,0.004,2820,0
4240466,4.187,5.875,6.529,0.028,-0.025,0.008,2818,0
4240486,4.180,5.808,6.601,0.047,-0.026,-0.002,2819,0
4240506,4.204,5.930,6.596,0.063,-0.037,-0.005,2818,0
4240526,4.180,5.997,6.515,0.051,-0.034,-0.001,2818,0
4240546,4.142,6.045,6.543,0.025,-0.031,0.007,2819,0
4240566,4.144,5.883,6.558,0.028,-0.019,0.014,2819,0
4240586,4.187,5.782,6.625,0.054,-0.023,0.013,2818,0
4240606,4.252,5.748,6.603,0.063,-0.032,-0.001,2819,0
4240626,4.238,5.801,6.594,0.060,-0.035,-0.019,2817,0
4240646,4.195,5.974,6.577,0.048,-0.037,-0.024,2819,0
4240666,4.161,6.084,6.586,0.030,-0.035,-0.023,2818,0
4240686,4.116,6.031,6.574,0.022,-0.025,-0.016,2817,0
4240706,4.140,6.007,6.594,0.051,-0.025,0.001,2818,0
4240726,4.195,5.974,6.565,0.070,-0.020,0.017,2818,0
4240746,4.271,5.770,6.637,0.064,-0.019,0.005,2817,0
4240766,4.262,5.851,6.625,0.096,-0.027,-0.014,2818,0
4240786,4.187,6.069,6.531,0.063,-0.042,-0.009,2817,0
4240806,4.199,6.072,6.452,0.002,-0.035,-0.004,2817,0
4240826,4.147,5.957,6.498,-0.001,-0.010,0.001,2817,0
4240846,4.128,5.918,6.603,0.050,-0.001,0.016,2821,0
4240866,4.199,5.830,6.668,0.075,-0.011,0.017,2821,0
4240886,4.245,5.847,6.642,0.065,-0.022,0.005,2819,0
4240906,4.226,5.969,6.606,0.027,-0.034,-0.011,2817,0
4240926,4.187,5.964,6.632,0.008,-0.037,-0.015,2818,0
4240946,4.108,5.962,6.649,0.041,-0.029,-0.006,2820,0
4240966,4.096,5.971,6.642,0.085,-0.034,0.007,2820,0
4240986,4.147,6.029,6.548,0.083,-0.038,0.016,2819,0
4241006,4.187,5.916,6.503,0.029,-0.036,0.009,2820,0
4241026,4.199,5.823,6.548,0.016,-0.030,-0.003,2820,0
4241046,4.171,5.837,6.582,0.031,-0.034,-0.010,2821,0
4241066,4.183,5.938,6.594,0.061,-0.035,-0.009,2821,0
4241086,4.168,5.971,6.517,0.062,-0.029,-0.007,2821,0
4241106,4.154,5.969,6.534,0.047,-0.027,-0.003,2820,0
4241126,4.190,5.969,6.565,0.035,-0.027,-0.002,2820,0
4241146,4.183,5.892,6.594,0.020,-0.026,-0.010,2821,0
4241166,4.195,5.880,6.632,0.038,-0.027,-0.012,2821,0
4241186,4.171,5.938,6.598,0.051,-0.031,-0.009,2819,0
4241206,4.154,5.981,6.572,0.058,-0.026,-0.005,2821,0
4241226,4.171,5.971,6.551,0.034,-0.024,-0.009,2823,0
4241246,4.180,5.940,6.598,0.025,-0.021,-0.010,2822,0
4241266,4.197,5.957,6.608,0.027,-0.020,-0.008,2820,0
4241286,4.190,5.923,6.634,0.041,-0.017,-0.006,2822,0
4241306,4.142,5.906,6.663,0.050,-0.021,-0.007,2820,0
4241326,4.123,5.988,6.663,0.056,-0.037,-0.003,2821,0
4241346,4.175,5.978,6.606,0.030,-0.042,-0.003,2819,0
4241366,4.183,5.883,6.546,0.019,-0.031,-0.003,2819,0
4241386,4.190,5.847,6.555,0.038,-0.027,0.000,2819,0
4241406,4.175,5.844,6.548,0.057,-0.027,-0.000,2820,0
4241426,4.199,5.964,6.553,0.053,-0.026,-0.018,2818,0
4241446,4.180,6.000,6.570,0.025,-0.012,-0.034,2818,0
4241466,4.111,6.129,6.687,0.024,-0.032,-0.018,2819,0
4241486,4.142,6.112,6.565,0.035,-0.023,0.006,2820,0
4241506,4.199,5.954,6.622,0.019,-0.017,0.015,2820,0
4241526,4.216,5.875,6.646,0.038,-0.010,0.013,2819,0
4241546,4.180,5.909,6.740,0.060,-0.019,0.019,2816,0
4241566,4.195,6.014,6.716,0.039,-0.042,0.013,2818,0
4241586,4.178,6.005,6.618,0.022,-0.039,0.010,2818,0
4241606,4.130,6.065,6.613,0.032,-0.028,0.027,2820,0
4241626,4.106,5.952,6.644,0.042,-0.026,0.042,2818,0
4241646,4.106,5.859,6.661,0.051,-0.034,0.041,2816,0
4241666,4.152,5.899,6.618,0.054,-0.039,0.040,2818,0
4241686,4.211,5.806,6.584,0.032,-0.037,0.029,2818,0
4241706,4.216,5.816,6.522,0.039,-0.030,0.006,2818,0
4241726,4.053,5.871,6.591,0.059,-0.028,0.004,2816,0
4241746,4.032,5.897,6.584,0.074,-0.033,0.017,2816,0
4241766,4.116,5.928,6.539,0.059,-0.024,0.021,2816,0
4241786,4.204,5.933,6.522,0.012,-0.023,0.018,2816,0
4241806,4.252,5.746,6.589,-0.025,-0.006,0.002,2815,0
4241826,4.183,5.737,6.682,0.019,0.001,-0.012,2815,0
4241846,4.106,5.875,6.728,0.068,-0.006,-0.007,2814,0
4241866,4.108,5.950,6.649,0.071,-0.009,0.002,2813,0
4241886,4.101,6.014,6.598,0.033,-0.010,0.005,2813,0
4241906,4.082,5.866,6.613,-0.026,-0.015,0.011,2812,0
4241926,4.144,5.806,6.622,-0.030,0.002,0.031,2801,0
4241946,4.281,5.842,6.725,0.042,0.027,0.032,2767,0
4241966,4.283,5.859,6.689,0.061,0.033,0.002,2740,0
4241986,4.111,5.878,6.778,0.052,0.010,-0.005,2727,0
4242006,4.101,5.899,6.752,0.038,-0.022,0.002,2714,0
4242026,4.171,5.887,6.713,-0.004,-0.039,-0.014,2710,0
4242046,4.156,5.782,6.701,0.006,-0.037,-0.025,2708,0
4242066,4.130,5.842,6.682,0.062,-0.036,-0.018,2710,0
4242086,4.082,5.899,6.610,0.091,-0.037,0.001,2717,0
4242106,4.049,5.923,6.527,0.064,-0.039,0.000,2720,0
4242126,4.101,5.942,6.536,0.007,-0.046,-0.003,2720,0
4242146,4.073,5.796,6.539,-0.017,-0.040,-0.003,2720,0
4242166,4.130,5.713,6.603,0.022,-0.033,-0.014,2717,0
4242186,4.171,5.760,6.596,0.052,-0.018,-0.021,2715,0
4242206,4.116,5.938,6.680,0.073,-0.013,-0.014,2713,0
4242226,4.099,6.050,6.785,0.041,-0.039,0.002,2709,0
4242246,4.142,5.837,6.665,0.015,-0.033,0.001,2707,0
4242266,4.173,5.863,6.658,0.025,-0.027,-0.005,2707,0
4242286,4.180,5.827,6.649,0.052,-0.023,-0.001,2703,0
4242306,4.192,5.861,6.630,0.066,-0.021,0.000,2703,0
4242326,4.099,6.017,6.634,0.047,-0.021,-0.002,2680,0
4242346,4.178,6.031,6.632,-0.013,-0.032,0.006,2639,0
4242366,4.125,5.760,6.711,-0.027,-0.013,0.005,2603,0
4242386,4.087,5.679,6.843,0.028,-0.030,-0.002,2542,0
4242406,4.015,5.875,6.795,0.091,-0.035,-0.001,2486,0
4242426,4.056,5.971,6.732,0.027,-0.049,0.004,2431,0
4242446,4.178,5.813,6.759,-0.028,-0.050,-0.001,2396,0
4242466,4.173,5.648,6.752,0.000,-0.036,-0.007,2374,0
4242486,4.123,5.737,6.742,0.052,-0.037,-0.019,2355,0
4242506,4.108,5.760,6.665,0.059,-0.039,-0.027,2337,0
4242526,4.087,5.892,6.615,0.040,-0.026,-0.030,2320,0
4242546,4.089,5.875,6.651,0.015,-0.021,-0.023,2305,0
4242566,4.092,5.847,6.661,0.008,-0.011,-0.025,2299,0
4242586,4.116,5.787,6.687,0.034,-0.005,-0.019,2295,0
4242606,4.147,5.765,6.649,0.054,-0.004,-0.021,2294,0
4242626,4.128,5.799,6.680,0.083,0.005,-0.027,2293,0
4242646,4.070,6.029,6.800,0.092,0.001,-0.016,2291,0
4242666,4.087,6.024,6.776,0.044,-0.026,0.003,2294,0
4242686,4.140,5.851,6.728,0.017,-0.028,0.001,2295,0
4242706,4.154,5.866,6.747,0.033,-0.036,-0.009,2296,0
4242726,4.128,5.885,6.692,0.057,-0.029,-0.004,2298,0
4242746,4.070,5.935,6.685,0.069,-0.029,0.000,2301,0
4242766,4.049,5.923,6.687,0.070,-0.030,0.013,2303,0
4242786,4.053,5.794,6.656,0.064,-0.028,0.009,2307,0
4242806,4.082,5.849,6.622,0.059,-0.035,0.002,2315,0
4242826,4.065,5.839,6.618,0.043,-0.033,0.005,2321,0
4242846,4.094,5.839,6.570,0.038,-0.029,0.000,2330,0
4242866,4.140,5.813,6.644,0.047,-0.010,0.001,2335,0
4242886,4.082,5.842,6.756,0.060,-0.003,-0.005,2337,0
4242906,4.082,5.782,6.768,0.062,-0.019,-0.006,2343,0
4242926,4.159,5.830,6.689,0.070,-0.024,-0.016,2350,0
4242946,4.080,5.911,6.603,0.067,-0.029,-0.019,2356,0
4242966,4.058,6.014,6.565,0.099,-0.020,-0.007,2366,0
4242986,4.085,6.072,6.613,0.072,-0.024,0.022,2375,0
4243006,4.132,5.847,6.658,0.034,-0.009,0.017,2387,0
4243026,4.089,5.801,6.776,0.037,-0.003,0.007,2396,0
4243046,4.089,5.698,6.843,0.074,-0.018,0.009,2402,0
4243066,4.101,5.784,6.819,0.118,-0.037,0.002,2405,0
4243086,4.089,5.981,6.742,0.092,-0.046,-0.015,2411,0
4243106,3.986,6.115,6.622,0.034,-0.043,-0.007,2417,0
4243126,4.010,5.897,6.620,-0.004,-0.034,0.005,2422,0
4243146,4.080,5.729,6.706,0.022,-0.033,0.007,2424,0
4243166,4.128,5.739,6.677,0.074,-0.028,-0.005,2427,0
4243186,4.082,5.871,6.675,0.083,-0.032,-0.018,2431,0
4243206,4.008,6.009,6.711,0.029,-0.046,-0.021,2440,0
4243226,4.013,6.033,6.740,-0.008,-0.047,-0.023,2450,0
4243246,4.080,5.823,6.685,-0.001,-0.043,-0.017,2461,0
4243266,4.152,5.835,6.622,0.064,-0.026,-0.009,2463,0
4243286,4.161,5.928,6.613,0.088,-0.019,-0.003,2463,0
4243306,4.089,6.007,6.677,0.043,-0.029,-0.008,2460,0
4243326,4.063,5.954,6.725,-0.002,-0.041,-0.017,2465,0
4243346,4.068,5.885,6.704,0.010,-0.039,-0.019,2474,0
4243366,4.092,5.940,6.730,0.056,-0.038,-0.002,2475,0
4243386,4.113,5.942,6.692,0.070,-0.037,0.005,2476,0
4243406,4.094,5.921,6.663,0.056,-0.035,0.004,2476,0
4243426,4.051,5.964,6.665,0.064,-0.037,0.000,2474,0
4243446,4.073,5.971,6.637,0.056,-0.043,0.018,2470,0
4243466,4.118,5.818,6.658,0.031,-0.038,0.016,2467,0
4243486,4.082,5.713,6.675,0.046,-0.038,0.002,2451,0
4243506,4.017,5.962,6.634,0.111,-0.035,0.002,2443,0
4243526,4.053,5.921,6.577,0.058,-0.041,-0.002,2436,0
4243546,4.077,5.835,6.610,0.031,-0.034,-0.031,2436,0
4243566,4.061,5.801,6.699,-0.002,-0.043,-0.052,2436,0
4243586,4.164,5.607,6.680,0.032,-0.014,-0.076,2436,0
4243606,4.058,6.031,6.658,0.112,0.002,-0.079,2437,0
4243626,4.003,6.215,6.603,0.076,-0.031,-0.009,2434,0
4243646,3.982,5.990,6.653,-0.002,-0.040,-0.003,2435,0
4243666,4.207,5.574,6.756,-0.067,-0.013,-0.081,2434,0
4243686,4.123,5.679,6.850,0.053,0.022,-0.111,2432,0
4243706,4.003,6.132,6.723,0.181,-0.004,-0.052,2421,0
4243726,3.991,6.287,6.711,0.076,-0.024,-0.020,2421,0
4243746,3.938,6.098,6.694,-0.012,-0.016,-0.051,2421,0
4243766,4.027,5.823,6.768,-0.039,-0.009,-0.082,2420,0
4243786,3.910,5.928,6.716,0.089,-0.023,-0.042,2418,0
4243806,3.996,5.976,6.718,0.106,-0.038,-0.021,2417,0
4243826,3.958,6.036,6.548,0.032,-0.018,-0.044,2416,0
4243846,3.922,6.019,6.649,0.016,-0.008,-0.044,2416,0
4243866,3.938,5.859,6.776,0.004,-0.033,-0.030,2415,0
4243886,4.001,5.734,6.845,0.035,-0.071,-0.069,2414,0
4243906,3.977,5.808,6.677,0.095,-0.063,-0.104,2411,0
4243926,3.941,6.076,6.653,0.100,-0.057,-0.077,2406,0
4243946,3.962,6.184,6.572,0.124,-0.039,-0.047,2406,0
4243966,3.915,6.254,6.661,0.066,-0.027,-0.016,2404,0
4243986,3.922,6.081,6.706,0.009,-0.035,-0.012,2401,0
4244006,4.022,5.825,6.764,0.019,-0.064,-0.026,2402,0
4244026,4.068,5.796,6.742,0.074,-0.051,-0.056,2400,0
4244046,4.041,5.806,6.644,0.176,-0.024,-0.078,2396,0
4244066,3.869,6.038,6.653,0.264,-0.027,-0.068,2389,0
4244086,3.809,6.340,6.469,0.304,-0.029,-0.030,2383,0
4244106,3.788,6.531,6.555,0.192,-0.035,-0.002,2381,0
4244126,3.879,6.278,6.701,0.040,-0.074,0.008,2378,0
4244146,3.967,5.930,6.630,0.039,-0.080,-0.006,2377,0
4244166,3.998,5.832,6.495,0.151,-0.037,-0.034,2378,0
4244186,3.905,6.065,6.460,0.273,0.007,-0.042,2375,0
4244206,3.790,6.479,6.400,0.341,0.024,0.008,2373,0
4244226,3.783,6.759,6.354,0.201,0.014,0.055,2373,0
4244246,3.828,6.823,6.304,-0.029,0.009,0.072,2373,0
4244266,3.984,6.594,6.385,-0.159,-0.015,0.109,2374,0
4244286,3.934,5.816,6.768,-0.252,-0.070,0.120,2380,0
4244306,4.063,5.356,6.852,-0.087,-0.059,0.028,2381,0
4244326,4.058,5.624,6.687,0.183,-0.018,-0.028,2380,0
4244346,3.907,6.160,6.543,0.315,-0.006,-0.006,2380,0
4244366,3.970,6.515,6.428,0.221,-0.058,0.026,2381,0
4244386,3.950,6.462,6.328,0.043,-0.058,0.026,2383,0
4244406,3.840,6.122,6.412,-0.015,-0.014,0.011,2384,0
4244426,3.850,5.959,6.517,0.065,-0.013,0.023,2388,0
4244446,4.001,5.930,6.505,0.182,-0.010,0.019,2393,0
4244466,4.068,6.191,6.483,0.234,0.010,-0.025,2396,0
4244486,3.958,6.349,6.527,0.143,-0.021,-0.031,2396,0
4244506,3.883,6.287,6.431,0.088,-0.058,-0.011,2395,0
4244526,3.862,6.278,6.448,0.094,-0.041,0.000,2395,0
4244546,3.881,6.184,6.467,0.106,-0.017,0.008,2399,0
4244566,3.922,6.081,6.563,0.144,-0.040,0.009,2403,0
4244586,4.039,6.158,6.577,0.131,-0.077,-0.034,2403,0
4244606,3.982,6.472,6.309,0.092,-0.086,-0.071,2408,0
4244626,3.893,6.608,6.108,0.059,-0.035,-0.060,2422,0
4244646,3.912,6.388,6.263,-0.002,-0.006,-0.030,2438,0
4244666,3.943,6.144,6.359,0.037,-0.010,-0.014,2446,0
4244686,4.027,6.136,6.474,0.076,-0.038,-0.019,2446,0
4244706,3.898,6.299,6.393,0.102,-0.029,-0.056,2446,0
4244726,3.850,6.472,6.333,0.116,-0.021,-0.044,2445,0
4244746,3.893,6.450,6.378,0.078,-0.023,-0.006,2446,0
4244766,3.948,6.349,6.371,0.013,-0.045,-0.011,2447,0
4244786,3.924,6.294,6.467,-0.001,-0.053,-0.025,2452,0
4244806,3.891,6.325,6.555,0.051,-0.092,-0.008,2461,0
4244826,3.867,6.369,6.412,0.107,-0.116,0.003,2486,0
4244846,3.922,6.474,6.309,0.124,-0.098,0.011,2528,0
4244866,3.948,6.474,6.347,0.092,-0.104,0.043,2559,0
4244886,4.025,6.364,6.347,0.078,-0.144,0.083,2615,0
4244906,4.013,6.275,6.227,0.091,-0.136,0.075,2652,0
4244926,4.039,6.318,6.278,0.085,-0.121,0.019,2683,0
4244946,4.175,6.239,6.402,0.068,-0.144,-0.024,2743,0
4244966,4.070,6.275,6.021,0.128,-0.110,-0.024,2778,0
4244986,3.900,6.606,6.038,0.187,-0.074,0.034,2798,0
4245006,3.888,6.692,6.249,0.101,-0.106,0.091,2813,0
4245026,4.108,6.285,6.371,0.008,-0.177,0.115,2826,0
4245046,4.324,6.017,6.285,0.031,-0.156,0.037,2831,0
4245066,4.391,6.242,6.419,0.123,-0.126,-0.008,2837,0
4245086,4.128,6.505,6.105,0.204,-0.194,0.039,2842,0
4245106,3.780,6.673,6.048,0.125,-0.176,0.072,2846,0
4245126,4.034,6.536,6.304,0.019,-0.199,0.091,2854,0
4245146,4.326,6.167,6.287,-0.018,-0.193,0.061,2864,0
4245166,4.398,6.076,6.251,0.037,-0.170,0.005,2872,0
4245186,4.360,6.314,6.297,0.059,-0.194,-0.012,2895,0
4245206,4.228,6.510,6.057,0.079,-0.196,0.013,2909,0
4245226,4.166,6.584,5.863,0.082,-0.131,0.038,2916,0
4245246,4.266,6.472,5.839,0.067,-0.072,0.054,2920,0
4245266,4.302,6.337,5.832,0.049,-0.013,0.054,2916,0
4245286,4.262,6.194,5.923,0.036,0.008,0.028,2909,0
4245306,4.324,6.120,6.021,0.031,0.004,0.010,2895,0
4245326,4.377,6.199,6.043,0.058,-0.004,-0.010,2878,0
4245346,4.424,6.349,6.048,0.072,0.002,-0.024,2862,0
4245366,4.448,6.495,6.120,0.019,-0.060,-0.027,2856,0
4245386,4.329,6.462,6.065,0.021,-0.095,-0.007,2859,0
4245406,4.250,6.472,6.043,0.042,-0.090,0.009,2864,0
4245426,4.336,6.325,6.062,0.067,-0.087,0.014,2875,0
4245446,4.386,6.318,6.175,0.107,-0.122,0.030,2876,0
4245466,4.336,6.613,6.117,0.122,-0.166,0.068,2882,0
4245486,4.379,6.692,6.036,0.074,-0.190,0.105,2905,0
4245506,4.472,6.531,5.997,0.018,-0.176,0.092,2930,0
4245526,4.391,6.424,5.995,-0.017,-0.151,0.098,2950,0
4245546,4.559,5.964,6.007,0.035,-0.151,0.091,2961,0
4245566,4.714,5.906,5.923,0.122,-0.099,0.020,2968,0
4245586,4.618,6.254,5.938,0.179,-0.086,-0.014,2981,0
4245606,4.453,6.316,5.906,0.169,-0.093,-0.002,2989,0
4245626,4.235,6.457,5.952,0.140,-0.117,0.009,3000,0
4245646,4.247,6.491,5.832,0.095,-0.141,0.047,3009,0
4245666,4.719,6.536,5.780,0.034,-0.148,0.070,3024,0
4245686,4.982,6.500,5.906,-0.004,-0.132,0.078,3038,0
4245706,4.585,6.232,5.823,0.048,-0.101,0.035,3050,0
4245726,4.458,6.232,5.667,0.156,-0.058,-0.044,3055,0
4245746,4.812,6.823,6.038,0.019,-0.050,0.041,3056,0
4245766,4.180,6.122,5.696,0.009,-0.083,0.025,3059,0
4245786,5.176,6.560,5.950,0.017,-0.107,0.014,3073,0
4245806,4.503,6.340,5.873,-0.036,-0.057,0.032,3091,0
4245826,4.621,6.084,5.784,0.092,-0.058,-0.059,3098,0
4245846,4.848,6.759,5.895,0.095,-0.047,0.042,3106,0
4245866,4.211,6.258,5.626,0.170,-0.051,0.001,3116,0
4245886,5.088,6.747,5.899,0.040,-0.039,0.038,3122,0
4245906,4.104,6.012,5.744,-0.021,-0.027,0.011,3124,0
4245926,5.018,6.342,6.005,0.022,-0.067,-0.010,3130,0
4245946,4.350,6.428,5.849,-0.021,-0.062,0.049,3134,0
4245966,4.779,5.945,5.571,0.018,-0.058,-0.039,3135,0
4245986,4.863,6.627,5.727,0.028,0.008,0.017,3135,0
4246006,4.161,5.993,5.760,0.071,0.002,-0.058,3135,0
4246026,5.035,6.658,6.048,0.048,-0.032,0.037,3131,0
4246046,4.317,6.086,5.581,0.017,-0.042,-0.036,3125,0
4246066,5.495,6.273,5.689,0.023,0.015,-0.038,3136,0
4246086,4.298,6.622,5.636,0.104,0.061,-0.043,3152,0
4246106,4.556,6.407,6.009,0.072,0.056,-0.064,3163,0
4246126,4.357,6.685,6.017,-0.019,0.006,0.031,3161,0
4246146,4.393,6.024,5.990,-0.026,-0.047,-0.006,3153,0
4246166,4.563,6.294,6.021,-0.045,-0.079,0.021,3139,0
4246186,4.793,6.179,5.928,-0.056,-0.072,0.002,3128,0
4246206,4.685,6.194,5.897,0.006,-0.029,-0.017,3121,0
4246226,4.602,6.314,5.866,0.071,0.006,-0.025,3117,0
4246246,4.527,6.397,5.830,0.097,0.047,-0.026,3111,0
4246266,4.468,6.292,5.844,0.077,0.090,-0.026,3099,0
4246286,4.575,6.230,5.830,0.096,0.127,-0.045,3073,0
4246306,4.523,6.347,5.705,0.096,0.155,-0.061,3039,0
4246326,4.322,6.378,5.768,0.025,0.192,-0.089,3006,0
4246346,4.286,6.280,5.552,-0.010,0.250,-0.110,2966,0
4246366,4.379,6.345,5.732,-0.021,0.301,-0.117,2915,0
4246386,4.310,6.235,5.947,-0.026,0.337,-0.164,2844,0
4246406,4.381,6.366,5.612,-0.046,0.373,-0.200,2739,0
4246426,4.554,6.239,5.854,-0.111,0.441,-0.186,2680,0
4246446,4.185,6.088,5.588,-0.001,0.601,-0.230,2611,0
4246466,3.934,6.201,5.399,0.223,0.768,-0.211,2570,0
4246486,4.077,7.221,7.077,0.277,0.584,0.012,2511,0
4246506,3.838,6.814,7.501,0.050,0.237,0.116,2448,0
4246526,3.807,6.373,6.809,-0.285,0.080,-0.055,2421,0
4246546,3.682,6.534,6.536,-0.313,0.055,-0.156,2406,0
4246566,3.591,6.914,7.013,-0.136,-0.050,0.010,2387,0
4246586,3.661,6.565,6.831,0.134,-0.175,0.185,2382,0
4246606,3.773,6.651,6.646,0.108,-0.262,0.207,2384,0
4246626,3.929,6.685,7.008,-0.107,-0.436,0.187,2418,0
4246646,3.938,6.055,7.056,-0.135,-0.595,0.175,2493,0
4246666,4.575,6.136,7.195,0.030,-0.690,0.224,2591,0
4246686,4.808,6.462,6.563,0.327,-0.703,0.237,2676,0
4246706,4.401,5.880,5.986,0.396,-0.685,0.211,2749,0
4246726,4.367,6.170,4.915,0.556,-0.589,0.009,2826,0
4246746,4.061,6.242,5.593,0.274,-0.505,0.133,2904,0
4246766,5.054,6.740,5.650,0.400,-0.525,0.086,2965,0
4246786,4.487,6.910,5.555,0.185,-0.537,0.222,3007,0
4246806,5.083,7.295,5.284,-0.024,-0.566,0.279,3039,0
4246826,4.288,5.820,4.870,-0.169,-0.419,0.190,3060,0
4246846,4.934,6.033,5.646,-0.206,-0.338,0.208,3107,0
4246866,5.239,5.631,5.535,0.175,-0.343,0.090,3151,0
4246886,4.906,6.507,5.610,0.303,-0.192,0.221,3183,0
4246906,5.255,6.191,5.133,0.394,-0.122,0.141,3199,0
4246926,5.550,6.783,5.689,0.160,-0.078,0.172,3221,161
4246946,4.812,5.897,5.385,0.217,-0.055,-0.013,3241,1961
4246966,5.227,6.618,5.765,0.208,-0.016,0.008,3245,91
4246986,4.338,5.887,5.423,0.229,-0.023,-0.007,3247,1901
4247006,5.528,6.814,5.765,0.174,-0.115,0.012,3253,2641
4247026,4.496,6.256,5.274,0.009,-0.062,0.024,3254,2721
4247046,5.727,6.455,5.282,-0.082,-0.053,-0.042,3254,2698
4247066,4.745,5.909,5.547,-0.193,0.017,-0.007,3251,2842
4247086,5.167,5.804,5.128,0.092,0.023,-0.068,3247,2662
4247106,4.585,6.718,5.729,-0.079,0.064,0.047,3236,2402
4247126,4.841,5.861,5.294,0.063,0.020,0.021,3220,2144
4247146,4.800,6.632,5.849,-0.171,0.078,0.057,3215,0
4247166,4.853,6.172,5.614,-0.203,0.126,-0.029,3202,0
4247186,4.882,6.060,5.650,-0.281,0.163,-0.106,3184,0
4247206,4.657,5.772,5.823,-0.253,0.192,-0.108,3142,0
4247226,4.166,6.199,5.911,-0.043,0.175,-0.028,3044,0
4247246,5.102,6.469,4.848,0.067,0.249,0.023,2919,0
4247266,5.844,6.527,5.284,0.115,0.475,0.034,2785,0
4247286,5.665,6.450,5.023,0.189,0.723,-0.014,2662,0
4247306,5.148,6.314,4.875,0.117,0.908,-0.048,2584,0
4247326,4.820,6.847,5.550,0.060,0.931,-0.041,2532,0
4247346,4.463,6.630,7.549,-0.310,0.696,-0.075,2477,0
4247366,4.360,5.234,6.505,-0.426,0.466,-0.226,2442,0
4247386,3.907,5.600,6.139,-0.135,0.390,-0.240,2416,0
4247406,3.685,6.258,6.732,0.051,0.279,-0.104,2398,0
4247426,3.814,6.304,6.620,0.151,0.079,0.065,2384,0
4247446,3.998,6.546,6.558,0.077,-0.068,0.126,2378,0
4247466,4.211,6.227,6.864,-0.165,-0.155,0.038,2374,0
4247486,4.391,5.897,6.917,-0.225,-0.251,-0.020,2384,0
4247506,4.434,5.942,7.178,-0.138,-0.439,-0.017,2395,0
4247526,4.152,6.108,7.841,-0.103,-0.807,0.049,2434,0
4247546,4.470,5.988,7.039,-0.077,-1.054,0.007,2585,0
4247566,5.131,5.978,5.298,0.164,-0.760,-0.101,2704,0
4247586,5.121,6.675,5.399,0.422,-0.537,-0.003,2840,0
4247606,5.164,6.603,5.827,0.441,-0.638,0.159,2929,0
4247626,5.160,6.680,5.533,0.443,-0.848,0.272,3003,0
4247646,3.953,7.312,4.544,0.366,-0.819,0.338,3034,0
4247666,3.510,6.335,4.508,0.256,-0.531,0.313,3078,0
4247686,5.097,6.189,5.035,0.179,-0.413,0.312,3159,0
4247706,6.412,4.985,5.373,0.291,-0.283,0.174,3214,0
4247726,6.014,5.588,5.193,0.375,0.064,0.056,3238,2168
4247746,4.422,5.789,5.373,0.329,0.111,0.075,3258,2952
4247766,5.205,6.548,6.127,0.251,-0.124,0.178,3282,3298
4247786,5.361,6.084,5.744,0.185,-0.017,0.117,3286,3563
4247806,5.459,5.873,5.253,0.136,0.119,-0.104,3282,3656
4247826,5.839,6.230,5.816,0.112,0.164,-0.102,3282,3698
4247846,4.350,6.141,5.327,0.339,0.093,-0.068,3275,3798
4247866,5.713,7.190,5.677,0.187,-0.043,0.154,3262,3857
4247886,5.126,6.172,5.121,0.022,0.028,0.093,3254,3933
4247906,5.329,5.830,4.930,0.156,0.167,-0.170,3250,3993
4247926,5.373,6.558,5.672,0.184,0.206,-0.121,3249,4040
4247946,4.178,6.036,5.253,0.274,0.090,-0.070,3243,4072
4247966,5.873,7.046,5.662,0.131,0.010,0.043,3237,4095
4247986,4.580,5.918,5.365,-0.009,0.079,-0.005,3232,4095
4248006,5.377,6.244,5.389,0.030,0.028,-0.074,3228,4095
4248026,5.116,6.637,5.842,-0.053,-0.010,0.024,3224,4095
4248046,4.511,5.847,5.289,-0.009,-0.099,-0.016,3224,4095
4248066,5.581,6.843,6.179,-0.109,-0.212,0.080,3216,4053
4248086,4.049,5.847,5.921,-0.146,-0.376,0.075,3212,3889
4248106,5.337,6.481,6.517,-0.166,-0.610,0.176,3209,3479
4248126,4.853,6.251,6.141,-0.245,-0.648,0.307,3206,2725
4248146,5.531,5.995,4.791,-0.008,-0.488,0.179,3189,0
4248166,5.916,5.997,4.331,-0.008,-0.113,0.151,3155,0
4248186,5.741,5.715,4.216,0.107,0.248,-0.003,3097,0
4248206,5.478,5.792,4.341,0.250,0.524,-0.174,3008,0
4248226,5.255,6.258,4.803,0.068,0.611,-0.310,2892,0
4248246,5.547,6.354,4.391,-0.194,0.714,-0.381,2739,0
4248266,5.578,6.148,4.410,-0.181,0.919,-0.302,2637,0
4248286,5.282,6.261,5.267,0.008,0.965,-0.230,2550,0
4248306,4.903,6.495,6.196,-0.089,0.798,-0.278,2468,0
4248326,4.733,5.389,6.689,-0.356,0.631,-0.469,2396,0
4248346,4.238,5.478,6.493,-0.144,0.456,-0.519,2351,0
4248366,3.723,6.594,6.812,0.126,0.240,-0.307,2325,0
4248386,3.800,7.063,6.285,0.159,-0.068,-0.062,2317,0
4248406,4.343,7.142,6.062,-0.018,-0.237,0.039,2315,0
4248426,4.314,7.046,6.790,-0.322,-0.387,0.048,2318,0
4248446,3.991,6.445,7.745,-0.315,-0.807,0.203,2325,0
4248466,4.769,6.797,7.087,0.183,-1.133,0.462,2353,0
4248486,5.744,6.744,5.595,0.241,-0.950,0.445,2413,0
4248506,5.466,6.419,4.705,0.143,-0.616,0.217,2463,0
4248526,4.685,6.689,5.198,0.212,-0.558,0.254,2509,0
4248546,5.210,6.879,5.600,0.433,-0.691,0.531,2664,0
4248566,6.165,6.017,5.456,0.341,-0.721,0.540,2864,0
4248586,6.091,6.352,5.100,0.358,-0.669,0.413,3000,0
4248606,5.104,6.790,3.936,0.419,-0.591,0.481,3058,0
4248626,4.760,6.436,3.488,0.127,-0.244,0.476,3152,2543
4248646,4.547,6.366,5.696,0.053,-0.330,0.665,3241,3703
4248666,5.990,5.602,5.509,0.005,-0.414,0.872,3278,4011
4248686,7.168,4.750,4.626,0.294,-0.070,0.582,3297,4095
4248706,6.938,5.669,4.530,0.332,0.399,0.249,3290,4095
4248726,6.067,5.313,4.846,0.204,0.467,0.086,3279,4095
4248746,5.708,4.834,4.970,0.199,0.473,-0.158,3265,4095
4248766,6.112,5.713,5.868,0.319,0.373,-0.140,3258,4095
4248786,5.157,4.803,5.423,0.415,0.265,-0.160,3248,4095
4248806,6.033,4.963,5.212,0.705,0.226,-0.272,3247,4095
4248826,5.873,6.646,5.265,0.751,0.176,-0.194,3238,4095
4248846,4.860,6.122,4.843,0.615,0.130,-0.227,3234,4095
4248866,5.880,7.408,5.215,0.385,0.092,-0.127,3226,4095
4248886,5.389,6.893,4.846,0.108,0.112,-0.106,3221,4095
4248906,5.277,5.875,4.784,0.013,0.152,-0.115,3220,4095
4248926,6.002,6.891,5.179,0.074,0.110,-0.043,3218,4095
4248946,4.700,6.371,5.092,0.043,0.045,-0.052,3216,4095
4248966,5.746,6.146,5.234,0.082,-0.028,-0.030,3216,4095
4248986,5.538,7.266,5.605,0.054,-0.108,0.046,3213,4095
4249006,5.112,5.734,5.428,-0.039,-0.222,0.005,3210,4095
4249026,5.820,6.112,5.720,-0.077,-0.358,0.067,3206,4095
4249046,5.066,5.816,5.569,-0.220,-0.481,0.122,3203,4095
4249066,5.854,5.531,4.978,0.033,-0.507,-0.044,3199,4095
4249086,6.517,6.505,4.719,0.067,-0.262,-0.074,3178,3919
4249106,5.588,5.681,3.814,0.162,0.097,-0.168,3128,3525
4249126,6.009,6.314,4.269,0.238,0.270,-0.280,3055,2888
4249146,4.987,6.199,4.250,0.212,0.388,-0.211,2964,919
4249166,4.764,6.445,4.618,0.346,0.305,-0.252,2883,0
4249186,4.836,6.512,4.508,0.220,0.270,-0.237,2752,0
4249206,5.741,6.309,4.453,0.132,0.274,-0.332,2606,0
4249226,6.347,6.191,4.741,0.177,0.417,-0.444,2486,0
4249246,6.136,6.445,4.278,0.402,0.590,-0.498,2413,0
4249266,5.555,6.697,4.111,0.626,0.806,-0.525,2337,0
4249286,4.889,7.319,5.255,0.606,0.786,-0.566,2290,0
4249306,4.616,7.022,5.250,0.333,0.687,-0.640,2257,0
4249326,4.439,7.027,5.284,0.303,0.536,-0.613,2242,0
4249346,4.166,6.910,4.879,0.335,0.467,-0.549,2232,0
4249366,3.704,7.685,5.495,0.504,0.268,-0.345,2224,0
4249386,3.572,7.841,5.476,0.477,-0.030,-0.118,2214,0
4249406,4.022,8.073,5.198,0.395,-0.297,0.047,2210,0
4249426,4.702,8.042,4.719,0.144,-0.285,0.040,2208,0
4249446,4.472,7.966,5.416,-0.006,-0.285,0.013,2214,0
4249466,3.733,7.719,7.025,0.011,-0.884,0.311,2222,0
4249486,4.417,7.676,5.270,0.377,-1.353,0.691,2256,0
4249506,5.018,7.934,3.273,0.253,-1.144,0.749,2352,0
4249526,5.361,7.717,3.524,-0.001,-0.837,0.420,2499,0
4249546,5.928,7.503,3.816,-0.079,-0.604,0.241,2680,0
4249566,5.923,7.463,3.994,-0.050,-0.632,0.377,2870,0
4249586,5.193,7.630,3.606,0.142,-0.637,0.636,2997,0
4249606,4.609,7.812,3.062,0.206,-0.458,0.832,3059,0
4249626,4.784,7.760,3.771,-0.193,-0.369,0.844,3148,0
4249646,5.375,7.173,4.120,-0.504,-0.366,0.807,3197,2321
4249666,5.808,6.076,4.355,-0.686,-0.310,0.892,3224,3325
4249686,6.321,4.978,4.472,-0.370,-0.278,0.852,3247,3833
4249706,6.479,4.597,3.970,0.074,-0.026,0.625,3256,4017
4249726,6.057,5.116,3.682,0.494,0.110,0.267,3263,4095
4249746,6.553,6.974,4.460,0.430,0.109,0.265,3257,4095
4249766,5.612,6.196,4.228,0.149,0.044,0.356,3246,4095
4249786,6.443,5.789,3.948,0.009,-0.037,0.164,3236,4095
4249806,7.015,6.349,4.410,-0.211,0.022,0.041,3230,4095
4249826,5.531,5.217,3.752,-0.017,0.045,-0.077,3229,4095
4249846,6.828,6.347,4.298,0.211,-0.008,-0.008,3219,4095
4249866,5.557,6.172,3.828,0.152,0.046,0.044,3215,4095
4249886,5.997,5.777,3.639,0.056,0.050,-0.031,3212,4095
4249906,7.094,6.687,4.499,0.001,0.133,-0.047,3208,4095
4249926,5.291,5.986,3.936,0.074,0.170,-0.075,3205,4095
4249946,6.740,7.113,4.786,-0.007,0.028,0.067,3202,4095
4249966,6.002,6.658,4.860,-0.093,-0.011,0.124,3201,4095
4249986,6.354,5.298,3.634,0.046,0.026,-0.069,3196,4095
4250006,6.785,6.840,4.669,-0.085,0.118,-0.083,3197,4095
4250026,5.710,5.435,3.591,-0.048,0.143,-0.226,3193,4095
4250046,6.742,6.345,4.408,-0.190,0.167,-0.377,3191,4095
4250066,5.765,6.220,5.181,-0.630,0.137,-0.679,3185,4092
4250086,5.219,4.705,5.420,-0.907,0.022,-1.236,3180,3824
4250106,6.213,4.949,4.853,-0.758,0.100,-1.429,3158,2995
4250126,5.435,5.456,3.874,-0.429,0.381,-1.254,3120,0
4250146,5.250,6.215,3.716,-0.076,0.656,-0.994,3023,0
4250166,4.764,6.249,3.831,0.225,0.943,-0.694,2875,0
4250186,4.908,6.871,4.554,0.559,1.090,-0.818,2643,0
4250206,4.932,7.896,4.381,0.516,1.057,-0.821,2464,0
4250226,4.839,8.195,3.323,0.367,1.159,-0.637,2374,0
4250246,4.645,9.048,4.860,0.266,1.221,-0.315,2291,0
4250266,3.651,9.038,7.015,-0.176,0.770,-0.029,2250,0
4250286,3.675,7.446,5.650,-0.632,0.539,-0.267,2232,0
4250306,3.608,7.154,6.151,-0.819,0.313,-0.387,2219,0
4250326,3.644,6.898,6.371,-0.507,0.163,-0.196,2204,0
4250346,3.824,6.838,6.615,-0.008,0.042,0.053,2198,0
4250366,3.962,7.039,6.105,0.378,-0.026,0.180,2198,0
4250386,3.903,7.278,6.033,0.242,-0.091,0.164,2200,0
4250406,4.044,7.089,5.782,0.014,-0.095,0.109,2210,0
4250426,3.962,6.879,5.792,-0.057,-0.098,0.084,2224,0
4250446,3.795,6.723,5.734,0.102,-0.106,0.105,2240,0
4250466,3.821,7.151,5.983,0.236,-0.216,0.177,2263,0
4250486,3.948,7.446,6.574,0.161,-0.395,0.211,2310,0
4250506,3.982,7.491,7.355,-0.126,-0.808,0.179,2466,0
4250526,4.396,6.436,6.215,-0.284,-1.162,0.163,2657,0
4250546,4.812,5.480,4.559,0.151,-1.067,0.168,2764,0
4250566,4.990,7.594,4.645,0.543,-0.974,0.240,2906,0
4250586,5.057,7.999,4.896,0.517,-1.136,0.385,3023,0
4250606,4.949,8.442,3.780,0.494,-0.998,0.535,3083,0
4250626,4.288,7.369,2.981,0.064,-0.734,0.561,3093,0
4250646,4.094,6.668,3.357,-0.236,-0.287,0.452,3138,2726
4250666,5.432,6.060,5.286,-0.199,-0.322,0.324,3205,3688
4250686,5.775,6.325,4.978,-0.050,-0.343,0.248,3244,3971
4250706,6.112,6.314,4.367,-0.034,-0.213,0.239,3276,4051
4250726,6.986,6.318,3.991,0.001,0.230,-0.033,3274,4095
4250746,4.568,6.223,4.417,-0.127,0.490,-0.212,3264,4095
4250766,4.863,6.546,5.373,0.118,0.257,-0.002,3258,4095
4250786,5.028,6.754,5.432,0.287,0.071,0.257,3249,4095
4250806,5.303,6.603,4.712,0.223,0.019,0.037,3237,4095
4250826,6.172,7.329,4.863,-0.005,0.077,-0.056,3227,4095
4250846,4.745,6.433,4.527,-0.037,0.155,-0.055,3221,4095
4250866,5.203,6.843,4.609,0.052,0.072,0.073,3219,4095
4250886,5.119,6.692,4.887,-0.027,0.056,0.200,3217,4095
4250906,4.611,5.662,4.638,0.012,0.057,0.033,3215,4095
4250926,5.887,6.756,5.286,0.083,0.051,-0.007,3213,4095
4250946,5.215,6.610,5.126,0.084,0.104,0.026,3212,4095
4250966,5.298,6.663,5.035,0.024,0.040,-0.020,3209,4095
4250986,5.351,7.412,5.686,-0.286,-0.098,0.104,3202,4095
4251006,4.748,5.483,4.913,-0.297,-0.114,-0.009,3199,4095
4251026,6.215,6.110,5.248,-0.036,-0.022,-0.125,3197,4095
4251046,5.353,6.891,5.054,0.119,0.115,-0.184,3194,4095
4251066,5.248,6.009,4.288,0.170,0.227,-0.377,3195,4095
4251086,5.430,6.802,4.721,0.087,0.309,-0.474,3196,4095
4251106,3.508,7.276,5.818,-0.369,0.155,-0.383,3194,4050
4251126,3.627,6.697,6.393,-0.738,-0.218,-0.179,3194,3676
4251146,4.875,6.986,5.696,-0.817,-0.438,0.125,3186,2912
4251166,5.545,5.006,4.575,-0.349,-0.025,-0.171,3165,274
4251186,5.401,5.495,4.118,0.083,0.544,-0.537,3113,0
4251206,4.843,6.651,5.138,0.329,0.761,-0.574,3012,0
4251226,4.987,7.843,5.126,0.274,0.669,-0.270,2876,0
4251246,4.688,7.530,5.004,-0.006,0.619,-0.092,2708,0
4251266,4.585,7.072,4.805,-0.228,0.631,-0.154,2561,0
4251286,4.805,6.773,4.508,-0.269,0.829,-0.216,2500,0
4251306,4.336,7.185,6.290,-0.174,0.775,-0.107,2409,0
4251326,3.974,6.337,6.598,-0.352,0.515,-0.191,2340,0
4251346,3.795,5.875,6.290,-0.338,0.348,-0.297,2299,0
4251366,3.512,6.687,7.135,-0.119,0.128,-0.175,2270,0
4251386,3.649,6.730,6.993,-0.081,-0.162,-0.020,2264,0
4251406,4.199,6.460,6.007,-0.034,-0.177,0.002,2257,0
4251426,4.085,6.886,5.993,-0.017,-0.085,-0.036,2254,0
4251446,3.934,6.835,6.184,-0.017,-0.076,-0.019,2254,0
4251466,3.982,6.656,6.337,-0.056,-0.119,-0.001,2255,0
4251486,3.965,6.426,6.555,-0.039,-0.184,0.009,2257,0
4251506,3.871,6.517,6.922,-0.029,-0.389,0.089,2262,0
4251526,3.893,6.804,7.106,-0.045,-0.708,0.239,2291,0
4251546,4.305,6.857,6.730,-0.030,-0.915,0.327,2370,0
4251566,4.774,6.773,6.627,-0.061,-0.967,0.291,2539,0
4251586,5.016,6.378,5.801,-0.103,-1.018,0.254,2708,0
4251606,4.918,5.825,4.216,0.047,-1.026,0.234,2910,0
4251626,4.099,6.246,4.219,0.513,-0.924,0.349,2990,0
4251646,4.973,7.762,5.224,0.648,-0.909,0.539,3071,0
4251666,5.605,7.776,4.901,0.444,-0.863,0.737,3130,0
4251686,5.329,6.615,3.737,-0.096,-0.592,0.665,3150,0
4251706,5.203,6.208,4.788,-0.347,-0.385,0.491,3194,0
4251726,6.495,5.957,5.452,-0.454,-0.339,0.411,3227,2438
4251746,6.393,4.860,5.006,-0.264,-0.142,0.345,3249,3263
4251766,5.497,4.784,4.865,0.300,0.160,0.103,3280,3661
4251786,6.172,7.118,5.353,0.585,0.292,0.113,3292,3880
4251806,5.097,7.072,5.167,0.090,0.256,0.241,3286,4012
4251826,5.887,5.368,4.970,-0.371,0.242,0.064,3280,4091
4251846,5.397,5.425,5.325,-0.250,0.371,-0.049,3277,4095
4251866,4.324,5.296,5.727,0.089,0.289,0.003,3266,4095
4251886,5.737,5.794,6.065,0.366,0.037,0.180,3254,4095
4251906,5.107,5.622,5.406,0.282,-0.042,0.124,3247,4095
4251926,6.395,5.559,5.248,0.108,0.054,-0.007,3241,4095
4251946,5.600,6.230,5.667,0.015,0.139,-0.076,3237,4095
4251966,4.571,5.236,5.777,0.058,0.029,-0.082,3231,4095
4251986,6.151,6.395,5.744,0.193,-0.097,0.047,3226,4095
4252006,5.210,6.237,5.504,0.147,-0.023,-0.005,3221,4095
4252026,5.758,5.655,5.212,0.110,0.061,-0.118,3216,4095
4252046,5.851,7.089,5.634,0.001,0.021,-0.038,3215,4095
4252066,4.733,5.672,5.483,-0.099,-0.042,-0.012,3212,4095
4252086,5.863,5.909,5.557,0.037,-0.082,0.031,3208,4095
4252106,5.358,6.618,5.636,0.026,-0.112,0.071,3208,4095
4252126,4.875,5.181,5.432,0.016,-0.147,-0.020,3205,4095
4252146,5.887,6.093,5.768,0.019,-0.268,0.086,3205,4078
4252166,5.114,5.839,5.626,-0.037,-0.312,0.199,3205,3807
4252186,5.504,5.052,5.315,0.053,-0.240,0.248,3210,2921
4252206,5.550,5.440,5.164,0.305,-0.079,0.229,3198,1157
4252226,5.684,5.509,4.496,0.455,0.259,0.008,3169,0
4252246,5.851,5.902,4.290,0.565,0.523,-0.223,3117,0
4252266,5.499,6.079,5.183,0.423,0.628,-0.337,3018,0
4252286,5.523,6.589,4.968,0.238,0.602,-0.384,2892,0
4252306,5.662,6.579,5.224,-0.007,0.559,-0.389,2729,0
4252326,5.365,6.445,5.140,-0.115,0.549,-0.349,2558,0
4252346,5.308,6.287,4.788,-0.005,0.622,-0.330,2457,0
4252366,5.401,6.476,4.906,0.255,0.807,-0.265,2368,0
4252386,5.066,7.190,6.474,0.210,0.703,-0.164,2296,0
4252406,4.772,6.179,6.910,-0.186,0.458,-0.271,2271,0
4252426,4.496,6.187,5.631,-0.403,0.304,-0.418,2256,0
4252446,4.180,6.950,6.048,-0.523,0.207,-0.325,2242,0
4252466,4.202,6.783,5.832,-0.715,0.156,-0.095,2235,0
4252486,4.329,6.352,6.017,-0.669,0.166,0.075,2231,0
4252506,4.310,6.352,6.414,-0.419,0.155,0.151,2225,0
4252526,4.389,6.005,6.275,-0.021,0.069,0.210,2225,0
4252546,4.250,5.930,6.656,0.028,0.015,0.217,2231,0
4252566,4.298,6.026,7.211,0.233,-0.269,0.331,2258,0
4252586,4.721,6.158,7.290,0.335,-0.549,0.392,2335,0
4252606,5.047,6.081,6.577,0.264,-0.693,0.379,2464,0
4252626,5.114,6.357,6.342,0.229,-0.762,0.369,2634,0
4252646,5.564,6.213,6.088,0.197,-0.929,0.400,2795,0
4252666,5.847,6.110,5.935,0.282,-1.005,0.363,2924,0
4252686,6.055,6.500,5.049,0.373,-1.028,0.309,2982,0
4252706,4.949,6.366,4.329,0.166,-0.925,0.355,3012,0
4252726,5.028,5.952,3.771,0.182,-0.566,0.511,3037,0
4252746,6.354,6.505,4.530,0.465,-0.388,0.639,3091,0
4252766,5.416,6.024,5.234,0.586,-0.320,0.634,3138,0
4252786,4.987,5.289,4.216,0.563,-0.035,0.646,3165,2035
4252806,6.567,5.358,5.277,0.385,-0.071,0.417,3193,3165
4252826,6.127,4.932,4.422,0.281,0.116,0.048,3216,3778
4252846,6.802,5.602,5.076,0.105,0.346,-0.072,3224,3992
4252866,5.049,5.267,5.495,-0.053,0.318,-0.074,3217,4044
4252886,6.105,5.868,5.861,0.048,0.119,0.036,3213,4092
4252906,5.423,5.763,5.492,0.064,0.061,0.061,3202,4095
4252926,6.314,5.195,5.212,0.109,0.093,-0.067,3199,4095
4252946,6.122,6.309,5.389,0.182,0.150,-0.063,3195,4095
4252966,5.023,5.353,5.358,0.188,0.051,-0.088,3188,4095
4252986,6.354,6.709,5.471,0.141,-0.123,0.055,3184,4095
4253006,5.557,5.571,4.877,0.021,-0.023,-0.026,3180,4095
4253026,6.146,5.954,5.114,0.054,0.058,-0.079,3174,4095
4253046,5.722,6.460,5.349,-0.028,0.028,-0.019,3170,4095
4253066,5.538,5.121,5.083,0.034,0.021,-0.059,3166,4095
4253086,6.378,6.574,5.349,0.033,0.003,0.010,3162,4095
4253106,5.229,5.215,5.112,-0.019,0.044,-0.072,3159,4095
4253126,6.196,5.909,5.444,0.036,0.009,-0.039,3157,4095
4253146,5.303,6.426,5.586,0.006,-0.084,0.001,3154,4095
4253166,5.619,5.179,5.387,-0.099,-0.187,-0.048,3151,4095
4253186,6.096,6.208,5.413,-0.137,-0.211,-0.007,3153,4095
4253206,6.026,5.636,5.409,-0.195,-0.184,-0.091,3151,4095
4253226,6.091,5.356,5.222,-0.171,-0.134,-0.186,3151,3936
4253246,5.784,5.282,5.191,-0.071,-0.017,-0.178,3152,3426
4253266,5.365,5.528,5.212,0.103,0.055,-0.092,3160,2170
4253286,5.222,5.899,5.203,0.244,0.148,-0.031,3153,0
4253306,5.186,5.686,5.030,0.288,0.268,-0.122,3137,0
4253326,5.547,5.636,5.095,0.337,0.357,-0.275,3098,0
4253346,5.660,5.614,5.473,0.286,0.415,-0.447,3029,0
4253366,5.794,6.285,4.990,0.159,0.475,-0.498,2937,0
4253386,5.729,6.663,5.442,0.043,0.416,-0.484,2822,0
4253406,5.576,6.519,5.260,0.054,0.500,-0.382,2704,0
4253426,5.308,6.551,5.535,0.124,0.507,-0.302,2607,0
4253446,5.250,6.649,5.763,0.161,0.363,-0.211,2497,0
4253466,5.088,6.685,5.365,0.120,0.319,-0.193,2393,0
4253486,5.057,6.879,5.207,-0.024,0.408,-0.165,2309,0
4253506,4.927,6.948,5.818,-0.139,0.434,-0.109,2271,0
4253526,4.535,6.067,5.950,-0.161,0.284,-0.063,2256,0
4253546,4.369,6.390,5.605,-0.075,0.169,-0.065,2242,0
4253566,4.434,6.625,5.722,0.051,0.070,0.054,2228,0
4253586,4.800,6.476,6.033,-0.003,-0.001,0.133,2224,0
4253606,5.071,6.299,5.878,0.009,0.023,0.088,2218,0
4253626,5.042,6.227,5.780,0.003,0.038,-0.021,2217,0
4253646,4.899,6.340,5.667,0.013,0.065,-0.086,2216,0
4253666,4.721,6.419,5.851,-0.015,0.049,-0.064,2220,0
4253686,4.537,6.290,6.649,-0.068,-0.125,0.020,2222,0
4253706,4.580,6.306,6.275,0.108,-0.319,0.088,2225,0
4253726,4.879,5.734,5.801,0.129,-0.394,0.023,2231,0
4253746,4.788,6.510,7.360,0.138,-0.638,0.079,2245,0
4253766,4.906,6.285,7.448,-0.365,-1.474,0.521,2285,0
4253786,5.990,5.389,5.112,0.570,-1.780,0.755,2375,0
4253806,5.385,7.523,3.244,1.000,-1.407,0.702,2500,0
4253826,5.040,8.523,2.655,0.759,-0.871,0.385,2736,0
4253846,5.318,7.410,3.170,-0.159,-0.489,0.207,2950,0
4253866,6.012,5.136,4.152,-1.191,-0.183,0.116,3086,197
4253886,6.910,3.754,4.994,-0.847,-0.080,-0.123,3166,2419
4253906,5.612,4.640,6.038,-0.321,-0.066,0.041,3201,3210
4253926,5.341,4.621,5.945,0.440,-0.184,0.040,3221,3628
4253946,6.287,6.929,5.552,0.553,-0.192,0.135,3234,3940
4253966,5.310,5.933,5.037,0.099,-0.081,-0.049,3243,4061
4253986,6.352,5.923,5.332,-0.057,-0.064,-0.122,3248,4095
4254006,5.957,5.875,5.071,-0.117,-0.042,-0.087,3247,4095
4254026,6.144,5.684,4.676,0.290,-0.018,-0.127,3240,4095
4254046,5.918,7.295,5.109,0.184,-0.022,0.045,3233,4095
4254066,5.145,5.854,4.659,0.063,-0.044,-0.042,3219,4095
4254086,6.510,6.385,4.946,-0.025,-0.072,0.021,3210,4095
4254106,5.710,5.751,4.432,0.045,0.050,-0.025,3205,4095
4254126,5.866,5.732,5.021,0.258,0.100,-0.038,3205,4095
4254146,5.562,6.847,5.361,0.239,0.005,0.103,3204,4095
4254166,5.562,5.459,4.860,0.118,-0.075,0.036,3199,4095
4254186,6.840,6.096,4.645,-0.004,-0.029,0.037,3196,4095
4254206,6.517,5.895,4.405,0.043,0.207,-0.092,3199,4095
4254226,5.555,6.160,4.879,0.055,0.246,-0.053,3197,4095
4254246,5.164,6.194,5.385,-0.020,0.071,0.083,3197,4095
4254266,5.756,5.981,5.265,-0.055,-0.077,0.079,3190,4095
4254286,6.450,5.686,4.829,-0.079,-0.038,-0.027,3186,4095
4254306,6.409,5.741,4.568,0.082,0.171,-0.206,3185,4095
4254326,6.254,5.906,4.460,0.175,0.345,-0.394,3185,4095
4254346,5.272,6.644,4.990,0.050,0.376,-0.343,3189,4095
4254366,4.956,6.682,5.394,-0.137,0.205,-0.113,3192,4081
4254386,5.133,6.232,5.614,-0.264,0.029,0.056,3193,3986
4254406,5.547,5.780,5.665,-0.209,-0.051,0.092,3192,3897
4254426,5.528,5.545,5.499,-0.043,-0.061,0.012,3190,3715
4254446,5.667,5.574,5.282,0.177,-0.068,-0.057,3187,3480
4254466,5.713,5.983,4.899,0.347,0.005,-0.000,3184,3107
4254486,5.669,6.304,4.877,0.359,0.079,0.010,3180,1598
4254506,5.468,6.215,5.203,0.279,0.158,-0.031,3166,0
4254526,5.456,5.758,4.889,0.070,0.258,-0.108,3149,0
4254546,6.057,6.486,4.764,0.026,0.352,-0.224,3126,0
4254566,5.906,6.783,6.048,-0.057,0.182,-0.076,3116,0
4254586,5.531,6.816,5.504,0.038,-0.067,0.142,3118,0
4254606,5.363,6.005,4.642,-0.041,-0.192,0.175,3136,0
4254626,5.449,5.847,5.272,-0.084,-0.092,-0.025,3153,0
4254646,5.485,5.954,5.313,-0.104,-0.041,-0.079,3158,636
4254666,5.595,6.208,5.155,-0.013,-0.012,-0.050,3152,1600
4254686,5.557,6.275,5.171,0.026,-0.013,-0.021,3149,2034
4254706,5.564,6.220,5.339,-0.067,-0.015,-0.022,3138,2452
4254726,5.291,5.887,5.339,-0.079,0.001,-0.036,3135,2495
4254746,5.193,5.629,5.274,0.029,0.005,-0.049,3135,2628
4254766,5.679,6.165,5.124,0.065,-0.013,-0.038,3131,2779
4254786,5.679,6.716,5.370,-0.049,-0.035,0.038,3131,2851
4254806,5.392,5.279,5.150,0.037,0.043,-0.098,3127,2617
4254826,5.669,6.711,5.495,0.048,0.003,0.003,3128,1819
4254846,4.994,5.820,5.447,0.064,-0.001,-0.003,3126,890
4254866,5.720,6.062,5.440,0.164,-0.040,0.044,3129,0
4254886,5.246,6.527,5.432,0.105,-0.047,0.056,3128,0
4254906,5.739,5.748,5.351,0.137,-0.045,-0.026,3125,0
4254926,5.488,7.089,5.423,0.005,-0.081,0.094,3120,0
4254946,5.282,5.358,5.171,-0.006,-0.075,0.026,3120,0
4254966,5.825,6.610,5.341,0.005,-0.081,0.095,3120,0
4254986,5.219,5.413,5.160,0.066,-0.008,-0.028,3119,0
4255006,5.789,6.495,5.411,0.064,-0.043,0.043,3118,0
4255026,5.037,5.756,5.349,0.006,-0.051,-0.019,3118,0
4255046,5.799,5.952,5.121,0.023,-0.059,-0.058,3120,0
4255066,5.236,6.333,5.143,-0.056,-0.020,-0.056,3117,0
4255086,5.758,5.291,5.186,0.054,0.044,-0.158,3114,0
4255106,5.504,7.099,5.507,0.093,0.018,-0.052,3109,0
4255126,5.353,5.708,5.102,0.082,-0.006,-0.038,3108,0
4255146,5.440,6.962,5.507,-0.032,-0.042,0.111,3106,0
4255166,5.222,5.428,5.258,-0.007,0.001,-0.010,3109,0
4255186,5.768,6.926,5.471,-0.027,-0.034,0.093,3105,0
4255206,5.353,5.806,5.253,-0.017,-0.011,0.012,3107,0
4255226,5.516,6.088,5.241,-0.018,-0.004,0.014,3107,0
4255246,5.499,6.175,5.413,-0.064,0.011,-0.010,3106,0
4255266,5.389,5.957,5.543,-0.099,0.002,0.013,3107,0
4255286,5.394,5.976,5.574,-0.036,-0.031,0.020,3106,0
4255306,5.511,6.000,5.476,-0.040,-0.046,0.020,3107,0
4255326,5.547,5.928,5.404,-0.053,-0.027,-0.006,3103,0
4255346,5.435,6.005,5.442,-0.044,-0.001,-0.013,3104,38
4255366,5.306,6.055,5.535,-0.035,-0.012,0.003,3104,442
4255386,5.353,5.966,5.511,0.008,-0.030,0.017,3103,553
4255406,5.385,6.038,5.440,0.045,-0.033,0.034,3104,646
4255426,5.459,5.957,5.437,0.023,-0.033,0.046,3103,714
4255446,5.437,5.918,5.535,0.036,-0.030,0.035,3102,780
4255466,5.363,6.237,5.679,-0.006,-0.083,0.054,3102,670
4255486,5.423,6.093,5.636,-0.109,-0.134,0.100,3102,1168
4255506,5.650,5.734,5.557,-0.059,-0.121,0.077,3103,1188
4255526,5.638,5.823,5.504,0.024,-0.077,0.029,3104,1208
4255546,5.610,5.868,5.476,0.034,-0.050,0.013,3103,1220
4255566,5.626,5.796,5.468,0.021,-0.033,-0.000,3103,1148
4255586,5.559,5.844,5.471,0.022,-0.018,-0.025,3101,1199
4255606,5.514,5.942,5.478,0.035,-0.018,-0.032,3100,1273
4255626,5.476,5.866,5.425,0.013,-0.022,-0.011,3100,1082
4255646,5.442,5.763,5.425,0.072,-0.012,-0.001,3101,975
4255666,5.423,5.784,5.420,0.159,-0.001,-0.006,3101,0
4255686,5.447,5.662,5.511,0.273,0.004,-0.012,3103,0
4255706,5.576,5.871,5.562,0.386,-0.011,-0.033,3103,0
4255726,5.782,6.098,5.444,0.395,-0.017,-0.026,3103,0
4255746,5.799,6.850,5.459,0.394,0.005,-0.022,3103,0
4255766,5.389,6.835,5.368,0.195,0.036,-0.037,3103,0
4255786,5.399,5.502,5.136,0.088,0.046,-0.104,3100,0
4255806,5.653,6.483,5.514,0.002,0.046,-0.021,3097,0
4255826,4.851,5.650,5.349,0.064,0.113,-0.060,3087,0
4255846,5.310,5.483,5.619,0.240,0.108,-0.055,3067,0
4255866,4.513,5.112,6.232,0.501,0.102,-0.151,3037,0
4255886,5.562,5.104,5.665,0.879,0.104,-0.440,3007,0
4255906,6.091,4.338,4.532,1.310,0.298,-0.667,2959,0
4255926,6.651,6.115,4.571,2.236,0.758,-0.755,2894,0
4255946,5.255,6.105,4.166,3.052,1.056,-0.644,2826,0
4255966,3.929,7.630,4.345,3.327,1.033,-0.402,2740,0
4255986,4.223,9.115,3.812,3.605,0.881,-0.276,3013,0
4256006,3.804,8.171,3.359,3.179,0.623,-0.150,4095,0
4256026,4.468,9.000,3.407,3.451,0.537,-0.023,4095,0
4256046,4.918,8.231,2.169,3.487,0.442,-0.070,4095,0
4256066,4.101,9.041,1.832,3.412,0.381,0.126,4095,0
4256086,4.920,9.309,0.929,3.307,0.381,0.093,4095,0
4256106,3.919,8.758,-0.053,2.892,0.327,0.189,4095,0
4256126,4.468,10.001,0.620,2.704,0.390,0.184,4095,0
4256146,4.221,9.359,-0.488,2.117,0.268,0.145,4095,0
4256166,3.946,9.823,-0.421,1.369,0.174,0.203,4095,0
4256186,4.776,9.325,-0.972,0.880,0.102,0.035,4095,0
4256206,4.032,8.732,-0.807,0.277,-0.007,0.104,4095,0
4256226,4.293,8.643,-1.166,0.240,0.040,0.060,4095,0
4256246,4.604,8.681,-1.027,0.147,-0.008,0.044,4095,0
4256266,4.705,8.708,-0.950,-0.012,-0.040,-0.007,4095,0
4256286,4.729,8.636,-0.871,-0.179,-0.038,-0.060,4095,0
4256306,4.635,8.595,-0.833,-0.353,-0.032,-0.084,4095,0
4256326,4.587,8.543,-0.620,-0.373,-0.027,-0.053,4095,0
4256346,4.585,8.487,-0.443,-0.340,-0.031,-0.037,4095,0
4256366,4.614,8.416,-0.345,-0.248,-0.031,-0.036,4095,0
4256386,4.611,8.329,-0.323,-0.129,-0.005,-0.054,4095,0
4256406,4.511,8.574,-0.223,-0.028,0.000,-0.064,4095,0
4256426,4.432,8.938,-0.227,-0.109,-0.029,-0.058,4095,0
4256446,4.381,9.041,-0.206,-0.306,-0.069,-0.051,4095,0
4256466,4.372,9.033,-0.165,-0.478,-0.101,-0.069,4095,0
4256486,4.413,8.871,-0.110,-0.598,-0.126,-0.089,4095,0
4256506,4.465,8.578,-0.036,-0.573,-0.112,-0.097,4095,0
4256526,4.444,8.492,0.029,-0.469,-0.068,-0.091,4095,0
4256546,4.434,8.543,0.237,-0.280,-0.017,-0.059,4095,0
4256566,4.369,8.775,0.414,-0.140,0.009,-0.028,4095,0
4256586,4.374,8.566,0.369,-0.065,0.035,-0.029,4095,0
4256606,4.415,8.277,0.467,0.215,0.094,-0.029,4095,0
4256626,4.379,8.562,0.469,0.597,0.145,0.020,4095,0
4256646,4.312,9.160,0.546,0.747,0.145,0.052,4095,0
4256666,4.259,9.462,0.508,0.519,0.080,0.028,4095,0
4256686,4.223,9.311,0.323,0.139,-0.030,-0.017,4095,0
4256706,4.302,9.069,0.213,-0.086,-0.102,-0.014,4095,0
4256726,4.482,8.715,0.481,-0.090,-0.128,0.006,4095,0
4256746,4.154,8.748,0.385,0.313,0.091,0.030,4095,0
4256766,3.682,8.344,0.192,0.642,0.070,0.107,4095,0
4256786,4.757,8.413,-0.500,1.007,0.097,0.051,4095,0
4256806,4.231,9.620,0.196,0.872,0.128,0.150,4095,0
4256826,4.480,8.064,-0.850,0.841,0.094,0.078,4095,0
4256846,4.413,9.531,-0.022,0.981,0.158,0.137,4095,0
4256866,4.472,8.459,-1.281,0.891,0.051,0.096,4095,0
4256886,4.405,9.498,-0.524,0.677,0.102,0.119,4095,0
4256906,4.678,8.009,-1.542,0.742,0.090,0.063,4095,0
4256926,4.372,9.359,-0.692,0.728,0.166,0.126,4095,0
4256946,4.982,8.610,-1.604,0.851,0.074,0.108,4095,0
4256966,4.202,9.352,-0.788,0.370,0.057,0.137,4095,0
4256986,4.956,8.660,-1.681,0.216,-0.013,0.015,4095,0
4257006,3.982,9.041,-0.939,-0.302,-0.113,0.056,4095,0
4257026,5.291,8.332,-1.626,-0.251,-0.125,-0.060,4095,0
4257046,3.996,8.179,-1.180,-0.464,-0.147,0.014,4095,0
4257066,5.344,8.272,-1.369,-0.068,-0.015,-0.077,4095,0
4257086,3.881,8.030,-1.178,-0.085,-0.041,0.021,4095,0
4257106,5.174,9.136,-0.898,0.196,0.039,-0.044,4095,0
4257126,4.058,8.253,-1.245,-0.119,-0.100,0.015,4095,0
4257146,5.057,9.385,-0.709,-0.164,-0.052,-0.044,4095,0
4257166,4.329,7.776,-1.446,-0.383,-0.146,-0.051,4095,0
4257186,4.755,9.134,-0.524,-0.232,-0.048,-0.062,4095,0
4257206,4.520,7.992,-1.259,-0.131,-0.099,-0.048,4095,0
4257226,4.618,8.552,-1.073,0.032,-0.033,-0.036,4095,0
4257246,4.542,8.636,-0.771,0.066,0.002,-0.029,4095,0
4257266,4.472,8.904,-0.735,-0.023,-0.011,-0.034,4095,0
4257286,4.448,8.916,-0.769,-0.125,-0.051,-0.036,4095,0
4257306,4.501,8.780,-0.792,-0.156,-0.074,-0.025,4095,0
4257326,4.537,8.593,-0.800,-0.086,-0.052,-0.011,4095,0
4257346,4.520,8.590,-0.709,0.031,-0.020,-0.002,4095,0
4257366,4.453,8.734,-0.651,0.080,-0.018,-0.005,4095,0
4257386,4.420,8.815,-0.690,0.032,-0.039,-0.016,4095,0
4257406,4.465,8.734,-0.699,-0.036,-0.066,-0.013,4095,0
4257426,4.530,8.624,-0.702,-0.036,-0.069,-0.022,4095,0
4257446,4.508,8.657,-0.682,-0.007,-0.056,-0.031,4095,0
4257466,4.403,8.720,-0.663,0.026,-0.052,-0.026,4095,0
4257486,4.439,8.760,-0.747,0.052,-0.059,-0.009,4095,0
4257506,4.535,8.736,-0.809,0.063,-0.057,-0.003,4095,0
4257526,4.539,8.717,-0.874,0.059,-0.047,-0.009,4095,0
4257546,4.501,8.772,-0.819,0.055,-0.041,-0.012,4095,0
4257566,4.441,8.835,-0.816,0.035,-0.046,-0.011,4095,0
4257586,4.451,8.784,-0.833,0.018,-0.051,-0.001,4095,0
4257606,4.484,8.693,-0.860,0.029,-0.048,0.004,4095,0
4257626,4.515,8.705,-0.833,0.041,-0.034,0.003,4095,0
4257646,4.448,8.736,-0.776,0.034,-0.023,0.004,4095,0
4257666,4.434,8.722,-0.740,0.018,-0.033,0.004,4095,0
4257686,4.484,8.622,-0.702,0.011,-0.043,0.007,4095,0
4257706,4.559,8.543,-0.745,0.032,-0.046,0.003,4095,0
4257726,4.563,8.593,-0.692,0.051,-0.043,-0.004,4095,0
4257746,4.583,8.696,-0.397,0.018,-0.093,0.014,4095,0
4257766,4.099,9.340,-0.520,0.073,0.009,0.008,4095,0
4257786,3.809,8.545,-0.819,-0.019,-0.069,0.019,4095,0
4257806,5.167,8.638,-1.063,0.138,-0.030,-0.071,4095,0
4257826,3.821,9.067,-0.364,-0.058,-0.042,0.022,4095,0
4257846,5.138,8.610,-1.022,0.140,-0.035,-0.051,4095,0
4257866,3.874,8.844,-0.448,-0.049,-0.066,0.040,4095,0
4257886,5.248,8.715,-1.049,0.167,-0.024,-0.046,4095,0
4257906,3.790,8.657,-0.680,-0.057,-0.067,0.034,3889,0
4257926,5.138,8.997,-0.910,0.151,-0.004,-0.049,3889,0
4257946,3.836,8.327,-0.871,-0.061,-0.074,0.043,4095,0
4257966,5.131,9.131,-0.663,0.152,0.017,-0.033,4095,0
4257986,4.017,8.088,-1.077,-0.027,-0.060,0.020,2454,0
4258006,4.760,9.395,-0.338,0.086,0.024,-0.027,2541,0
4258026,4.178,7.946,-1.164,-0.019,-0.079,-0.005,2447,0
4258046,4.436,9.325,-0.201,0.043,-0.019,0.003,2448,0
4258066,4.685,7.937,-1.350,0.103,-0.076,-0.025,2448,0
4258086,4.025,9.373,-0.333,0.009,-0.023,0.007,2448,0
4258106,4.894,8.502,-1.228,0.104,-0.044,-0.059,2447,0
4258126,3.752,9.019,-0.436,-0.112,-0.061,0.033,2447,0
4258146,5.186,8.696,-1.003,0.128,-0.022,-0.049,2448,0
4258166,3.859,8.375,-0.771,-0.042,-0.070,0.041,2448,0
4258186,5.049,9.306,-0.594,0.165,0.014,-0.040,2450,0
4258206,3.996,8.210,-1.120,-0.038,-0.089,0.018,2453,0
4258226,4.671,9.189,-0.579,0.067,0.000,-0.013,2457,0
4258246,4.561,8.657,-0.678,0.017,-0.029,0.004,2461,0
4258266,4.444,8.861,-0.855,0.033,-0.025,0.002,2460,0
4258286,4.389,8.799,-0.723,0.026,-0.041,0.005,2458,0
4258306,4.401,8.799,-0.706,-0.026,-0.069,0.002,2457,0
4258326,4.432,8.610,-0.745,-0.069,-0.083,-0.007,2459,0
4258346,4.453,8.581,-0.797,-0.063,-0.070,-0.021,2461,0
4258366,4.374,8.792,-0.773,-0.082,-0.063,-0.021,2461,0
4258386,4.360,8.808,-0.747,-0.175,-0.084,-0.028,2461,0
4258406,4.427,8.684,-0.742,-0.219,-0.094,-0.039,2466,0
4258426,4.494,8.545,-0.759,-0.153,-0.078,-0.049,2474,0
4258446,4.451,8.708,-0.670,-0.043,-0.047,-0.038,2482,0
4258466,4.441,8.873,-0.517,0.026,-0.037,-0.024,2500,0
4258486,4.487,8.950,-0.498,0.030,-0.043,-0.026,2512,0
4258506,4.489,9.064,-0.567,-0.047,-0.068,-0.029,2516,0
4258526,4.420,9.237,-0.634,-0.224,-0.115,-0.014,2512,0
4258546,4.403,9.148,-0.649,-0.463,-0.148,-0.017,2511,0
4258566,4.391,8.849,-0.565,-0.621,-0.166,-0.029,2510,0
4258586,4.453,8.574,-0.493,-0.587,-0.152,-0.030,2508,0
4258606,4.520,8.430,-0.338,-0.408,-0.091,-0.017,2505,0
4258626,4.463,8.717,-0.115,-0.283,-0.019,-0.031,2504,0
4258646,4.372,8.641,0.007,-0.112,-0.011,0.004,2501,0
4258666,4.357,8.622,0.077,-0.069,-0.014,-0.004,2503,0
4258686,4.341,8.645,0.160,-0.024,-0.018,-0.009,2503,0
4258706,4.326,8.667,0.165,0.024,-0.026,-0.014,2503,0
4258726,4.326,8.739,0.079,0.055,-0.039,-0.017,2499,0
4258746,4.300,8.830,-0.199,0.132,-0.007,-0.027,2502,0
4258766,4.973,8.593,-0.115,0.134,-0.055,-0.033,2503,0
4258786,4.278,9.586,0.338,0.074,-0.027,0.017,2500,0
4258806,4.063,8.305,-0.510,0.019,-0.102,0.022,2503,0
4258826,4.729,9.536,0.206,0.093,-0.011,-0.002,2516,0
4258846,4.087,8.138,-0.512,-0.009,-0.099,0.032,2502,0
4258866,4.695,9.455,0.311,0.100,-0.002,0.015,2500,0
4258886,4.307,8.059,-0.618,0.043,-0.076,0.018,2501,0
4258906,4.398,9.546,0.373,0.034,0.002,0.011,2501,0
4258926,4.511,8.061,-0.615,0.026,-0.072,-0.007,2503,0
4258946,4.113,9.287,0.488,-0.020,-0.019,0.030,2502,0
4258966,4.853,8.131,-0.534,0.115,-0.054,-0.027,2501,0
4258986,3.819,9.060,0.321,-0.028,-0.043,0.037,2502,0
4259006,5.054,8.521,-0.438,0.148,-0.033,-0.050,2502,0
4259026,3.658,8.712,0.096,-0.076,-0.060,0.027,2502,0
4259046,5.114,8.938,-0.189,0.141,-0.014,-0.062,2504,0
4259066,3.764,8.246,-0.232,-0.056,-0.086,0.019,2504,0
4259086,4.944,9.345,0.045,0.146,0.002,-0.045,2506,0
4259106,4.029,8.174,-0.565,-0.005,-0.078,-0.004,2507,0
4259126,4.513,9.661,0.318,0.044,0.006,-0.022,2505,0
4259146,4.513,8.119,-0.634,0.034,-0.073,-0.021,2506,0
4259166,4.159,9.428,0.453,0.007,-0.014,0.027,2505,0
4259186,4.966,8.380,-0.498,0.152,-0.035,-0.031,2504,0
4259206,3.749,9.084,0.321,-0.053,-0.048,0.042,2504,0
4259226,4.805,8.633,-0.441,0.098,-0.055,-0.033,2506,0
4259246,4.602,8.746,0.086,0.091,-0.082,-0.001,2502,0
4259266,4.369,8.693,-0.175,0.103,0.004,-0.029,2501,0
4259286,4.384,8.756,-0.144,0.001,-0.013,-0.079,2497,0
4259306,4.355,8.708,-0.117,-0.007,-0.013,-0.055,2493,0
4259326,4.334,8.660,-0.077,0.033,-0.021,-0.036,2492,0
4259346,4.290,8.777,-0.077,0.087,-0.011,-0.026,2487,0
4259366,4.243,8.930,-0.026,0.077,-0.027,-0.017,2481,0
4259386,4.252,8.940,-0.036,0.027,-0.058,-0.006,2479,0
4259406,4.310,8.882,-0.053,-0.006,-0.076,-0.003,2470,0
4259426,4.365,8.902,-0.057,0.010,-0.062,-0.006,2462,0
4259446,4.341,8.933,-0.005,-0.006,-0.061,-0.015,2451,0
4259466,4.405,8.959,-0.017,0.021,-0.073,-0.001,2446,0
4259486,4.401,8.976,-0.184,0.026,-0.060,-0.006,2435,0
4259506,4.405,9.060,-0.208,0.000,-0.049,-0.003,2432,0
4259526,4.389,9.098,-0.180,-0.017,-0.043,0.019,2427,0
4259546,4.353,9.050,-0.213,-0.049,-0.033,0.034,2420,0
4259566,4.310,8.990,-0.103,-0.103,-0.038,0.047,2415,0
4259586,4.379,8.861,-0.022,-0.161,-0.074,0.062,4095,0
4259606,4.523,8.650,-0.041,-0.152,-0.072,0.071,4095,0
4259626,4.489,8.492,0.098,-0.158,-0.039,0.032,4095,0
4259646,4.410,8.478,0.213,-0.164,-0.044,-0.014,4095,0
4259666,4.362,8.432,0.115,-0.142,-0.045,-0.016,4095,0
4259686,4.353,8.396,0.108,-0.059,-0.030,-0.001,4095,0
4259706,4.295,8.583,0.127,0.057,-0.013,0.010,4095,0
4259726,4.310,8.837,0.139,0.038,-0.024,0.009,4095,0
4259746,4.393,8.720,-0.045,-0.083,-0.055,-0.008,4095,0
4259766,4.475,8.308,-0.172,-0.110,-0.165,0.008,4095,0
4259786,5.104,8.554,-0.180,0.063,-0.036,-0.057,4095,0
4259806,4.140,9.574,0.551,-0.009,0.018,0.030,4095,0
4259826,4.290,8.686,-0.306,0.058,-0.043,0.019,4095,0
4259846,4.386,10.448,0.366,-0.019,0.105,0.010,4095,0
4259866,4.010,9.376,-0.129,-0.393,-0.061,0.034,4095,0
4259886,4.183,11.317,1.137,-0.611,-0.048,0.102,4095,0
4259906,3.642,10.908,0.093,-1.079,-0.233,0.224,4095,0
4259926,3.723,12.318,2.004,-1.541,-0.321,0.329,2321,0
4259946,3.706,10.803,2.002,-1.987,-0.703,0.430,2311,0
4259966,3.759,12.392,2.344,-2.105,-0.826,0.647,2302,0
4259986,3.563,11.748,1.573,-2.298,-1.004,0.962,2303,0
4260006,3.309,13.709,2.452,-2.854,-1.134,1.336,2305,0
4260026,3.668,12.601,1.420,-3.732,-1.309,1.458,2305,0
4260046,3.876,12.316,1.690,-5.120,-1.568,1.608,2306,0
4260066,4.264,10.290,2.701,-6.251,-2.046,1.712,2302,0
4260086,4.417,6.658,2.952,-7.217,-2.637,1.859,2288,0
4260106,5.040,5.004,4.384,-6.727,-3.073,2.034,2274,0
4260126,5.145,4.942,3.924,-6.536,-3.386,1.951,2269,0
4260146,5.662,1.202,3.342,-6.134,-3.409,1.979,2258,0
4260166,7.743,-1.460,2.866,-4.046,-3.393,1.932,2255,0
4260186,7.786,-2.160,1.688,-2.169,-2.750,1.561,2254,0
4260206,8.538,-0.915,1.264,-0.906,-2.230,1.289,2253,0
4260226,8.056,-1.152,0.939,-0.019,-1.904,0.812,2254,0
4260246,8.147,-0.673,1.927,0.472,-1.802,0.684,2255,0
4260266,8.428,0.903,-0.184,0.605,-1.612,0.599,2255,0
4260286,8.660,2.025,-1.506,0.193,-1.259,0.530,2252,0
4260306,8.906,1.171,-1.537,-0.578,-0.756,0.365,2258,0
4260326,9.036,-0.266,-1.039,-0.869,-0.348,0.200,2265,0
4260346,8.899,0.508,-0.407,-0.827,-0.182,0.146,2266,0
4260366,8.842,1.111,1.944,-1.101,-0.647,0.370,2256,0
4260386,9.876,-0.950,0.943,-1.050,-0.764,0.494,2241,0
4260406,10.068,-1.518,0.204,-0.398,-0.663,0.316,2232,0
4260426,10.257,-1.899,0.101,0.334,-0.313,0.100,2227,0
4260446,9.991,-0.314,0.560,0.993,-0.164,-0.029,2224,0
4260466,9.881,-0.385,2.612,1.131,-0.337,-0.130,2224,0
4260486,9.972,0.931,1.599,1.201,-0.527,-0.116,2224,0
4260506,9.900,2.452,-0.613,0.693,-0.352,-0.086,2217,0
4260526,9.543,1.547,-0.730,-0.032,0.022,-0.058,2210,0
4260546,9.098,1.092,-0.024,-0.324,0.278,0.069,2211,0
4260566,9.364,1.140,0.783,-0.435,0.246,0.285,2211,0
4260586,9.534,0.819,2.715,-0.907,-0.087,0.351,2209,0
4260606,9.799,-1.956,1.599,-0.787,-0.054,0.136,2203,0
4260626,9.584,-1.956,1.681,0.252,0.051,-0.076,2200,0
4260646,9.823,-1.087,0.994,1.197,0.233,-0.228,2200,0
4260666,9.431,0.771,3.338,1.386,0.014,-0.175,2207,0
4270815,1.302,5.708,-9.555,2.885,-1.374,-0.315,2899,0
4272983,2.710,9.256,-1.628,-0.007,-0.054,-0.024,2452,0
4273003,2.811,9.110,-1.733,0.021,-0.055,-0.014,2453,0
4273024,2.756,9.167,-1.755,0.075,-0.032,-0.019,2453,0
4273043,2.717,9.275,-1.714,0.094,-0.011,-0.033,2456,0
4273063,2.686,9.337,-1.695,0.102,-0.001,-0.039,2457,0
4273083,2.720,9.395,-1.604,0.096,-0.016,-0.024,2457,0
4273103,2.761,9.333,-1.662,0.073,-0.040,-0.019,2457,0
4273123,2.758,9.342,-1.690,0.047,-0.055,-0.021,2461,0
4273143,2.698,9.354,-1.664,0.025,-0.071,-0.036,2463,0
4273163,2.758,9.328,-1.750,0.030,-0.083,-0.018,2463,0
4273183,2.813,9.270,-1.808,0.062,-0.071,0.001,2463,0
4273204,2.818,9.325,-1.832,0.065,-0.052,-0.006,2462,0
4273223,2.703,9.335,-1.791,0.022,-0.047,-0.016,2464,0
4273243,2.693,9.261,-1.726,0.026,-0.062,0.000,2463,0
4273263,2.792,9.153,-1.820,0.076,-0.054,0.013,2464,0
4273283,2.758,9.244,-1.851,0.087,-0.023,-0.001,2464,0
4273303,2.684,9.299,-1.793,0.048,-0.007,-0.020,2464,0
4273323,2.660,9.311,-1.671,0.022,-0.021,-0.028,2465,0
4273343,2.658,9.246,-1.678,0.026,-0.046,-0.025,2465,0
4273363,2.703,9.249,-1.748,0.063,-0.049,-0.021,2468,0
4273383,2.761,9.244,-1.798,0.095,-0.019,-0.015,2468,0
4273403,2.725,9.249,-1.750,0.139,0.000,-0.006,2468,0
4273423,2.693,9.328,-1.707,0.169,0.003,0.007,2468,0
4273443,2.684,9.373,-1.695,0.145,-0.014,-0.001,2472,0
4273463,2.674,9.424,-1.767,0.090,-0.042,-0.015,2470,0
4273483,2.674,9.390,-1.856,0.049,-0.062,-0.008,2472,0
4273504,2.744,9.323,-1.903,0.034,-0.060,-0.001,2473,0
4273523,2.751,9.225,-1.879,0.048,-0.046,0.007,2476,0
4273543,2.751,9.187,-1.913,0.091,-0.035,0.014,2478,0
4273563,2.737,9.199,-1.939,0.107,-0.027,0.011,2480,0
4273583,2.761,9.225,-1.956,0.083,-0.023,0.001,2481,0
4273603,2.744,9.158,-1.887,0.053,-0.022,-0.018,2482,0
4273623,2.713,9.105,-1.853,0.046,-0.019,-0.037,2483,0
4273643,2.648,9.179,-1.805,0.079,-0.014,-0.033,2483,0
4273663,2.622,9.254,-1.839,0.107,-0.010,-0.018,2488,0
4273683,2.658,9.239,-1.851,0.106,-0.015,-0.014,2494,0
4273703,2.677,9.306,-1.901,0.097,-0.015,-0.016,2497,0
4273723,2.655,9.330,-1.937,0.058,-0.023,-0.026,2497,0
4273743,2.650,9.318,-1.875,0.046,-0.030,-0.021,2497,0
4273763,2.667,9.299,-1.889,0.064,-0.034,-0.014,2496,0
4273783,2.684,9.299,-1.903,0.073,-0.034,-0.009,2496,0
4273803,2.744,9.316,-1.949,0.075,-0.037,-0.006,2497,0
4273824,2.744,9.328,-1.932,0.056,-0.024,-0.012,2495,0
4273844,2.703,9.366,-1.867,0.031,-0.021,-0.018,2496,0
4273864,2.710,9.354,-1.872,0.031,-0.030,-0.010,2496,0
4273883,2.720,9.345,-2.025,0.039,-0.034,-0.007,2496,0
4273903,2.722,9.428,-1.994,0.025,-0.015,-0.006,2497,0
4273923,2.629,9.357,-1.918,0.022,-0.005,0.002,2499,0
4273943,2.567,9.359,-1.891,0.059,-0.010,0.016,2499,0
4273963,2.638,9.330,-1.899,0.055,-0.020,0.023,2498,0
4273983,2.691,9.256,-1.800,0.010,-0.025,0.014,2497,0
4274004,2.703,9.148,-1.743,0.003,-0.036,0.004,2498,0
4274023,2.679,9.127,-1.817,0.051,-0.045,0.007,2497,0
4274043,2.667,9.208,-1.932,0.070,-0.045,0.003,2498,0
4274063,2.622,9.318,-1.973,0.059,-0.040,-0.001,2499,0
4274083,2.569,9.390,-1.932,0.037,-0.039,0.009,2499,0
4274103,2.638,9.287,-1.932,0.040,-0.050,0.021,2498,0
4274123,2.741,9.189,-1.966,0.060,-0.047,0.023,2499,0
4274143,2.792,9.201,-1.985,0.066,-0.045,0.020,2499,0
4274163,2.825,9.167,-1.982,0.046,-0.049,0.010,2498,0
4274183,2.787,9.165,-1.994,0.040,-0.046,-0.001,2497,0
4274204,2.780,9.191,-1.970,0.051,-0.036,0.005,2497,0
4274223,2.772,9.187,-1.937,0.069,-0.025,0.004,2500,0
4274243,2.777,9.177,-1.937,0.066,-0.017,0.000,2499,0
4274263,2.749,9.218,-1.913,0.048,-0.023,-0.011,2499,0
4274283,2.710,9.251,-1.930,0.034,-0.031,-0.016,2498,0
4274303,2.749,9.249,-1.999,0.037,-0.027,-0.013,2498,0
4274323,2.722,9.246,-1.973,0.046,-0.010,-0.022,2498,0
4274343,2.588,9.383,-1.968,0.056,-0.003,-0.018,2498,0
4274363,2.516,9.639,-2.095,0.048,0.002,-0.009,2497,0
4274383,2.514,9.823,-2.174,0.052,0.015,0.025,2498,0
4274403,2.574,9.871,-2.172,0.064,0.043,0.079,2499,0
4274423,2.373,9.953,-2.109,0.084,0.058,0.134,2497,0
4274443,1.432,11.351,-2.488,0.203,0.062,0.393,2494,0
4274463,0.532,14.937,-2.653,-0.567,-0.289,0.962,2487,0
4274484,0.060,16.044,-3.364,-2.003,-0.729,1.727,2480,0
4274503,-0.098,18.423,-4.274,-3.524,-1.074,2.894,2432,0
4274523,-0.199,17.566,0.555,-5.402,-1.874,4.109,2341,0
4274543,-1.504,19.094,-0.156,-7.439,-2.890,5.209,2282,0
4274564,0.761,18.016,0.608,-8.430,-3.552,6.590,2256,0
4274583,4.324,12.526,1.640,-7.839,-3.373,7.245,2265,0
4274603,5.483,7.889,1.094,-6.827,-2.766,7.264,2287,0
4274623,5.557,3.194,-0.656,-6.081,-2.514,6.655,2319,0
4274643,5.842,-0.223,-0.189,-4.965,-2.459,5.946,2375,0
4274663,6.558,-2.761,-0.769,-3.479,-2.320,4.931,2406,0
4274683,5.176,-4.453,-0.400,-2.196,-2.332,3.595,2402,0
4274703,4.489,-4.367,-1.834,-1.179,-2.286,2.546,2376,0
4274723,4.348,-4.271,-2.279,-0.463,-2.172,1.919,2358,0
4274743,5.365,-4.005,-3.615,-0.092,-1.830,1.527,2347,0
4274763,5.406,-3.182,-4.906,-0.527,-1.215,1.132,2333,0
4274783,5.545,-3.929,-4.951,-1.166,-0.830,0.898,2312,0
4274803,6.718,-4.822,-4.207,-1.198,-0.698,0.828,2296,0
4274823,7.453,-7.286,-3.972,-0.648,-0.546,0.618,2289,0
4274844,7.721,-7.853,-4.034,0.346,-0.395,0.237,2288,0
4274863,8.566,-7.870,-4.307,1.260,-0.271,-0.184,2287,0
4274883,8.473,-6.167,-4.298,1.595,-0.125,-0.567,2288,0
4274903,8.775,-4.954,-3.778,0.980,0.021,-0.718,2298,0
4274923,9.761,-5.040,-4.484,0.177,0.380,-0.915,2296,0
4274943,9.754,-5.497,-4.858,-0.253,0.816,-1.271,2292,0
4274963,9.369,-6.366,-4.513,-0.036,1.140,-1.764,2290,0
4274983,8.710,-7.475,-4.752,0.718,1.499,-2.367,2289,0
4275003,7.324,-7.041,-4.800,1.779,1.884,-3.053,2282,0
4275023,6.871,-6.103,-3.261,2.537,2.053,-3.812,2266,0
4275043,6.816,-5.923,-2.389,3.304,2.297,-4.674,2257,0
4275063,5.782,-4.178,-2.897,3.922,2.736,-5.330,2252,0
4275083,4.039,-2.037,-2.191,4.289,3.117,-5.634,2247,0
4275103,2.569,0.302,-1.604,4.490,3.320,-5.628,2245,0
4275123,0.160,3.189,-1.489,4.797,3.498,-5.576,4095,0
4275144,-2.667,13.099,0.895,4.402,2.916,-4.901,2231,0
4275163,-3.596,18.483,2.950,1.894,1.702,-3.969,2226,0
4275184,-2.267,18.296,3.105,-0.229,0.649,-3.178,2225,0
4275203,0.400,14.427,3.536,0.271,0.242,-2.363,2227,0
4275223,3.134,12.321,3.436,1.673,0.142,-1.553,2226,0
4275243,5.947,13.235,2.073,2.841,0.073,-0.922,2226,0
4275263,6.905,14.047,1.628,1.843,-0.056,-0.577,2234,0
4275283,5.464,13.666,0.124,0.670,0.260,-0.987,2249,0
4275303,4.961,13.575,1.470,-0.663,0.550,-1.290,2253,0
4275323,2.787,11.234,2.193,-0.788,0.640,-1.239,2261,0
4275343,2.868,12.038,3.393,-0.209,0.506,-0.604,2259,0
4275363,2.057,10.791,2.713,0.478,0.384,-0.107,2257,0
4275383,3.505,11.801,3.132,0.910,0.269,0.096,2256,0
4275403,2.911,10.192,2.100,0.423,0.107,0.108,2256,0
4275423,4.298,10.652,2.406,0.030,-0.058,0.140,2256,0
4275443,3.318,8.823,1.865,-0.387,-0.173,0.211,2256,0
4275463,4.243,9.093,1.980,-0.244,-0.169,0.140,2259,0
4275483,3.335,8.090,1.657,-0.458,-0.153,0.166,2261,0
4275503,3.824,8.344,1.595,-0.061,-0.054,0.037,2259,0
4275523,3.572,8.217,1.829,-0.180,-0.051,0.108,2260,0
4275543,3.591,8.171,1.468,0.175,0.018,-0.039,2261,0
4275563,3.998,8.801,1.894,-0.011,-0.063,0.059,2260,0
4275583,3.508,8.219,1.161,0.155,-0.036,-0.066,2259,0
4275603,4.542,9.218,1.798,-0.034,-0.100,0.023,2258,0
4275623,3.440,8.272,1.006,0.041,-0.031,-0.078,2259,0
4275643,4.231,9.160,1.475,0.105,-0.023,-0.047,2261,0
4275663,4.104,8.842,1.611,0.161,-0.015,-0.008,2259,0
4275683,4.082,8.993,1.386,0.224,0.009,0.040,2260,0
4275703,4.113,9.146,1.554,0.149,0.019,0.044,2259,0
4275723,4.015,8.983,1.769,0.030,-0.003,0.029,2258,0
4275743,4.061,8.787,1.760,-0.015,-0.071,0.039,2258,0
4275764,4.164,8.636,1.551,-0.011,-0.100,0.052,2257,0
4275784,4.173,8.540,1.508,0.026,-0.078,0.062,2258,0
4275803,3.958,8.689,1.573,0.075,-0.018,0.042,2258,0
4275823,3.766,8.789,1.587,0.096,0.003,0.010,2257,0
4275843,3.730,8.921,1.604,0.058,-0.025,0.013,2258,0
4275863,3.881,8.751,1.477,-0.010,-0.044,0.017,2258,0
4275883,3.977,8.605,1.551,-0.012,-0.018,0.006,2258,0
4275903,3.931,8.583,1.618,0.046,0.010,-0.002,2258,0
4275923,3.871,8.715,1.599,0.084,0.002,-0.009,2257,0
4275943,3.929,8.873,1.499,0.059,-0.011,-0.007,2258,0
4275963,4.058,8.882,1.635,0.011,-0.006,-0.007,2258,0
4275983,4.085,8.753,1.796,-0.002,0.005,-0.031,2259,0
4276004,4.070,8.748,1.805,0.024,-0.004,-0.045,2261,0
4276023,4.001,8.825,1.719,0.071,-0.022,-0.020,2258,0
4276043,4.003,8.985,1.645,0.077,-0.020,-0.003,2259,0
4276063,3.934,9.017,1.738,0.046,0.006,-0.020,2262,0
4276083,3.886,8.961,1.824,0.051,0.003,-0.029,2263,0
4276103,3.905,8.950,1.757,0.074,-0.020,-0.008,2261,0
4276123,3.960,8.902,1.623,0.066,-0.031,-0.000,2260,0
4276143,3.953,8.894,1.666,0.015,-0.014,-0.023,2259,0
4276163,3.713,8.871,1.836,-0.018,0.035,-0.023,2260,0
4276183,3.503,8.746,1.487,0.012,-0.013,0.027,2259,0
4276203,3.354,8.317,1.190,0.183,-0.010,-0.017,2258,0
4276223,4.575,9.244,1.688,0.211,-0.023,-0.015,2259,0
4276243,3.795,8.724,1.705,-0.041,-0.029,0.050,2258,0
4276263,3.606,8.557,1.322,0.182,0.028,-0.074,2258,0
4276283,4.441,9.392,1.997,-0.025,-0.050,0.046,2259,0
4276303,3.206,8.116,1.319,-0.011,-0.041,-0.007,2260,0
4276323,4.551,9.201,1.877,0.086,-0.080,-0.027,2259,0
4276343,3.582,8.430,1.719,-0.089,-0.099,0.013,2259,0
4276363,4.503,9.091,1.769,0.150,-0.079,-0.070,2262,0
4276384,3.646,8.464,1.911,0.008,-0.119,0.006,2268,0
4276403,3.943,8.511,1.836,0.324,-0.229,-0.162,2284,0
4276423,4.436,8.499,2.294,0.152,-0.328,-0.223,2311,0
4276443,3.929,7.551,1.063,0.587,-0.168,-0.455,2354,0
4276463,4.702,8.507,1.267,0.962,-0.029,-0.368,2407,0
4276483,3.575,7.985,0.316,1.524,0.187,-0.347,2428,0
4276503,4.010,10.233,1.106,1.486,0.189,-0.218,2443,0
4276523,2.588,9.991,0.381,1.049,0.074,-0.241,2483,0
4276543,3.393,11.013,0.256,0.250,-0.094,-0.237,2600,0
4276564,2.413,9.888,0.273,-0.421,-0.224,-0.177,2710,0
4276583,3.723,10.645,1.803,-0.655,-0.629,-0.154,2860,0
4276603,3.627,8.622,0.625,-0.911,-0.882,-0.033,3022,0
4276623,4.357,7.762,-0.457,-0.388,-0.678,-0.175,3141,0
4276643,4.379,6.014,0.833,0.504,-0.332,-0.115,3220,0
4276663,3.699,6.086,0.620,2.084,-0.004,-0.271,3263,0
4276683,3.021,8.660,-0.615,2.580,0.178,-0.374,3301,0
4276703,3.048,10.970,-0.838,1.972,0.313,-0.457,3313,1823
4276723,3.335,10.460,-0.792,0.865,0.310,-0.509,3322,3022
4276743,3.010,9.237,-0.965,0.515,0.273,-0.553,3328,3040
4276763,2.875,9.931,-1.384,0.586,0.301,-0.466,3328,3353
4276783,2.986,10.130,-1.611,0.580,0.382,-0.334,3325,3580
4276804,3.134,10.994,-1.719,0.485,0.386,-0.193,3320,3716
4276823,3.108,12.225,-1.935,-0.142,0.409,-0.110,3312,3893
4276843,2.897,13.075,-1.973,-1.187,0.284,-0.032,3311,3999
4276863,2.763,15.617,-2.780,-3.110,-0.041,0.301,3306,4014
4276883,2.598,16.101,-3.675,-5.883,-0.345,0.790,3293,3988
4276903,2.950,15.763,-5.657,-8.731,-0.386,1.209,3283,3920
4276923,3.364,14.530,-8.698,-8.731,-0.366,1.639,3276,3858
4276943,3.227,8.959,-10.704,-8.731,0.147,1.954,3269,3781
4276963,3.567,-6.950,-6.323,-8.731,1.145,1.800,3263,3944
4276983,3.682,-17.911,6.795,-8.731,1.994,0.242,3260,4008
4277003,0.802,-7.719,12.091,-4.302,1.914,0.669,3253,4029
4277023,-0.101,-1.247,11.653,-1.649,1.532,1.935,3248,3999
4277043,0.857,-6.378,11.746,-2.121,0.919,1.464,3246,3989
4277063,1.848,-7.104,11.779,-1.337,0.552,0.598,3242,3954
4277083,2.164,-3.749,10.053,-1.095,0.108,0.076,3239,3956
4277103,2.717,-3.953,8.897,-1.211,-0.146,-0.095,3238,3991
4277123,2.986,-4.839,8.734,-0.366,-0.142,-0.112,3234,3995
4277143,2.691,-2.497,8.399,0.489,-0.165,-0.075,3232,3960
4277163,2.643,-0.989,8.102,0.117,-0.305,-0.068,3231,3920
4277183,3.055,-2.363,8.274,-0.063,-0.283,-0.163,3229,3893
4277203,2.775,-1.472,8.023,0.309,-0.037,-0.197,3226,3899
4277223,2.629,-1.470,8.090,0.584,0.141,-0.209,3221,3871
4277243,2.586,-1.283,8.847,0.419,0.128,-0.123,3223,3849
4277263,2.234,-0.606,9.318,0.139,0.011,-0.075,3220,3816
4277283,1.966,-0.139,9.139,0.139,-0.034,-0.065,3221,3830
4277303,2.100,-1.441,9.084,0.110,0.047,-0.012,3219,3857
4277324,2.409,-1.626,9.871,0.110,0.108,0.121,3217,3855
4277343,2.332,-0.905,9.867,0.224,-0.003,0.142,3216,3834
4277363,2.686,-2.136,9.237,0.201,-0.135,0.032,3216,3801
4277383,3.232,-2.358,9.371,0.124,-0.017,-0.000,3215,3825
4277404,2.591,-0.603,9.464,0.114,0.048,-0.002,3213,3843
4277423,2.344,-1.262,9.072,0.210,-0.044,-0.034,3213,3854
4277443,2.907,-2.416,9.112,0.250,-0.037,0.011,3210,3865
4277463,2.679,-1.018,9.385,0.222,0.044,0.091,3211,3860
4277483,2.066,-0.280,9.091,0.106,0.036,0.060,3209,3857
4277503,2.442,-2.598,9.297,0.006,0.043,0.010,3207,3858
4277523,2.749,-2.284,9.840,0.188,0.078,0.081,3208,3860
4277543,2.375,-0.201,9.392,0.237,-0.010,0.100,3205,3849
4277563,2.454,-1.889,9.038,0.010,-0.068,-0.005,3205,3857
4277583,2.811,-2.595,9.531,0.039,0.044,-0.061,3205,3873
4277604,2.327,-0.395,9.668,0.129,0.076,0.006,3205,3872
4277623,2.054,-0.611,9.210,0.206,-0.033,0.044,3203,3870
4277643,2.212,-1.482,9.378,0.103,-0.067,0.088,3204,3880
4277663,2.334,-1.396,9.459,0.035,-0.045,0.036,3205,3884
4277683,2.452,-1.168,9.436,-0.020,-0.041,0.024,3202,3876
4277703,2.574,-1.398,9.402,-0.008,-0.068,0.059,3202,3878
4277723,2.595,-1.714,9.385,0.098,-0.025,0.074,3201,3882
4277743,2.562,-1.396,9.318,0.192,0.031,0.054,3201,3877
4277763,2.516,-1.015,9.280,0.116,0.016,0.055,3202,3869
4277783,2.430,-1.171,9.275,0.062,-0.044,0.053,3200,3860
4277803,2.375,-1.188,9.242,0.060,-0.069,0.050,3200,3843
4277823,2.519,-1.113,9.165,0.030,-0.021,0.027,3200,3826
4277844,2.526,-1.082,9.239,-0.032,0.033,0.039,3200,3813
4277863,2.449,-1.202,9.342,0.008,0.035,0.070,3199,3792
4277883,2.485,-1.650,9.505,0.061,0.023,0.075,3200,3790
4277903,2.533,-1.525,9.567,0.098,-0.029,0.041,3199,3780
4277923,2.595,-1.437,9.507,-0.015,-0.093,0.006,3198,3797
4277943,2.641,-1.927,9.488,0.003,-0.066,-0.028,3199,3808
4277963,2.449,-1.712,9.412,0.177,0.024,-0.036,3197,3807
4277983,2.303,-1.219,9.424,0.220,0.023,-0.031,3196,3764
4278003,2.320,-1.013,9.352,0.175,-0.070,-0.023,3196,3714
4278023,2.389,-0.991,9.215,0.070,-0.142,-0.002,3193,3698
4278043,2.516,-1.214,9.141,0.037,-0.117,-0.005,3193,3714
4278063,2.557,-1.077,9.064,0.055,-0.004,-0.016,3193,3766
4278083,2.433,-1.063,9.230,0.033,0.038,0.003,3191,3810
4278103,2.363,-1.302,9.404,0.077,-0.009,0.033,3192,3827
4278124,2.286,-1.199,9.505,0.073,-0.045,0.019,3191,3841
4278143,2.430,-1.259,9.553,0.039,-0.037,-0.014,3192,3842
4278163,2.444,-1.123,9.491,0.082,-0.015,-0.000,3187,3835
4278183,2.574,-1.123,9.488,0.079,0.025,0.023,3187,3833
4278203,2.614,-1.717,9.665,0.124,0.046,0.022,3185,3827
4278223,2.464,-0.936,9.792,0.127,0.018,0.054,3187,3832
4278243,2.248,-0.098,9.436,0.072,-0.084,0.041,3185,3830
