4061686,2.662,8.744,4.403,0.209,-0.269,-0.104,2390,0
4061706,2.653,8.736,4.31,0.083,-0.248,-0.076,2388,0
4061726,2.847,8.485,4.183,0.019,-0.252,-0.072,2388,0
4061746,2.751,8.547,4.029,0.033,-0.224,-0.054,2387,0
4061766,2.459,8.559,4.001,0.04,-0.168,-0.006,2387,0
4061786,2.339,8.301,4.116,0.081,-0.128,0.056,2388,0
4061806,2.629,7.994,4.204,0.186,-0.13,0.085,2388,0
4061826,2.919,7.961,4.3,0.296,-0.117,0.066,2387,0
4061846,2.753,8.435,4.434,0.32,-0.105,0.064,2389,0
4061866,2.514,8.6,4.355,0.132,-0.122,0.072,2387,0
4061886,2.665,8.21,4.355,-0.011,-0.146,0.059,2390,0
4061906,2.806,8.073,4.293,-0.04,-0.111,0.023,2389,0
4061926,2.643,8.126,4.401,0.001,-0.046,0.007,2390,0
4061946,2.373,8.236,4.611,0.059,-0.007,0.031,2390,0
4061966,2.533,8.265,4.731,0.044,-0.017,0.046,2392,0
4061986,2.828,8.145,4.863,-0.016,-0.046,-0.014,2390,0
4062006,2.763,8.226,4.891,-0.029,-0.072,-0.054,2391,0
4062026,2.727,8.365,4.899,0.014,-0.096,-0.03,2390,0
4062046,2.753,8.473,4.891,0.032,-0.099,-0.028,2391,0
4062066,2.689,8.593,4.839,0.009,-0.092,-0.04,2392,0
4062086,2.246,8.672,4.75,-0.027,-0.085,-0.009,2392,0
4062106,1.923,8.593,4.671,-0.006,-0.1,0.06,2390,0
4062126,2.073,8.375,4.568,0.028,-0.1,0.109,2393,0
4062146,2.38,8.176,4.513,0.046,-0.087,0.12,2394,0
4062166,2.581,8.004,4.42,0.043,-0.077,0.1,2393,0
4062186,2.468,7.875,4.458,0.02,-0.052,0.085,2394,0
4062206,2.466,7.673,4.635,-0.025,-0.047,0.084,2395,0
4062226,2.583,7.594,4.736,-0.085,-0.056,0.051,2395,0
4062246,2.543,7.372,4.93,-0.052,-0.077,0.0,2398,0
4062266,2.492,7.338,4.958,0.091,-0.102,-0.028,2401,0
4062286,2.535,7.609,4.843,0.25,-0.12,-0.031,2406,0
4062306,2.605,8.083,4.59,0.301,-0.11,-0.023,2415,0
4062326,2.382,8.322,4.721,0.215,-0.087,0.002,2416,0
4062346,2.131,8.255,5.045,0.15,-0.077,0.032,2460,0
4062366,2.413,8.109,5.313,0.189,-0.112,0.024,2445,0
4062386,2.404,8.282,5.495,0.325,-0.186,0.0,2481,0
4062406,2.1,8.796,5.368,0.45,-0.271,0.04,2424,0
4062426,1.64,9.163,5.519,0.457,-0.359,0.151,2426,0
4062446,1.53,8.863,5.337,0.407,-0.45,0.259,2429,0
4062466,1.973,8.533,5.203,0.319,-0.507,0.317,2434,0
4062486,1.841,8.234,5.174,0.213,-0.491,0.335,2490,0
4062506,1.776,7.719,5.239,0.147,-0.475,0.334,2487,0
4062526,2.337,7.594,5.298,0.181,-0.564,0.249,2430,0
4062546,2.562,8.167,4.934,0.18,-0.617,0.13,2432,0
4062566,2.48,8.751,4.772,0.117,-0.629,0.099,2432,0
4062586,2.265,9.029,4.743,-0.011,-0.63,0.162,2480,0
4062606,2.373,8.818,4.843,-0.16,-0.653,0.207,2434,0
4062626,2.851,8.44,4.927,-0.256,-0.692,0.186,2435,0
4062646,3.287,8.325,4.889,-0.273,-0.683,0.146,2436,0
4062666,3.481,8.272,4.934,-0.268,-0.665,0.148,2435,0
4062686,3.646,8.095,4.846,-0.314,-0.675,0.148,2438,0
4062706,3.919,8.071,4.683,-0.355,-0.75,0.115,2440,0
4062726,4.705,8.373,4.35,-0.476,-0.877,0.038,2446,0
4062746,5.315,8.344,3.915,-0.681,-0.966,-0.055,2448,0
4062766,5.521,8.186,3.613,-0.764,-1.0,-0.085,2451,0
4062786,5.564,7.87,3.203,-0.68,-0.988,-0.072,2467,0
4062806,5.595,7.884,2.878,-0.515,-0.909,-0.071,2485,0
4062826,5.928,8.329,2.938,-0.392,-0.838,-0.088,2497,0
4062846,6.009,8.471,3.175,-0.369,-0.798,-0.095,2498,0
4062866,5.684,8.504,3.122,-0.298,-0.855,-0.082,2497,0
4062886,5.318,8.859,3.045,-0.322,-0.915,-0.014,2495,0
4062906,5.399,8.794,3.108,-0.487,-0.99,0.006,2506,0
4062926,5.195,8.454,3.057,-0.575,-1.031,-0.025,2527,0
4062946,4.664,8.384,2.883,-0.548,-1.047,-0.0,2547,0
4062966,3.886,8.231,2.523,-0.554,-1.017,0.049,2563,0
4062986,3.136,7.697,2.411,-0.438,-0.946,0.091,2598,0
4063006,3.637,7.175,2.507,-0.136,-0.945,0.131,2623,0
4063026,4.609,7.252,2.251,0.026,-0.883,0.128,2654,0
4063046,5.085,6.974,2.009,-0.004,-0.752,0.112,2687,0
4063066,5.349,6.213,2.375,-0.016,-0.653,0.079,2722,0
4063086,5.294,5.65,2.94,0.072,-0.64,0.025,2752,0
4063106,5.14,5.641,3.139,0.109,-0.686,-0.055,2772,0
4063126,4.702,5.851,3.227,0.039,-0.701,-0.126,2787,0
4063146,3.965,5.775,3.452,-0.046,-0.699,-0.252,2823,0
4063166,3.575,5.751,3.972,-0.098,-0.717,-0.334,2862,0
4063186,3.311,5.2,4.458,-0.001,-0.685,-0.428,2877,0
4063206,2.782,4.99,4.436,0.404,-0.676,-0.568,2891,0
4063226,2.406,5.839,3.807,0.988,-0.767,-0.624,2901,0
4063246,2.689,8.088,2.342,1.167,-0.907,-0.605,2920,0
4063266,3.251,9.787,0.692,0.67,-0.812,-0.571,2943,0
4063286,3.658,10.254,0.318,-0.082,-0.424,-0.566,2958,0
4063306,4.922,9.12,1.702,-0.523,0.022,-0.497,2955,0
4063326,5.227,7.817,3.718,-0.386,0.265,-0.455,2943,0
4063346,4.954,7.64,4.772,0.063,0.148,-0.453,2927,0
4063366,4.973,8.782,4.35,0.4,-0.148,-0.401,2919,0
4063386,5.672,10.048,3.972,0.288,-0.332,-0.289,2915,0
4063406,6.019,9.888,4.178,-0.07,-0.386,-0.206,2910,0
4063426,6.543,8.916,4.058,-0.285,-0.585,-0.159,2909,0
4063446,6.768,7.93,3.136,-0.084,-0.648,-0.143,2920,0
4063466,6.675,8.061,2.251,0.293,-0.55,-0.175,2927,0
4063486,6.378,9.153,1.683,0.471,-0.4,-0.172,2928,0
4063506,5.753,10.048,1.592,0.372,-0.295,-0.149,2923,0
4063526,5.27,10.302,1.513,0.235,-0.302,-0.102,2920,0
4063546,5.145,10.221,1.094,0.181,-0.364,-0.017,2925,0
4063566,4.803,10.008,0.843,0.251,-0.37,0.133,2947,0
4063586,4.817,9.972,0.826,0.393,-0.435,0.333,2973,0
4063606,4.745,9.893,0.654,0.393,-0.341,0.488,2992,0
4063626,4.673,9.376,0.596,0.435,-0.173,0.635,2999,0
4063646,4.855,9.026,0.927,0.557,-0.139,0.78,3016,0
4063666,5.073,8.705,0.591,0.609,-0.153,0.833,3024,0
4063686,4.903,8.715,0.599,0.488,-0.144,0.843,3035,0
4063706,4.994,8.375,0.323,0.218,-0.174,0.917,3046,0
4063726,5.746,8.116,0.826,0.009,-0.169,0.842,3052,0
4063746,6.266,7.827,1.444,-0.266,-0.276,0.911,3054,0
4063766,5.827,7.027,1.109,-0.153,-0.322,0.934,3065,0
4063786,6.431,7.693,1.635,-0.07,-0.315,0.859,3086,0
4063806,6.213,7.393,1.753,-0.219,-0.274,0.883,3095,0
4063826,6.144,6.551,1.757,-0.011,-0.218,0.717,3101,0
4063846,7.099,6.977,2.547,-0.007,-0.317,0.714,3105,0
4063866,6.488,6.34,2.04,0.095,-0.387,0.677,3111,0
4063886,7.298,6.452,1.935,0.131,-0.402,0.563,3117,0
4063906,7.235,6.232,2.346,-0.027,-0.347,0.515,3115,0
4063926,6.838,5.289,1.674,0.2,-0.281,0.289,3107,0
4063946,7.374,6.328,2.109,0.321,-0.328,0.307,3092,0
4063966,6.766,5.751,1.403,0.417,-0.327,0.301,3079,0
4063986,7.408,5.674,1.132,0.597,-0.297,0.145,3067,0
4064006,7.367,5.715,1.353,0.506,-0.353,0.173,3065,0
4064026,6.831,4.741,0.304,0.683,-0.265,-0.007,3062,0
4064046,7.317,5.545,0.694,0.547,-0.239,-0.075,3059,0
4064066,6.213,5.222,0.448,0.293,-0.181,-0.179,3055,0
4064086,6.256,5.729,0.522,0.31,-0.191,-0.376,3048,0
4064106,5.995,5.693,0.543,0.101,-0.373,-0.278,3042,0
4064126,6.328,5.229,-0.33,0.337,-0.389,-0.383,3041,0
4064146,6.924,5.813,0.101,0.437,-0.349,-0.41,3040,0
4064166,6.488,5.298,-0.548,0.713,-0.199,-0.557,3043,0
4064186,6.378,6.457,-0.527,1.021,-0.091,-0.635,3043,0
4064206,6.639,6.986,-0.529,1.122,-0.081,-0.625,3040,0
4064226,6.816,7.108,-0.697,1.114,-0.135,-0.567,3037,0
4064246,7.051,6.953,-0.958,1.022,-0.175,-0.545,3037,0
4064266,7.278,6.328,-1.032,0.901,-0.148,-0.609,3037,0
4064286,7.147,6.055,-1.013,0.971,-0.097,-0.685,3039,0
4064306,6.563,6.139,-1.211,1.11,-0.05,-0.768,3043,0
4064326,5.77,5.839,-1.741,1.428,0.019,-0.782,3049,0
4064346,5.095,8.248,-1.97,1.354,-0.051,-0.884,3056,0
4064366,5.167,9.57,-2.31,1.3,-0.167,-0.699,3087,0
4064386,4.554,11.234,-3.117,0.91,-0.315,-0.389,3128,0
4064406,4.302,13.427,-3.73,-0.543,-0.607,-0.08,3158,0
4064426,5.04,12.311,-3.941,-2.612,-0.852,0.031,3170,0
4064446,5.607,10.551,-3.601,-3.938,-0.844,0.0,3166,0
4064466,5.567,11.535,-3.428,-4.92,-0.891,0.226,3160,1981
4064486,5.253,11.001,-2.658,-6.057,-0.939,0.449,3150,2401
4064506,5.303,9.989,-1.731,-6.939,-0.941,0.559,3138,2378
4064526,5.787,10.137,-1.18,-7.544,-1.104,0.899,3130,2529
4064546,5.717,9.618,-0.443,-8.285,-1.095,1.231,3125,2408
4064566,6.074,6.776,0.05,-8.731,-1.032,1.657,3119,2649
4064586,6.929,0.632,2.468,-8.366,-0.776,1.552,3112,2603
4064606,7.156,-3.077,5.748,-5.923,-0.23,0.862,3098,2629
4064626,6.488,-2.672,8.004,-2.614,-0.035,0.562,3089,2618
4064646,6.412,-0.828,8.246,-0.027,-0.168,0.697,3082,2595
4064666,6.914,2.025,7.077,0.933,-0.385,0.722,3068,2524
4064686,7.594,2.059,6.273,0.511,-0.431,0.444,3066,2352
4064706,7.968,0.488,5.904,0.686,-0.341,0.128,3062,2282
4064726,8.195,-2.116,5.418,2.121,-0.102,-0.094,3061,2262
4064746,7.887,-4.796,4.381,4.727,0.277,-0.371,3058,2143
4064766,8.08,-4.389,2.746,7.817,0.653,-0.47,3057,1633
4064786,7.994,-5.722,0.041,8.731,1.126,-0.914,3055,445
4064806,7.542,-5.502,-5.954,8.731,2.142,-1.844,3054,53
4064826,5.31,1.513,-15.036,8.731,3.03,-1.928,3050,140
4064846,4.654,13.896,-19.46,8.731,2.663,-0.394,3048,1319
4064866,1.702,26.489,-11.617,8.731,0.747,1.103,3047,1721
4064886,2.753,23.705,-6.503,1.692,-0.659,0.358,3047,1666
4064906,6.12,6.615,-7.877,-3.907,-1.425,-0.859,3048,1946
4064926,7.985,-0.01,-7.159,-1.685,-0.75,-0.918,3045,1525
4064946,7.118,4.041,-7.532,1.303,0.159,-0.054,3045,0
4064966,6.416,9.543,-6.536,1.889,0.666,0.45,3043,0
4064986,5.1,10.946,-5.473,-0.438,0.392,0.286,3042,326
4065006,5.567,9.922,-4.503,-2.499,0.073,-0.09,3041,0
4065026,5.368,8.277,-4.08,-3.904,-0.32,-0.007,3041,0
4065046,5.593,5.672,-3.618,-3.903,-0.416,-0.062,3039,0
4065066,5.045,5.447,-3.409,-3.017,-0.487,-0.032,3038,0
4065086,6.27,7.266,-3.077,-1.982,-0.377,0.099,3034,0
4065106,5.454,9.419,-3.57,-2.123,-0.446,0.568,3037,0
4065126,5.923,10.688,-2.768,-3.167,-0.586,0.801,3034,0
4065146,5.974,7.954,-3.086,-4.466,-0.686,0.733,3037,0
4065166,6.828,4.987,-2.155,-4.198,-0.465,0.13,3041,0
4065186,7.24,3.998,-0.862,-3.383,-0.19,-0.316,3027,0
4065206,6.754,4.623,-0.397,-2.06,0.126,-0.243,3012,0
4065226,6.191,5.241,0.199,-0.72,0.291,0.123,2996,0
4065246,6.155,6.172,0.5,0.136,0.288,0.372,2987,0
4065266,6.302,6.594,0.752,0.321,0.219,0.295,2977,0
4065286,6.263,7.19,0.879,0.221,0.144,0.013,2962,0
4065306,6.053,8.576,0.737,-0.342,-0.075,-0.163,2953,0
4065326,6.088,8.258,0.709,-1.117,-0.325,-0.181,2938,0
4065346,6.27,7.065,0.285,-1.379,-0.395,-0.279,2925,0
4065366,6.419,6.294,0.158,-0.949,-0.235,-0.429,2915,0
4065386,6.591,6.689,0.242,-0.154,0.01,-0.366,2910,0
4065406,6.51,6.761,0.342,0.695,0.283,-0.156,2905,0
4065426,6.148,7.108,0.275,1.448,0.471,0.024,2895,0
4065446,5.758,8.001,0.18,1.892,0.574,0.145,2874,0
4065466,5.624,8.983,0.352,1.834,0.54,0.211,2872,0
4065486,5.315,9.653,0.385,1.324,0.324,0.281,2816,0
4065506,5.195,9.783,0.093,0.398,-0.013,0.297,2768,0
4065526,5.832,9.045,-0.034,-0.697,-0.26,0.195,2694,0
4065546,6.723,7.46,0.718,-1.524,-0.389,0.035,2608,0
4065566,7.523,6.088,1.448,-1.546,-0.475,-0.076,2552,0
4065586,7.561,4.911,1.815,-0.948,-0.467,-0.182,2500,0
4065606,6.905,5.157,1.935,0.058,-0.409,-0.255,2462,0
4065626,5.461,8.104,1.726,0.836,-0.498,-0.185,2436,0
4065646,4.87,10.02,0.953,0.46,-0.795,-0.088,2416,0
4065666,4.769,9.986,-0.007,-0.287,-0.972,-0.049,2407,0
4065686,4.942,8.669,-0.831,-0.68,-1.052,-0.035,2395,0
4065706,5.16,7.137,-1.214,-0.543,-1.025,0.01,2388,0
4065726,5.222,6.761,-1.238,0.005,-0.832,0.035,2384,0
4065746,5.025,6.527,-0.881,0.337,-0.644,0.171,2386,0
4065766,3.757,5.255,-2.128,0.648,-0.453,0.144,2385,0
4065786,5.064,6.378,-1.422,0.62,-0.314,0.018,2388,0
4065806,3.824,5.301,-2.143,0.206,-0.263,-0.165,2394,0
4065826,5.423,5.65,-1.635,0.307,-0.243,-0.438,2410,0
4065846,5.825,5.361,-2.102,0.186,-0.293,-0.463,2433,0
4065866,7.767,7.173,-2.33,0.527,-0.149,-0.577,2462,0
4065886,7.75,8.775,-2.425,-0.091,-0.05,-0.469,2484,0
4065906,8.614,9.222,-2.404,-0.357,0.126,-0.564,2486,0
4065926,7.863,8.772,-1.832,-0.617,0.221,-0.517,2487,0
4065946,7.487,9.515,-1.537,-0.037,0.294,-0.545,2495,0
4065966,6.323,10.764,-1.173,-0.233,0.155,-0.143,2515,0
4065986,6.29,10.997,-1.104,-0.357,0.18,0.005,2550,0
4066006,5.715,9.412,0.06,-0.784,0.25,0.14,2559,0
4066026,6.206,9.127,0.735,-0.465,0.18,0.047,2559,0
4066046,5.725,8.107,2.14,-0.489,0.076,0.339,4095,0
4066066,6.831,8.83,2.277,-0.44,0.025,0.454,4095,0
4066086,5.136,8.088,1.312,-0.708,0.166,-0.023,2570,0
4066106,5.691,8.322,1.748,-1.025,0.18,-0.298,2594,0
4066126,4.489,8.176,0.747,-1.183,-0.115,-0.196,2611,0
4066146,6.776,9.029,1.243,-1.638,-0.344,0.013,2638,0
4066166,6.981,7.721,0.407,-1.933,-0.146,-0.183,2667,0
4066186,7.12,7.671,1.832,-2.078,-0.102,-0.108,2688,0
4066206,7.252,8.801,2.31,-2.557,-0.219,0.027,2745,0
4066226,7.197,7.592,2.583,-2.903,-0.535,0.212,2808,0
4066246,7.558,7.075,2.461,-3.102,-0.617,0.15,2863,0
4066266,6.63,8.004,2.246,-3.562,-0.402,0.187,2925,0
4066286,7.116,8.121,3.383,-3.896,0.444,0.725,2981,0
4066306,5.25,8.133,4.652,-4.16,0.265,0.644,3027,0
4066326,5.411,6.938,5.284,-3.662,0.287,0.674,3063,0
4066346,6.359,6.127,6.246,-2.714,0.228,0.788,3087,0
4066366,8.576,5.775,6.572,-1.632,0.184,0.984,3087,0
4066386,8.59,4.951,5.952,-1.266,0.278,1.034,3083,0
4066406,5.164,6.424,3.11,-1.252,0.24,0.94,3087,0
4066426,8.384,3.302,4.475,-1.506,0.306,1.145,3114,0
4066446,8.131,2.516,5.301,-1.459,0.762,0.521,3136,0
4066466,7.927,4.348,5.198,-1.057,0.887,0.206,3140,0
4066486,7.463,6.572,4.468,-1.235,0.941,0.023,3134,0
4066506,6.342,6.244,5.116,-1.93,0.899,-0.004,3121,0
4066526,5.59,3.895,5.485,-1.857,0.626,0.212,3120,0
4066546,4.87,2.749,5.255,-1.302,0.36,0.264,3138,1690
4066566,3.627,4.345,4.831,-1.225,0.183,0.306,3149,1856
4066586,2.473,4.228,5.018,-1.836,0.2,0.199,3145,1868
4066606,1.314,1.64,6.029,-1.92,0.31,-0.132,3136,1911
4066626,-0.113,1.489,7.087,-1.093,0.109,-0.217,3128,1961
4066646,-0.919,1.58,7.276,-0.521,-0.216,-0.192,3137,2021
4066666,-0.814,1.841,7.18,-0.167,-0.383,-0.213,3148,2010
4066686,0.048,2.145,6.78,-0.112,-0.48,-0.282,3146,2009
4066706,1.384,0.871,6.218,-0.244,-0.476,-0.426,3154,2126
4066726,2.614,-0.438,6.115,0.113,-0.298,-0.508,3164,2169
4066746,2.897,-1.63,7.475,0.613,0.003,-0.53,3168,2444
4066766,4.211,-2.679,8.662,1.216,-0.007,-0.817,3161,2795
4066786,4.887,-5.476,9.141,2.326,0.058,-1.649,3159,3112
4066806,6.29,-9.414,8.736,5.284,0.794,-3.0,3155,3281
4066826,9.819,-9.093,2.267,8.731,1.96,-3.457,3156,3465
4066846,10.704,-7.192,-6.498,8.731,4.251,-2.887,3152,3659
4066866,6.1,2.03,-18.466,8.731,6.092,-1.427,3127,3747
4066886,1.863,17.083,-20.377,8.731,4.31,0.394,3115,3841
4066906,1.513,32.508,-11.351,8.731,0.479,1.558,3124,3932
4066926,1.939,25.426,-6.443,3.26,-1.605,0.702,3131,4009
4066946,5.504,7.678,-10.707,-1.205,-1.523,-0.82,3139,4045
4066966,5.521,7.058,-11.334,-0.147,-1.169,0.047,3134,3972
4066986,4.07,11.399,-11.085,-0.567,-0.518,0.451,3127,3892
4067006,1.475,12.112,-10.302,-2.298,-0.29,0.269,3127,3662
4067026,1.683,11.377,-7.726,-4.16,-0.75,0.395,3126,3450
4067046,2.591,10.099,-6.144,-5.516,-1.272,0.739,3126,3383
4067066,3.757,7.8,-5.914,-5.926,-1.439,0.772,3125,3137
4067086,4.851,7.02,-4.796,-5.708,-1.274,0.78,3125,2795
4067106,3.828,6.503,-4.35,-5.21,-0.865,0.617,3126,16
4067126,4.015,7.575,-2.895,-4.584,-0.644,0.477,3123,0
4067146,3.203,8.475,-2.116,-4.615,-0.55,0.515,3114,0
4067166,3.694,9.021,-0.958,-4.864,-0.44,0.239,3088,0
4067186,3.709,7.681,1.211,-4.794,-0.489,0.249,3050,0
4067206,4.175,6.421,1.975,-4.124,-0.548,0.196,3013,0
4067226,4.623,6.433,2.995,-3.253,-0.566,0.276,2988,0
4067246,4.494,7.606,3.215,-2.623,-0.67,0.416,2971,0
4067266,4.568,8.068,2.806,-2.803,-0.496,0.283,2961,0
4067286,4.664,7.341,3.464,-2.592,-0.361,0.28,2960,0
4067306,4.219,7.389,4.587,-2.582,-0.246,0.215,2951,0
4067326,3.907,8.327,5.047,-2.721,-0.495,0.435,2940,0
4067346,4.219,6.574,5.373,-2.745,-0.705,0.631,2935,0
4067366,5.138,5.076,5.425,-2.344,-0.553,0.428,2938,0
4067386,5.432,4.676,5.818,-1.487,-0.277,0.209,2942,0
4067406,5.205,5.581,5.895,-0.74,-0.046,0.205,2956,0
4067426,4.75,6.826,6.024,-0.565,-0.019,0.328,2973,0
4067446,4.602,6.706,6.187,-0.918,-0.086,0.412,2983,0
4067466,4.863,5.253,6.462,-1.091,-0.145,0.379,2991,0
4067486,5.001,4.913,6.761,-1.164,-0.176,0.179,3008,0
4067506,5.16,6.158,6.045,-1.294,-0.27,0.174,3024,0
4067526,5.229,4.752,6.46,-1.538,-0.249,0.246,3043,0
4067546,5.162,3.191,7.46,-1.203,-0.161,0.237,3063,0
4067566,5.157,2.368,7.726,-0.513,-0.137,-0.007,3098,0
4067586,5.406,-1.329,8.394,0.867,0.116,-0.886,3128,1235
4067606,6.074,-9.081,7.568,5.424,1.42,-2.117,3141,2998
4067626,7.173,-11.562,-1.86,8.731,3.568,-2.157,3149,3617
4067646,9.055,-1.267,-20.339,8.731,6.387,-0.601,3155,3802
4067666,3.546,16.949,-26.427,8.731,6.524,1.602,3154,3920
4067686,-2.105,33.105,-11.164,8.731,2.262,3.309,3151,3970
4067706,-1.221,29.377,-2.325,3.64,-0.664,1.902,3149,4046
4067726,5.502,9.215,-6.716,-3.134,-0.933,-1.461,3152,4090
4067746,6.661,1.705,-6.912,-2.212,-0.938,-0.689,3144,4025
4067766,4.044,6.96,-7.939,-1.01,-0.193,-0.161,3133,3865
4067786,3.244,12.799,-6.845,-2.632,-0.261,0.244,3127,3685
4067806,1.575,12.632,-5.672,-5.117,-0.747,0.476,3123,3334
4067826,2.277,9.17,-5.035,-6.796,-1.395,0.472,3120,3244
4067846,4.269,6.546,-3.613,-7.349,-1.66,0.334,3111,3116
4067866,5.037,4.86,-3.448,-6.538,-1.433,0.022,3102,2872
4067886,6.11,5.574,-1.75,-5.341,-0.97,0.013,3094,1867
4067906,4.954,6.048,-1.097,-4.057,-0.398,0.008,3088,0
4067926,4.884,7.618,0.496,-3.24,-0.016,0.178,3072,0
4067946,3.615,7.659,1.616,-2.968,0.329,0.057,3055,0
4067966,3.488,9.685,2.916,-2.933,0.137,0.148,3022,0
4067986,3.613,8.703,3.469,-3.393,-0.156,0.071,2986,0
4068006,4.243,8.059,4.085,-3.659,-0.385,0.113,2952,0
4068026,5.191,6.804,4.362,-3.255,-0.385,-0.01,2926,0
4068046,4.899,6.041,4.975,-2.73,-0.362,0.047,2901,0
4068066,5.073,6.342,5.657,-2.174,-0.459,0.137,2899,0
4068086,4.065,6.548,5.397,-1.622,-0.509,0.217,2900,0
4068106,4.81,8.449,5.519,-2.291,-0.59,0.292,2924,0
4068126,5.066,5.107,5.722,-2.433,-0.481,0.098,2973,0
4068146,4.611,4.908,6.44,-1.879,-0.376,0.051,2993,0
4068166,4.563,4.851,6.407,-1.071,-0.254,-0.007,2992,0
4068186,4.515,5.543,6.665,-0.54,-0.163,0.207,2995,0
4068206,4.745,5.806,6.689,-0.266,-0.123,0.199,2994,0
4068226,4.877,5.799,6.45,-0.366,-0.101,0.084,2994,0
4068246,4.946,5.492,6.481,-0.428,-0.061,-0.011,2990,0
4068266,4.767,5.617,6.821,-0.33,-0.073,0.041,2985,0
4068286,4.647,5.59,6.881,-0.406,-0.139,0.106,2973,0
4068306,4.901,5.011,6.759,-0.39,-0.146,0.087,2967,0
4068326,5.258,4.415,6.764,-0.168,-0.081,-0.01,2970,0
4068346,5.195,4.365,6.857,0.293,0.007,-0.087,3008,0
4068366,4.966,5.564,6.653,0.583,-0.007,-0.017,3036,0
4068386,4.76,6.519,6.371,0.414,-0.013,0.034,3047,0
4068406,4.831,6.086,6.28,0.002,-0.06,0.037,3065,0
4068426,4.944,5.205,6.416,-0.152,-0.103,-0.02,3095,0
4068446,4.748,5.365,6.105,-0.074,-0.075,-0.009,3105,0
4068466,4.681,5.698,6.112,-0.123,-0.014,0.06,3105,609
4068486,4.654,5.557,6.302,-0.262,-0.044,0.122,3100,1486
4068506,4.762,5.047,6.546,-0.246,-0.099,0.174,3092,2004
4068526,4.951,4.872,6.553,-0.146,-0.105,0.121,3087,2525
4068546,5.028,3.421,6.919,0.063,-0.011,-0.165,3085,2791
4068566,5.217,1.834,7.235,1.071,0.219,-0.517,3074,2922
4068586,5.562,1.405,6.448,3.214,0.61,-0.508,3069,2979
4068606,5.727,1.721,4.975,5.83,1.226,-0.451,3066,3021
4068626,5.557,2.27,2.543,8.556,1.912,-0.303,3059,3113
4068646,6.012,2.107,-1.087,8.731,2.672,-0.251,3056,3288
4068666,5.243,5.351,-5.44,8.731,3.262,-0.131,3048,3384
4068686,3.929,9.759,-7.295,8.731,3.325,-0.157,3034,3422
4068706,1.338,15.768,-5.411,8.731,2.183,0.333,3029,3469
4068726,1.049,13.633,-4.245,7.562,0.89,-0.193,3027,3511
4068746,2.672,12.936,-5.906,4.207,-0.063,-0.662,3027,3458
4068766,3.668,11.439,-8.068,1.544,-0.494,-0.327,3030,3488
4068786,3.531,9.263,-7.448,0.63,-0.339,0.29,3032,3539
4068806,2.33,7.321,-7.049,0.048,-0.358,0.278,3032,3534
4068826,3.084,8.322,-6.591,-0.164,-0.295,-0.027,3029,3622
4068846,3.864,8.375,-6.165,-0.725,-0.404,0.2,3027,3661
4068866,4.401,6.579,-6.139,-0.82,-0.235,0.144,3024,3652
4068886,4.295,7.24,-5.025,-0.7,-0.176,0.09,3025,3689
4068906,3.048,7.791,-6.141,-0.69,-0.186,0.072,3023,3697
4068926,3.096,10.76,-5.607,-1.337,-0.37,0.147,3023,3608
4068946,2.586,10.558,-7.049,-2.673,-0.683,0.228,3024,3255
4068966,2.95,12.433,-6.9,-3.914,-0.883,0.53,3025,400
4068986,2.21,12.907,-6.989,-6.061,-1.293,1.019,3031,0
4069006,2.109,14.767,-7.853,-8.447,-1.615,1.338,3024,0
4069026,2.696,13.3,-8.54,-8.731,-1.601,1.373,3001,0
4069046,4.444,9.364,-6.967,-8.731,-1.391,0.75,2961,0
4069066,5.167,5.272,-3.158,-8.731,-1.07,0.389,2917,0
4069086,5.169,2.753,0.496,-8.731,-1.106,0.399,2865,0
4069106,5.176,0.417,2.986,-8.382,-1.4,0.477,2835,0
4069126,5.267,1.154,4.278,-6.599,-1.417,0.686,2833,0
4069146,6.337,-0.972,5.634,-4.725,-1.007,0.538,2837,0
4069166,6.007,-1.379,6.574,-2.5,-0.512,0.463,2845,0
4069186,5.976,0.263,7.173,-0.77,-0.247,0.425,2852,0
4069206,6.065,3.189,6.531,-0.038,-0.283,0.524,2865,0
4069226,5.964,3.831,5.356,-0.349,-0.226,0.565,2888,0
4069246,6.45,2.571,5.42,-0.853,-0.049,0.48,2904,0
4069266,6.553,0.646,5.842,-0.622,0.208,0.482,2940,0
4069286,6.448,-1.286,6.728,0.155,0.671,0.24,2960,0
4069306,6.091,-0.014,7.74,1.1,0.962,-0.255,2984,0
4069326,5.107,2.476,7.412,1.201,0.725,-0.311,3008,0
4069346,4.884,0.819,8.83,0.795,0.308,-0.26,3055,2255
4069366,4.487,-0.563,8.454,1.462,0.163,-0.606,3096,2416
4069386,6.172,-2.588,8.404,2.997,0.192,-1.099,3131,2863
4069406,6.929,-2.844,4.899,5.663,0.886,-1.305,3157,3277
4069426,7.168,-1.808,1.207,8.731,1.96,-1.12,3175,3504
4069446,5.267,2.373,-1.257,8.731,2.829,-1.049,3180,3477
4069466,2.914,7.365,-3.84,8.731,3.478,-0.951,3168,3236
4069486,2.114,9.232,-6.912,8.731,3.713,-0.674,3160,3291
4069506,1.377,13.197,-9.512,8.731,3.547,-0.079,3157,3545
4069526,-0.783,18.984,-6.778,8.731,2.178,0.578,3152,3567
4069546,0.017,19.312,-4.805,4.612,0.562,-0.249,3141,3636
4069566,2.806,11.847,-5.739,0.616,-0.417,-0.702,3129,3708
4069586,4.52,7.558,-6.127,0.143,-0.473,-0.31,3117,3768
4069606,4.298,8.009,-6.472,0.867,-0.022,0.226,3113,3833
4069626,2.854,9.146,-5.976,0.967,0.275,0.219,3135,3844
4069646,2.018,10.477,-5.138,-0.051,0.107,-0.139,3152,3872
4069666,2.634,9.467,-4.8,-0.941,-0.274,-0.022,3157,3839
4069686,3.551,7.973,-4.848,-1.131,-0.363,0.058,3156,3730
4069706,3.718,7.147,-4.501,-0.661,-0.208,0.08,3151,3496
4069726,3.057,8.59,-4.511,-0.265,-0.071,0.164,3143,3110
4069746,2.227,10.697,-5.001,-0.854,-0.319,0.264,3138,1825
4069766,1.939,12.007,-5.636,-2.302,-0.674,0.335,3141,0
4069786,2.784,12.105,-4.872,-3.741,-1.003,0.533,3148,0
4069806,1.484,14.382,-4.494,-5.359,-1.391,1.009,3141,0
4069826,0.405,17.427,-5.78,-8.731,-1.985,1.38,3126,0
4069846,3.259,14.023,-6.953,-8.731,-2.119,0.87,3056,0
4069866,4.954,6.548,-5.073,-8.731,-1.908,0.204,2960,0
4069886,5.334,4.192,-1.836,-8.731,-1.443,-0.161,2827,0
4069906,5.052,1.724,1.451,-8.731,-1.176,-0.033,2704,0
4069926,5.945,-1.142,5.193,-7.015,-1.079,-0.163,2652,0
4069946,5.234,-1.24,7.587,-4.338,-1.047,-0.071,2640,0
4069966,5.272,0.895,8.557,-1.846,-0.918,0.274,2640,0
4069986,5.219,1.223,7.314,-0.225,-0.653,0.298,2645,0
4070006,4.81,4.037,6.874,0.297,-0.511,0.388,2650,0
4070026,5.691,4.487,5.885,0.358,-0.476,0.339,2628,0
4070046,5.322,3.644,5.555,-0.075,-0.282,0.219,2602,0
4070066,6.213,3.462,6.024,-0.185,-0.119,0.065,2588,0
4070086,5.186,2.251,6.266,-0.175,0.024,-0.002,2588,0
4070106,5.318,3.891,6.45,-0.093,0.087,0.058,2586,0
4070126,4.865,2.966,6.503,0.23,0.199,-0.002,2581,0
4070146,4.796,4.123,7.23,0.209,0.169,0.074,2558,0
4070166,5.207,3.457,6.972,0.524,0.301,-0.027,2511,0
4070186,4.542,4.116,7.678,0.452,0.265,0.039,2479,0
4070206,5.088,3.907,7.226,0.602,0.243,-0.023,2462,0
4070226,5.061,4.286,7.168,0.714,0.261,-0.002,2435,0
4070246,4.752,5.169,7.824,0.731,0.252,0.062,2416,0
4070266,4.537,5.272,8.135,0.476,0.078,0.062,2407,0
4070286,4.587,5.289,7.925,0.252,-0.148,0.067,2411,0
4070306,4.867,5.052,7.353,0.152,-0.22,0.072,2427,0
4070326,4.982,4.915,7.094,0.218,-0.123,0.059,2448,0
4070346,4.99,4.58,6.958,0.344,0.04,0.039,2464,0
4070366,4.884,4.836,6.852,0.517,0.171,0.026,2474,0
4070386,4.772,5.286,6.656,0.479,0.189,0.034,2477,0
4070406,4.688,5.318,6.725,0.239,0.133,0.081,2479,0
4070426,4.671,4.922,6.905,0.075,0.091,0.086,2479,0
4070446,4.693,4.846,7.077,0.006,0.064,0.037,2480,0
4070466,4.798,4.731,6.907,-0.1,0.048,-0.013,2482,0
4070486,4.86,4.48,6.967,-0.063,0.054,-0.006,2488,0
4070506,4.841,4.494,7.187,0.117,0.047,0.027,2493,0
4070526,4.81,4.741,7.142,0.277,0.038,0.046,2498,0
4070546,4.788,4.954,6.898,0.337,0.058,0.05,2502,0
4070566,4.65,5.162,6.84,0.351,0.092,0.057,2497,0
4070586,4.671,5.389,7.001,0.183,0.044,0.07,2492,0
4070606,4.791,5.004,7.113,0.021,0.001,0.054,2494,0
4070626,4.82,4.611,7.116,0.023,0.001,-0.003,2495,0
4070646,4.824,4.539,7.075,0.185,0.029,-0.013,2495,0
4070666,4.738,4.815,7.084,0.384,0.066,0.018,2495,0
4070686,4.645,5.102,7.128,0.459,0.088,0.027,2495,0
4070706,4.587,5.478,7.118,0.394,0.076,0.021,2497,0
4070726,4.434,5.337,6.819,0.272,0.064,0.017,2502,0
4070746,4.626,4.568,6.73,0.196,0.055,0.002,2508,0
4070766,4.836,5.353,7.116,0.24,0.015,0.076,2509,0
4070786,4.456,5.006,7.072,0.279,-0.033,0.058,2511,0
4070806,5.205,5.109,6.627,0.47,0.049,0.041,2510,0
4070826,4.386,5.471,6.85,0.381,0.028,0.092,2507,0
4070846,5.059,5.085,6.632,0.556,0.096,0.042,2508,0
4070866,4.204,4.987,6.814,0.428,0.015,0.061,2506,0
4070886,4.911,5.705,6.742,0.476,0.015,0.058,2503,0
4070906,4.264,5.564,6.857,0.341,-0.054,0.079,2498,0
4070926,5.042,5.38,6.685,0.532,0.028,0.03,2493,0
4070946,4.396,4.398,6.606,0.775,0.073,0.026,2489,0
4070966,5.059,5.219,6.653,1.272,0.157,0.041,2483,0
4070986,4.266,5.471,6.448,1.418,0.174,0.119,2477,0
4071006,4.81,7.123,6.493,1.502,0.173,0.135,2470,0
4071026,4.283,6.285,6.021,1.329,0.141,0.079,2464,0
4071046,4.568,7.403,6.371,0.849,-0.03,0.157,2460,0
4071066,4.585,6.342,5.701,0.779,-0.037,0.027,2461,0
4071086,4.429,7.056,5.744,0.344,-0.125,0.068,2464,0
4071106,4.827,6.28,5.136,0.484,-0.001,-0.039,2462,0
4071126,4.271,6.395,5.667,0.289,-0.055,0.03,2458,0
4071146,4.966,6.754,5.722,0.515,-0.047,0.003,2457,0
4071166,4.135,6.002,5.389,0.406,-0.053,0.017,2457,0
4071186,5.155,7.025,5.262,0.461,-0.038,-0.024,2451,0
4071206,4.549,6.345,5.176,0.395,0.002,-0.039,2445,0
4071226,4.585,6.615,5.26,0.422,-0.049,-0.035,2438,0
4071246,4.65,6.572,5.456,0.503,-0.039,-0.039,2438,0
4071266,4.604,6.752,5.128,0.606,0.011,-0.065,2435,0
4071286,4.563,7.161,5.102,0.647,0.01,-0.055,2428,0
4071306,4.592,7.386,5.191,0.558,-0.002,-0.025,2419,0
4071326,4.7,7.276,5.054,0.422,-0.024,-0.01,2418,0
4071346,4.611,7.187,4.784,0.34,-0.013,-0.031,2418,0
4071366,4.501,7.319,4.626,0.336,0.023,-0.047,2417,0
4071386,4.422,7.556,4.772,0.241,-0.006,-0.043,2417,0
4071406,4.374,7.635,4.875,0.076,-0.068,-0.028,2417,0
4071426,4.506,7.357,4.757,-0.044,-0.099,-0.022,2419,0
4071446,4.561,7.068,4.501,0.013,-0.043,-0.03,2417,0
4071466,4.463,7.331,4.659,0.077,-0.021,-0.004,2414,0
4071486,4.439,7.389,5.095,0.006,-0.061,0.033,2401,0
4071506,4.58,7.108,5.119,-0.024,-0.094,0.021,2398,0
4071526,4.721,6.95,4.769,0.03,-0.077,-0.01,2399,0
4071546,4.645,7.094,4.604,0.1,-0.013,-0.009,2400,0
4071566,4.458,7.238,4.824,0.104,-0.002,0.009,2399,0
4071586,4.475,7.197,4.942,0.066,-0.055,0.025,2401,0
4071606,4.59,7.12,4.798,0.041,-0.073,0.017,2402,0
4071626,4.547,7.156,4.705,0.055,-0.04,0.01,2403,0
4071646,4.496,7.104,4.843,0.066,-0.013,0.007,2402,0
4071666,4.47,7.061,4.896,0.102,-0.016,0.002,2402,0
4071686,4.578,7.101,4.858,0.107,-0.041,0.001,2402,0
4071706,4.611,7.106,4.86,0.103,-0.031,-0.006,2399,0
4071726,4.831,7.238,5.43,0.062,0.002,-0.021,2405,0
4071746,4.848,7.671,4.93,0.032,-0.024,-0.01,2409,0
4071766,4.331,7.324,5.095,-0.019,-0.047,0.01,2409,0
4071786,4.882,7.479,4.635,0.193,-0.027,-0.059,2410,0
4071806,4.973,7.659,5.155,0.013,-0.055,0.036,2412,0
4071826,3.982,7.001,4.355,0.164,0.01,-0.056,2409,0
4071846,5.021,7.702,5.092,-0.052,-0.06,0.046,2411,0
4071866,3.991,6.735,4.365,0.134,0.018,-0.037,2408,0
4071886,5.013,7.585,5.066,0.031,-0.032,0.044,2403,0
4071906,4.037,6.859,4.501,0.207,0.035,-0.077,2395,0
4071926,4.544,7.319,5.358,-0.087,-0.084,0.038,2387,0
4071946,4.453,6.955,4.604,0.084,-0.06,-0.076,2384,0
4071966,4.396,6.776,5.092,-0.102,-0.091,0.01,2385,0
4071986,5.104,7.288,4.647,0.213,-0.046,-0.054,2388,0
4072006,3.986,6.9,4.527,0.134,-0.001,-0.005,2398,0
4072026,5.025,7.767,4.515,0.225,0.0,-0.044,2407,0
4072046,3.735,7.015,4.334,0.072,0.01,-0.025,2414,0
4072066,5.133,7.925,4.786,0.02,-0.03,-0.001,2416,0
4072086,3.828,6.898,4.326,0.029,0.045,-0.036,2416,0
4072106,5.025,7.707,4.956,-0.035,-0.014,0.042,2418,0
4072126,4.137,6.845,4.369,0.139,0.042,-0.013,2419,0
4072146,4.978,7.511,5.136,-0.042,-0.011,0.058,2425,0
4072166,4.494,7.094,4.551,0.169,0.067,-0.082,2422,0
4072186,4.556,7.42,5.08,-0.083,-0.01,0.014,2421,0
4072206,4.357,7.307,4.535,0.116,0.033,-0.04,2418,0
4072226,4.523,7.228,5.181,0.042,-0.034,0.008,2417,0
4072246,4.427,7.355,4.925,0.06,-0.019,0.016,2418,0
4072266,4.439,7.326,4.889,0.059,-0.022,0.004,2418,0
4072286,4.42,7.324,4.791,0.056,-0.03,-0.005,2419,0
4072306,4.405,7.312,4.764,0.04,-0.046,0.003,2420,0
4072326,4.403,7.317,4.812,0.02,-0.045,0.009,2422,0
4072346,4.393,7.228,4.841,0.013,-0.054,0.008,2420,0
4072366,4.448,7.173,4.791,0.044,-0.078,0.022,2423,0
4072386,4.551,7.214,4.736,0.058,-0.077,0.023,2428,0
4072406,4.583,7.242,4.798,0.019,-0.057,-0.011,2432,0
4072426,4.594,7.214,4.841,-0.024,-0.05,-0.039,2438,0
4072446,4.532,7.147,4.712,0.002,-0.031,-0.046,2438,0
4072466,4.494,7.235,4.752,0.025,-0.027,-0.035,2437,0
4072486,4.492,7.264,4.803,0.034,-0.034,-0.016,2435,0
4072506,4.465,7.271,4.774,0.056,-0.025,-0.026,2435,0
4072526,4.451,7.436,4.805,0.035,-0.031,-0.034,2438,0
4072546,4.501,7.41,4.75,-0.017,-0.038,-0.026,2437,0
4072566,4.489,7.293,4.738,-0.031,-0.03,-0.024,2437,0
4072586,4.482,7.276,4.81,-0.015,-0.024,-0.012,2443,0
4072606,4.439,7.247,4.841,0.014,-0.016,0.001,2439,0
4072626,4.42,7.357,4.934,-0.015,-0.032,-0.008,2440,0
4072646,4.434,7.465,4.908,-0.13,-0.077,-0.008,2436,0
4072666,4.41,7.614,4.934,-0.274,-0.141,-0.013,2435,0
4072686,4.293,7.934,4.769,-0.583,-0.221,-0.037,2436,0
4072706,4.348,7.513,5.073,-0.859,-0.306,-0.015,2438,0
4072726,4.424,7.649,5.188,-1.148,-0.428,0.021,2449,0
4072746,4.489,8.064,5.234,-1.661,-0.6,0.083,2460,0
4072766,4.396,7.626,6.488,-2.493,-0.992,0.095,2509,0
4072786,5.157,5.44,8.583,-2.699,-1.858,0.028,2648,0
4072806,6.249,-4.836,8.224,-0.345,-1.492,-0.965,2824,0
4072826,7.561,-12.33,4.738,6.856,-0.161,-1.786,2961,0
4072846,8.593,-6.167,-9.778,8.731,2.029,-1.762,3088,0
4072866,4.362,6.388,-15.368,8.731,2.904,-0.54,3184,1493
4072886,2.188,15.5,-13.115,8.731,2.587,0.382,3252,2838
4072906,2.478,17.564,-7.824,8.731,1.319,0.256,3287,3573
4072926,1.415,17.439,-5.624,7.594,0.432,-0.279,3305,3916
4072946,4.415,10.123,-7.207,3.181,-0.05,-0.247,3311,4019
4072966,4.779,3.893,-8.588,2.761,0.099,-0.165,3305,4078
4072986,2.705,8.641,-9.246,1.825,0.133,-0.2,3292,4094
4073006,3.677,8.882,-7.695,-0.035,-0.111,-0.167,3284,4095
4073026,3.297,5.413,-7.961,-0.921,-0.18,-0.003,3279,4095
4073046,4.542,4.096,-8.035,-0.395,-0.097,0.067,3271,4095
4073066,5.126,6.139,-6.761,-0.03,-0.024,0.16,3262,4095
4073086,3.701,5.435,-7.882,-0.089,-0.014,0.08,3258,4095
4073106,5.495,6.634,-7.204,-0.453,-0.096,0.041,3254,4095
4073126,4.513,4.597,-6.632,-0.449,-0.029,-0.038,3251,4095
4073146,3.965,5.155,-7.202,0.005,0.02,-0.141,3247,4095
4073166,5.308,7.317,-6.189,-0.166,-0.079,0.013,3245,4095
4073186,3.656,5.145,-7.044,-0.247,0.018,-0.02,3241,4095
4073206,5.133,6.136,-6.354,-0.114,-0.037,-0.005,3240,4095
4073226,4.135,6.014,-6.254,-0.124,-0.032,-0.007,3240,4095
4073246,4.046,5.179,-7.12,0.034,-0.046,-0.058,3236,4048
4073266,4.93,6.754,-5.77,-0.054,-0.136,0.086,3235,4013
4073286,3.541,5.025,-6.895,-0.043,-0.11,0.017,3232,3925
4073306,5.03,6.349,-5.873,-0.04,-0.195,0.014,3231,3777
4073326,3.531,5.523,-6.385,-0.057,-0.214,-0.012,3229,3527
4073346,4.477,6.165,-6.922,0.0,-0.255,-0.062,3221,3220
4073366,4.231,6.823,-6.29,-0.317,-0.277,0.028,3217,2668
4073386,3.802,7.175,-6.563,-0.753,-0.274,-0.024,3200,985
4073406,3.144,8.808,-6.812,-1.577,-0.354,-0.043,3172,0
4073426,3.259,10.812,-8.112,-3.131,-0.497,0.086,3131,0
4073446,2.969,13.321,-8.763,-5.631,-0.67,0.441,3069,0
4073466,3.201,13.551,-9.294,-8.24,-0.913,0.824,3000,0
4073486,2.732,13.242,-10.671,-8.731,-1.034,0.912,2895,0
4073506,4.312,10.822,-12.067,-8.731,-0.92,0.754,2774,0
4073526,6.218,5.423,-10.403,-8.731,-0.447,0.506,2689,0
4073546,6.129,1.044,-2.349,-8.731,-0.482,0.308,2638,0
4073566,6.22,0.196,-0.122,-8.731,-0.458,0.193,2559,0
4073586,6.017,-3.546,3.721,-8.456,-0.184,0.022,2499,0
4073606,5.239,-5.171,7.436,-4.942,0.09,-0.082,2448,0
4073626,4.401,-1.52,8.614,-0.941,0.257,0.018,2420,0
4073646,4.345,2.155,8.066,1.296,0.381,0.151,2405,0
4073666,4.448,5.351,7.257,1.768,0.468,0.189,2400,0
4073686,4.549,6.041,6.761,1.1,0.529,0.046,2403,0
4073706,4.41,5.578,7.338,0.658,0.496,-0.002,2403,0
4073726,4.317,5.066,7.915,0.657,0.333,0.069,2403,0
4073746,4.381,5.614,7.867,0.832,0.175,0.139,2406,0
4073766,4.532,6.091,7.463,0.643,0.118,0.087,2413,0
4073786,4.568,6.014,7.235,0.368,0.11,-0.015,2415,0
4073806,4.362,5.844,7.329,0.319,0.099,-0.029,2418,0
4073826,4.118,5.629,7.331,0.459,0.074,0.023,2419,0
4073846,3.97,5.799,7.19,0.629,0.06,0.081,2422,0
4073866,3.917,5.964,6.862,0.73,0.061,0.116,2423,0
4073886,3.831,6.053,6.493,0.745,0.092,0.116,2424,0
4073906,4.089,5.622,6.395,0.595,0.094,0.072,2426,0
4073926,4.549,6.448,6.823,0.304,0.014,0.113,2429,0
4073946,3.871,5.456,6.639,0.189,-0.044,0.046,2431,0
4073966,4.685,6.103,6.591,0.154,-0.075,0.013,2431,0
4073986,3.706,5.485,6.46,0.084,-0.114,-0.049,2432,0
4074006,4.542,6.543,6.63,0.066,-0.158,-0.021,2434,0
4074026,4.037,5.325,6.065,0.169,-0.097,-0.097,2435,0
4074046,4.458,6.548,6.335,0.104,-0.119,0.008,2436,0
4074066,4.492,5.729,5.933,0.345,-0.045,-0.058,2437,0
4074086,3.994,6.718,6.302,0.149,-0.107,0.047,2437,0
4074106,4.772,6.728,6.103,0.2,-0.095,-0.015,2439,0
4074126,3.905,6.239,6.191,-0.052,-0.126,0.002,2444,0
4074146,4.958,6.639,6.223,-0.035,-0.138,0.036,2447,0
4074166,4.02,5.514,6.187,0.076,-0.143,0.043,2452,0
4074186,4.635,6.735,6.79,-0.022,-0.298,0.134,2473,0
4074206,3.785,6.656,7.884,-0.246,-0.732,0.126,2515,0
4074226,4.767,7.135,8.648,-1.004,-1.626,0.274,2652,0
4074246,6.397,7.623,7.64,-1.882,-2.627,0.245,2908,0
4074266,5.634,9.122,4.571,-2.046,-3.309,1.097,3053,0
4074286,3.05,7.75,-1.293,-2.817,-2.077,1.365,3106,3057
4074306,4.314,1.463,5.155,-1.809,-0.718,1.187,3235,4046
4074326,8.191,0.227,5.399,-0.327,-0.16,0.32,3267,4095
4074346,6.541,3.864,5.351,0.644,0.356,0.342,3276,4095
4074366,6.929,4.621,6.091,0.307,0.483,0.488,3280,4095
4074386,6.701,4.073,6.091,-0.074,0.461,0.311,3272,4095
4074406,6.196,3.855,6.589,-0.351,0.446,0.011,3264,4095
4074426,5.729,3.378,7.283,-0.32,0.363,0.047,3252,4095
4074446,6.132,2.892,7.331,0.242,0.28,0.067,3245,4095
4074466,5.971,4.75,6.955,0.435,0.21,0.103,3240,4095
4074486,5.775,4.583,6.972,-0.121,0.058,0.171,3229,4095
4074506,6.096,2.974,6.965,-0.351,-0.105,0.065,3223,4095
4074526,6.804,2.04,6.371,0.275,0.061,-0.184,3218,4095
4074546,6.184,1.331,6.79,1.167,0.25,-0.447,3216,4095
4074566,4.999,-0.302,7.628,2.759,0.2,-0.821,3215,4095
4074586,4.7,-0.855,7.118,4.874,-0.01,-1.361,3206,4095
4074606,6.302,-5.531,4.094,8.175,0.408,-2.091,3201,4095
4074626,5.643,-7.041,-4.401,8.731,1.522,-2.847,3198,4095
4074646,4.02,5.076,-11.598,8.731,1.97,-2.668,3198,4095
4074666,3.218,12.136,-14.059,8.731,1.63,-1.576,3196,4095
4074686,2.959,18.11,-11.906,8.731,0.858,-0.417,3195,4095
4074706,2.619,18.979,-8.65,8.055,0.202,0.313,3188,4095
4074726,3.187,12.412,-8.322,3.127,-0.151,-0.118,3186,4095
4074746,4.034,7.568,-9.261,0.908,0.031,-0.482,3187,4095
4074766,2.2,8.078,-7.827,-0.218,-0.062,-0.015,3186,4095
4074786,3.27,4.697,-7.491,-0.438,-0.168,0.042,3184,4095
4074806,3.766,6.452,-7.209,-0.163,-0.1,0.009,3184,4095
4074826,4.094,7.058,-7.037,-0.366,-0.088,0.139,3184,4095
4074846,4.094,5.653,-6.62,-0.446,-0.134,0.181,3183,4095
4074866,4.468,5.567,-6.754,-0.355,-0.176,0.18,3179,4095
4074886,4.527,5.435,-6.732,-0.288,-0.11,0.098,3178,4095
4074906,4.47,5.562,-6.735,-0.189,-0.05,-0.009,3179,4095
4074926,3.218,5.839,-7.183,-0.192,-0.002,-0.065,3178,4095
4074946,4.341,6.299,-6.953,-0.328,-0.085,-0.046,3178,4095
4074966,4.424,7.099,-6.076,-0.513,-0.119,0.039,3181,4095
4074986,3.342,6.412,-7.202,-0.732,-0.074,0.031,3183,3984
4075006,4.568,7.53,-6.531,-1.008,-0.11,0.21,3184,3614
4075026,3.347,7.326,-5.911,-1.516,-0.027,0.281,3176,3179
4075046,2.516,9.91,-6.84,-2.45,-0.019,0.0,3127,1091
4075066,3.146,14.076,-7.343,-4.75,-0.292,0.226,3043,0
4075086,2.224,12.905,-7.566,-6.82,-0.438,0.599,2931,0
4075106,3.598,10.338,-7.724,-8.28,-0.341,0.495,2734,0
4075126,5.679,8.121,-6.558,-8.428,-0.109,0.227,2535,0
4075146,6.416,5.14,-4.501,-7.551,0.201,0.159,2436,0
4075166,6.105,4.934,-0.589,-6.221,0.421,0.369,2360,0
4075186,4.202,5.492,3.57,-5.587,0.125,0.353,2308,0
4075206,3.709,4.458,3.721,-5.053,-0.45,0.037,2287,0
4075226,4.245,4.647,4.439,-3.991,-0.753,0.033,2278,0
4075246,4.204,5.969,4.436,-2.534,-0.716,0.026,2274,0
4075266,4.875,6.926,4.635,-2.152,-0.783,0.26,2276,0
4075286,4.867,6.419,3.472,-2.114,-0.597,0.142,2286,0
4075306,5.811,5.758,5.155,-1.791,-0.528,0.329,2301,0
4075326,4.829,5.006,4.226,-0.973,-0.172,0.058,2306,0
4075346,6.033,6.036,5.576,-0.375,-0.055,0.08,2307,0
4075366,4.887,6.038,5.152,-0.213,0.104,-0.005,2314,0
4075386,5.03,6.505,4.877,-0.356,0.036,-0.0,2319,0
4075406,5.035,6.455,5.054,-0.462,0.013,0.028,2323,0
4075426,5.023,6.776,5.052,-0.387,-0.018,0.018,2326,0
4075446,4.834,6.201,5.66,-0.133,-0.045,0.013,2330,0
4075466,4.834,6.419,5.492,-0.16,-0.017,-0.022,2333,0
4075486,5.023,6.34,5.32,-0.157,0.021,0.004,2337,0
4075506,5.104,6.122,5.471,-0.019,0.068,0.038,2341,0
4075526,5.03,5.95,5.861,0.247,0.106,0.02,2343,0
4075546,5.088,5.866,5.77,0.511,0.137,-0.017,2342,0
4075566,5.03,6.074,5.468,0.777,0.192,-0.018,2339,0
4075586,4.879,6.608,5.31,0.886,0.218,-0.011,2331,0
4075606,4.796,7.068,5.471,0.743,0.167,0.007,2331,0
4075626,4.843,7.049,5.459,0.541,0.133,0.002,2331,0
4075646,4.796,7.14,5.301,0.407,0.133,-0.017,2333,0
4075666,4.707,7.216,5.162,0.241,0.12,-0.014,2333,0
4075686,4.568,7.092,5.253,0.052,0.089,0.001,2335,0
4075706,4.475,6.886,5.42,-0.042,0.027,0.022,2336,0
4075726,4.556,6.768,5.492,-0.027,-0.022,0.031,2337,0
4075746,4.786,6.586,5.358,0.014,-0.034,0.025,2339,0
4075766,4.889,6.448,5.229,0.083,-0.007,0.003,2341,0
4075786,4.817,6.486,5.157,0.204,0.03,-0.014,2344,0
4075806,4.702,6.677,5.176,0.296,0.058,-0.014,2346,0
4075826,4.609,6.943,5.272,0.319,0.051,-0.002,2346,0
4075846,4.587,7.061,5.255,0.221,0.009,-0.007,2350,0
4075866,4.676,7.063,5.16,0.096,-0.037,0.002,2351,0
4075886,4.843,7.01,5.109,0.058,-0.049,0.041,2351,0
4075906,4.779,6.953,5.258,0.056,-0.021,0.054,2352,0
4075926,4.774,6.697,5.31,0.094,0.006,0.014,2352,0
4075946,4.808,6.642,5.186,0.184,-0.006,-0.005,2351,0
4075966,4.831,6.807,5.013,0.276,-0.001,0.038,2351,0
4075986,4.717,7.08,5.078,0.288,0.021,0.076,2351,0
4076006,4.621,7.14,5.04,0.219,0.02,0.073,2348,0
4076026,4.683,6.943,5.011,0.092,-0.0,0.039,2349,0
4076046,4.822,6.778,4.927,-0.001,-0.019,0.012,2350,0
4076066,4.822,6.656,5.028,0.018,-0.014,-0.002,2354,0
4076086,4.796,6.699,4.93,0.139,0.005,0.009,2360,0
4076106,4.63,7.046,4.99,0.223,0.022,0.032,2365,0
4076126,4.578,7.219,4.999,0.205,0.01,0.038,2366,0
4076146,4.58,7.192,4.932,0.111,-0.016,0.025,2369,0
4076166,4.697,7.094,4.882,0.06,0.001,0.011,2376,0
4076186,4.64,6.991,5.09,0.02,-0.033,0.001,2384,0
4076206,4.348,7.017,6.055,-0.015,-0.302,0.05,2407,0
4076226,4.434,6.914,7.942,-0.256,-1.068,0.213,2478,0
4076246,5.765,6.275,5.43,-0.436,-1.693,0.272,2671,0
4076266,5.835,6.213,3.797,0.384,-1.975,0.397,2841,0
4076286,4.401,6.955,2.301,1.247,-1.761,0.578,2941,0
4076306,5.001,8.076,0.62,1.306,-0.993,0.474,3024,0
4076326,6.079,9.45,1.827,0.203,-0.341,0.52,3119,0
4076346,6.857,8.021,2.076,-1.169,-0.113,0.551,3163,2319
4076366,6.553,4.781,4.147,-1.443,0.001,0.4,3181,3295
4076386,6.184,4.547,4.439,-0.994,0.279,0.054,3183,3421
4076406,5.586,4.755,4.736,-0.3,0.351,-0.184,3177,3365
4076426,6.292,6.213,5.93,0.307,0.278,-0.119,3171,3387
4076446,5.315,6.752,5.478,0.524,0.167,-0.034,3175,3415
4076466,5.452,7.13,4.891,0.32,0.023,-0.035,3182,3569
4076486,6.412,7.702,5.27,-0.192,-0.043,0.052,3182,3593
4076506,5.471,5.715,4.286,-0.179,0.026,-0.066,3182,3613
4076526,6.0,5.827,4.381,0.169,0.12,-0.144,3185,3660
4076546,5.88,6.919,4.982,0.345,0.196,-0.041,3189,3665
4076566,4.599,6.472,4.3,0.288,0.05,0.033,3187,3661
4076586,6.103,7.436,4.681,-0.051,-0.064,0.102,3183,3684
4076606,5.986,6.699,4.568,-0.434,0.028,0.106,3183,3680
4076626,5.128,6.225,4.041,-0.46,0.037,-0.029,3184,3672
4076646,6.144,7.161,5.04,-0.73,-0.033,0.083,3181,3682
4076666,5.15,6.105,4.796,-0.875,-0.098,0.141,3172,3677
4076686,5.61,5.964,4.319,-0.717,-0.109,0.046,3166,3678
4076706,6.347,8.119,5.006,-1.16,-0.102,0.222,3164,3693
4076726,5.047,4.831,4.707,-1.528,-0.077,0.171,3166,3696
4076746,5.911,4.987,5.195,-1.337,-0.2,0.19,3164,3689
4076766,6.503,2.365,5.727,-0.883,-0.099,0.092,3156,3711
4076786,5.792,-3.735,6.227,1.679,0.266,-0.666,3151,3734
4076806,6.936,-6.812,5.399,6.483,0.873,-1.693,3146,3785
4076826,5.341,-5.013,-1.719,8.731,1.515,-2.154,3144,3813
4076846,4.81,3.63,-7.839,8.731,1.681,-2.079,3141,3851
4076866,3.22,8.408,-11.439,8.731,1.182,-1.077,3137,3931
4076886,1.992,16.036,-10.441,8.731,-0.131,0.199,3144,3951
4076906,3.931,15.174,-8.368,8.731,-1.066,0.516,3135,3967
4076926,4.331,12.416,-9.057,4.802,-0.929,0.068,3130,3947
4076946,6.462,5.799,-10.156,2.741,-0.391,-0.063,3124,3936
4076966,2.49,7.341,-8.906,2.243,0.142,-0.631,3122,3852
4076986,1.446,9.831,-8.396,-0.024,-0.329,0.019,3121,3869
4077006,3.924,4.982,-9.155,-1.336,-0.268,-0.164,3122,3872
4077026,4.223,3.709,-8.15,-0.767,-0.048,-0.282,3121,3873
4077046,4.226,5.44,-7.685,-0.098,0.067,-0.138,3120,3866
4077066,3.685,6.239,-7.147,-0.261,-0.123,0.125,3120,3861
4077086,4.365,5.535,-7.515,-0.38,-0.216,0.059,3118,3841
4077106,4.515,5.361,-7.767,-0.326,-0.139,-0.022,3119,3820
4077126,4.372,5.181,-7.853,-0.076,0.026,-0.199,3119,3787
4077146,3.677,6.639,-7.551,-0.09,0.049,-0.217,3118,3788
4077166,3.989,6.531,-7.582,-0.397,0.005,-0.059,3119,3774
4077186,4.245,5.725,-7.324,-0.569,0.057,-0.046,3119,3762
4077206,4.144,5.363,-6.95,-0.328,0.099,-0.115,3118,3745
4077226,3.912,5.636,-6.697,-0.062,0.084,-0.087,3118,3700
4077246,3.95,6.148,-6.625,-0.01,-0.015,0.029,3118,3669
4077266,4.317,5.847,-6.857,-0.071,-0.036,0.093,3117,3648
4077286,4.13,5.751,-6.74,-0.111,-0.001,0.063,3117,3600
4077306,4.008,5.796,-6.723,-0.18,-0.01,0.027,3117,3534
4077326,4.044,5.646,-6.773,-0.198,-0.03,0.0,3111,3498
4077346,3.919,5.239,-6.993,-0.037,0.003,-0.064,3110,3533
4077366,3.97,5.634,-6.955,0.177,0.02,-0.135,3109,3556
4077386,4.355,6.857,-6.701,0.163,0.028,-0.102,3109,3536
4077406,4.585,7.02,-6.041,-0.083,-0.014,0.005,3108,3520
4077426,3.203,5.485,-6.996,-0.153,-0.042,-0.007,3108,3505
4077446,4.436,5.602,-6.965,-0.031,-0.054,-0.123,3108,3421
4077466,4.52,6.591,-6.479,0.121,-0.013,-0.138,3107,3368
4077486,3.091,6.263,-7.47,0.1,0.057,-0.153,3107,3262
4077506,4.472,7.056,-6.835,-0.12,0.055,-0.122,3108,3277
4077526,4.118,6.73,-6.246,-0.306,0.057,-0.06,3108,3217
4077546,3.479,5.329,-7.099,-0.15,0.075,-0.111,3109,3119
4077566,4.946,6.625,-6.117,0.014,0.034,-0.073,3109,3017
4077586,3.381,6.285,-7.027,-0.036,0.084,-0.075,3112,2856
4077606,3.915,6.469,-7.161,-0.203,0.105,-0.164,3109,2697
4077626,4.08,7.324,-6.115,-0.524,0.122,-0.164,3109,2055
4077646,2.682,7.539,-6.503,-0.981,0.135,-0.181,3104,0
4077666,3.598,8.732,-6.56,-1.647,0.086,-0.142,3084,0
4077686,3.802,7.195,-6.883,-2.229,0.129,-0.006,3055,0
4077706,4.288,7.937,-5.789,-2.188,0.225,0.016,3017,0
4077726,3.766,7.305,-6.0,-2.314,0.201,0.09,4095,0
4077746,3.256,9.364,-4.657,-2.538,-0.094,0.404,4095,0
4077766,4.369,9.12,-5.363,-2.915,-0.192,0.454,4095,0
4077786,5.406,6.084,-5.689,-2.451,0.112,0.355,4095,0
4077806,5.801,3.749,-4.951,-0.642,0.47,0.328,4095,0
4077826,5.703,4.056,-4.824,1.557,1.112,0.346,2607,0
4077846,5.248,6.426,-3.541,2.821,1.327,0.447,2510,0
4077866,4.204,8.808,-4.796,2.658,1.259,0.267,2443,0
4077886,3.833,10.592,-4.108,1.232,1.058,0.15,2390,0
4077906,3.847,9.859,-3.134,-0.178,0.626,0.237,2368,0
4077926,4.571,7.827,-3.584,-1.104,0.204,0.313,2365,0
4077946,5.454,5.576,-3.747,-1.053,0.158,0.241,2372,0
4077966,5.82,5.416,-3.34,-0.475,0.285,0.112,2388,0
4077986,5.926,6.098,-3.002,-0.173,0.348,-0.137,2412,0
4078006,5.657,6.919,-3.077,-0.261,0.293,-0.445,2438,0
4078026,5.066,7.41,-3.67,-0.509,0.24,-0.729,4095,0
4078046,4.465,7.489,-3.737,-0.878,0.206,-0.846,4095,0
4078066,4.556,7.635,-3.589,-0.995,0.198,-0.751,4095,0
4078086,4.705,7.671,-2.859,-0.935,0.171,-0.638,4095,0
4078106,4.808,7.515,-2.557,-0.631,0.18,-0.575,4095,0
4078126,4.829,7.602,-2.466,-0.341,0.224,-0.558,4095,0
4078146,4.422,8.128,-2.559,-0.09,0.287,-0.444,4095,0
4078166,4.118,8.667,-2.322,0.108,0.26,-0.195,4095,0
4078186,4.044,9.007,-2.179,0.143,0.119,-0.051,4095,0
4078206,4.223,9.369,-2.1,-0.066,-0.045,-0.059,4095,0
4078226,4.465,9.388,-2.049,-0.429,-0.19,-0.102,4095,0
4078246,4.53,8.981,-2.227,-0.718,-0.279,-0.137,4095,0
4078266,4.597,8.483,-2.423,-0.697,-0.272,-0.145,4095,0
4078286,4.482,8.416,-2.346,-0.452,-0.195,-0.114,4095,0
4078306,4.29,8.566,-2.346,-0.194,-0.103,-0.065,4095,0
4078326,4.19,8.772,-2.32,-0.049,-0.051,-0.01,4095,0
4078346,4.152,8.837,-2.49,0.021,-0.023,0.029,4095,0
4078366,4.836,8.521,-2.212,0.026,-0.081,0.027,4095,0
4078386,5.09,8.947,-1.997,0.033,-0.04,0.008,4095,0
4078406,3.953,8.813,-1.906,-0.204,-0.083,0.076,4095,0
4078426,4.48,8.258,-2.547,-0.115,-0.114,-0.018,4095,0
4078446,4.219,9.301,-1.642,-0.334,-0.114,0.034,4095,0
4078466,4.233,8.38,-2.464,-0.458,-0.183,-0.049,4095,0
4078486,4.341,9.268,-1.41,-0.621,-0.171,0.011,4095,0
4078506,4.391,8.004,-2.306,-0.624,-0.242,-0.023,4095,0
4078526,4.513,9.055,-1.269,-0.629,-0.192,0.019,4095,0
4078546,4.891,8.576,-1.786,-0.549,-0.173,-0.113,4095,0
4078566,4.319,9.057,-1.142,-0.536,-0.154,-0.013,4095,0
4078586,4.875,8.59,-1.688,-0.337,-0.107,-0.089,2786,0
4078606,4.085,9.227,-1.125,-0.446,-0.13,0.035,4095,0
4078626,4.872,8.985,-1.343,-0.268,-0.132,-0.017,3908,0
4078646,3.634,8.653,-1.427,-0.575,-0.223,0.084,4095,0
4078666,4.899,9.014,-1.14,-0.402,-0.167,-0.004,2602,0
4078686,3.661,8.085,-1.528,-0.592,-0.216,0.062,2602,0
4078706,4.733,9.088,-0.804,-0.359,-0.116,0.002,2598,0
4078726,3.776,8.133,-1.338,-0.579,-0.203,0.031,2593,0
4078746,4.556,9.414,-0.448,-0.573,-0.156,-0.007,2591,0
4078766,4.051,8.629,-1.207,-0.833,-0.286,0.011,2588,0
4078786,4.369,10.278,-0.144,-1.255,-0.325,-0.015,2587,0
4078806,4.539,8.916,-0.548,-1.534,-0.44,-0.053,2589,0
4078826,4.254,9.416,0.165,-1.983,-0.488,-0.059,2592,0
4078846,4.295,9.266,0.213,-2.084,-0.572,-0.002,2592,0
4078866,4.231,9.797,0.429,-2.272,-0.689,0.092,2600,0
4078886,4.451,8.854,0.589,-2.68,-0.685,-0.084,2611,0
4078906,4.738,7.614,1.053,-2.182,-0.576,-0.153,2624,0
4078926,4.932,7.247,1.401,-1.423,-0.379,-0.144,2635,0
4078946,4.767,8.107,1.674,-0.498,-0.153,0.042,2637,0
4078966,4.551,9.007,1.772,-0.112,-0.029,0.177,2636,0
4078986,4.372,9.278,1.973,-0.33,-0.032,0.172,2632,0
4079006,4.137,9.68,2.009,-0.833,-0.181,0.144,2629,0
4079026,4.31,9.553,2.088,-1.442,-0.333,0.136,2629,0
4079046,4.683,7.503,3.053,-2.132,-0.319,-0.043,2630,0
4079066,4.934,7.156,3.019,-1.457,-0.329,0.025,2634,0
4079086,4.887,7.077,3.065,-0.91,-0.246,0.012,2632,0
4079106,4.784,7.343,3.019,-0.506,-0.149,0.048,2635,0
4079126,4.693,7.345,3.163,-0.205,-0.074,0.088,2639,0
4079146,4.673,7.183,3.223,0.094,-0.017,0.09,2645,0
4079166,4.695,7.223,3.079,0.372,0.036,0.064,2653,0
4079186,4.731,7.135,2.966,0.676,0.151,0.019,2656,0
4079206,4.717,7.207,2.892,1.069,0.272,0.003,2658,0
4079226,4.594,7.705,2.727,1.466,0.367,0.014,2661,0
4079246,4.381,8.622,2.557,1.614,0.383,0.044,2661,0
4079266,4.111,10.027,2.368,1.194,0.222,0.095,2657,0
4079286,4.168,10.254,2.152,0.356,0.014,0.093,2655,0
4079306,4.458,9.194,2.172,-0.447,-0.115,0.009,2659,0
4079326,4.724,8.124,2.559,-0.672,-0.179,-0.032,2660,0
4079346,4.827,7.64,2.54,-0.425,-0.142,-0.011,2664,0
4079366,4.755,7.525,2.5,-0.051,-0.051,0.015,2666,0
4079386,4.63,7.865,2.476,0.274,0.017,0.034,2667,0
4079406,4.563,8.337,2.404,0.377,0.05,0.035,2665,0
4079426,4.468,8.684,2.404,0.268,0.039,0.029,2665,0
4079446,4.463,8.655,2.392,0.023,-0.009,0.013,2665,0
4079466,4.566,8.284,2.435,-0.15,-0.054,-0.011,2666,0
4079486,4.635,8.006,2.404,-0.16,-0.063,-0.021,2667,0
4079506,4.659,7.961,2.368,-0.054,-0.044,-0.029,2669,0
4079526,4.618,8.135,2.339,0.059,-0.016,-0.019,2672,0
4079546,4.549,8.298,2.365,0.113,0.013,-0.016,2672,0
4079566,4.563,8.291,2.344,0.146,0.028,-0.018,2671,0
4079586,4.662,8.104,2.33,0.236,0.063,-0.014,2671,0
4079606,4.755,7.932,2.322,0.403,0.115,0.008,2673,0
4079626,4.683,7.946,2.349,0.593,0.171,0.021,2672,0
4079646,4.456,8.444,2.392,0.729,0.16,0.037,2671,0
4079666,4.29,8.973,2.145,0.592,0.084,0.028,2671,0
4079686,4.374,9.163,2.009,0.213,-0.007,0.003,2670,0
4079706,4.542,8.835,1.982,-0.167,-0.069,-0.029,2669,0
4079726,4.647,8.361,2.042,-0.296,-0.083,-0.049,2671,0
4079746,4.673,8.078,2.073,-0.208,-0.056,-0.048,2669,0
4079766,4.642,8.056,2.152,-0.037,-0.009,-0.035,2670,0
4079786,4.544,8.234,2.155,0.122,0.032,-0.027,2669,0
4079806,4.477,8.408,2.155,0.182,0.049,-0.018,2669,0
4079826,4.472,8.475,2.176,0.198,0.046,-0.0,2669,0
4079846,4.477,8.516,2.167,0.183,0.052,-0.002,2670,0
4079866,4.436,8.547,2.26,0.125,0.042,-0.016,2671,0
4079886,4.422,8.497,2.344,0.061,0.011,-0.015,2671,0
4079906,4.427,8.42,2.342,0.03,-0.015,-0.019,2671,0
4079926,4.448,8.454,2.33,0.021,-0.027,-0.025,2671,0
4079946,4.444,8.432,2.294,0.034,-0.031,-0.024,2671,0
4079966,4.398,8.468,2.227,0.061,-0.03,-0.015,2670,0
4079986,4.46,8.504,2.169,0.082,-0.034,-0.001,2670,0
4080006,4.475,8.504,2.133,0.06,-0.019,-0.005,2670,0
4080026,4.494,8.394,2.198,0.041,-0.018,-0.009,2671,0
4080046,4.52,8.365,2.184,0.058,-0.019,-0.013,2671,0
4080066,4.513,8.401,2.184,0.084,-0.023,-0.012,2672,0
4080086,4.468,8.502,2.145,0.094,-0.021,-0.002,2672,0
4080106,4.446,8.523,2.184,0.102,-0.023,0.011,2671,0
4080126,4.434,8.614,2.133,0.104,-0.041,0.018,2672,0
4080146,4.487,8.602,2.023,0.037,-0.057,0.018,2675,0
4080166,4.525,8.449,2.03,-0.028,-0.052,0.012,2674,0
4080186,4.549,8.313,2.112,-0.045,-0.046,-0.001,2673,0
4080206,4.47,8.303,2.203,-0.017,-0.039,-0.014,2674,0
4080226,4.453,8.346,2.219,0.02,-0.04,-0.011,2673,0
4080246,4.456,8.452,2.193,0.056,-0.038,-0.005,2673,0
4080266,4.475,8.492,2.169,0.049,-0.038,-0.001,2677,0
4080286,4.472,8.487,2.188,0.041,-0.043,0.007,2677,0
4080306,4.489,8.461,2.224,0.044,-0.053,0.015,2677,0
4080326,4.48,8.428,2.2,0.05,-0.059,0.015,2680,0
4080346,4.458,8.478,2.212,0.063,-0.065,0.013,2679,0
4080366,4.463,8.619,2.172,0.039,-0.079,0.019,2679,0
4080386,4.503,8.545,2.145,-0.031,-0.086,0.023,2678,0
4080406,4.559,8.325,2.162,-0.052,-0.081,0.016,2679,0
4080426,4.537,8.2,2.145,0.009,-0.064,0.006,2679,0
4080446,4.489,8.327,2.119,0.077,-0.05,0.005,2680,0
4080466,4.465,8.413,2.047,0.09,-0.044,0.011,2681,0
4080486,4.532,8.411,2.093,0.069,-0.038,0.01,2681,0
4080506,4.563,8.361,2.148,0.058,-0.033,-0.001,2680,0
4080526,4.559,8.349,2.174,0.061,-0.031,-0.007,2682,0
4080546,4.554,8.389,2.136,0.061,-0.028,-0.006,2681,0
4080566,4.508,8.447,2.138,0.066,-0.024,-0.005,2682,0
4080586,4.456,8.519,2.184,0.068,-0.027,-0.003,2680,0
4080606,4.482,8.538,2.169,0.054,-0.042,-0.002,2682,0
4080626,4.544,8.483,2.093,0.039,-0.05,-0.0,2682,0
4080646,4.606,8.406,2.059,0.045,-0.043,0.007,2683,0
4080666,4.571,8.406,2.124,0.054,-0.027,0.003,2682,0
4080686,4.494,8.432,2.222,0.051,-0.028,-0.003,2683,0
4080706,4.472,8.42,2.2,0.051,-0.049,-0.002,2683,0
4080726,4.518,8.425,2.152,0.051,-0.054,-0.001,2683,0
4080746,4.549,8.447,2.083,0.054,-0.046,0.002,2682,0
4080766,4.468,8.44,2.145,0.049,-0.037,-0.003,2681,0
4080786,4.413,8.435,2.181,0.061,-0.04,0.011,2677,0
4080806,4.506,8.485,2.217,0.047,-0.064,0.011,2673,0
4080826,4.664,8.416,2.148,-0.037,-0.098,-0.02,2670,0
4080846,4.573,8.234,1.994,-0.033,-0.064,-0.046,2668,0
4080866,4.386,8.351,1.982,0.067,0.009,-0.009,2662,0
4080886,4.475,8.59,2.105,0.046,0.004,0.03,2656,0
4080906,4.666,8.607,2.315,-0.04,-0.001,0.002,2652,0
4080926,4.678,8.349,2.488,-0.111,-0.025,-0.038,2649,0
4080946,4.561,8.284,2.365,-0.08,-0.062,-0.062,2648,0
4080966,4.319,8.226,2.006,0.01,-0.061,-0.072,2647,0
4080986,4.266,8.574,2.047,0.039,-0.043,-0.034,2644,0
4081006,4.436,8.701,2.265,-0.09,-0.075,-0.027,2640,0
4081026,4.638,8.538,2.44,-0.239,-0.122,-0.058,2640,0
4081046,4.623,8.411,2.373,-0.308,-0.153,-0.087,2640,0
4081066,4.446,8.696,2.267,-0.398,-0.18,-0.092,2640,0
4081086,4.379,8.629,2.27,-0.495,-0.184,-0.091,2638,0
4081106,4.369,8.384,2.433,-0.529,-0.203,-0.078,2638,0
4081126,4.53,8.267,2.392,-0.513,-0.227,-0.057,2633,0
4081146,4.647,8.028,2.447,-0.448,-0.185,-0.045,2632,0
4081166,4.652,7.853,2.492,-0.306,-0.098,-0.072,2627,0
4081186,4.532,7.944,2.602,-0.075,-0.029,-0.099,2622,0
4081206,4.42,8.487,2.571,0.008,-0.019,-0.071,2612,0
4081226,4.384,8.643,2.665,-0.122,-0.045,-0.02,2608,0
4081246,4.386,8.416,2.775,-0.253,-0.082,-0.003,2605,0
4081266,4.417,8.286,2.832,-0.265,-0.094,-0.008,2599,0
4081286,4.503,8.059,2.964,-0.201,-0.084,-0.005,2595,0
4081306,4.559,7.851,3.017,-0.032,-0.061,0.012,2591,0
4081326,4.559,7.944,3.067,0.169,-0.019,0.008,2589,0
4081346,4.482,8.112,2.919,0.285,0.013,-0.006,2588,0
4081366,4.377,8.344,2.82,0.282,0.007,-0.018,2587,0
4081386,4.345,8.502,2.866,0.18,-0.033,-0.005,2587,0
4081406,4.377,8.502,2.873,0.039,-0.076,-0.013,2589,0
4081426,4.415,8.301,2.847,-0.026,-0.103,-0.031,2590,0
4081446,4.458,8.229,2.806,0.022,-0.106,-0.025,2592,0
4081466,4.499,8.253,2.705,0.095,-0.089,0.01,2593,0
4081486,4.503,8.226,2.715,0.181,-0.052,0.038,2594,0
4081506,4.475,8.279,2.761,0.206,-0.032,0.033,2594,0
4081526,4.501,8.341,2.705,0.188,-0.028,0.023,2592,0
4081546,4.515,8.389,2.667,0.134,-0.03,0.02,2593,0
4081566,4.456,8.392,2.715,0.066,-0.043,0.008,2594,0
4081586,4.408,8.37,2.796,0.019,-0.055,-0.007,2591,0
4081606,4.453,8.25,2.784,0.018,-0.077,-0.001,2593,0
4081626,4.472,8.27,2.667,0.053,-0.078,0.019,2593,0
4081646,4.501,8.267,2.607,0.067,-0.065,0.018,2596,0
4081666,4.451,8.217,2.696,0.056,-0.067,0.007,2597,0
4081686,4.487,8.188,2.677,0.067,-0.079,0.001,2601,0
4081706,4.53,8.246,2.624,0.064,-0.09,-0.002,2601,0
4081726,4.535,8.303,2.636,0.05,-0.11,0.007,2602,0
4081746,4.561,8.329,2.607,0.051,-0.106,0.013,2603,0
4081766,4.503,8.301,2.653,0.065,-0.1,0.011,2604,0
4081786,4.494,8.365,2.629,0.073,-0.12,0.022,2607,0
4081806,4.585,8.358,2.557,0.053,-0.139,0.033,2611,0
4081826,4.609,8.296,2.559,0.049,-0.128,0.032,2627,0
4081846,4.59,8.219,2.67,0.078,-0.123,0.02,2640,0
4081866,4.542,8.243,2.476,0.134,-0.115,0.034,2649,0
4081886,4.542,8.373,2.447,0.132,-0.124,0.051,2654,0
4081906,4.568,8.43,2.567,0.1,-0.144,0.066,4095,0
4081926,4.523,8.315,2.653,0.068,-0.175,0.078,2710,0
4081946,4.702,8.234,2.799,0.069,-0.241,0.071,2671,0
4081966,5.037,8.471,2.758,0.1,-0.238,0.039,2680,0
4081986,4.805,8.377,2.825,0.005,-0.224,0.098,2692,0
4082006,4.324,7.949,2.112,0.189,-0.202,0.033,2712,0
4082026,5.124,8.732,2.567,-0.003,-0.234,0.094,2733,0
4082046,4.235,7.776,1.872,0.052,-0.154,0.034,2738,0
4082066,5.104,8.6,2.602,-0.019,-0.162,0.056,2737,0
4082086,4.405,7.805,1.839,0.185,-0.079,-0.004,2736,0
4082106,4.891,8.641,2.684,-0.028,-0.086,0.091,2733,0
4082126,4.779,8.31,1.999,0.104,-0.068,-0.011,2729,0
4082146,4.63,8.526,2.619,-0.294,-0.104,0.072,2725,0
4082166,5.296,8.267,2.107,-0.122,-0.096,-0.049,2723,0
4082186,4.341,7.705,2.483,-0.273,-0.06,0.026,2724,0
4082206,5.485,8.236,2.452,0.043,-0.051,-0.03,2721,0
4082226,4.092,7.597,2.282,0.07,0.009,0.015,2722,0
4082246,5.363,8.669,2.717,0.126,-0.028,0.03,2721,0
4082266,4.262,7.76,2.128,0.193,0.019,-0.015,2719,0
4082286,5.088,8.638,2.89,0.021,-0.045,0.044,2720,0
4082306,4.81,7.951,1.946,0.24,-0.005,-0.076,2718,0
4082326,4.563,8.401,2.708,-0.041,-0.021,0.037,2717,0
4082346,5.157,8.44,2.169,0.167,-0.017,-0.059,2717,0
4082366,4.063,7.898,2.504,-0.081,-0.02,0.025,2716,0
4082386,5.444,8.557,2.579,0.055,-0.062,-0.004,2716,0
4082406,4.142,7.64,2.188,0.051,-0.021,-0.009,2716,0
4082426,4.932,8.408,2.883,-0.036,-0.053,0.012,2719,0
4082446,4.709,8.301,2.272,0.062,0.0,-0.037,2717,0
4082466,4.839,8.346,2.119,0.064,-0.018,-0.031,2715,0
4082486,4.841,8.258,2.248,0.041,0.0,-0.017,2716,0
4082506,4.726,8.217,2.399,0.027,0.018,-0.013,2713,0
4082526,4.678,8.243,2.552,0.022,-0.007,-0.017,2710,0
4082546,4.786,8.21,2.514,0.017,-0.038,-0.005,2709,0
4082566,4.884,8.15,2.385,0.038,-0.042,-0.006,2708,0
4082586,4.853,8.14,2.365,0.055,-0.021,-0.013,2708,0
4082606,4.736,8.195,2.492,0.065,-0.015,-0.02,2708,0
4082626,4.743,8.231,2.466,0.061,-0.031,-0.016,2708,0
4082646,4.796,8.241,2.387,0.039,-0.03,-0.014,2709,0
4082666,4.776,8.224,2.385,0.032,-0.02,-0.015,2705,0
4082686,4.693,8.246,2.394,0.046,-0.008,-0.014,2706,0
4082706,4.633,8.286,2.425,0.053,-0.007,-0.009,2705,0
4082726,4.683,8.303,2.377,0.064,-0.013,0.002,2704,0
4082746,4.733,8.26,2.365,0.064,-0.01,0.013,2701,0
4082766,4.745,8.234,2.44,0.058,-0.007,0.006,2698,0
4082786,4.741,8.238,2.55,0.042,-0.021,-0.007,2697,0
4082806,4.702,8.188,2.545,0.031,-0.035,-0.016,2697,0
4082826,4.729,8.205,2.492,0.037,-0.041,-0.012,2696,0
4082846,4.764,8.248,2.504,0.026,-0.041,-0.008,2695,0
4082866,4.788,8.191,2.488,0.03,-0.041,-0.011,2695,0
4082886,4.748,8.217,2.454,0.051,-0.04,-0.012,2695,0
4082906,4.76,8.272,2.377,0.051,-0.04,-0.003,2695,0
4082926,4.736,8.279,2.318,0.032,-0.047,-0.006,2691,0
4082946,4.97,8.27,2.638,0.036,-0.102,0.0,2689,0
4082966,5.126,8.701,2.868,0.067,-0.063,0.013,2690,0
4082986,4.539,8.535,2.883,-0.039,-0.057,0.062,2690,0
4083006,4.609,7.872,1.894,0.164,-0.023,-0.047,2690,0
4083026,4.987,8.598,2.789,-0.075,-0.048,0.05,2690,0
4083046,4.616,7.877,1.968,0.159,0.002,-0.057,2691,0
4083066,4.743,8.466,2.868,-0.087,-0.03,0.05,2691,0
4083086,4.889,8.102,2.114,0.153,-0.009,-0.062,2690,0
4083106,4.398,8.076,2.725,-0.093,-0.016,0.039,2688,0
4083126,4.877,8.171,1.982,0.231,0.068,-0.066,2682,0
4083146,4.118,8.102,2.435,-0.052,0.062,0.091,2650,0
4083166,5.387,8.471,3.05,-0.016,0.037,0.016,2623,0
4083186,4.384,7.185,2.38,-0.035,0.081,-0.019,2611,0
4083206,5.001,8.241,1.391,0.131,0.243,0.009,2588,0
4083226,4.276,8.859,2.358,0.281,0.323,0.108,2493,0
4083246,4.511,8.617,4.927,-0.274,-0.082,0.237,2446,0
4083266,5.782,8.073,3.196,-0.231,-0.229,0.009,2432,0
4083286,4.408,7.317,1.697,-0.033,-0.031,-0.106,2432,0
4083306,5.344,8.909,2.54,0.236,0.027,-0.059,2422,0
4083326,3.812,8.121,1.93,0.254,0.072,-0.015,2411,0
4083346,5.516,8.739,2.818,-0.012,-0.036,0.058,2411,0
4083366,4.085,7.728,1.776,0.065,0.055,-0.089,2413,0
4083386,4.922,8.155,2.818,-0.152,0.007,-0.036,2416,0
4083406,4.374,8.143,2.121,0.129,0.019,-0.125,2414,0
4083426,5.025,8.365,2.957,-0.047,-0.052,0.037,2416,0
4083446,4.69,8.337,2.337,0.06,0.042,0.008,2417,0
4083466,4.812,8.279,2.562,0.053,0.041,-0.016,2419,0
4083486,4.743,8.212,2.725,0.036,0.016,-0.027,2421,0
4083506,4.702,8.183,2.772,0.023,-0.034,-0.035,2421,0
4083526,4.697,8.212,2.598,0.05,-0.058,-0.029,2427,0
4083546,4.697,8.265,2.531,0.077,-0.039,-0.012,2428,0
4083566,4.635,8.317,2.478,0.081,-0.02,-0.007,2429,0
4083586,4.587,8.346,2.44,0.059,-0.012,-0.001,2430,0
4083606,4.604,8.253,2.49,0.033,-0.009,0.001,2432,0
4083626,4.657,8.14,2.588,0.023,-0.01,-0.009,2442,0
4083646,4.673,8.061,2.543,0.046,-0.009,-0.02,2448,0
4083666,4.65,8.174,2.519,0.064,-0.003,-0.019,3176,0
4083686,4.645,8.289,2.538,0.055,0.01,-0.014,2449,0
4083706,4.621,8.26,2.646,0.039,0.022,-0.011,2448,0
4083726,4.602,8.243,2.777,0.035,0.006,0.003,2446,0
4083746,4.642,8.231,2.717,0.037,-0.011,-0.002,2444,0
4083766,4.709,8.217,2.672,0.036,-0.019,-0.014,2445,0
4083786,4.683,8.195,2.746,0.02,-0.023,-0.016,2444,0
4083806,4.633,8.203,2.818,0.044,-0.037,-0.014,2444,0
4083826,4.65,8.301,2.753,0.064,-0.059,-0.013,2445,0
4083846,4.65,8.351,2.614,0.033,-0.069,-0.004,2446,0
4083866,4.666,8.332,2.523,0.015,-0.06,0.001,2448,0
4083886,4.623,8.26,2.634,0.019,-0.058,0.002,2450,0
4083906,4.59,8.145,2.648,0.023,-0.08,0.003,2454,0
4083926,4.606,8.174,2.528,0.061,-0.1,0.002,2466,0
4083946,4.64,8.308,2.083,0.1,-0.136,0.001,2477,0
4083966,4.784,7.97,2.289,0.145,-0.063,-0.04,2485,0
4083986,5.473,8.408,2.725,0.072,-0.027,0.015,2483,0
4084006,3.78,7.954,2.444,-0.001,0.01,0.04,2479,0
4084026,5.212,8.435,2.516,0.121,-0.032,-0.049,2478,0
4084046,4.307,7.944,2.806,-0.128,-0.05,0.026,2478,0
4084066,5.018,8.284,2.433,0.161,-0.026,-0.088,2478,0
4084086,4.511,8.198,2.947,-0.052,-0.034,0.028,2479,0
4084106,5.43,8.631,2.643,0.145,-0.042,-0.046,2480,0
4084126,4.621,8.279,2.907,-0.098,-0.051,0.053,2480,0
4084146,4.702,8.346,2.282,0.149,-0.026,-0.064,2479,0
4084166,4.606,8.198,2.971,-0.109,-0.056,0.055,2480,0
4084186,4.779,8.305,2.33,0.181,-0.028,-0.063,2482,0
4084206,4.583,8.2,2.902,-0.071,-0.054,0.054,2484,0
4084226,4.848,8.332,2.239,0.204,-0.029,-0.062,2486,0
4084246,4.386,8.191,2.72,-0.05,-0.029,0.068,2486,0
4084266,4.908,8.516,2.471,0.16,-0.008,-0.037,2485,0
4084286,4.25,7.961,2.959,-0.116,-0.039,0.054,2482,0
4084306,5.1,8.286,2.54,0.175,-0.071,-0.049,2483,0
4084326,4.14,7.973,2.749,-0.046,-0.1,0.075,2489,0
4084346,5.188,8.552,2.471,0.139,-0.098,-0.015,2506,0
4084366,3.701,7.798,2.456,0.002,-0.106,-0.01,2533,0
4084386,5.452,8.394,3.12,0.018,-0.203,-0.018,2590,0
4084406,4.137,7.736,2.198,0.113,-0.164,-0.06,2639,0
4084426,4.875,8.085,3.151,0.118,-0.343,-0.005,2687,0
4084446,4.927,7.855,3.764,0.141,-0.676,0.054,4095,0
4084466,5.274,8.006,2.591,0.087,-0.816,-0.047,2871,0
4084486,6.112,8.001,2.028,0.123,-1.074,-0.122,3008,0
4084506,4.817,8.543,1.867,0.687,-1.247,0.1,3110,0
4084526,3.318,8.404,0.189,1.699,-1.265,0.584,3162,0
4084546,1.326,11.657,-0.151,1.555,-0.767,1.19,3242,0
4084566,7.336,8.432,2.025,-0.597,-0.62,0.539,3295,0
4084586,6.325,7.199,0.644,-0.974,-0.187,0.504,3307,0
4084606,6.359,5.923,1.226,-0.516,0.069,0.095,3308,0
4084626,5.492,7.429,2.047,0.179,0.179,0.147,3305,0
4084646,5.578,8.54,1.846,0.492,0.165,0.277,3301,0
4084666,6.072,9.084,1.322,0.279,0.282,0.239,3296,0
4084686,5.763,9.148,1.164,-0.343,0.445,0.108,3288,0
4084706,5.033,9.069,1.741,-0.832,0.342,0.197,3280,0
4084726,5.227,7.975,1.8,-0.913,0.201,0.396,3280,0
4084746,5.308,7.894,1.906,-0.807,0.129,0.558,3274,0
4084766,4.915,7.209,2.617,-0.821,0.066,0.585,3262,0
4084786,5.622,6.601,2.634,-0.702,-0.117,0.394,3250,0
4084806,7.211,6.177,1.599,-0.397,0.128,-0.034,3244,0
4084826,6.634,6.747,0.905,-0.346,0.658,-0.423,3241,0
4084846,4.932,7.027,2.167,-0.514,0.958,-0.65,3233,0
4084866,3.469,7.733,3.745,-0.978,0.734,-0.681,3219,0
4084886,3.563,7.274,4.626,-1.298,0.168,-0.46,3197,0
4084906,5.303,6.345,3.687,-1.134,0.038,-0.147,3165,0
4084926,5.741,6.0,4.013,-0.492,0.212,-0.208,3105,0
4084946,5.42,6.711,3.443,-0.013,0.338,-0.28,2997,0
4084966,4.855,7.508,3.012,0.42,0.55,-0.291,2844,0
4084986,5.78,8.519,3.017,0.548,0.72,-0.038,2618,0
4085006,6.57,8.169,3.462,0.605,0.756,0.041,2502,0
4085026,5.296,7.719,4.422,0.265,0.653,0.05,2471,0
4085046,5.138,8.126,4.101,0.16,0.419,-0.175,2404,0
4085066,4.302,7.482,4.477,-0.103,0.144,-0.282,2371,0
4085086,4.779,7.456,4.652,-0.215,-0.103,-0.173,2361,0
4085106,5.231,7.891,3.953,0.141,-0.194,-0.118,2352,0
4085126,3.919,7.724,3.668,0.231,-0.297,0.007,2362,0
4085146,5.186,8.978,3.953,0.152,-0.435,0.094,2402,0
4085166,4.748,8.066,3.055,-0.087,-0.419,0.048,2495,0
4085186,4.879,7.908,3.321,-0.402,-0.395,0.117,2566,0
4085206,5.717,8.102,3.814,0.007,-0.506,0.169,2679,0
4085226,5.499,7.621,3.261,0.209,-0.661,0.389,2857,0
4085246,5.016,9.309,2.54,0.557,-0.63,0.652,2959,0
4085266,4.254,7.875,2.274,0.695,-0.411,0.796,2984,0
4085286,4.985,7.527,2.337,0.205,-0.186,0.616,3006,0
4085306,7.175,7.4,3.282,-0.241,-0.321,0.212,3096,0
4085326,4.48,6.558,1.935,-0.45,-0.155,0.411,3155,2368
4085346,6.041,7.293,3.383,-0.644,-0.164,0.313,3206,3483
4085366,6.129,5.693,3.16,-0.491,-0.14,0.264,3225,3962
4085386,6.112,6.445,2.88,-0.041,0.157,-0.006,3257,4095
4085406,6.309,7.903,3.072,0.047,0.633,-0.007,3270,4095
4085426,4.429,7.219,3.843,-0.233,0.477,-0.013,3262,4095
4085446,5.837,6.644,3.967,-0.486,0.196,-0.03,3253,4095
4085466,5.945,6.589,3.711,-0.425,0.207,-0.166,3247,4095
4085486,5.605,6.788,3.871,-0.194,0.29,-0.133,3244,4095
4085506,5.521,6.891,4.005,0.092,0.284,-0.063,3240,4095
4085526,5.43,7.187,3.891,0.19,0.294,-0.119,3236,4095
4085546,5.466,7.29,3.814,0.08,0.309,-0.203,3231,4095
4085566,5.224,7.611,3.924,-0.048,0.314,-0.199,3228,4095
4085586,4.911,6.797,4.724,-0.363,0.187,-0.1,3221,4095
4085606,5.195,1.302,6.529,0.465,-0.014,-0.439,3216,4095
4085626,4.575,-0.757,6.919,3.88,-0.133,-1.189,3207,4095
4085646,4.793,-3.11,4.472,8.068,-0.053,-1.448,3201,4095
4085666,5.349,-1.207,-1.872,8.731,0.28,-1.39,3195,4095
4085686,4.748,5.856,-9.914,8.731,0.433,-0.742,3188,4095
4085706,4.693,17.643,-10.886,8.731,-0.003,0.25,3186,4095
4085726,3.405,16.173,-9.081,8.517,-0.559,1.054,3184,4095
4085746,4.489,10.111,-9.029,3.891,-0.731,0.764,3179,4095
4085766,4.087,5.401,-10.039,2.079,-0.526,0.357,3178,4095
4085786,3.689,7.53,-10.183,0.852,-0.296,0.318,3175,4095
4085806,2.775,7.685,-9.021,-1.387,-0.232,0.229,3176,4095
4085826,3.249,4.503,-8.277,-2.538,-0.345,0.241,3176,4095
4085846,4.829,0.706,-7.867,-2.04,-0.18,0.064,3177,4095
4085866,4.527,3.074,-6.579,-0.393,0.002,-0.07,3176,4095
4085886,4.551,6.527,-6.436,-0.329,-0.12,0.034,3180,4003
4085906,4.391,7.781,-6.476,-1.201,-0.297,-0.043,3183,3741
4085926,4.602,7.132,-7.144,-2.18,-0.327,-0.137,3188,3365
4085946,4.82,3.34,-6.675,-1.933,0.027,-0.593,3166,1326
4085966,4.089,4.702,-6.637,-1.168,0.262,-0.931,3141,0
4085986,4.578,8.174,-5.619,-1.282,0.309,-0.858,3230,0
4086006,4.365,8.677,-5.296,-1.785,0.495,-0.604,3008,0
4086026,3.345,9.052,-4.29,-1.848,0.333,-0.39,3272,0
4086046,3.553,10.391,-5.715,-2.482,-0.105,-0.109,3211,0
4086066,5.339,10.525,-7.082,-3.139,0.04,0.183,2607,0
4086086,4.748,8.59,-2.677,-4.04,-0.128,0.106,2558,0
4086106,3.445,9.299,-3.95,-4.182,-0.648,0.418,2471,0
4086126,3.369,12.594,-4.76,-6.616,-0.949,0.231,2412,0
4086146,4.065,10.218,-5.157,-8.361,-0.935,-0.175,2368,0
4086166,4.535,7.76,-2.878,-8.296,-1.028,0.026,2336,0
4086186,5.279,7.424,-0.692,-7.778,-0.846,-0.091,2318,0
4086206,5.2,4.477,0.402,-6.855,-0.722,0.112,2308,0
4086226,5.339,4.606,3.443,-4.91,-0.397,0.026,2300,0
4086246,4.487,4.432,4.187,-3.529,-0.108,-0.151,2294,0
4086266,4.729,4.673,5.595,-1.909,0.039,0.073,2293,0
4086286,4.008,4.638,5.784,-0.818,0.216,0.309,2297,0
4086306,3.982,5.425,5.454,0.311,0.424,0.286,2299,0
4086326,3.488,7.298,5.964,0.428,0.324,0.435,2299,0
4086346,3.428,7.884,5.629,-0.308,0.088,0.337,2303,0
4086366,4.207,8.253,5.602,-1.547,-0.297,0.495,2318,0
4086386,4.887,5.365,5.361,-1.766,-0.263,0.379,2337,0
4086406,4.939,7.302,6.129,-1.972,-0.191,0.285,2362,0
4086426,4.573,9.457,6.294,-2.694,-0.367,0.013,2381,0
4086446,4.755,9.175,5.282,-4.99,-0.55,0.014,2416,0
4086466,4.64,2.966,6.955,-4.95,-0.541,0.022,2480,0
4086486,5.013,1.14,8.71,-3.305,-0.463,0.152,2558,0
4086506,5.562,0.338,10.06,-0.868,-0.833,0.508,2734,0
4086526,6.325,0.785,7.918,1.245,-1.048,0.839,2843,0
4086546,6.567,2.002,6.981,2.732,-1.058,0.706,2933,0
4086566,6.062,1.118,5.681,3.076,-1.248,0.314,3015,0
4086586,3.809,-4.482,1.973,4.308,-0.295,-0.56,3079,2309
4086606,5.655,-6.292,1.482,8.405,0.694,-1.518,3161,3201
4086626,7.764,-5.607,-4.104,8.731,1.386,-2.336,3221,3826
4086646,4.705,-1.434,-10.106,8.731,2.682,-2.912,3257,4012
4086666,1.695,9.701,-12.424,8.731,2.569,-2.322,3274,4083
4086686,0.627,12.821,-11.179,8.731,1.716,-1.735,3270,4095
4086706,0.603,18.641,-11.36,8.731,0.732,-1.109,3264,4095
4086726,1.183,20.121,-10.094,4.618,-0.184,-0.415,3258,4095
4086746,2.286,7.915,-10.393,1.082,-0.538,-0.292,3249,4095
4086766,2.44,7.664,-9.809,0.864,-0.457,-0.232,3237,4095
4086786,2.27,10.125,-9.546,-0.428,-0.452,-0.184,3228,4095
4086806,2.531,9.349,-8.679,-1.794,-0.536,-0.062,3219,3999
4086826,2.854,8.404,-8.389,-2.532,-0.638,0.142,3214,3828
4086846,3.285,7.065,-8.076,-2.514,-0.561,0.332,3214,3644
4086866,3.22,7.211,-7.283,-2.093,-0.424,0.394,3215,2869
4086886,2.923,7.877,-6.996,-2.103,-0.357,0.324,3201,1462
4086906,2.354,9.764,-6.603,-2.782,-0.442,0.275,3180,0
4086926,2.155,10.927,-7.027,-4.251,-0.5,0.287,3141,0
4086946,3.179,10.918,-6.163,-5.059,-0.353,0.126,3069,0
4086966,3.481,9.254,-4.7,-4.895,-0.172,0.085,2992,0
4086986,3.412,8.911,-4.132,-4.232,0.053,0.212,2903,0
4087006,3.412,9.39,-2.751,-4.054,-0.042,0.435,2829,0
4087026,3.132,10.142,-2.191,-4.078,-0.172,0.617,2756,0
4087046,3.235,9.919,-1.312,-4.914,-0.281,0.595,2693,0
4087066,3.491,9.043,-0.093,-5.25,-0.458,0.42,2649,0
4087086,3.251,7.712,0.56,-5.51,-0.675,0.304,2623,0
4087106,4.07,7.815,1.788,-5.095,-0.82,0.257,2608,0
4087126,3.922,6.522,2.121,-4.537,-0.802,0.305,2572,0
4087146,3.886,6.517,3.208,-4.048,-0.724,0.44,2544,0
4087166,4.547,6.74,3.555,-3.375,-0.545,0.351,2514,0
4087186,4.116,7.314,4.518,-3.278,-0.554,0.447,2496,0
4087206,4.961,6.795,4.384,-3.489,-0.51,0.266,2484,0
4087226,4.386,4.132,5.083,-3.154,-0.413,0.241,2479,0
4087246,5.112,4.264,6.1,-2.477,-0.245,0.119,2467,0
4087266,4.456,3.675,6.448,-1.668,-0.237,0.066,2461,0
4087286,5.049,5.155,6.23,-1.166,-0.151,0.139,2454,0
4087306,4.458,5.413,5.758,-1.113,-0.1,0.064,2451,0
4087326,4.695,6.235,6.258,-1.446,-0.057,0.124,2449,0
4087346,4.245,5.114,6.421,-2.237,-0.186,-0.007,2447,0
4087366,4.927,4.31,6.941,-2.496,-0.305,-0.002,2447,0
4087386,4.781,2.452,7.247,-2.382,-0.365,-0.016,2461,0
4087406,5.212,1.489,8.669,-1.623,-0.31,0.012,2511,0
4087426,5.164,0.326,12.005,-0.222,-0.946,-0.132,2716,0
4087446,6.553,-2.44,9.474,1.367,-1.767,-0.551,2935,0
4087466,6.357,-5.069,4.068,4.073,-1.172,-1.145,3032,0
4087486,5.918,-8.121,0.678,8.731,0.575,-1.865,3119,0
4087506,6.39,-4.324,-8.413,8.731,2.107,-1.577,3216,1792
4087526,4.635,3.371,-13.587,8.731,3.406,-1.346,3267,3199
4087546,2.148,9.543,-13.838,8.731,3.382,-0.978,3307,3689
4087566,-0.101,18.285,-13.127,8.731,2.181,-0.566,3319,3980
4087586,-0.309,22.675,-8.258,8.731,0.774,-0.823,3324,4095
4087606,1.865,14.494,-8.863,2.989,-0.107,-1.096,3313,4095
4087626,4.144,4.75,-10.355,1.488,-0.206,-0.648,3302,4095
4087646,2.868,7.628,-9.957,1.526,0.11,-0.449,3285,4095
4087666,1.513,10.949,-8.827,-0.1,-0.061,-0.268,3280,4095
4087686,2.272,9.285,-8.092,-1.913,-0.41,-0.024,3275,4095
4087706,2.914,6.812,-7.319,-2.437,-0.562,0.145,3270,3976
4087726,3.551,4.772,-6.608,-1.837,-0.483,0.123,3265,3370
4087746,3.534,6.572,-7.171,-1.038,-0.181,-0.045,3266,1595
4087766,3.857,10.898,-8.284,-2.043,0.286,-0.086,3240,0
4087786,2.672,10.7,-7.118,-4.06,0.398,-0.194,3196,0
4087806,2.626,9.699,-6.345,-4.977,0.223,-0.236,3174,0
4087826,2.911,8.215,-4.889,-4.763,0.048,-0.23,3040,0
4087846,3.711,8.466,-3.998,-4.007,-0.048,-0.117,2961,0
4087866,3.74,8.224,-3.508,-3.555,-0.098,0.104,2882,0
4087886,3.534,8.514,-2.157,-3.113,-0.167,0.375,4095,0
4087906,3.352,9.225,-1.255,-2.966,-0.301,0.439,2898,0
4087926,3.433,9.536,-1.338,-3.331,-0.419,0.259,2663,0
4087946,3.462,9.086,-0.781,-3.52,-0.475,0.054,2645,0
4087966,3.646,8.71,-0.517,-3.45,-0.456,-0.005,2625,0
4087986,3.627,8.018,0.472,-3.136,-0.359,0.087,2607,0
4088006,3.689,7.451,1.463,-2.491,-0.291,0.23,2586,0
4088026,3.639,7.937,2.155,-1.696,-0.249,0.381,2561,0
4088046,3.721,7.755,2.315,-1.373,-0.208,0.365,2561,0
4088066,3.996,7.896,2.638,-1.094,-0.17,0.32,2574,0
4088086,4.199,7.384,2.399,-0.949,-0.108,0.189,2581,0
4088106,4.156,7.719,2.557,-0.778,-0.022,0.144,2584,0
4088126,3.998,7.901,3.117,-0.776,0.013,0.111,2587,0
4088146,4.01,7.558,3.266,-0.281,0.035,0.225,2594,0
4088166,3.907,7.324,3.433,-0.172,0.064,0.196,2601,0
4088186,4.027,7.764,3.22,0.153,0.096,0.177,2608,0
4088206,3.938,8.15,3.275,0.161,0.147,0.1,2607,0
4088226,3.931,8.337,3.584,0.07,0.11,0.048,2606,0
4088246,3.994,8.246,3.498,0.018,0.047,0.024,2602,0
4088266,3.943,8.258,3.436,0.027,0.008,0.014,2602,0
4088286,3.929,8.428,3.467,0.082,-0.012,0.031,2605,0
4088306,3.926,8.526,3.381,0.071,-0.012,0.032,2606,0
4088326,3.936,8.442,3.249,0.068,-0.009,0.022,2607,0
4088346,3.986,8.411,3.065,0.09,0.003,0.028,2608,0
4088366,4.025,8.511,3.156,0.06,0.022,0.04,2607,0
4088386,3.974,8.456,3.232,-0.016,0.029,0.016,2608,0
4088406,3.936,8.222,3.34,-0.027,0.018,-0.002,2608,0
4088426,3.917,8.188,3.323,0.042,-0.015,0.013,2613,0
4088446,3.96,8.248,3.244,0.084,-0.049,0.031,2615,0
4088466,3.946,8.265,3.287,0.063,-0.062,0.029,2619,0
4088486,3.982,8.253,3.259,0.056,-0.075,0.012,2620,0
4088506,4.027,8.339,3.091,0.07,-0.064,-0.004,2623,0
4088526,4.075,8.444,2.971,0.033,-0.048,-0.009,2625,0
4088546,4.08,8.418,2.962,-0.006,-0.019,-0.009,2624,0
4088566,4.046,8.346,3.098,0.001,0.009,0.0,2623,0
4088586,4.027,8.363,3.16,0.043,0.016,0.003,2622,0
4088606,4.046,8.447,3.124,0.061,0.012,0.005,2623,0
4088626,4.039,8.42,3.065,0.029,0.01,0.002,2623,0
4088646,3.977,8.619,3.007,-0.002,0.017,-0.01,2624,0
4088666,3.869,8.42,3.268,0.035,-0.006,0.016,2623,0
4088686,3.905,8.356,3.357,0.0,-0.021,0.023,2623,0
4088706,3.977,8.291,3.309,0.016,-0.033,0.031,2623,0
4088726,4.029,8.236,3.256,0.038,-0.036,0.032,2624,0
4088746,3.989,8.31,3.256,0.023,-0.033,0.022,2624,0
4088766,3.919,8.399,3.28,-0.039,-0.046,-0.002,2626,0
4088786,3.965,8.363,3.249,-0.089,-0.07,-0.014,2627,0
4088806,4.034,8.325,3.285,-0.098,-0.076,-0.012,2628,0
4088826,4.017,8.296,3.309,-0.075,-0.068,-0.003,2629,0
4088846,4.008,8.21,3.34,-0.031,-0.055,0.005,2630,0
4088866,4.051,8.169,3.352,0.049,-0.051,0.007,2628,0
4088886,4.085,8.279,3.239,0.092,-0.04,0.007,2629,0
4088906,4.044,8.373,3.203,0.07,-0.025,-0.001,2628,0
4088926,3.984,8.408,3.227,0.034,-0.018,-0.004,2630,0
4088946,3.996,8.327,3.354,0.026,-0.026,0.005,2631,0
4088966,4.041,8.26,3.371,0.035,-0.033,0.007,2631,0
4088986,4.041,8.279,3.347,0.039,-0.039,0.0,2636,0
4089006,4.017,8.332,3.323,0.026,-0.042,-0.003,2640,0
4089026,3.955,8.384,3.376,0.011,-0.044,-0.01,2639,0
4089046,3.989,8.325,3.383,0.007,-0.061,-0.006,2640,0
4089066,4.044,8.258,3.278,0.019,-0.073,0.005,2642,0
4089086,4.113,8.226,3.165,0.049,-0.058,0.019,2645,0
4089106,4.056,8.339,3.179,0.074,-0.03,0.02,2646,0
4089126,3.994,8.303,3.266,0.059,-0.021,0.014,2646,0
4089146,4.005,8.286,3.27,0.051,-0.02,0.011,2645,0
4089166,4.046,8.236,3.275,0.053,-0.022,0.004,2648,0
4089186,4.092,8.25,3.242,0.041,-0.022,-0.004,2648,0
4089206,4.029,8.303,3.294,0.03,-0.025,-0.001,4095,0
4089226,3.974,8.253,3.33,0.021,-0.041,-0.009,2643,0
4089246,4.025,8.217,3.342,0.071,-0.061,-0.017,2660,0
4089266,4.338,8.389,3.606,0.156,0.002,-0.046,4095,0
4089286,4.175,8.626,3.618,0.025,-0.036,0.021,4095,0
4089306,3.792,7.851,2.837,0.03,-0.071,-0.011,4095,0
4089326,4.741,8.983,3.548,0.094,0.018,-0.027,2644,0
4089346,3.723,8.124,3.158,-0.09,-0.034,-0.002,2643,0
4089366,4.75,9.091,3.792,0.048,0.047,-0.021,2643,0
4089386,3.539,8.04,3.383,-0.107,-0.048,0.074,2644,0
4089406,4.551,8.701,3.812,0.075,0.003,0.068,2645,0
4089426,3.419,7.412,3.187,-0.055,-0.107,0.106,4095,0
4089446,4.611,8.327,3.622,0.159,-0.049,0.032,2645,0
4089466,3.486,7.444,2.887,0.035,-0.139,0.008,4095,0
4089486,4.489,8.916,3.299,0.171,-0.058,-0.066,4095,0
4089506,3.132,8.365,2.682,-0.021,-0.084,-0.049,3913,0
4089526,3.776,9.677,3.436,-0.006,0.024,-0.037,2644,0
4089546,2.741,8.844,3.026,-0.258,-0.085,0.062,2666,0
4089566,3.673,10.262,3.622,-0.689,-0.193,0.165,2643,0
4089586,3.517,8.693,3.017,-1.489,-0.351,0.121,4095,0
4089606,4.123,9.618,4.247,-2.15,-0.562,0.169,4095,0
4089626,3.687,11.605,2.82,-3.597,-1.0,0.295,2850,0
4089646,4.781,11.698,1.511,-6.346,-1.283,0.34,2635,0
4089666,5.26,7.3,1.36,-8.05,-1.178,0.26,2637,0
4089686,5.365,3.56,3.675,-8.731,-1.037,0.097,2656,0
4089706,6.079,-0.809,5.617,-6.945,-0.876,-0.081,2725,0
4089726,5.646,-2.131,7.42,-4.162,-0.459,-0.117,2805,0
4089746,5.933,-0.764,8.408,-0.325,-0.095,0.223,2920,0
4089766,6.505,0.484,8.973,1.972,-0.078,0.416,3057,0
4089786,5.057,-2.054,6.914,3.189,-0.044,0.08,3150,0
4089806,4.152,-4.848,5.976,5.333,0.417,-0.312,3213,0
4089826,6.481,-6.78,2.459,8.731,1.018,-0.861,3259,2327
4089846,6.608,-2.701,-2.653,8.731,1.86,-1.272,3282,2673
4089866,4.712,1.504,-6.012,8.731,2.54,-1.509,3300,3246
4089886,3.613,6.843,-11.614,8.731,2.556,-1.277,3311,3342
4089906,2.49,15.517,-13.542,8.731,2.077,-1.144,3311,3523
4089926,0.395,21.948,-9.498,8.731,0.937,0.029,3309,3754
4089946,1.199,13.458,-7.606,4.494,-0.286,0.395,3298,3834
4089966,2.935,8.294,-7.908,1.958,-0.708,-0.03,3281,3805
4089986,3.132,6.699,-8.906,1.246,-0.557,-0.132,3269,3662
4090006,2.155,7.87,-8.768,0.712,-0.336,-0.246,3266,3420
4090026,1.882,7.875,-8.243,-0.305,-0.513,-0.188,3262,3308
4090046,3.194,6.172,-8.045,-0.614,-0.569,-0.036,3257,3247
4090066,3.601,5.76,-7.786,-0.076,-0.24,-0.033,3255,3305
4090086,3.323,7.151,-7.448,0.003,-0.115,-0.039,3251,3377
4090106,3.261,6.742,-7.149,-0.161,-0.161,-0.061,3250,3332
4090126,3.491,6.354,-7.106,-0.056,-0.201,-0.025,3248,3343
4090146,3.67,6.352,-7.479,0.155,-0.103,-0.026,3247,3414
4090166,3.165,7.113,-7.4,0.253,-0.008,-0.028,3247,3431
4090186,3.086,7.314,-7.259,-0.005,-0.034,-0.011,3246,3354
4090206,3.179,6.713,-6.996,-0.146,-0.064,0.032,3246,3237
4090226,3.464,6.091,-6.938,-0.076,-0.069,0.055,3239,3184
4090246,3.371,6.345,-6.938,0.173,0.002,0.051,3240,3185
4090266,2.942,7.008,-7.128,0.115,0.004,0.105,3237,3218
4090286,2.404,5.909,-7.635,-0.016,-0.013,0.037,3236,3163
4090306,4.068,6.357,-6.809,-0.018,-0.023,0.023,3234,3083
4090326,3.45,6.261,-6.634,-0.06,0.007,0.083,3234,2936
4090346,2.385,5.643,-7.429,0.044,0.009,0.007,3235,2569
4090366,3.819,7.001,-6.333,-0.147,-0.098,0.048,3237,1713
4090386,2.66,7.147,-6.211,-0.492,-0.187,0.107,3235,1524
4090406,2.162,7.661,-6.922,-0.928,-0.37,0.086,3231,1263
4090426,3.316,8.382,-6.426,-1.736,-0.596,0.217,3217,0
4090446,2.595,9.05,-7.807,-2.346,-0.557,0.23,3187,0
4090466,3.132,12.265,-8.188,-3.89,-0.515,0.404,3147,0
4090486,2.222,12.467,-8.571,-5.763,-0.465,0.473,3101,0
4090506,2.413,11.851,-7.204,-7.126,-0.516,0.592,3038,0
4090526,3.017,10.266,-6.069,-7.343,-0.637,0.601,2993,0
4090546,2.89,8.229,-4.946,-7.524,-0.662,0.681,2942,0
4090566,3.718,7.499,-2.564,-6.984,-0.648,0.744,2888,0
4090586,4.149,6.646,-1.247,-6.396,-0.547,0.617,2837,0
4090606,3.754,6.021,0.46,-6.198,-0.56,0.544,2785,0
4090626,4.015,6.335,2.581,-5.462,-0.598,0.532,2736,0
4090646,3.836,5.883,3.175,-4.593,-0.728,0.516,2694,0
4090666,3.642,5.734,4.001,-3.995,-0.68,0.557,2661,0
4090686,4.764,5.835,4.092,-3.262,-0.465,0.439,2631,0
4090706,3.766,5.859,5.322,-2.746,-0.448,0.584,2608,0
4090726,4.544,6.44,5.377,-2.722,-0.423,0.617,2594,0
4090746,5.15,3.804,5.964,-2.368,-0.355,0.487,2582,0
4090766,5.569,2.983,6.505,-1.573,-0.215,0.273,2567,0
4090786,5.511,3.153,6.814,-0.416,-0.157,0.194,2561,0
4090806,5.468,3.783,6.627,0.592,-0.189,0.269,2561,0
4090826,5.476,4.52,6.11,1.267,-0.161,0.333,2561,0
4090846,5.389,5.143,5.82,1.484,-0.064,0.25,2585,0
4090866,5.059,5.897,5.734,1.413,-0.0,0.145,2611,0
4090886,4.767,6.304,5.638,1.146,0.021,0.103,2640,0
4090906,4.556,6.572,5.583,0.896,0.041,0.064,2664,0
4090926,4.52,6.404,5.502,0.709,0.078,0.015,2677,0
4090946,4.712,6.328,5.476,0.579,0.103,0.005,2688,0
4090966,4.925,6.254,5.583,0.585,0.124,-0.004,2707,0
4090986,4.93,6.369,5.368,0.6,0.166,-0.011,2726,0
4091006,4.774,6.448,5.385,0.621,0.233,-0.046,2741,0
4091026,4.865,6.874,6.021,0.556,0.059,-0.056,2830,0
4091046,4.87,7.269,5.488,0.556,-0.14,0.074,2912,0
4091066,4.752,6.867,4.805,0.459,-0.113,0.132,2933,0
4091086,4.841,6.653,4.879,0.514,0.027,0.115,2944,0
4091106,4.867,6.665,5.095,0.616,0.073,0.141,2951,0
4091126,5.08,6.826,5.217,0.644,0.127,0.092,2950,0
4091146,5.095,7.259,5.138,0.639,0.093,0.097,2967,0
4091166,5.059,6.981,4.824,0.453,0.065,0.123,2993,0
4091186,5.018,6.993,5.009,0.363,0.037,0.098,2999,0
4091206,4.932,6.917,4.939,0.227,0.084,0.042,2995,0
4091226,4.963,7.104,5.028,0.252,0.076,-0.003,2986,0
4091246,5.035,7.29,4.695,0.226,0.057,0.029,2981,0
4091266,5.009,6.979,4.764,0.205,0.069,0.033,2976,0
4091286,4.86,7.551,4.997,0.113,0.056,0.065,2967,0
4091306,4.697,6.606,4.662,0.115,0.086,-0.031,2961,0
4091326,5.365,7.281,4.712,0.077,0.1,-0.04,2960,0
4091346,4.642,7.068,4.513,0.064,0.145,-0.054,2957,0
4091366,5.047,7.015,4.848,0.085,0.131,-0.022,2951,0
4091386,4.602,7.688,4.561,0.005,0.093,0.131,2951,0
4091406,5.205,7.053,4.8,-0.041,0.199,0.051,2952,0
4091426,4.709,7.46,4.614,-0.047,0.279,0.019,2955,0
4091446,4.918,6.802,4.93,-0.111,0.322,-0.088,2956,0
4091466,4.324,6.732,4.927,-0.216,0.238,-0.014,2951,0
4091486,4.671,6.62,5.456,-0.119,0.132,-0.078,2948,0
4091506,4.278,6.737,5.021,-0.092,0.014,-0.105,2932,0
4091526,4.997,6.862,5.533,-0.102,0.008,-0.141,2921,0
4091546,4.305,6.505,4.911,-0.082,0.019,-0.172,2916,0
4091566,4.441,7.513,5.267,-0.058,0.045,-0.132,2911,0
4091586,4.286,6.938,4.693,-0.172,-0.027,-0.043,2907,0
4091606,4.681,7.568,5.406,-0.274,-0.052,0.06,2903,0
4091626,5.011,6.206,5.124,-0.19,-0.011,-0.021,2898,0
4091646,4.417,6.632,5.341,-0.089,0.018,-0.019,2892,0
4091666,4.887,6.934,5.581,0.144,0.066,-0.09,2878,0
4091686,4.422,6.536,4.793,0.223,0.013,-0.008,2866,0
4091706,4.413,7.69,5.365,0.206,-0.025,0.131,2854,0
4091726,4.793,6.608,5.14,0.11,0.014,0.07,2847,0
4091746,4.544,6.749,5.107,0.011,0.01,0.026,2840,0
4091766,4.408,6.421,5.069,-0.032,0.072,-0.038,2833,0
4091786,4.666,6.625,5.459,0.175,0.115,-0.098,2827,0
4091806,4.551,7.424,5.248,0.338,0.091,0.01,2807,0
4091826,4.379,7.156,5.004,0.26,0.106,0.152,2777,0
4091846,4.386,6.814,5.073,0.188,0.143,0.097,2733,0
4091866,4.415,6.759,5.136,0.072,0.161,0.064,2703,0
4091886,4.592,6.756,5.265,0.051,0.183,0.041,2682,0
4091906,4.633,6.989,5.95,0.274,0.153,0.017,2668,0
4091926,4.518,7.434,5.641,0.2,0.072,0.027,2663,0
4091946,4.355,7.12,5.009,0.2,0.045,0.079,2657,0
4091966,4.216,7.116,4.985,0.085,0.056,0.159,2670,0
4091986,4.453,6.886,5.614,-0.097,0.054,0.212,2645,0
4092006,4.733,7.24,5.507,0.078,-0.014,0.244,2646,0
4092026,4.729,7.652,4.927,0.024,0.068,0.267,2659,0
4092046,4.614,7.008,4.334,0.047,0.299,0.13,2664,0
4092066,4.475,6.97,4.863,0.002,0.362,-0.001,2663,0
4092086,4.544,6.737,5.188,-0.084,0.29,0.032,2663,0
4092106,4.525,6.294,5.488,-0.048,0.229,-0.021,2661,0
4092126,4.487,6.46,5.574,-0.003,0.137,-0.086,2665,0
4092146,4.468,6.615,5.607,-0.001,0.06,-0.079,2665,0
4092166,4.393,6.608,5.653,-0.006,0.001,-0.114,2663,0
4092186,4.334,6.701,5.751,0.029,-0.079,-0.137,2663,0
4092206,4.36,6.914,5.748,0.104,-0.131,-0.132,2661,0
4092226,4.312,7.07,5.61,0.111,-0.168,-0.102,2665,0
4092246,4.312,7.197,5.298,0.075,-0.153,-0.019,2671,0
4092266,4.298,7.214,5.191,0.086,-0.078,0.039,2672,0
4092286,4.266,7.156,5.136,0.054,-0.064,0.013,2668,0
4092306,4.336,7.101,5.239,0.015,-0.111,0.01,2660,0
4092326,4.365,6.979,5.416,-0.038,-0.123,0.033,2656,0
4092346,4.413,6.9,5.629,-0.076,-0.143,0.004,2651,0
4092366,4.42,6.907,5.552,-0.12,-0.206,-0.044,2647,0
4092386,4.444,6.735,5.44,-0.154,-0.231,-0.08,2647,0
4092406,4.513,6.653,5.531,-0.214,-0.247,-0.173,2644,0
4092426,4.413,6.912,5.703,-0.349,-0.311,-0.286,2645,0
4092446,4.269,6.445,5.511,-0.698,-0.343,-0.359,2651,0
4092466,4.417,6.531,5.887,-1.023,-0.499,-0.504,2650,0
4092486,4.525,6.448,4.867,-1.697,-0.529,-0.698,2620,0
4092506,4.441,5.203,5.394,-1.697,-0.323,-0.822,2558,0
4092526,4.482,3.824,6.249,-0.742,-0.256,-0.776,2483,0
4092546,4.436,4.831,6.096,0.698,-0.055,-0.519,2413,0
4092566,4.149,5.995,6.299,1.631,0.12,-0.201,2377,0
4092586,4.046,7.063,5.624,2.095,0.229,0.007,2364,0
4092606,3.847,7.851,5.277,2.114,0.281,0.097,2357,0
4092626,3.682,8.6,4.877,1.848,0.223,0.101,2361,0
4092646,3.718,8.815,4.492,1.326,0.133,0.079,2376,0
4092666,3.79,8.732,4.46,0.837,0.06,0.065,2392,0
4092686,3.903,8.437,4.583,0.481,-0.002,0.028,2406,0
4092706,3.996,8.301,4.59,0.299,-0.056,-0.002,2413,0
4092726,4.094,8.186,4.549,0.115,-0.117,-0.006,2417,0
4092746,4.211,7.994,4.422,-0.012,-0.126,0.002,2425,0
4092766,4.14,7.728,4.527,-0.067,-0.088,-0.01,2431,0
4092786,4.029,7.635,4.743,-0.045,-0.11,0.002,2437,0
4092806,4.123,7.64,4.683,0.075,-0.141,0.051,2447,0
4092826,4.187,7.611,4.501,0.097,-0.131,0.065,2447,0
4092846,4.171,7.549,4.496,0.123,-0.074,0.038,2443,0
4092866,4.106,7.57,4.362,0.177,-0.036,0.004,2437,0
4092886,4.082,7.587,4.245,0.167,-0.038,-0.014,2432,0
4092906,4.18,7.738,4.247,0.139,-0.024,0.01,2429,0
4092926,4.168,7.633,4.228,0.115,-0.002,-0.001,2428,0
4092946,4.068,7.585,4.422,0.148,0.046,-0.035,2426,0
4092966,4.147,7.705,4.271,0.159,0.088,-0.002,2417,0
4092986,4.125,7.573,4.211,0.148,0.135,0.005,2416,0
4093006,4.12,7.578,4.348,0.146,0.168,0.011,2417,0
4093026,4.051,7.776,4.503,0.096,0.192,0.014,2417,0
4093046,3.986,7.819,4.544,0.001,0.194,-0.002,2416,0
4093066,3.819,7.005,4.942,-0.035,0.172,0.076,2414,0
4093086,3.955,7.884,4.927,-0.021,0.109,0.06,2411,0
4093106,3.962,8.018,4.784,0.149,0.024,0.089,2412,0
4093126,4.013,7.918,4.657,0.073,-0.023,0.052,2413,0
4093146,4.08,7.982,4.527,-0.015,-0.038,0.044,2416,0
4093166,4.118,7.875,4.494,-0.082,-0.023,0.059,2430,0
4093186,4.01,7.815,4.482,-0.123,-0.003,0.083,2434,0
4093206,3.929,7.781,4.717,-0.124,-0.012,0.109,2436,0
4093226,4.001,7.673,4.741,-0.101,-0.046,0.118,2434,0
4093246,4.029,7.427,4.762,-0.083,-0.068,0.112,2432,0
4093266,4.149,7.286,4.683,-0.006,-0.069,0.111,2433,0
4093286,4.262,7.264,4.587,0.065,-0.043,0.11,2439,0
4093306,4.25,7.372,4.645,0.099,-0.019,0.08,2443,0
4093326,4.19,7.427,4.585,0.057,-0.009,0.027,2446,0
4093346,4.171,7.389,4.575,0.002,-0.001,0.006,2445,0
4093366,4.164,7.324,4.604,0.005,0.011,0.006,2446,0
4093386,4.118,7.386,4.599,0.032,0.018,-0.007,2446,0
4093406,4.14,7.432,4.587,0.034,0.019,-0.008,2449,0
4093426,4.111,7.506,4.786,0.039,0.016,-0.007,2449,0
4093446,4.14,7.484,4.808,0.048,0.002,-0.018,2450,0
4093466,4.152,7.544,4.726,0.055,-0.004,-0.027,2449,0
4093486,4.164,7.587,4.702,0.047,0.0,-0.015,2449,0
4093506,4.128,7.594,4.733,0.046,0.001,-0.008,2450,0
4093526,4.137,7.573,4.724,0.052,-0.008,0.002,2452,0
4093546,4.14,7.606,4.776,0.055,-0.012,0.014,2462,0
4093566,4.096,7.58,4.846,0.052,-0.009,-0.001,2469,0
4093586,4.056,7.661,4.781,0.073,-0.027,-0.016,2475,0
4093606,4.063,7.676,4.676,0.051,-0.044,0.001,2475,0
4093626,4.106,7.544,4.683,0.028,-0.036,0.006,2477,0
4093646,4.065,7.424,4.695,0.025,-0.037,-0.005,2477,0
4093666,4.068,7.398,4.712,0.041,-0.049,0.001,2475,0
4093686,4.118,7.47,4.587,0.062,-0.044,-0.002,2478,0
4093706,4.08,7.547,4.659,0.051,-0.023,-0.022,2479,0
4093726,4.068,7.525,4.69,0.04,-0.027,-0.018,2479,0
4093746,4.08,7.561,4.714,0.066,-0.04,-0.003,2479,0
4093766,4.161,7.64,4.621,0.08,-0.047,0.009,2478,0
4093786,4.197,7.594,4.575,0.05,-0.039,0.002,2480,0
4093806,4.183,7.542,4.638,0.011,-0.028,-0.022,2478,0
4093826,4.149,7.515,4.618,0.025,-0.024,-0.035,2477,0
4093846,4.137,7.645,4.549,0.058,-0.015,-0.018,2479,0
4093866,4.147,7.693,4.606,0.044,-0.003,-0.005,2479,0
4093886,4.07,7.616,4.741,0.019,0.006,-0.007,2479,0
4093906,4.046,7.547,4.81,0.035,-0.019,-0.004,2480,0
4093926,4.125,7.561,4.762,0.082,-0.05,0.018,2480,0
4093946,4.142,7.614,4.63,0.059,-0.051,0.007,2480,0
4093966,4.108,7.587,4.633,0.02,-0.034,0.0,2481,0
4093986,4.034,7.599,4.731,0.039,-0.026,0.005,2482,0
4094006,4.049,7.621,4.705,0.056,-0.031,0.011,2483,0
4094026,4.08,7.568,4.652,0.042,-0.029,0.01,2485,0
4094046,4.089,7.489,4.697,0.036,-0.027,0.006,2483,0
4094066,4.092,7.424,4.731,0.034,-0.035,0.001,2485,0
4094086,4.113,7.427,4.726,0.046,-0.039,-0.008,2486,0
4094106,4.106,7.515,4.64,0.059,-0.04,-0.011,2487,0
4094126,4.12,7.604,4.626,0.044,-0.033,-0.006,2485,0
4094146,4.099,7.621,4.693,0.026,-0.021,-0.012,2490,0
4094166,4.13,7.527,4.75,0.035,-0.025,-0.013,2488,0
4094186,4.123,7.554,4.695,0.052,-0.027,-0.01,2490,0
4094206,4.154,7.599,4.724,0.048,-0.037,-0.01,2491,0
4094226,4.142,7.671,4.726,0.03,-0.038,-0.016,2493,0
4094246,4.106,7.678,4.736,0.023,-0.037,-0.016,2493,0
4094266,4.106,7.633,4.681,0.03,-0.044,0.003,2495,0
4094286,4.113,7.602,4.626,0.048,-0.035,0.021,2493,0
4094306,4.111,7.573,4.583,0.042,-0.022,0.019,2495,0
4094326,4.075,7.535,4.664,0.029,-0.015,0.013,2495,0
4094346,4.039,7.434,4.733,0.024,-0.027,0.008,2495,0
4094366,4.017,7.379,4.707,0.052,-0.047,0.007,2495,0
4094386,4.068,7.439,4.611,0.079,-0.052,0.002,2495,0
4094406,4.111,7.556,4.537,0.058,-0.037,-0.019,2494,0
4094426,4.118,7.647,4.594,0.027,-0.018,-0.026,2496,0
4094446,4.053,7.652,4.714,0.024,-0.005,-0.014,2494,0
4094466,3.996,7.614,4.855,0.035,-0.013,-0.004,2494,0
4094486,4.039,7.535,4.894,0.043,-0.037,-0.0,2494,0
4094506,4.12,7.547,4.834,0.043,-0.051,-0.007,2495,0
4094526,4.171,7.573,4.757,0.033,-0.056,-0.012,2494,0
4094546,4.128,7.594,4.697,0.029,-0.05,-0.011,2495,0
4094566,4.104,7.592,4.688,0.043,-0.052,0.001,2494,0
4094586,4.144,7.535,4.633,0.044,-0.054,0.007,2497,0
4094606,4.152,7.482,4.626,0.046,-0.052,0.006,2495,0
4094626,4.156,7.484,4.583,0.051,-0.046,-0.006,2495,0
4094646,4.113,7.604,4.585,0.045,-0.037,-0.013,2494,0
4094666,4.13,7.582,4.556,0.03,-0.038,-0.011,2493,0
4094686,4.161,7.547,4.537,0.04,-0.025,-0.006,2494,0
4094706,4.123,7.551,4.587,0.045,-0.003,-0.002,2495,0
4094726,4.029,7.52,4.781,0.041,0.001,-0.004,2494,0
4094746,4.025,7.444,4.831,0.045,-0.023,-0.004,2494,0
4094766,4.08,7.448,4.752,0.069,-0.047,-0.004,2495,0
4094786,4.116,7.549,4.662,0.071,-0.043,-0.013,2497,0
4094806,4.092,7.633,4.662,0.041,-0.029,-0.02,2495,0
4094826,4.063,7.626,4.65,0.028,-0.023,-0.017,2495,0
4094846,4.082,7.671,4.709,0.042,-0.021,-0.006,2493,0
4094866,4.08,7.621,4.719,0.051,-0.017,-0.002,2496,0
4094886,4.063,7.594,4.781,0.052,-0.022,-0.011,2497,0
4094906,4.068,7.669,4.791,0.051,-0.041,-0.014,2496,0
4094926,4.144,7.685,4.743,0.048,-0.058,-0.009,2496,0
4094946,4.128,7.611,4.635,0.032,-0.041,-0.008,2496,0
4094966,4.08,7.578,4.676,0.045,-0.032,0.001,2497,0
4094986,4.027,7.599,4.76,0.053,-0.034,0.006,2496,0
4095006,4.017,7.544,4.764,0.052,-0.044,0.005,2496,0
4095026,4.108,7.46,4.681,0.046,-0.061,0.001,2495,0
4095046,4.13,7.489,4.592,0.052,-0.056,-0.005,2495,0
4095066,4.12,7.582,4.542,0.048,-0.044,-0.015,2494,0
4095086,4.094,7.657,4.563,0.028,-0.032,-0.02,2495,0
4095106,4.094,7.666,4.559,0.033,-0.021,-0.01,2495,0
4095126,4.144,7.669,4.599,0.04,-0.01,0.004,2491,0
4095146,4.211,7.618,4.712,0.028,-0.009,0.002,2494,0
4095166,4.329,7.654,4.748,0.022,-0.015,0.002,2494,0
4095186,4.293,7.805,4.798,0.03,-0.013,0.017,2493,0
4095206,4.161,7.865,4.788,0.023,-0.012,0.031,2493,0
4095226,4.027,7.839,4.786,0.017,-0.019,0.048,2493,0
4095246,4.013,7.695,4.717,0.021,-0.026,0.062,2494,0
4095266,4.02,7.525,4.638,0.029,-0.029,0.067,2494,0
4095286,4.101,7.353,4.592,0.043,-0.03,0.066,2494,0
4095306,4.075,7.238,4.626,0.04,-0.027,0.043,2493,0
4095326,3.996,7.207,4.685,0.033,-0.031,0.016,2494,0
4095346,3.977,7.293,4.633,0.033,-0.04,-0.0,2495,0
4095366,3.934,7.369,4.623,0.038,-0.032,-0.01,2495,0
4095386,3.941,7.468,4.685,0.047,-0.027,-0.014,2495,0
4095406,3.982,7.503,4.743,0.042,-0.026,-0.013,2495,0
4095426,4.039,7.439,4.779,0.036,-0.032,-0.011,2495,0
4095446,4.087,7.343,4.836,0.04,-0.04,-0.023,2494,0
4095466,4.075,7.343,4.836,0.059,-0.059,-0.036,2494,0
4095486,4.056,7.463,4.757,0.07,-0.071,-0.047,2495,0
4095506,4.053,7.606,4.638,0.062,-0.075,-0.047,2495,0
4095526,4.094,7.609,4.52,0.051,-0.06,-0.038,2495,0
4095546,4.149,7.585,4.58,0.052,-0.033,-0.03,2495,0
4095566,4.164,7.549,4.662,0.038,-0.018,-0.039,2495,0
4095586,4.166,7.547,4.729,0.038,-0.025,-0.042,2496,0
4095606,4.152,7.561,4.743,0.052,-0.031,-0.041,2496,0
4095626,4.113,7.642,4.738,0.061,-0.035,-0.037,2496,0
4095646,4.077,7.709,4.681,0.055,-0.041,-0.027,2496,0
4095666,4.12,7.621,4.673,0.048,-0.045,-0.018,2497,0
4095686,4.168,7.513,4.609,0.05,-0.039,-0.013,2497,0
4095706,4.099,7.542,4.638,0.063,-0.026,-0.019,2497,0
4095726,4.032,7.618,4.681,0.063,-0.028,-0.029,2497,0
4095746,4.029,7.647,4.681,0.049,-0.041,-0.031,2497,0
4095766,4.089,7.633,4.65,0.045,-0.042,-0.026,2497,0
4095786,4.125,7.618,4.664,0.056,-0.033,-0.022,2497,0
4095806,4.068,7.678,4.702,0.063,-0.03,-0.018,2497,0
4095826,4.051,7.709,4.676,0.051,-0.038,-0.009,2497,0
4095846,4.104,7.654,4.657,0.056,-0.044,0.001,2498,0
4095866,4.147,7.626,4.626,0.064,-0.035,0.007,2498,0
4095886,4.166,7.587,4.645,0.056,-0.03,0.001,2498,0
4095906,4.065,7.614,4.659,0.042,-0.019,-0.011,2497,0
4095926,4.07,7.626,4.676,0.034,-0.024,-0.012,2497,0
4095946,4.058,7.676,4.664,0.047,-0.021,-0.001,2497,0
4095966,4.053,7.621,4.659,0.038,-0.023,0.006,2497,0
4095986,4.017,7.508,4.796,0.028,-0.022,-0.001,2497,0
4096006,4.008,7.551,4.808,0.055,-0.037,-0.01,2496,0
4096026,4.022,7.657,4.726,0.064,-0.052,-0.009,2496,0
4096046,4.046,7.695,4.597,0.036,-0.049,-0.009,2496,0
4096066,4.003,7.657,4.623,0.017,-0.033,-0.009,2496,0
4096086,3.972,7.58,4.721,0.027,-0.03,-0.003,2498,0
4096106,4.034,7.544,4.705,0.053,-0.041,-0.001,2496,0
4096126,4.099,7.573,4.626,0.054,-0.047,-0.004,2497,0
4096146,4.128,7.585,4.592,0.034,-0.041,-0.011,2497,0
4096166,4.085,7.563,4.65,0.027,-0.036,-0.02,2497,0
4096186,4.032,7.638,4.642,0.035,-0.04,-0.017,2498,0
4096206,4.049,7.654,4.618,0.038,-0.042,-0.011,2497,0
4096226,4.108,7.63,4.621,0.043,-0.03,-0.007,2498,0
4096246,4.085,7.635,4.638,0.044,-0.023,-0.011,2497,0
4096266,4.025,7.649,4.693,0.036,-0.028,-0.011,2498,0
4096286,4.022,7.649,4.647,0.041,-0.04,-0.003,2497,0
4096306,4.025,7.647,4.678,0.052,-0.038,0.003,2498,0
4096326,4.02,7.626,4.659,0.046,-0.035,0.002,2500,0
4096346,4.029,7.568,4.614,0.039,-0.038,0.002,2497,0
4096366,4.034,7.537,4.669,0.041,-0.035,0.0,2497,0
4096386,4.063,7.563,4.65,0.049,-0.039,-0.007,2497,0
4096406,4.044,7.618,4.623,0.051,-0.034,-0.013,2497,0
4096426,4.027,7.707,4.609,0.042,-0.027,-0.011,2498,0
4096446,4.039,7.633,4.65,0.029,-0.028,-0.0,2498,0
4096466,4.037,7.542,4.714,0.039,-0.024,0.002,2497,0
4096486,4.056,7.503,4.717,0.053,-0.032,-0.003,2499,0
4096506,4.104,7.563,4.626,0.051,-0.037,-0.006,2498,0
4096526,4.08,7.621,4.642,0.036,-0.027,-0.011,2499,0
4096546,4.025,7.685,4.645,0.042,-0.02,-0.009,2497,0
4096566,4.017,7.7,4.659,0.039,-0.018,-0.003,2498,0
4096586,4.034,7.681,4.772,0.033,-0.02,0.003,2498,0
4096606,4.034,7.604,4.774,0.044,-0.027,0.007,2497,0
4096626,4.08,7.575,4.733,0.051,-0.039,0.007,2498,0
4096646,4.061,7.602,4.659,0.035,-0.043,-0.002,2498,0
4096666,3.996,7.633,4.65,0.027,-0.041,-0.005,2500,0
4096686,3.996,7.626,4.678,0.04,-0.037,0.003,2498,0
4096706,4.001,7.59,4.662,0.05,-0.035,0.005,2499,0
4096726,4.041,7.563,4.645,0.045,-0.037,0.006,2499,0
4096746,4.053,7.542,4.645,0.037,-0.036,-0.007,2499,0
4096766,4.032,7.551,4.673,0.036,-0.038,-0.011,2498,0
4096786,4.025,7.597,4.659,0.044,-0.034,-0.009,2497,0
4096806,4.032,7.645,4.657,0.043,-0.035,-0.007,2499,0
4096826,4.063,7.618,4.626,0.039,-0.035,-0.004,2499,0
4096846,4.08,7.597,4.659,0.046,-0.034,-0.004,2500,0
4096866,4.061,7.614,4.702,0.043,-0.033,-0.007,2499,0
4096886,4.017,7.621,4.638,0.037,-0.036,-0.005,2499,0
4096906,4.041,7.635,4.642,0.042,-0.034,0.0,2501,0
4096926,4.056,7.606,4.633,0.046,-0.029,-0.001,2499,0
4096946,4.051,7.59,4.662,0.045,-0.026,-0.002,2502,0
4096966,3.998,7.621,4.717,0.04,-0.029,-0.001,2502,0
4096986,3.989,7.59,4.705,0.042,-0.033,-0.002,2501,0
4097006,4.015,7.602,4.705,0.055,-0.037,0.001,2500,0
4097026,4.049,7.561,4.662,0.046,-0.036,0.0,2502,0
4097046,4.022,7.523,4.7,0.043,-0.033,-0.004,2503,0
4097066,3.996,7.527,4.726,0.042,-0.04,-0.016,2503,0
4097086,4.017,7.582,4.673,0.049,-0.048,-0.021,2503,0
4097106,4.044,7.673,4.64,0.049,-0.042,-0.021,2502,0
4097126,4.037,7.676,4.664,0.041,-0.033,-0.015,2503,0
4097146,4.025,7.681,4.709,0.05,-0.032,-0.005,2501,0
4097166,4.049,7.664,4.669,0.048,-0.043,-0.002,2500,0
4097186,4.101,7.616,4.587,0.032,-0.041,0.001,2503,0
4097206,4.116,7.594,4.583,0.034,-0.028,-0.002,2503,0
4097226,4.056,7.59,4.681,0.047,-0.019,-0.008,2503,0
4097246,4.02,7.659,4.688,0.05,-0.029,-0.009,2502,0
4097266,4.029,7.69,4.666,0.039,-0.034,-0.005,2503,0
4097286,4.053,7.657,4.618,0.031,-0.029,0.0,2503,0
4097306,4.022,7.599,4.664,0.04,-0.018,0.007,2502,0
4097326,4.005,7.587,4.717,0.044,-0.026,0.004,2503,0
4097346,4.037,7.59,4.741,0.041,-0.038,-0.002,2502,0
4097366,4.025,7.64,4.685,0.04,-0.043,-0.009,2504,0
4097386,4.015,7.664,4.673,0.043,-0.039,-0.004,2504,0
4097406,3.979,7.659,4.688,0.046,-0.039,0.003,2503,0
4097426,4.015,7.623,4.673,0.046,-0.046,0.006,2504,0
4097446,4.058,7.566,4.654,0.042,-0.041,0.003,2504,0
4097466,4.053,7.558,4.652,0.037,-0.032,-0.006,2504,0
4097486,4.02,7.573,4.666,0.036,-0.035,-0.011,2502,0
4097506,4.039,7.602,4.676,0.037,-0.042,-0.01,2501,0
4097526,4.061,7.621,4.592,0.04,-0.038,-0.005,2504,0
4097546,4.049,7.649,4.623,0.038,-0.024,-0.003,2502,0
4097566,4.003,7.606,4.702,0.031,-0.021,-0.006,2501,0
4097586,4.032,7.628,4.757,0.042,-0.034,-0.003,2502,0
4097606,4.096,7.597,4.671,0.047,-0.043,-0.003,2502,0
4097626,4.101,7.633,4.63,0.042,-0.033,-0.005,2501,0
4097646,4.015,7.709,4.673,0.034,-0.024,-0.004,2502,0
4097666,3.929,7.669,4.731,0.028,-0.028,0.004,2502,0
4097686,3.977,7.626,4.69,0.044,-0.037,0.013,2503,0
4097706,4.041,7.568,4.65,0.052,-0.035,0.016,2501,0
4097726,4.075,7.496,4.657,0.051,-0.035,0.009,2502,0
4097746,4.017,7.525,4.654,0.039,-0.037,-0.003,2501,0
4097766,3.979,7.568,4.64,0.031,-0.041,-0.009,2504,0
4097786,4.015,7.602,4.621,0.042,-0.034,-0.008,2504,0
4097806,4.039,7.64,4.63,0.043,-0.02,-0.009,2504,0
4097826,4.013,7.633,4.69,0.037,-0.019,-0.011,2503,0
4097846,4.008,7.616,4.762,0.033,-0.035,-0.006,2503,0
4097866,4.053,7.558,4.712,0.041,-0.048,-0.004,2504,0
4097886,4.082,7.573,4.587,0.052,-0.038,-0.006,2505,0
4097906,4.058,7.638,4.602,0.051,-0.026,-0.006,2505,0
4097926,4.034,7.673,4.618,0.041,-0.02,-0.007,2504,0
4097946,4.025,7.695,4.618,0.029,-0.019,-0.002,2505,0
4097966,4.027,7.63,4.673,0.029,-0.013,0.001,2505,0
4097986,4.015,7.602,4.738,0.039,-0.012,0.004,2505,0
4098006,4.039,7.568,4.824,0.049,-0.028,0.004,2505,0
4098026,4.061,7.597,4.743,0.046,-0.043,-0.003,2504,0
4098046,4.058,7.642,4.673,0.037,-0.046,-0.004,2506,0
4098066,3.994,7.695,4.664,0.035,-0.033,0.001,2506,0
4098086,3.938,7.661,4.7,0.033,-0.028,0.004,2505,0
4098106,3.962,7.556,4.729,0.041,-0.034,0.01,2505,0
4098126,4.037,7.503,4.688,0.052,-0.039,0.007,2506,0
4098146,4.063,7.487,4.676,0.041,-0.034,-0.006,2508,0
4098166,3.996,7.535,4.712,0.032,-0.037,-0.018,2506,0
4098186,3.962,7.628,4.707,0.038,-0.041,-0.017,2506,0
4098206,4.008,7.664,4.659,0.043,-0.04,-0.004,2507,0
4098226,4.08,7.64,4.602,0.042,-0.033,-0.0,2508,0
4098246,4.049,7.602,4.664,0.034,-0.022,-0.004,2507,0
4098266,4.02,7.597,4.76,0.033,-0.026,-0.007,2507,0
4098286,4.022,7.63,4.757,0.039,-0.039,-0.004,2506,0
4098306,4.051,7.671,4.688,0.052,-0.045,0.002,2505,0
4098326,4.049,7.707,4.599,0.044,-0.036,0.008,2506,0
4098346,4.049,7.673,4.693,0.028,-0.03,0.008,2506,0
4098366,4.015,7.561,4.721,0.035,-0.035,0.011,2505,0
4098386,4.034,7.52,4.705,0.054,-0.044,0.011,2508,0
4098406,4.075,7.561,4.638,0.051,-0.043,0.006,2507,0
4098426,4.017,7.52,4.618,0.035,-0.034,-0.001,2507,0
4098446,3.979,7.496,4.666,0.038,-0.031,-0.003,2505,0
4098466,3.998,7.501,4.693,0.048,-0.036,-0.006,2507,0
4098486,4.039,7.518,4.616,0.044,-0.04,-0.014,2508,0
4098506,4.037,7.594,4.604,0.04,-0.031,-0.026,2507,0
4098526,3.996,7.661,4.681,0.032,-0.026,-0.026,2508,0
4098546,3.994,7.678,4.693,0.044,-0.028,-0.016,2509,0
4098566,4.025,7.647,4.654,0.054,-0.03,-0.001,2509,0
4098586,4.058,7.638,4.626,0.047,-0.023,0.002,2507,0
4098606,4.056,7.602,4.666,0.037,-0.02,-0.001,2508,0
4098626,4.063,7.558,4.733,0.035,-0.025,-0.006,2507,0
4098646,4.077,7.573,4.748,0.049,-0.033,-0.007,2507,0
4098666,4.056,7.7,4.678,0.06,-0.031,-0.004,2508,0
4098686,4.02,7.75,4.683,0.038,-0.026,0.002,2508,0
4098706,3.991,7.654,4.724,0.023,-0.028,0.009,2507,0
4098726,4.032,7.604,4.748,0.047,-0.03,0.015,2507,0
4098746,4.049,7.57,4.741,0.05,-0.034,0.011,2510,0
4098766,4.017,7.594,4.7,0.041,-0.036,0.003,2507,0
4098786,3.989,7.606,4.721,0.038,-0.037,0.004,2509,0
4098806,3.955,7.602,4.685,0.041,-0.041,0.003,2510,0
4098826,3.974,7.544,4.635,0.051,-0.042,0.005,2509,0
4098846,4.005,7.587,4.645,0.05,-0.043,0.008,2507,0
4098866,4.032,7.609,4.654,0.025,-0.038,0.007,2508,0
4098886,4.051,7.558,4.659,0.01,-0.031,-0.006,2509,0
4098906,4.044,7.544,4.712,0.027,-0.037,-0.009,2510,0
4098926,4.037,7.64,4.693,0.06,-0.045,-0.004,2510,0
4098946,4.049,7.736,4.676,0.044,-0.044,0.011,2510,0
4098966,4.058,7.611,4.681,0.02,-0.044,0.003,2508,0
4098986,4.089,7.611,4.695,0.035,-0.038,-0.001,2507,0
4099006,4.089,7.568,4.669,0.049,-0.041,-0.002,2507,0
4099026,4.073,7.649,4.65,0.048,-0.042,0.0,2505,0
4099046,4.051,7.621,4.647,0.024,-0.04,0.001,2505,0
4099066,4.053,7.602,4.717,0.027,-0.036,0.002,2505,0
4099086,4.058,7.592,4.685,0.034,-0.03,0.003,2504,0
4099106,4.046,7.537,4.693,0.042,-0.033,0.006,2505,0
4099126,4.077,7.58,4.726,0.055,-0.037,0.01,2503,0
4099146,4.082,7.482,4.724,0.046,-0.034,-0.01,2501,0
4099166,4.051,7.539,4.697,0.038,-0.037,-0.025,2498,0
4099186,4.01,7.568,4.702,0.027,-0.041,-0.013,2500,0
4099206,3.998,7.63,4.719,0.027,-0.045,-0.016,2496,0
4099226,4.049,7.69,4.681,0.039,-0.044,-0.018,2496,0
4099246,4.075,7.666,4.707,0.042,-0.037,-0.014,2496,0
4099266,4.075,7.573,4.752,0.044,-0.03,-0.018,2494,0
4099286,4.104,7.69,4.714,0.07,-0.035,-0.002,2495,0
4099306,4.061,7.69,4.652,0.052,-0.031,0.004,2493,0
4099326,4.053,7.745,4.743,0.048,-0.048,0.004,2490,0
4099346,4.025,7.544,4.683,0.034,-0.042,-0.007,2490,0
4099366,4.065,7.592,4.635,0.054,-0.037,0.009,2487,0
4099386,4.096,7.614,4.642,0.03,-0.026,0.021,2488,0
4099406,4.094,7.573,4.652,0.002,-0.017,0.007,2487,0
4099426,4.034,7.508,4.7,0.009,-0.013,0.004,2488,0
4099446,4.008,7.515,4.779,0.039,-0.021,0.004,2488,0
4099466,3.996,7.606,4.745,0.027,-0.029,-0.0,2488,0
4099486,4.001,7.611,4.745,0.025,-0.036,0.002,2487,0
4099506,4.044,7.609,4.681,0.035,-0.035,0.013,2487,0
4099526,4.044,7.623,4.676,0.045,-0.03,0.014,2485,0
4099546,4.015,7.491,4.769,0.044,-0.032,0.006,2488,0
4099566,4.025,7.496,4.798,0.043,-0.039,0.006,2487,0
4099586,4.051,7.539,4.786,0.042,-0.044,0.007,2487,0
4099606,4.058,7.654,4.69,0.033,-0.043,0.008,2487,0
4099626,4.073,7.623,4.683,0.015,-0.038,0.005,2488,0
4099646,4.073,7.542,4.707,0.028,-0.029,0.002,2488,0
4099666,4.087,7.496,4.743,0.045,-0.028,0.004,2488,0
4099686,4.08,7.568,4.731,0.05,-0.025,-0.003,2487,0
4099706,4.061,7.582,4.731,0.025,-0.032,-0.008,2486,0
4099726,4.034,7.611,4.733,0.03,-0.034,-0.002,2490,0
4099746,4.041,7.618,4.726,0.045,-0.04,0.008,2493,0
4099766,4.096,7.58,4.702,0.046,-0.042,0.016,2494,0
4099786,4.073,7.501,4.752,0.038,-0.046,0.015,2494,0
4099806,4.041,7.549,4.822,0.059,-0.063,0.016,2494,0
4099826,4.044,7.611,4.707,0.074,-0.085,0.037,2493,0
4099846,4.07,7.633,4.659,0.063,-0.078,0.044,2495,0
4099866,4.13,7.573,4.662,0.043,-0.062,0.029,2495,0
4099886,4.106,7.427,4.717,0.04,-0.054,0.015,2495,0
4099906,4.108,7.42,4.75,0.057,-0.049,-0.002,2496,0
4099926,4.075,7.506,4.64,0.054,-0.054,-0.006,2495,0
4099946,4.094,7.638,4.549,0.036,-0.047,-0.009,2494,0
4099966,4.087,7.609,4.606,0.01,-0.026,-0.005,2495,0
4099986,4.087,7.477,4.659,0.02,-0.014,-0.005,2493,0
4100006,4.046,7.458,4.743,0.043,-0.014,-0.005,2492,0
4100026,4.075,7.542,4.695,0.057,-0.032,0.001,2489,0
4100046,4.094,7.573,4.685,0.041,-0.044,-0.005,2487,0
4100066,4.104,7.523,4.695,0.019,-0.042,-0.014,2486,0
4100086,4.12,7.551,4.726,0.054,-0.038,-0.005,2489,0
4100106,4.123,7.573,4.683,0.057,-0.033,-0.01,2490,0
4100126,4.118,7.554,4.769,0.029,-0.029,-0.007,2488,0
4100146,4.08,7.551,4.951,0.079,-0.06,0.009,2488,0
4100166,4.101,7.551,4.76,0.098,-0.092,-0.001,2487,0
4100186,4.104,7.638,4.762,0.083,-0.087,-0.012,2483,0
4100206,4.132,7.702,4.673,0.115,-0.099,-0.009,2479,0
4100226,4.118,7.568,4.645,0.112,-0.115,-0.032,2469,0
4100246,4.087,7.42,4.621,0.064,-0.117,-0.069,2456,0
4100266,4.104,7.355,4.484,0.056,-0.102,-0.075,2448,0
4100286,4.056,7.535,4.602,0.081,-0.102,-0.06,2443,0
4100306,4.073,7.537,4.575,0.017,-0.136,-0.068,2437,0
4100326,4.082,7.494,4.664,-0.025,-0.135,-0.081,2444,0
4100346,4.183,7.645,4.63,-0.006,-0.144,-0.094,2470,0
4100366,4.13,7.566,4.424,0.024,-0.094,-0.099,2499,0
4100386,4.073,7.669,4.429,0.099,-0.048,-0.051,2511,0
4100406,4.075,7.798,4.616,0.116,-0.061,-0.021,2517,0
4100426,4.161,7.819,4.645,0.048,-0.082,-0.041,2534,0
4100446,4.128,7.573,4.626,0.005,-0.07,-0.087,2556,0
4100466,4.082,7.621,4.539,0.03,-0.074,-0.066,2585,0
4100486,4.053,7.752,4.585,0.062,-0.07,-0.018,2607,0
4100506,4.075,7.721,4.755,0.094,-0.083,-0.001,2610,0
4100526,4.094,7.678,4.93,0.071,-0.124,-0.024,2614,0
4100546,4.101,7.635,4.587,0.007,-0.132,-0.054,2636,0
4100566,4.056,7.693,4.341,0.059,-0.103,-0.042,2643,0
4100586,4.034,7.76,4.396,0.06,-0.101,-0.012,2654,0
4100606,3.982,7.69,4.456,0.009,-0.1,0.013,2643,0
4100626,4.113,7.597,4.592,0.028,-0.113,0.016,2640,0
4100646,4.343,7.726,4.46,-0.016,-0.126,-0.015,2650,0
4100666,4.195,7.47,4.221,-0.05,-0.02,-0.058,2667,0
4100686,3.996,7.527,4.374,0.054,0.044,-0.017,2684,0
4100706,3.996,7.81,4.515,0.08,0.003,0.027,2690,0
4100726,4.185,7.611,4.511,-0.013,-0.009,-0.005,2685,0
4100746,4.204,7.436,4.554,0.0,0.011,-0.035,2672,0
4100766,4.161,7.525,4.549,0.07,0.02,-0.022,2659,0
4100786,4.135,7.726,4.515,0.085,0.002,-0.011,2651,0
4100806,4.034,7.822,4.523,0.031,-0.019,0.023,2643,0
4100826,4.058,7.776,4.748,-0.007,-0.047,0.026,2646,0
4100846,4.041,7.681,4.638,0.017,-0.063,0.047,2647,0
4100866,4.142,7.626,4.537,0.042,-0.057,0.041,2655,0
4100886,4.135,7.762,4.448,0.058,-0.038,0.042,2655,0
4100906,4.125,7.702,4.566,0.024,-0.042,0.078,2657,0
4100926,4.12,7.511,4.592,0.016,-0.05,0.031,2656,0
4100946,4.061,7.494,4.693,0.007,-0.065,0.002,2656,0
4100966,4.113,7.479,4.604,-0.003,-0.082,-0.002,2657,0
4100986,4.202,7.506,4.52,0.015,-0.07,-0.01,2657,0
4101006,4.13,7.573,4.523,0.03,-0.03,-0.022,2650,0
4101026,4.135,7.587,4.527,0.047,0.001,-0.044,2645,0
4101046,4.132,7.638,4.492,0.027,0.009,-0.049,2645,0
4101066,4.13,7.558,4.518,-0.021,0.011,-0.043,2643,0
4101086,4.082,7.551,4.611,0.005,-0.014,-0.026,2644,0
4101106,4.065,7.681,4.652,0.034,-0.016,-0.039,2643,0
4101126,4.051,7.767,4.707,0.003,-0.017,-0.04,2642,0
4101146,4.08,7.705,4.616,-0.01,-0.039,-0.019,2642,0
4101166,4.108,7.678,4.599,0.004,-0.05,-0.015,2641,0
4101186,4.113,7.724,4.721,-0.008,-0.059,0.007,2641,0
4101206,4.161,7.594,4.666,-0.029,-0.052,0.015,2640,0
4101226,4.077,7.496,4.726,-0.032,-0.052,-0.018,2639,0
4101246,4.005,7.479,4.7,-0.034,-0.074,-0.022,2640,0
4101266,4.046,7.554,4.599,-0.03,-0.091,-0.01,2640,0
4101286,4.118,7.544,4.511,-0.034,-0.07,-0.007,2643,0
4101306,4.13,7.499,4.551,-0.035,-0.041,-0.006,2641,0
4101326,4.128,7.472,4.712,0.0,-0.042,0.005,2641,0
4101346,4.132,7.542,4.738,0.038,-0.044,0.009,2639,0
4101366,4.142,7.523,4.568,0.015,-0.017,0.023,2638,0
4101386,4.073,7.499,4.554,-0.035,0.061,0.068,2637,0
4101406,4.096,7.506,4.863,0.062,0.018,0.108,2629,0
4101426,4.13,7.372,4.776,0.109,0.019,0.083,2617,0
4101446,4.195,7.468,4.721,0.072,0.06,0.083,2609,0
4101466,4.223,7.678,5.001,0.122,0.064,0.087,2603,0
4101486,4.245,7.623,4.815,0.155,0.015,0.036,2589,0
4101506,4.12,7.611,4.554,0.157,0.038,-0.001,2577,0
4101526,4.087,7.573,4.568,0.124,0.054,0.006,2562,0
4101546,4.065,7.597,4.499,0.058,0.04,0.02,2561,0
4101566,4.051,7.822,4.458,-0.053,0.027,0.027,2559,0
4101586,4.044,7.977,4.587,-0.166,-0.022,0.006,2559,0
4101606,4.082,7.389,4.7,-0.321,-0.099,-0.068,2559,0
4101626,4.125,7.211,4.894,-0.3,-0.091,-0.076,2559,0
4101646,4.233,7.075,5.071,-0.153,-0.073,-0.015,2558,0
4101666,4.257,7.082,5.011,0.095,-0.035,0.013,2557,0
4101686,4.214,7.288,4.781,0.226,0.005,-0.007,2546,0
4101706,4.089,7.52,4.752,0.246,0.022,-0.001,2541,0
4101726,4.085,7.561,4.798,0.194,-0.0,0.014,2538,0
4101746,4.156,7.532,4.846,0.111,-0.018,-0.002,2535,0
4101766,4.178,7.532,4.808,0.085,-0.039,-0.026,2534,0
4101786,4.094,7.513,4.676,0.102,-0.037,-0.034,2527,0
4101806,4.104,7.618,4.575,0.134,-0.028,-0.011,2523,0
4101826,4.089,7.664,4.59,0.117,0.002,-0.003,2519,0
4101846,4.046,7.621,4.707,0.091,0.01,-0.014,2517,0
4101866,4.058,7.563,4.786,0.054,0.005,-0.019,2517,0
4101886,4.089,7.525,4.841,0.06,-0.009,-0.024,2515,0
4101906,4.096,7.503,4.81,0.058,-0.022,-0.028,2512,0
4101926,4.032,7.518,4.741,0.056,-0.009,-0.024,2508,0
4101946,3.982,7.52,4.743,0.059,-0.012,-0.018,2504,0
4101966,4.075,7.618,4.611,0.078,-0.02,0.001,2502,0
4101986,4.07,7.527,4.597,0.055,-0.015,-0.008,2499,0
4102006,4.075,7.57,4.738,0.037,-0.014,-0.02,2498,0
4102026,4.077,7.537,4.788,0.04,-0.017,-0.028,2498,0
4102046,4.101,7.585,4.745,0.053,-0.032,-0.018,2498,0
4102066,4.108,7.623,4.685,0.047,-0.029,-0.006,2499,0
4102086,4.07,7.609,4.709,0.049,-0.019,-0.01,2496,0
4102106,4.07,7.556,4.762,0.053,-0.031,-0.013,2497,0
4102126,4.118,7.547,4.702,0.071,-0.039,-0.007,2497,0
4102146,4.135,7.594,4.685,0.083,-0.038,-0.001,2496,0
4102166,4.118,7.673,4.662,0.07,-0.028,0.0,2496,0
4102186,4.003,7.606,4.654,0.046,-0.023,-0.017,2495,0
4102206,4.029,7.633,4.676,0.059,-0.039,-0.008,2495,0
4102226,4.058,7.525,4.626,0.056,-0.024,-0.006,2494,0
4102246,4.027,7.496,4.772,0.042,-0.017,-0.007,2493,0
4102266,4.013,7.475,4.798,0.042,-0.035,-0.01,2493,0
4102286,3.986,7.594,4.764,0.063,-0.035,-0.013,2492,0
4102306,4.022,7.709,4.724,0.064,-0.048,0.001,2492,0
4102326,4.029,7.616,4.709,0.032,-0.033,-0.003,2490,0
4102346,4.049,7.52,4.75,0.041,-0.031,0.001,2490,0
4102366,4.063,7.508,4.726,0.054,-0.039,-0.002,2490,0
4102386,4.044,7.547,4.662,0.036,-0.047,-0.008,2490,0
4102406,4.068,7.621,4.654,0.04,-0.045,0.002,2488,0
4102426,4.041,7.666,4.676,0.032,-0.031,0.002,2489,0
4102446,4.037,7.633,4.678,0.023,-0.03,-0.002,2489,0
4102466,4.053,7.606,4.712,0.028,-0.03,0.003,2489,0
4102486,4.058,7.58,4.712,0.042,-0.032,0.007,2488,0
4102506,4.065,7.606,4.755,0.054,-0.037,0.003,2488,0
4102526,4.056,7.59,4.719,0.045,-0.043,-0.003,2489,0
4102546,4.058,7.614,4.731,0.041,-0.049,0.001,2487,0
4102566,4.061,7.606,4.662,0.045,-0.046,0.009,2487,0
4102586,4.058,7.537,4.659,0.044,-0.039,0.011,2489,0
4102606,4.017,7.508,4.724,0.046,-0.034,0.006,2486,0
4102626,4.025,7.508,4.69,0.039,-0.045,0.001,2486,0
4102646,4.07,7.518,4.652,0.037,-0.05,0.003,2488,0
4102666,4.063,7.518,4.633,0.055,-0.047,-0.003,2486,0
4102686,4.041,7.566,4.621,0.053,-0.038,-0.018,2487,0
4102706,4.051,7.582,4.638,0.033,-0.034,-0.021,2485,0
4102726,4.077,7.582,4.671,0.044,-0.033,-0.016,2485,0
4102746,4.082,7.611,4.657,0.059,-0.027,-0.007,2486,0
4102766,4.063,7.626,4.664,0.051,-0.027,-0.006,2486,0
4102786,4.089,7.597,4.719,0.047,-0.034,-0.009,2486,0
4102806,4.113,7.609,4.673,0.055,-0.035,-0.004,2484,0
4102826,4.13,7.633,4.599,0.052,-0.023,0.003,2485,0
4102846,4.075,7.63,4.666,0.033,-0.011,-0.001,2486,0
4102866,4.032,7.604,4.752,0.028,-0.013,-0.007,2486,0
4102886,4.034,7.568,4.784,0.04,-0.019,-0.005,2485,0
4102906,4.053,7.532,4.738,0.054,-0.029,0.002,2484,0
4102926,4.056,7.563,4.693,0.05,-0.034,0.001,2483,0
4102946,4.041,7.566,4.714,0.027,-0.031,-0.013,2484,0
4102966,3.982,7.578,4.786,0.034,-0.034,-0.022,2484,0
4102986,3.974,7.599,4.7,0.058,-0.036,-0.018,2484,0
4103006,4.032,7.64,4.64,0.056,-0.037,-0.0,2485,0
4103026,4.041,7.568,4.702,0.041,-0.033,-0.002,2486,0
4103046,3.994,7.539,4.755,0.039,-0.034,-0.014,2483,0
4103066,4.025,7.554,4.752,0.038,-0.049,-0.013,2484,0
4103086,4.106,7.592,4.678,0.038,-0.048,-0.013,2485,0
4103106,4.123,7.618,4.635,0.046,-0.036,-0.013,2484,0
4103126,4.046,7.582,4.657,0.042,-0.023,-0.017,2484,0
4103146,4.003,7.609,4.714,0.036,-0.028,-0.013,2484,0
4103166,4.01,7.582,4.709,0.035,-0.038,-0.009,2484,0
4103186,4.082,7.611,4.597,0.056,-0.037,-0.003,2485,0
4103206,4.096,7.568,4.575,0.059,-0.021,-0.009,2484,0
4103226,4.046,7.604,4.721,0.055,-0.014,-0.009,2487,0
4103246,4.005,7.647,4.784,0.06,-0.027,-0.008,2484,0
4103266,4.037,7.683,4.717,0.052,-0.041,-0.01,2485,0
4103286,4.037,7.642,4.638,0.035,-0.036,-0.006,2483,0
4103306,3.97,7.63,4.676,0.044,-0.024,0.007,2484,0
4103326,3.998,7.587,4.784,0.064,-0.034,0.01,2483,0
4103346,4.044,7.535,4.772,0.057,-0.046,-0.003,2483,0
4103366,4.053,7.515,4.693,0.05,-0.054,-0.009,2482,0
4103386,4.029,7.594,4.606,0.053,-0.054,-0.009,2483,0
4103406,4.008,7.683,4.549,0.041,-0.037,-0.01,2484,0
4103426,3.989,7.654,4.614,0.035,-0.024,-0.002,2483,0
4103446,4.058,7.542,4.662,0.05,-0.023,0.0,2483,0
4103466,4.099,7.542,4.683,0.056,-0.022,-0.004,2483,0
4103486,4.07,7.58,4.685,0.044,-0.023,-0.014,2483,0
4103506,4.037,7.614,4.676,0.039,-0.033,-0.015,2483,0
4103526,4.061,7.647,4.616,0.049,-0.032,-0.008,2482,0
4103546,4.051,7.659,4.594,0.054,-0.015,-0.001,2483,0
4103566,4.013,7.64,4.709,0.048,-0.003,-0.004,2484,0
4103586,3.998,7.604,4.834,0.049,-0.021,-0.003,2483,0
4103606,4.082,7.633,4.745,0.054,-0.041,-0.002,2483,0
4103626,4.07,7.688,4.702,0.046,-0.034,-0.005,2483,0
4103646,3.967,7.693,4.683,0.035,-0.026,-0.003,2483,0
4103666,3.934,7.652,4.719,0.035,-0.031,0.005,2484,0
4103686,3.977,7.561,4.762,0.04,-0.043,0.002,2485,0
4103706,4.049,7.513,4.724,0.042,-0.048,-0.01,2484,0
4103726,4.049,7.575,4.623,0.06,-0.046,-0.011,2484,0
4103746,3.994,7.654,4.623,0.043,-0.042,-0.012,2484,0
4103766,3.972,7.626,4.647,0.026,-0.037,-0.009,2484,0
4103786,4.025,7.568,4.64,0.027,-0.032,-0.009,2483,0
4103806,4.041,7.558,4.606,0.039,-0.026,-0.008,2485,0
4103826,4.07,7.602,4.681,0.041,-0.035,-0.011,2484,0
4103846,4.085,7.606,4.678,0.038,-0.034,-0.016,2484,0
4103866,4.025,7.645,4.681,0.037,-0.033,-0.014,2485,0
4103886,4.01,7.642,4.69,0.062,-0.038,0.0,2485,0
4103906,4.058,7.752,4.592,0.078,-0.033,0.013,2484,0
4103926,4.061,7.7,4.666,0.071,-0.028,0.005,2487,0
4103946,4.037,7.69,4.669,0.043,-0.023,0.005,2487,0
4103966,4.046,7.566,4.779,0.027,-0.03,-0.002,2487,0
4103986,3.998,7.587,4.791,0.048,-0.041,-0.01,2484,0
4104006,3.989,7.63,4.719,0.058,-0.058,-0.006,2485,0
4104026,4.008,7.635,4.594,0.037,-0.061,-0.004,2485,0
4104046,3.989,7.645,4.52,0.03,-0.045,0.001,2486,0
4104066,3.979,7.594,4.53,0.026,-0.026,0.008,2484,0
4104086,3.97,7.494,4.662,0.033,-0.013,0.002,2485,0
4104106,3.972,7.444,4.755,0.048,-0.028,-0.01,2486,0
4104126,4.013,7.566,4.705,0.054,-0.047,-0.023,2486,0
4104146,4.032,7.707,4.594,0.033,-0.043,-0.029,2485,0
4104166,3.979,7.705,4.647,0.024,-0.026,-0.027,2484,0
4104186,3.962,7.688,4.7,0.044,-0.03,-0.007,2487,0
4104206,4.022,7.609,4.676,0.063,-0.04,0.006,2484,0
4104226,4.108,7.659,4.633,0.074,-0.042,0.004,2486,0
4104246,4.104,7.661,4.638,0.053,-0.033,-0.003,2485,0
4104266,4.037,7.649,4.688,0.036,-0.034,-0.013,2483,0
4104286,4.037,7.717,4.671,0.047,-0.043,-0.001,2487,0
4104306,4.065,7.755,4.547,0.041,-0.032,0.005,2485,0
4104326,4.032,7.707,4.585,0.017,-0.014,0.009,2485,0
4104346,4.017,7.58,4.697,0.02,-0.012,0.014,2483,0
4104366,4.003,7.496,4.755,0.043,-0.025,0.01,2484,0
4104386,4.029,7.487,4.719,0.045,-0.042,-0.002,2485,0
4104406,4.02,7.566,4.618,0.041,-0.041,-0.011,2485,0
4104426,3.977,7.621,4.621,0.038,-0.033,-0.014,2485,0
4104446,3.936,7.635,4.678,0.039,-0.028,-0.01,2485,0
4104466,3.998,7.602,4.7,0.044,-0.032,-0.003,2485,0
4104486,4.056,7.554,4.645,0.044,-0.03,-0.006,2486,0
4104506,4.053,7.523,4.673,0.034,-0.028,-0.012,2486,0
4104526,3.989,7.621,4.697,0.043,-0.031,-0.017,2487,0
4104546,3.991,7.678,4.743,0.042,-0.039,-0.016,2488,0
4104566,4.017,7.7,4.688,0.049,-0.041,-0.01,2486,0
4104586,4.017,7.726,4.604,0.046,-0.035,-0.002,2485,0
4104606,4.041,7.681,4.638,0.03,-0.029,0.006,2486,0
4104626,4.01,7.597,4.702,0.027,-0.023,0.005,2488,0
4104646,4.029,7.544,4.757,0.041,-0.03,-0.002,2487,0
4104666,4.039,7.618,4.673,0.051,-0.041,-0.004,2487,0
4104686,4.022,7.702,4.592,0.038,-0.039,-0.005,2487,0
4104706,3.972,7.673,4.638,0.015,-0.025,-0.0,2486,0
4104726,3.931,7.614,4.707,0.029,-0.022,0.005,2485,0
4104746,3.986,7.626,4.695,0.04,-0.03,0.01,2486,0
4104766,4.025,7.58,4.683,0.033,-0.032,0.009,2485,0
4104786,4.037,7.511,4.678,0.032,-0.034,-0.003,2485,0
4104806,3.998,7.527,4.748,0.047,-0.041,-0.008,2486,0
4104826,4.003,7.57,4.712,0.054,-0.05,-0.009,2486,0
4104846,3.989,7.649,4.609,0.051,-0.05,-0.006,2485,0
4104866,3.986,7.673,4.539,0.043,-0.039,-0.002,2485,0
4104886,4.008,7.673,4.547,0.035,-0.027,-0.004,2487,0
4104906,4.029,7.575,4.628,0.03,-0.019,-0.006,2488,0
4104926,4.039,7.501,4.712,0.05,-0.022,-0.01,2486,0
4104946,4.049,7.609,4.736,0.061,-0.03,-0.013,2485,0
4104966,4.056,7.652,4.671,0.037,-0.039,-0.018,2486,0
4104986,4.061,7.688,4.544,0.026,-0.028,-0.012,2484,0
4105006,4.087,7.678,4.58,0.035,-0.009,-0.001,2483,0
4105026,4.056,7.654,4.683,0.044,0.008,-0.001,2484,0
4105046,4.037,7.635,4.736,0.035,0.001,-0.008,2486,0
4105066,4.075,7.664,4.752,0.025,-0.017,-0.012,2483,0
4105086,4.061,7.678,4.721,0.029,-0.019,-0.007,2486,0
4105106,4.005,7.731,4.714,0.043,-0.014,0.008,2485,0
4105126,3.97,7.697,4.693,0.038,-0.014,0.016,2485,0
4105146,3.972,7.657,4.726,0.036,-0.015,0.018,2485,0
4105166,3.972,7.604,4.712,0.03,-0.015,0.014,2487,0
4105186,3.974,7.57,4.774,0.031,-0.019,0.012,2487,0
4105206,3.955,7.592,4.75,0.039,-0.032,0.01,2487,0
4105226,3.982,7.582,4.683,0.039,-0.037,0.012,2487,0
4105246,4.003,7.599,4.599,0.025,-0.024,0.013,2490,0
4105266,3.934,7.578,4.7,0.01,-0.009,0.009,2492,0
4105286,3.946,7.487,4.805,0.019,-0.013,0.011,2495,0
4105306,4.017,7.561,4.805,0.03,-0.026,0.006,2496,0
4105326,4.039,7.554,4.719,0.029,-0.025,-0.004,2496,0
4105346,4.008,7.654,4.7,0.028,-0.022,-0.003,2498,0
4105366,3.998,7.666,4.748,0.018,-0.019,0.006,2497,0
4105386,4.005,7.628,4.769,0.031,-0.016,0.011,2502,0
4105406,4.02,7.649,4.769,0.037,-0.019,0.014,2499,0
4105426,4.015,7.638,4.776,0.017,-0.025,0.012,2502,0
4105446,4.044,7.554,4.748,0.017,-0.025,0.015,2499,0
4105466,3.991,7.53,4.81,0.051,-0.023,0.023,2497,0
4105486,3.955,7.657,4.748,0.063,-0.03,0.027,2496,0
4105506,3.965,7.717,4.75,0.029,-0.026,0.02,2496,0
4105526,4.001,7.568,4.75,0.004,-0.028,0.019,2498,0
4105546,4.061,7.441,4.767,0.025,-0.027,0.018,2497,0
4105566,4.046,7.4,4.762,0.03,-0.019,0.009,2499,0
4105586,3.965,7.451,4.762,0.025,-0.021,-0.007,2499,0
4105606,3.943,7.547,4.774,0.029,-0.03,0.002,2498,0
4105626,3.946,7.539,4.748,0.038,-0.029,0.002,2500,0
4105646,4.02,7.551,4.729,0.036,-0.026,-0.008,2500,0
4105666,4.049,7.558,4.748,0.028,-0.018,-0.01,2499,0
4105686,4.015,7.575,4.748,0.031,-0.019,-0.005,2500,0
4105706,3.998,7.566,4.764,0.033,-0.023,0.001,2498,0
4105726,3.972,7.609,4.764,0.033,-0.024,0.005,2497,0
4105746,3.986,7.585,4.791,0.035,-0.025,0.005,2499,0
4105766,4.02,7.537,4.815,0.043,-0.026,0.004,2500,0
4105786,4.041,7.556,4.796,0.043,-0.029,0.004,2498,0
4105806,4.051,7.566,4.781,0.034,-0.024,0.002,2498,0
4105826,3.972,7.573,4.855,0.027,-0.017,0.005,2499,0
4105846,3.958,7.513,4.894,0.038,-0.029,0.014,2499,0
4105866,4.003,7.513,4.877,0.056,-0.038,0.014,2499,0
4105886,4.034,7.53,4.748,0.043,-0.041,0.004,2498,0
4105906,4.003,7.551,4.736,0.03,-0.035,0.003,2498,0
4105926,3.946,7.532,4.843,0.032,-0.028,0.003,2498,0
4105946,3.931,7.523,4.901,0.048,-0.038,0.008,2498,0
4105966,4.008,7.518,4.8,0.049,-0.047,0.01,2497,0
4105986,4.051,7.446,4.779,0.035,-0.042,0.001,2497,0
4106006,4.008,7.47,4.812,0.04,-0.038,-0.009,2498,0
4106026,3.977,7.503,4.858,0.039,-0.047,-0.013,2497,0
4106046,4.008,7.523,4.829,0.05,-0.055,-0.013,2498,0
4106066,4.041,7.561,4.697,0.051,-0.055,-0.01,2497,0
4106086,4.046,7.568,4.657,0.038,-0.037,-0.006,2498,0
4106106,4.027,7.547,4.726,0.029,-0.028,-0.009,2497,0
4106126,4.015,7.527,4.834,0.034,-0.031,-0.011,2498,0
4106146,4.027,7.537,4.803,0.047,-0.039,-0.01,2497,0
4106166,4.046,7.587,4.774,0.047,-0.04,-0.005,2498,0
4106186,4.032,7.556,4.75,0.04,-0.036,-0.003,2499,0
4106206,4.039,7.549,4.733,0.04,-0.032,-0.002,2498,0
4106226,4.025,7.511,4.805,0.041,-0.029,-0.006,2499,0
4106246,4.022,7.532,4.798,0.05,-0.034,-0.002,2497,0
4106266,4.032,7.551,4.755,0.04,-0.032,-0.001,2497,0
4106286,4.005,7.458,4.803,0.038,-0.034,-0.004,2498,0
4106306,4.008,7.484,4.75,0.058,-0.038,-0.009,2498,0
4106326,4.027,7.544,4.712,0.059,-0.036,-0.005,2499,0
4106346,4.046,7.515,4.688,0.056,-0.032,-0.015,2497,0
4106366,4.075,7.614,4.738,0.068,-0.018,-0.02,2497,0
4106386,3.998,7.695,4.824,0.061,-0.017,-0.017,2498,0
4106406,4.008,7.681,4.831,0.054,-0.037,-0.007,2499,0
4106426,4.025,7.676,4.712,0.054,-0.039,0.003,2503,0
4106446,4.02,7.616,4.647,0.051,-0.035,0.014,2498,0
4106466,4.053,7.513,4.65,0.039,-0.026,0.017,2501,0
4106486,4.029,7.456,4.729,0.036,-0.008,0.006,2498,0
4106506,4.017,7.468,4.772,0.046,-0.005,0.001,2499,0
4106526,4.003,7.515,4.781,0.041,-0.008,-0.001,2498,0
4106546,3.982,7.511,4.822,0.029,-0.007,-0.009,2499,0
4106566,3.934,7.487,4.851,0.035,-0.011,-0.007,2500,0
4106586,3.982,7.513,4.853,0.056,-0.024,-0.005,2500,0
4106606,3.996,7.587,4.784,0.046,-0.027,-0.014,2502,0
4106626,3.974,7.628,4.772,0.022,-0.019,-0.019,2501,0
4106646,3.967,7.587,4.817,0.03,-0.017,-0.012,2500,0
4106666,3.979,7.582,4.901,0.043,-0.019,-0.003,2502,0
4106686,3.962,7.578,4.918,0.04,-0.031,-0.001,2502,0
4106706,3.994,7.561,4.963,0.041,-0.048,-0.002,2502,0
4106726,4.017,7.58,4.851,0.05,-0.055,-0.003,2503,0
4106746,4.044,7.573,4.786,0.047,-0.057,-0.004,2504,0
4106766,4.041,7.573,4.736,0.039,-0.052,-0.003,2503,0
4106786,4.027,7.542,4.755,0.035,-0.046,-0.001,2502,0
4106806,4.022,7.547,4.748,0.038,-0.044,-0.001,2501,0
4106826,4.029,7.53,4.741,0.033,-0.041,-0.006,2501,0
4106846,4.01,7.501,4.786,0.03,-0.039,-0.01,2500,0
4106866,3.989,7.532,4.764,0.042,-0.044,-0.011,2500,0
4106886,4.01,7.58,4.75,0.046,-0.045,-0.008,2500,0
4106906,4.022,7.58,4.695,0.047,-0.037,-0.0,2501,0
4106926,4.01,7.575,4.724,0.042,-0.026,0.0,2500,0
4106946,3.996,7.554,4.798,0.035,-0.019,0.002,2500,0
4106966,3.998,7.511,4.848,0.035,-0.023,-0.001,2499,0
4106986,4.017,7.525,4.922,0.031,-0.039,-0.001,2500,0
4107006,4.017,7.513,4.851,0.029,-0.044,-0.01,2498,0
4107026,3.979,7.575,4.781,0.026,-0.051,-0.005,2498,0
4107046,3.907,7.925,4.803,-0.05,-0.083,0.013,2499,0
4107066,3.742,9.117,4.64,-0.556,-0.226,0.046,2496,0
4107086,3.594,11.341,4.448,-2.082,-0.594,0.068,2499,0
4107106,3.867,11.054,3.936,-4.449,-0.917,0.064,2498,0
4107126,4.381,9.237,3.381,-6.941,-1.11,-0.129,2498,0
4107146,4.855,4.41,4.386,-7.877,-1.131,-0.257,2512,0
4107166,5.353,0.982,6.249,-7.48,-1.076,-0.609,2557,0
4107186,5.854,-1.863,7.568,-5.044,-0.589,-0.764,2701,0
4107206,6.287,-3.338,9.172,-1.458,0.008,-0.847,2840,0
4107226,5.538,-1.209,7.934,1.718,0.76,-0.906,2939,0
4107246,4.915,2.265,6.797,3.36,1.032,-0.723,3023,0
4107266,2.234,3.316,5.119,3.608,1.225,-0.388,3101,1264
4107286,2.588,-1.446,7.748,4.933,1.222,-0.342,3179,2586
4107306,5.085,-2.77,5.775,8.154,1.593,-0.344,3218,3443
4107326,6.462,-2.229,-0.196,8.731,2.893,-0.326,3247,3795
4107346,4.278,5.895,-3.776,8.731,3.625,0.056,3263,3885
4107366,2.37,6.476,-5.897,8.731,3.267,0.667,3266,3892
4107386,2.95,12.289,-10.336,8.731,2.613,0.479,3272,3898
4107406,0.553,20.506,-10.451,8.731,1.527,0.721,3289,3980
4107426,-1.597,21.684,-7.614,5.148,-0.008,0.685,3292,4059
4107446,2.255,10.333,-9.428,0.008,-0.903,0.014,3280,4078
4107466,2.854,5.681,-9.917,-0.165,-0.554,-0.11,3262,4074
4107486,3.656,8.612,-8.169,-0.14,-0.189,0.236,3249,4074
4107506,2.059,8.231,-7.058,-0.616,-0.044,0.242,3243,4056
4107526,2.557,7.815,-6.12,-1.047,-0.189,0.179,3235,3975
4107546,3.759,6.835,-4.915,-1.003,-0.302,0.3,3231,3949
4107566,3.031,5.349,-5.883,-0.28,-0.153,0.185,3223,3973
4107586,4.547,7.204,-5.013,-0.027,-0.085,0.211,3218,3966
4107606,2.763,7.178,-4.918,-0.089,-0.059,0.158,3216,3923
4107626,3.177,7.001,-4.994,-0.149,-0.142,0.052,3215,3836
4107646,3.527,7.532,-4.575,-0.128,-0.213,0.099,3214,3827
4107666,2.863,6.426,-6.132,0.103,-0.112,-0.03,3211,3840
4107686,4.547,7.93,-5.504,0.105,0.013,-0.006,3206,3849
4107706,2.456,7.429,-5.65,-0.022,0.074,-0.008,3205,3845
4107726,3.328,7.149,-5.442,-0.086,-0.09,-0.006,3205,3849
4107746,3.78,7.654,-4.937,-0.167,-0.157,0.066,3204,3848
4107766,3.144,6.682,-5.89,0.059,-0.082,-0.022,3204,3855
4107786,3.34,7.434,-5.662,0.14,-0.051,0.011,3201,3862
4107806,3.168,7.604,-5.533,0.096,-0.082,0.019,3201,3851
4107826,3.393,7.331,-5.751,0.078,-0.097,-0.006,3201,3806
4107846,3.417,7.491,-5.717,0.12,-0.061,-0.047,3201,3774
4107866,3.352,7.714,-5.578,0.128,-0.02,-0.052,3202,3719
4107886,3.333,7.657,-5.538,0.104,0.005,-0.051,3200,3733
4107906,3.134,7.539,-5.514,0.08,-0.021,-0.03,3200,3685
4107926,3.227,7.477,-5.521,0.113,-0.06,-0.002,3200,3692
4107946,3.383,7.695,-5.698,0.179,-0.02,-0.023,3197,3733
4107966,3.156,7.793,-5.722,0.115,0.014,-0.033,3199,3785
4107986,3.024,7.365,-5.586,0.043,-0.002,-0.06,3192,3784
4108006,2.971,7.537,-5.488,0.096,-0.034,-0.051,3191,3794
4108026,3.041,7.901,-5.49,0.126,-0.038,-0.034,3191,3819
4108046,3.072,7.932,-5.595,0.088,-0.024,-0.026,3188,3830
4108066,3.019,7.831,-5.485,0.042,-0.038,0.008,3190,3842
4108086,3.033,7.456,-5.42,0.043,-0.071,0.024,3187,3859
4108106,3.067,7.487,-5.318,0.104,-0.114,0.06,3187,3863
4108126,3.16,7.611,-5.31,0.157,-0.106,0.044,3186,3863
4108146,3.203,7.676,-5.509,0.149,-0.106,0.04,3184,3904
4108166,3.184,7.511,-5.78,0.089,-0.107,0.01,3187,3940
4108186,3.172,7.415,-6.048,0.047,-0.083,-0.018,3183,3937
4108206,3.141,7.403,-6.045,0.031,-0.03,-0.028,3181,3951
4108226,3.153,7.465,-5.902,0.052,-0.004,-0.016,3181,3963
4108246,3.196,7.7,-5.65,0.005,-0.018,-0.007,3179,3958
4108266,3.227,7.578,-5.449,-0.042,-0.051,-0.008,3176,3967
4108286,3.309,7.453,-5.222,-0.011,-0.074,0.003,3172,4002
4108306,3.39,7.736,-5.509,0.034,-0.083,0.054,3173,4005
4108326,2.516,7.211,-6.017,0.048,-0.081,0.032,3172,4011
4108346,3.057,7.367,-5.969,0.055,-0.079,-0.001,3171,4011
4108366,3.965,8.296,-5.16,-0.052,-0.074,0.052,3169,4012
4108386,2.605,7.269,-5.847,-0.057,-0.042,0.021,3169,4030
4108406,2.902,6.634,-6.127,0.098,-0.021,-0.063,3168,4036
4108426,3.953,8.226,-5.329,0.068,-0.026,0.016,3168,4037
4108446,2.602,7.393,-5.981,0.018,0.022,0.001,3168,4043
4108466,2.926,7.099,-5.935,0.039,0.024,-0.066,3168,4045
4108486,3.809,8.181,-4.853,-0.084,-0.067,0.018,3166,4049
4108506,2.485,7.159,-5.701,-0.033,-0.054,-0.021,3167,4042
4108526,3.096,7.446,-5.715,0.106,-0.052,-0.044,3165,4014
4108546,3.819,8.349,-5.016,-0.021,-0.096,0.051,3166,3954
4108566,2.54,7.235,-5.906,-0.02,-0.038,-0.002,3165,3926
4108586,3.4,7.353,-5.468,0.012,-0.037,-0.054,3166,3914
4108606,3.56,7.954,-5.272,-0.02,-0.07,0.004,3167,3921
4108626,2.332,6.97,-6.184,0.126,0.011,-0.074,3164,3932
4108646,3.73,7.966,-5.578,0.076,-0.027,-0.051,3166,3931
4108666,3.038,7.714,-5.669,-0.06,-0.058,0.004,3164,3907
4108686,2.567,7.037,-6.12,0.081,0.013,-0.079,3163,3876
4108706,3.802,8.226,-5.109,0.018,-0.037,-0.012,3163,3854
4108726,2.758,7.578,-5.684,-0.001,-0.035,0.013,3163,3853
4108746,2.952,7.434,-5.732,0.115,0.016,-0.057,3164,3817
4108766,3.431,8.018,-5.248,-0.026,-0.036,0.005,3165,3809
4108786,3.117,7.616,-5.325,0.022,-0.013,-0.011,3166,3821
4108806,3.127,7.592,-5.499,0.067,-0.013,-0.001,3165,3827
4108826,3.069,7.64,-5.428,0.055,-0.026,0.001,3166,3850
4108846,3.079,7.566,-5.459,0.028,-0.043,0.002,3164,3841
4108866,3.007,7.429,-5.514,0.045,-0.045,-0.009,3164,3866
4108886,3.041,7.525,-5.598,0.092,-0.051,0.005,3165,3874
4108906,3.175,7.515,-5.717,0.107,-0.032,-0.01,3163,3880
