1084062,3.950,3.254,8.284,0.201,0.115,-0.158,2605,0
1084083,3.519,3.479,8.258,0.293,-0.028,-0.053,2604,0
1084103,3.905,3.436,8.243,0.375,-0.122,0.083,2606,0
1084123,4.204,3.187,8.066,0.384,-0.147,0.161,2607,0
1084142,4.693,3.235,7.889,0.226,-0.163,0.153,2608,0
1084163,5.116,3.000,7.855,0.012,-0.206,0.049,2607,0
1084183,5.181,2.935,7.942,-0.101,-0.183,-0.096,2614,0
1084203,4.781,3.232,7.774,-0.159,-0.128,-0.182,2624,0
1084223,4.578,3.658,7.621,-0.186,-0.077,-0.184,2633,0
1084243,4.441,3.943,7.494,-0.266,0.055,-0.085,2635,0
1084263,4.544,3.541,7.621,-0.363,0.171,0.004,2634,0
1084283,4.657,3.098,8.090,-0.407,0.249,0.022,2634,0
1084303,4.743,2.703,8.353,-0.387,0.242,-0.054,2632,0
1084323,4.549,2.744,8.605,-0.269,0.260,-0.110,2629,0
1084343,4.243,3.036,8.492,-0.180,0.235,-0.083,2626,0
1084363,4.147,3.002,8.267,-0.197,0.203,-0.050,2622,0
1084383,4.247,2.916,8.322,-0.212,0.215,-0.025,2619,0
1084403,4.070,2.840,8.715,-0.176,0.198,-0.007,2616,0
1084504,4.319,3.141,8.339,0.354,-0.703,-0.044,2626,0
1084515,4.391,3.110,8.128,0.363,-0.720,-0.011,2629,0
1084526,4.506,3.134,7.958,0.351,-0.711,0.007,2631,0
1084535,4.640,3.081,7.894,0.334,-0.687,0.019,2634,0
1084545,4.767,3.033,7.834,0.322,-0.657,0.018,2636,0
1084555,4.846,3.045,7.805,0.313,-0.618,0.011,2638,0
1084564,4.982,3.105,7.702,0.300,-0.586,-0.007,2639,0
1084573,5.059,3.146,7.556,0.273,-0.543,-0.029,2637,0
1084583,5.126,3.182,7.427,0.241,-0.492,-0.048,2640,0
1084603,5.104,3.311,7.223,0.146,-0.347,-0.073,2642,0
1084622,5.078,3.426,7.389,0.058,-0.212,-0.059,2642,0
1084643,5.064,3.438,7.558,0.021,-0.110,-0.015,2642,0
1084663,4.997,3.256,7.717,-0.002,-0.049,0.013,2642,0
1084682,4.985,3.160,7.839,-0.003,-0.016,0.013,2640,0
1084703,5.100,3.141,7.776,-0.004,-0.015,-0.012,2639,0
1084723,5.183,3.093,7.728,-0.032,0.014,-0.058,2638,0
1084743,5.071,3.148,7.594,-0.089,0.054,-0.072,2634,0
1084763,4.877,3.220,7.717,-0.143,0.090,-0.051,2631,0
1084783,4.872,3.270,7.946,-0.145,0.099,-0.000,2629,0
1084803,4.839,3.091,8.040,-0.113,0.083,0.031,2626,0
1084823,4.865,2.954,8.176,-0.070,0.044,0.029,2625,0
1084843,4.930,2.887,8.195,-0.001,-0.011,0.014,2626,0
1084863,4.860,2.923,8.025,0.033,-0.024,-0.006,2624,0
1084883,4.889,3.041,7.894,0.021,-0.051,-0.022,2624,0
1084902,4.915,3.146,7.894,0.023,-0.035,-0.017,2624,0
1084923,4.932,3.069,7.963,0.030,-0.034,-0.001,2625,0
1084943,4.925,2.952,7.961,0.038,-0.021,-0.006,2623,0
1084963,4.889,2.995,7.954,0.041,-0.028,-0.014,2623,0
1084983,4.851,3.093,7.956,0.032,-0.044,-0.006,2625,0
1085003,4.918,3.012,7.989,0.031,-0.055,0.006,2624,0
1085022,4.934,2.986,8.004,0.048,-0.045,0.003,2624,0
1085043,4.903,2.986,7.999,0.067,-0.050,-0.004,2624,0
1085063,4.875,3.093,7.932,0.068,-0.065,-0.006,2624,0
1085083,4.913,3.081,7.863,0.047,-0.071,0.001,2623,0
1085103,4.954,3.031,7.934,0.038,-0.076,0.001,2623,0
1085123,4.930,2.998,8.021,0.053,-0.088,-0.004,2624,0
1085164,4.958,3.010,7.894,0.102,-0.118,-0.003,2624,0
1085173,4.973,3.031,7.827,0.102,-0.114,-0.007,2623,0
1085182,4.990,3.086,7.764,0.086,-0.105,-0.008,2623,0
1085203,5.040,3.153,7.721,0.050,-0.074,-0.012,2621,0
1085223,4.999,3.148,7.815,0.035,-0.055,-0.006,2623,0
1085243,5.009,3.050,7.882,0.028,-0.042,0.001,2624,0
1085263,5.013,3.010,7.920,0.035,-0.034,-0.009,2623,0
1085283,4.992,3.045,7.922,0.036,-0.049,-0.016,2622,0
1085353,5.037,3.053,7.896,0.053,-0.023,-0.012,2622,0
1085363,5.021,3.043,7.829,0.052,-0.027,-0.017,2621,0
1085372,4.980,3.029,7.836,0.049,-0.029,-0.019,2620,0
1085381,4.956,3.050,7.834,0.043,-0.034,-0.023,2622,0
1085391,4.944,3.086,7.853,0.037,-0.035,-0.021,2619,0
1085403,4.925,3.081,7.922,0.034,-0.039,-0.017,2619,0
1085423,4.968,3.057,7.946,0.033,-0.053,-0.002,2619,0
1085443,4.958,3.031,7.901,0.045,-0.041,0.007,2620,0
1085463,4.930,3.053,7.855,0.038,-0.050,0.003,2620,0
1085483,5.018,3.117,7.867,0.030,-0.058,0.003,2620,0
1085503,5.030,3.065,7.865,0.033,-0.048,-0.004,2620,0
1085523,4.990,3.060,7.901,0.033,-0.045,-0.006,2619,0
1085543,5.011,3.072,7.966,0.032,-0.059,0.006,2619,0
1085563,5.054,2.998,7.853,0.044,-0.059,-0.001,2619,0
1085583,4.990,3.079,7.872,0.039,-0.045,-0.003,2617,0
1085603,5.040,3.067,7.887,0.040,-0.051,-0.000,2619,0
1085623,5.009,3.036,7.858,0.047,-0.034,-0.005,2617,0
1085643,5.033,3.084,7.932,0.048,-0.054,-0.002,2618,0
1085663,5.054,3.048,7.843,0.051,-0.054,-0.003,2618,0
1085683,5.023,3.029,7.992,0.065,-0.051,-0.004,2617,0
1085703,5.090,2.959,7.997,0.094,-0.098,-0.020,2617,0
1085722,5.052,3.057,7.726,0.095,-0.090,-0.035,2616,0
1085743,5.004,3.206,7.669,0.074,-0.068,-0.026,2617,0
1085763,5.040,3.218,7.697,0.044,-0.055,-0.003,2617,0
1085783,5.064,3.151,7.819,0.032,-0.039,0.012,2617,0
1085803,5.088,3.048,7.884,0.022,-0.047,0.017,2615,0
1085823,5.116,2.993,7.839,0.036,-0.041,-0.002,2614,0
1085843,5.088,3.081,7.865,0.047,-0.035,-0.014,2614,0
1085863,5.040,3.146,7.812,0.046,-0.038,-0.012,2614,0
1085883,5.059,3.081,7.793,0.042,-0.035,-0.005,2615,0
1085903,5.057,3.067,7.834,0.038,-0.033,-0.003,2615,0
1085923,5.078,3.074,7.867,0.040,-0.034,0.001,2613,0
1085942,5.080,3.065,7.822,0.043,-0.031,-0.002,2612,0
1085963,5.042,3.115,7.824,0.046,-0.038,-0.002,2614,0
1085983,5.059,3.110,7.834,0.043,-0.038,0.000,2613,0
1086002,5.080,3.069,7.851,0.046,-0.035,-0.005,2613,0
1086022,5.059,3.069,7.815,0.049,-0.036,-0.011,2613,0
1086043,5.016,3.156,7.803,0.037,-0.045,-0.000,2612,0
1086063,5.121,3.134,7.793,0.030,-0.044,0.007,2611,0
1086082,5.112,3.045,7.819,0.029,-0.036,-0.001,2612,0
1086103,5.083,3.067,7.824,0.031,-0.034,-0.006,2613,0
1086123,5.069,3.091,7.889,0.038,-0.037,-0.004,2612,0
1086219,5.083,3.160,7.788,0.022,-0.025,0.009,2610,0
1086229,5.078,3.139,7.791,0.013,-0.021,0.016,2611,0
1086239,5.085,3.127,7.822,0.018,-0.017,0.016,2611,0
1086248,5.121,3.124,7.870,0.025,-0.019,0.013,2612,0
1086257,5.188,3.077,7.877,0.031,-0.020,0.009,2609,0
1086267,5.296,3.089,7.966,0.050,-0.011,-0.003,2611,0
1086276,5.346,3.041,8.047,0.079,-0.010,-0.028,2610,0
1086285,5.428,2.990,8.030,0.105,-0.019,-0.061,2611,0
1086373,4.262,3.677,7.910,0.540,-0.167,-0.048,2610,0
1086383,4.408,3.673,7.348,0.546,-0.156,0.053,2611,0
1086393,4.587,3.632,7.130,0.446,-0.134,0.137,2607,0
1086403,4.834,3.531,7.046,0.338,-0.113,0.187,2605,0
1086412,5.171,3.610,6.800,0.180,-0.055,0.217,2602,0
1086439,5.986,3.472,7.092,-0.194,0.219,0.235,2591,0
1086503,4.729,3.433,7.913,-0.257,0.504,0.019,2596,0
1086513,4.616,3.515,8.033,-0.229,0.511,0.050,2596,0
1086523,4.535,3.558,8.011,-0.196,0.521,0.087,2598,0
1086532,4.492,3.510,8.090,-0.174,0.523,0.136,2598,0
1086543,4.539,3.302,8.088,-0.171,0.508,0.181,2601,0
1086552,4.602,3.117,8.083,-0.176,0.507,0.198,2600,0
1086562,4.659,2.899,8.090,-0.188,0.512,0.197,2600,0
1086572,4.738,2.765,8.171,-0.191,0.523,0.176,2602,0
1086582,4.767,2.763,8.260,-0.184,0.547,0.151,2598,0
1086602,4.561,2.753,8.461,-0.175,0.521,0.114,2594,0
1086623,4.331,2.749,8.638,-0.158,0.420,0.096,2594,0
1086643,4.298,2.737,8.516,-0.160,0.281,0.058,2588,0
1086663,4.367,2.595,9.234,-0.106,-0.020,-0.036,2582,0
1086683,4.288,2.593,8.758,-0.028,-0.177,-0.109,2578,0
1086702,4.104,2.500,8.703,-0.052,-0.406,-0.171,2584,0
1086723,4.329,2.492,8.708,-0.066,-0.686,-0.261,2593,0
1086743,4.676,2.440,8.550,-0.044,-0.818,-0.354,2605,0
1086763,4.741,2.634,8.301,-0.044,-0.860,-0.436,2612,0
1086783,4.853,2.784,8.085,-0.092,-0.893,-0.493,2622,0
1086803,4.961,2.851,7.877,-0.078,-0.816,-0.521,2629,0
1086823,4.879,3.012,7.944,0.006,-0.678,-0.472,2635,0
1086843,4.889,3.194,7.693,0.071,-0.623,-0.362,2639,0
1086863,5.248,3.168,7.307,0.065,-0.445,-0.302,2641,0
1086883,5.368,3.053,7.324,0.022,-0.234,-0.329,2640,0
1086903,5.215,3.232,7.618,-0.011,-0.110,-0.300,2639,0
1086923,4.954,3.266,7.762,-0.032,-0.088,-0.218,2637,0
1086986,5.284,2.849,7.954,-0.169,-0.225,-0.239,2635,0
1086995,5.227,2.899,7.982,-0.157,-0.235,-0.254,2635,0
1087005,5.181,2.916,7.961,-0.131,-0.254,-0.262,2635,0
1087014,5.121,2.978,7.918,-0.115,-0.267,-0.265,2638,0
1087024,5.152,2.940,7.980,-0.095,-0.289,-0.270,2637,0
1087043,5.241,2.880,8.030,-0.085,-0.357,-0.273,2639,0
1087063,5.234,2.914,7.836,-0.037,-0.403,-0.301,2640,0
1087083,5.270,3.024,7.640,-0.044,-0.439,-0.322,2643,0
1087158,5.363,3.184,7.597,0.027,-0.307,-0.188,2656,0
1087168,5.428,3.093,7.496,0.048,-0.290,-0.166,2656,0
1087177,5.420,3.096,7.465,0.052,-0.266,-0.152,2656,0
1087186,5.432,3.170,7.410,0.047,-0.247,-0.147,2658,0
1087195,5.456,3.191,7.384,0.040,-0.229,-0.147,2657,0
1087205,5.473,3.194,7.393,0.035,-0.205,-0.147,2657,0
1087223,5.516,3.273,7.436,0.021,-0.176,-0.143,2658,0
1087243,5.550,3.187,7.336,-0.004,-0.154,-0.144,2659,0
1087263,5.564,3.247,7.398,0.003,-0.103,-0.119,2658,0
1087283,5.511,3.268,7.515,-0.002,-0.109,-0.094,2660,0
1087303,5.526,3.175,7.446,-0.008,-0.128,-0.097,2660,0
1087323,5.543,3.134,7.489,0.014,-0.109,-0.103,2660,0
1087343,5.468,3.230,7.489,0.038,-0.110,-0.081,2661,0
1087363,5.514,3.235,7.475,-0.004,-0.138,-0.083,2664,0
1087383,5.614,3.177,7.566,-0.032,-0.186,-0.114,2667,0
1087403,5.701,3.136,7.444,-0.004,-0.196,-0.130,2666,0
1087423,5.595,3.163,7.489,0.027,-0.172,-0.135,2666,0
1087443,5.502,3.201,7.578,0.030,-0.243,-0.150,2669,0
1087462,5.650,3.172,7.463,-0.026,-0.344,-0.218,2670,0
1087483,5.849,3.060,7.269,-0.008,-0.343,-0.266,2672,0
1087503,5.746,3.239,7.185,0.015,-0.267,-0.264,2672,0
1087522,5.638,3.426,7.307,-0.010,-0.251,-0.259,2674,0
1087543,5.715,3.352,7.168,-0.018,-0.264,-0.247,2674,0
1087563,5.689,3.378,7.070,0.003,-0.215,-0.227,2675,0
1087583,5.650,3.510,7.221,-0.006,-0.181,-0.203,2673,0
1087603,5.768,3.457,7.223,-0.005,-0.189,-0.163,2675,0
1087622,5.787,3.402,7.080,0.000,-0.168,-0.153,2675,0
1087643,5.799,3.364,7.096,0.031,-0.130,-0.144,2674,0
1087663,5.748,3.527,7.128,0.016,-0.110,-0.137,2674,0
1087683,5.823,3.426,7.242,-0.001,-0.133,-0.133,2674,0
1087703,5.811,3.333,7.108,0.036,-0.111,-0.114,2673,0
1087723,5.684,3.474,7.106,0.027,-0.095,-0.104,2672,0
1087742,5.715,3.575,7.185,-0.011,-0.124,-0.103,2676,0
1087763,5.861,3.445,7.132,-0.019,-0.141,-0.110,2674,0
1087783,5.880,3.373,7.132,0.014,-0.120,-0.106,2675,0
1087803,5.772,3.491,7.065,0.048,-0.086,-0.092,2676,0
1087822,5.732,3.613,6.979,0.050,-0.068,-0.067,2674,0
1087842,5.782,3.598,7.015,0.018,-0.055,-0.043,2674,0
1087863,5.871,3.450,7.156,0.011,-0.056,-0.044,2676,0
1087883,5.875,3.452,7.168,0.041,-0.049,-0.054,2675,0
1087903,5.787,3.474,7.084,0.060,-0.046,-0.052,2677,0
1087923,5.744,3.594,7.032,0.062,-0.034,-0.036,2676,0
1087943,5.799,3.570,7.041,0.054,-0.026,-0.020,2675,0
1087963,5.871,3.531,7.151,0.036,-0.022,-0.027,2676,0
1087983,5.878,3.472,7.175,0.021,-0.037,-0.035,2674,0
1088003,5.813,3.472,7.106,0.024,-0.043,-0.044,2673,0
1088023,5.806,3.546,7.065,0.011,-0.056,-0.048,2674,0
1088043,5.772,3.541,7.070,0.021,-0.043,-0.039,2673,0
1088063,5.763,3.563,7.087,0.033,-0.044,-0.035,2673,0
1088082,5.811,3.522,7.159,0.039,-0.051,-0.028,2673,0
1088103,5.756,3.431,7.190,0.064,-0.068,-0.024,2673,0
1088123,5.770,3.560,7.003,0.058,-0.069,-0.029,2673,0
1088143,5.866,3.625,6.934,0.011,-0.041,-0.017,2674,0
1088162,5.737,3.651,7.041,0.021,-0.023,-0.016,2675,0
1088182,6.019,3.529,7.171,0.015,-0.026,-0.008,2675,0
1088424,5.626,3.725,7.185,-0.001,-0.031,0.083,2658,0
1088444,5.380,3.373,7.707,0.140,-0.107,0.119,2656,0
1088464,5.313,3.718,7.187,0.297,-0.141,0.249,2653,0
1088484,5.490,3.917,6.804,0.139,-0.133,0.207,2651,0
1088504,6.062,4.111,6.608,0.009,-0.081,0.160,2651,0
1088524,6.258,4.008,6.706,-0.024,0.035,0.156,2652,0
1088544,6.132,3.589,7.005,-0.027,0.075,0.102,2654,0
1088564,5.911,3.481,7.135,0.051,0.076,0.041,2656,0
1088584,5.550,3.745,7.185,0.101,0.082,0.043,2655,0
1088604,5.562,3.874,7.113,0.050,0.026,0.044,2656,0
1088624,5.686,3.845,7.058,0.020,0.013,0.061,2654,0
1088644,5.756,3.630,7.051,0.021,0.028,0.066,2653,0
1088664,5.732,3.553,7.259,0.038,0.034,0.059,2652,0
1088684,5.713,3.546,7.230,0.068,0.007,0.051,2651,0
1088704,5.701,3.627,7.142,0.064,-0.019,0.038,2651,0
1088724,5.768,3.656,7.223,0.065,-0.043,0.016,2652,0
1088744,5.804,3.618,7.123,0.070,-0.064,-0.006,2651,0
1088764,5.775,3.615,7.025,0.055,-0.056,-0.033,2652,0
1088784,5.638,3.699,7.180,0.073,-0.053,-0.041,2652,0
1088804,5.454,3.582,7.695,0.148,-0.172,-0.006,2650,0
1088824,5.578,3.723,7.228,0.238,-0.257,0.042,2650,0
1088844,5.904,3.804,6.850,0.141,-0.258,0.025,2648,0
1088864,6.086,3.747,6.718,0.050,-0.208,-0.033,2647,0
1088884,5.997,3.847,6.692,-0.039,-0.163,-0.071,2647,0
1088904,5.741,3.862,6.946,-0.130,-0.185,-0.108,2645,0
1088924,5.885,3.541,7.140,-0.127,-0.308,-0.133,2645,0
1088944,6.041,3.476,6.833,-0.037,-0.274,-0.151,2641,0
1088964,5.883,3.721,6.749,0.008,-0.153,-0.149,2642,0
1088984,5.770,3.910,6.840,-0.001,-0.103,-0.101,2644,0
1089004,5.837,3.847,6.728,0.008,-0.058,-0.053,2644,0
1089024,5.873,3.771,6.725,0.015,0.002,-0.023,2645,0
1089044,5.866,3.802,6.950,0.007,0.018,0.000,2645,0
1089064,6.019,3.728,6.955,-0.037,-0.018,-0.007,2645,0
1089084,6.151,3.443,6.998,-0.073,-0.021,-0.048,2646,0
1089104,5.981,3.543,6.991,-0.056,-0.029,-0.117,2650,0
1089124,5.760,3.754,6.984,-0.009,-0.027,-0.125,2648,0
1089144,5.583,3.893,6.948,0.034,-0.029,-0.063,2649,0
1089164,5.636,3.958,6.759,-0.026,-0.050,-0.026,2651,0
1089184,5.974,3.792,6.857,-0.099,-0.051,-0.009,2649,0
1089204,6.048,3.555,7.005,-0.080,-0.018,-0.015,2649,0
1089224,6.041,3.539,6.953,-0.012,0.018,-0.041,2650,0
1089244,5.976,3.625,6.828,0.055,0.107,-0.038,2651,0
1089264,5.816,3.697,6.922,0.021,0.141,-0.029,2653,0
1089284,5.784,3.658,7.027,-0.036,0.123,-0.046,2653,0
1089304,5.698,3.689,7.137,-0.053,0.119,-0.035,2655,0
1089324,5.631,3.735,7.353,0.015,0.088,-0.013,2655,0
1089344,5.856,3.620,7.195,0.085,0.091,0.007,2654,0
1089364,5.780,3.433,7.041,0.060,0.065,-0.040,2651,0
1089384,5.741,3.718,6.902,0.026,0.042,-0.079,2652,0
1089404,5.691,3.898,7.116,0.005,0.068,-0.071,2651,0
1089424,5.928,3.630,7.664,0.099,0.027,-0.076,2647,0
1089444,6.139,3.261,7.252,0.219,0.014,-0.136,2643,0
1089464,5.780,3.388,7.235,0.261,0.062,-0.223,2640,0
1089484,5.504,3.852,7.092,0.280,0.043,-0.270,2639,0
1089504,5.169,4.132,7.101,0.292,0.015,-0.236,2637,0
1089524,4.635,3.879,7.307,0.330,-0.124,-0.144,2635,0
1089544,4.666,3.723,7.175,0.385,-0.295,0.006,2634,0
1089564,5.133,3.998,6.694,0.376,-0.233,0.156,2630,0
1089584,5.205,4.439,6.701,0.272,-0.096,0.272,2632,0
1089604,5.320,4.233,6.986,0.225,-0.118,0.372,2638,0
1089624,5.942,4.436,7.343,0.342,-0.064,0.476,2640,0
1089644,6.553,3.735,7.080,0.417,-0.189,0.411,2643,0
1089664,6.584,3.675,6.359,0.386,-0.104,0.188,2651,0
1089684,6.543,3.771,6.146,0.100,-0.075,0.018,2653,0
1089704,6.242,4.128,6.325,0.002,0.038,-0.075,2653,0
1089724,5.511,4.623,6.366,-0.047,0.166,-0.001,2652,0
1089744,5.456,4.434,6.639,-0.167,0.205,0.139,2647,0
1089764,5.626,4.017,6.970,-0.174,0.208,0.183,2646,0
1089784,5.847,3.740,7.207,-0.204,0.136,0.156,2644,0
1089804,6.187,3.539,7.434,-0.137,0.082,0.059,2641,0
1089824,6.088,3.670,7.041,-0.043,0.100,-0.041,2641,0
1089844,5.653,3.864,6.864,-0.021,0.164,-0.061,2640,0
1089864,5.298,3.962,7.166,0.003,0.172,-0.005,2640,0
1089884,5.296,3.790,7.259,0.069,0.086,0.055,2637,0
1089904,5.696,3.625,6.993,0.159,0.088,0.069,2635,0
1089924,5.823,3.893,7.202,0.198,0.174,0.087,2633,0
1089944,5.590,4.075,7.247,0.146,0.136,0.064,2629,0
1089964,5.528,3.924,7.046,0.082,0.031,0.041,2629,0
1089984,5.559,3.855,6.883,0.056,0.042,0.054,2626,0
1090004,5.547,3.895,7.154,0.025,0.039,0.072,2627,0
1090024,5.669,3.773,7.204,0.005,-0.013,0.045,2626,0
1090044,5.600,3.754,7.199,-0.007,-0.029,0.003,2627,0
1090064,5.567,3.955,7.254,-0.140,-0.143,-0.033,2629,0
1090084,5.564,3.888,7.132,-0.206,-0.255,-0.067,2630,0
1090104,5.622,3.826,7.027,-0.220,-0.302,-0.094,2632,0
1090124,5.787,3.677,6.996,-0.231,-0.304,-0.105,2634,0
1090144,5.847,3.491,7.058,-0.193,-0.258,-0.122,2638,0
1090164,5.746,3.448,7.187,-0.123,-0.208,-0.153,2641,0
1090184,5.705,3.529,7.204,-0.072,-0.211,-0.162,2640,0
1090204,5.638,3.747,7.049,-0.017,-0.175,-0.136,2640,0
1090224,5.634,3.780,6.917,0.035,-0.106,-0.080,2640,0
1090244,5.622,3.905,6.912,0.085,-0.024,-0.005,2642,0
1090264,5.784,3.661,7.020,0.072,-0.001,0.022,2642,0
1090284,5.849,3.687,7.077,0.061,0.002,-0.005,2641,0
1090304,5.741,3.764,7.068,0.042,-0.010,-0.015,2641,0
1090324,5.722,3.749,6.931,0.040,-0.015,-0.006,2640,0
1090344,5.768,3.735,6.934,0.058,0.023,-0.001,2641,0
1090364,5.739,3.730,7.077,0.074,0.046,0.005,2641,0
1090384,5.669,3.716,7.104,0.055,0.029,-0.001,2641,0
1090404,5.643,3.721,7.113,0.010,-0.007,-0.010,2643,0
1090424,5.892,3.840,6.938,-0.002,-0.005,-0.023,2642,0
1090444,6.586,4.010,6.895,0.017,0.167,-0.039,2643,0
1090484,6.294,2.921,7.551,0.305,0.295,-0.424,2636,0
1090493,5.873,2.947,7.362,0.367,0.281,-0.516,2634,0
1090504,5.191,3.316,7.257,0.455,0.267,-0.580,2632,0
1090524,4.061,4.235,7.072,0.531,0.191,-0.497,2623,0
1090544,3.610,4.721,6.919,0.526,0.015,-0.188,2623,0
1090564,3.773,4.846,6.472,0.371,-0.040,0.172,2622,0
1090584,4.286,4.645,6.749,0.074,-0.070,0.456,2622,0
1090604,5.152,4.029,7.846,0.025,-0.211,0.625,2623,0
1090723,5.198,5.054,6.139,-0.298,0.172,-0.031,2640,0
1090732,5.191,4.930,6.273,-0.382,0.228,0.064,2641,0
1090742,5.255,4.693,6.495,-0.435,0.280,0.161,2638,0
1090751,5.327,4.386,6.768,-0.463,0.322,0.228,2639,0
1090760,5.389,4.096,7.008,-0.463,0.343,0.276,2638,0
1090770,5.124,3.711,7.547,-0.426,0.367,0.310,2635,0
1090781,5.871,3.428,8.564,-0.322,0.254,0.277,2636,0
1090791,5.878,2.851,8.188,-0.189,0.084,0.203,2635,0
1090801,6.060,2.782,7.906,-0.033,0.042,0.102,2634,0
1090811,6.000,2.741,7.365,0.052,0.064,0.008,2634,0
1090824,5.770,3.220,6.812,0.139,0.175,-0.057,2635,0
1090844,5.294,4.073,6.785,0.219,0.373,-0.036,2639,0
1090864,5.140,4.264,6.912,0.269,0.479,0.123,2639,0
1090884,5.150,4.391,7.046,0.307,0.572,0.301,2640,0
1090904,5.148,4.355,7.065,0.293,0.702,0.476,2640,0
1090924,5.001,4.269,7.207,0.240,0.831,0.630,2636,0
1090944,4.822,4.089,7.482,0.181,0.873,0.747,2624,0
1090964,4.736,3.778,7.834,0.094,0.752,0.808,2617,0
1090984,4.927,3.644,7.906,0.090,0.609,0.786,2612,0
1091004,4.872,3.579,7.829,0.145,0.523,0.724,2607,0
1091024,5.069,3.278,8.179,0.118,0.389,0.651,2604,0
1091044,5.234,2.665,8.509,0.103,0.178,0.464,2598,0
1091064,5.480,2.241,8.593,0.078,-0.154,0.169,2594,0
1091084,5.476,2.303,8.250,0.115,-0.364,-0.112,2593,0
1091104,5.145,2.954,7.961,0.183,-0.442,-0.288,2593,0
1091124,4.932,3.749,7.712,0.256,-0.490,-0.314,2593,0
1091144,4.906,4.252,7.178,0.232,-0.413,-0.200,2594,0
1091164,4.879,4.123,6.938,0.040,-0.326,-0.075,2595,0
1091184,5.219,3.706,7.207,-0.192,-0.392,-0.106,2597,0
1091204,5.751,3.148,7.542,-0.242,-0.456,-0.227,2601,0
1091224,5.787,3.024,7.496,-0.088,-0.349,-0.320,2607,0
1091244,5.428,3.766,7.230,0.051,-0.157,-0.289,2607,0
1091264,4.942,4.223,6.962,0.049,-0.014,-0.156,2608,0
1091288,4.927,4.104,7.013,-0.145,0.061,0.007,2607,0
1091304,5.277,3.785,7.283,-0.219,0.088,0.061,2607,0
1091324,5.602,3.361,7.901,-0.147,0.099,0.059,2607,0
1091344,5.473,3.084,7.872,0.012,0.132,0.017,2607,0
1091364,5.080,3.285,7.666,0.116,0.120,-0.013,2608,0
1091384,5.047,3.735,7.566,0.136,0.077,0.009,2608,0
1091404,5.080,3.757,7.472,0.136,0.053,0.051,2608,0
1091424,5.107,3.721,7.403,0.098,0.055,0.086,2608,0
1091444,5.205,3.548,7.417,0.050,0.068,0.082,2607,0
1091464,5.255,3.484,7.570,0.040,0.100,0.085,2607,0
1091511,5.200,3.438,7.623,0.050,0.054,0.001,2605,0
1091520,5.143,3.479,7.614,0.050,0.045,-0.008,2604,0
1091530,5.090,3.527,7.635,0.045,0.037,-0.011,2606,0
1091544,5.052,3.598,7.609,0.037,0.025,0.001,2603,0
1091564,5.040,3.615,7.549,0.030,0.041,0.033,2605,0
1091584,5.088,3.572,7.570,0.031,0.063,0.060,2605,0
1091604,5.107,3.491,7.599,0.044,0.076,0.064,2602,0
1091624,5.109,3.479,7.649,0.055,0.086,0.053,2602,0
1091644,4.987,3.519,7.724,0.056,0.085,0.065,2601,0
1091664,4.992,3.527,7.757,0.048,0.042,0.085,2603,0
1091684,5.109,3.393,7.685,0.052,0.014,0.064,2602,0
1091704,5.097,3.381,7.731,0.070,0.016,0.036,2601,0
1091724,4.970,3.496,7.805,0.086,-0.007,0.029,2600,0
1091744,5.009,3.467,7.740,0.089,-0.071,0.026,2600,0
1091864,5.124,3.472,7.733,0.129,-0.204,0.003,2597,0
1091873,5.195,3.438,7.673,0.134,-0.217,-0.011,2595,0
1091883,5.241,3.443,7.599,0.135,-0.220,-0.028,2597,0
1091892,5.246,3.445,7.551,0.137,-0.220,-0.047,2601,0
1091902,5.217,3.496,7.580,0.137,-0.220,-0.061,2598,0
1091912,5.227,3.555,7.683,0.137,-0.233,-0.077,2600,0
1091921,5.198,3.505,7.915,0.159,-0.273,-0.089,2601,0
1091931,5.174,3.496,7.982,0.195,-0.338,-0.094,2606,0
1091940,5.171,3.484,7.879,0.230,-0.393,-0.095,2610,0
1091949,5.193,3.510,7.661,0.248,-0.430,-0.099,2612,0
1091964,5.279,3.565,7.252,0.237,-0.438,-0.114,2621,0
1091984,5.413,3.737,6.826,0.172,-0.344,-0.129,2628,0
1092025,5.349,4.044,7.065,0.016,-0.083,-0.066,2631,0
1092036,5.361,3.936,7.104,-0.002,-0.058,-0.043,2627,0
1092045,5.394,3.824,7.099,-0.003,-0.022,-0.025,2626,0
1092064,5.349,3.713,7.211,-0.006,0.059,0.003,2624,0
1092084,5.291,3.666,7.374,-0.007,0.076,0.018,2623,0
1092104,5.339,3.740,7.302,-0.028,0.064,0.014,2623,0
1092124,5.394,3.824,7.094,-0.063,0.131,0.019,2624,0
1092144,5.286,3.802,7.202,-0.078,0.240,0.054,2620,0
1092164,5.181,3.768,7.369,-0.088,0.280,0.093,2615,0
1092184,5.160,3.649,7.599,-0.084,0.262,0.110,2611,0
1092204,5.207,3.558,7.671,-0.054,0.217,0.108,2608,0
1092224,5.155,3.455,7.638,-0.011,0.208,0.100,2605,0
1092244,5.148,3.426,7.659,0.010,0.199,0.080,2602,0
1092264,5.088,3.575,7.714,0.017,0.181,0.071,2599,0
1092284,5.049,3.546,7.712,0.002,0.117,0.053,2595,0
1092304,5.071,3.474,7.709,-0.002,0.077,0.036,2596,0
1092324,4.973,3.452,7.848,0.012,0.044,0.022,2593,0
1092344,4.927,3.448,7.834,0.046,-0.028,0.006,2593,0
1092364,4.752,3.577,8.030,0.139,-0.094,0.001,2594,0
1092384,4.599,3.555,8.547,0.255,-0.303,0.086,2590,0
1092404,5.001,3.469,8.468,0.456,-0.525,0.169,2587,0
1092424,5.389,3.419,7.424,0.499,-0.547,0.168,2591,0
1092444,5.253,3.354,7.367,0.459,-0.448,0.109,2595,0
1092464,4.942,3.886,8.363,0.580,-0.587,0.160,2614,0
1092484,5.083,4.432,7.336,0.715,-0.803,0.358,2642,0
1092504,5.827,4.274,5.569,0.540,-0.602,0.450,2665,0
1092524,6.287,3.824,5.179,0.247,-0.137,0.387,2675,0
1092544,6.436,3.759,5.574,-0.037,0.199,0.278,2680,0
1092564,6.261,3.658,6.009,-0.313,0.444,0.155,2680,0
1092584,5.567,3.768,8.662,-0.335,0.213,0.032,2671,0
1092604,5.938,3.050,7.894,-0.377,-0.052,-0.084,2673,0
1092624,5.928,2.811,6.572,-0.399,0.001,-0.247,2665,0
1092644,5.509,3.428,6.716,-0.484,0.213,-0.379,2652,0
1092664,5.468,3.630,7.211,-0.564,0.247,-0.380,2644,0
1092684,5.310,3.500,7.566,-0.520,0.257,-0.339,2644,0
1092704,5.045,3.608,7.872,-0.378,0.245,-0.226,2647,0
1092724,4.990,3.469,8.040,-0.230,0.200,-0.092,2652,0
1092744,5.102,3.177,8.100,-0.110,0.149,-0.013,2649,0
1092764,5.171,3.077,8.076,-0.019,0.092,0.009,2645,0
1092784,5.195,3.096,7.937,0.098,0.034,0.000,2644,0
1092810,5.104,3.196,7.901,0.223,-0.013,0.035,2639,0
1092824,5.162,3.235,7.994,0.307,-0.074,0.041,2632,0
1092844,5.174,3.508,8.064,0.374,-0.197,0.050,2627,0
1092864,5.349,3.479,7.456,0.330,-0.324,0.042,2624,0
1092884,5.648,3.395,6.855,0.216,-0.281,-0.017,2624,0
1092904,5.595,3.658,6.689,0.110,-0.090,-0.054,2625,0
1092924,5.327,3.943,7.147,0.015,0.025,-0.021,2624,0
1092944,5.148,3.737,7.805,0.042,-0.028,0.046,2624,0
1092964,5.246,3.445,7.772,0.138,-0.117,0.116,2622,0
1092984,5.509,3.153,7.391,0.145,-0.114,0.097,2621,0
1093004,5.629,3.263,7.254,0.112,-0.066,0.025,2621,0
1093024,5.557,3.560,7.240,0.073,-0.011,-0.015,2619,0
1093044,5.368,3.737,7.341,0.056,0.000,-0.003,2619,0
1093064,5.370,3.563,7.377,0.072,-0.002,0.031,2619,0
1093084,5.418,3.551,7.269,0.093,0.048,0.057,2619,0
1093104,5.399,3.524,7.226,0.035,0.074,0.048,2618,0
1093124,5.399,3.524,7.345,-0.038,0.066,0.023,2616,0
1093144,5.432,3.474,7.585,-0.039,0.040,0.010,2616,0
1093164,5.375,3.376,7.673,0.025,0.019,0.002,2616,0
1093184,5.322,3.306,7.465,0.052,0.008,-0.002,2614,0
1093204,5.528,3.409,7.252,0.021,0.036,-0.038,2613,0
1093224,5.538,3.615,7.180,-0.036,0.106,-0.064,2611,0
1093244,5.349,3.666,7.120,-0.073,0.177,-0.055,2607,0
1093264,5.131,3.632,7.468,-0.149,0.232,-0.011,2604,0
1093284,4.731,3.524,8.863,-0.057,0.026,0.057,2598,0
1093304,5.284,2.792,8.818,0.136,-0.268,-0.003,2603,0
1093324,5.227,2.880,7.800,0.333,-0.397,-0.084,2623,0
1093344,5.148,3.560,7.307,0.345,-0.356,-0.092,2646,0
1093364,5.284,3.883,7.180,0.292,-0.334,-0.031,2666,0
1093384,5.483,3.780,6.919,0.238,-0.285,-0.001,2676,0
1093404,5.581,3.721,6.773,0.145,-0.173,-0.006,2685,0
1093424,5.507,3.797,6.970,0.057,-0.076,0.000,2689,0
1093444,5.497,3.713,7.137,0.011,-0.038,0.014,2689,0
1093464,5.406,3.596,7.321,-0.004,-0.006,0.014,2690,0
1093484,5.291,3.625,7.508,0.023,-0.001,0.018,2693,0
1093504,5.250,3.575,7.530,0.057,-0.039,0.041,2691,0
1093524,5.368,3.546,7.417,0.078,-0.057,0.072,2692,0
1093544,5.516,3.531,7.149,0.083,-0.066,0.071,2689,0
1093564,5.760,3.531,7.422,0.096,-0.094,0.042,2674,0
1093584,5.856,3.395,7.293,0.124,-0.116,-0.011,2670,0
1093604,5.557,3.560,6.888,0.090,-0.061,-0.059,2663,0
1093624,5.399,3.893,6.943,-0.009,0.009,-0.038,2664,0
1093661,5.464,3.670,7.274,-0.013,0.055,0.064,2651,0
1093671,5.540,3.493,7.140,-0.018,0.064,0.064,2644,0
1093684,5.713,3.417,7.027,-0.047,0.112,0.033,2640,0
1093704,5.770,3.381,7.166,-0.112,0.176,-0.044,2632,0
1093724,5.492,3.567,7.274,-0.128,0.212,-0.090,2628,0
1093744,5.248,3.752,7.163,-0.173,0.247,-0.057,2623,0
1093764,5.181,3.749,7.183,-0.229,0.307,-0.009,2620,0
1093784,5.243,3.565,7.501,-0.254,0.344,0.033,2613,0
1093804,5.313,3.390,7.946,-0.252,0.311,0.039,2613,0
1093824,4.575,3.232,8.660,-0.056,0.133,0.005,2608,0
1093844,5.167,2.684,9.766,0.166,-0.270,-0.015,2608,0
1093864,5.150,2.591,8.408,0.445,-0.598,-0.062,2632,0
1093884,5.140,3.366,6.910,0.471,-0.543,-0.104,2655,0
1093904,5.322,3.989,6.632,0.330,-0.340,-0.055,2669,0
1093924,5.526,4.063,6.689,0.186,-0.200,0.016,2678,0
1093944,5.590,3.812,6.780,0.060,-0.094,0.033,2686,0
1093964,5.547,3.570,7.140,-0.009,-0.026,0.021,2688,0
1093984,5.387,3.565,7.551,-0.003,0.005,0.006,2689,0
1094004,5.246,3.527,7.547,0.033,-0.029,0.012,2690,0
1094024,5.286,3.546,7.446,0.043,-0.041,0.025,2689,0
1094044,5.267,3.610,7.506,0.047,-0.040,0.050,2689,0
1094064,5.351,3.610,7.345,0.079,-0.077,0.072,2687,0
1094084,5.610,3.431,7.523,0.096,-0.115,0.062,2674,0
1094104,5.806,3.294,7.436,0.133,-0.144,0.009,2664,0
1094124,5.610,3.433,7.061,0.112,-0.093,-0.050,2660,0
1094144,5.387,3.788,7.168,0.055,-0.060,-0.044,2657,0
1094164,5.375,3.855,7.338,0.057,-0.076,0.004,2657,0
1094184,5.447,3.639,7.420,0.080,-0.081,0.040,2656,0
1094204,5.547,3.455,7.333,0.087,-0.086,0.043,2654,0
1094224,5.667,3.426,7.197,0.069,-0.064,0.003,2649,0
1094244,5.607,3.601,7.072,0.035,-0.017,-0.031,2647,0
1094264,5.485,3.788,7.154,0.006,0.007,-0.017,2642,0
1094284,5.492,3.670,7.242,0.003,0.020,0.012,2641,0
1094304,5.490,3.589,7.259,0.008,0.044,0.026,2640,0
1094324,5.583,3.567,7.118,-0.001,0.105,0.026,2639,0
1094344,5.440,3.704,7.147,0.013,0.188,0.045,2640,0
1094364,5.286,3.725,7.219,-0.035,0.199,0.091,2640,0
1094384,5.480,3.529,7.365,-0.062,0.207,0.099,2637,0
1094404,5.679,3.208,7.767,-0.076,0.135,0.038,2636,0
1094424,5.705,3.105,7.482,-0.063,0.108,-0.110,2635,0
1094444,5.291,3.536,7.302,-0.091,0.158,-0.171,2636,0
1094599,5.128,3.359,7.717,-0.066,0.083,-0.048,2620,0
1094619,5.059,3.349,7.690,-0.057,0.085,-0.023,2620,0
1094639,5.066,3.342,7.755,-0.073,0.077,-0.023,2618,0
1094659,5.124,3.244,7.796,-0.082,0.050,-0.038,2617,0
1094679,5.080,3.172,7.870,-0.051,0.038,-0.041,2616,0
1094699,5.049,3.206,7.865,-0.010,0.021,-0.038,2614,0
1094720,5.025,3.211,7.791,0.017,0.021,-0.039,2615,0
1094739,5.064,3.282,7.731,0.006,0.011,-0.052,2613,0
1094759,5.160,3.330,7.649,-0.015,0.037,-0.067,2614,0
1094779,5.083,3.294,7.707,-0.028,0.078,-0.069,2612,0
1094799,4.937,3.268,7.860,-0.028,0.084,-0.055,2611,0
1094819,4.911,3.213,7.930,-0.021,0.057,-0.041,2612,0
1094839,4.999,3.256,7.796,-0.010,0.038,-0.047,2611,0
1094859,5.234,3.237,7.807,-0.023,0.077,-0.096,2613,0
1094879,5.097,3.196,7.879,-0.001,0.073,-0.134,2613,0
1094899,5.013,3.270,7.724,0.026,0.111,-0.132,2612,0
1094920,4.714,3.476,8.176,0.046,0.155,-0.130,2611,0
1094939,4.865,3.249,8.396,0.109,0.034,-0.106,2611,0
1094959,5.375,2.859,8.234,0.163,0.037,-0.165,2610,0
1094979,4.922,2.780,7.951,0.278,0.084,-0.282,2609,0
1094999,4.101,3.263,7.707,0.376,0.075,-0.314,2608,0
1095019,3.560,3.946,7.839,0.416,0.053,-0.180,2607,0
1095039,3.440,4.092,7.309,0.419,-0.055,0.119,2609,0
1095059,4.269,3.637,7.403,0.211,-0.023,0.341,2615,0
1095079,4.784,3.555,8.100,0.110,-0.037,0.361,2618,0
1095099,5.107,3.448,8.760,0.097,-0.223,0.306,2620,0
1095119,5.545,3.038,8.203,0.078,-0.405,0.196,2623,0
1095139,5.468,3.297,7.063,0.145,-0.232,0.056,2627,0
1095172,4.990,4.228,6.881,-0.049,0.176,0.068,2633,0
1095182,4.997,4.195,7.008,-0.140,0.244,0.090,2633,0
1095199,5.073,3.812,7.216,-0.258,0.357,0.119,2631,0
1095219,4.894,3.455,7.606,-0.329,0.505,0.129,2629,0
1095239,4.633,3.230,8.215,-0.317,0.521,0.121,2628,0
1095259,4.614,3.060,8.483,-0.237,0.424,0.102,2627,0
1095279,4.580,2.931,8.435,-0.179,0.329,0.056,2626,0
1095299,4.379,3.055,8.478,-0.132,0.228,0.022,2624,0
1095319,4.089,3.026,8.643,-0.089,0.082,0.022,2620,0
1095339,4.453,2.928,8.586,0.009,-0.185,-0.017,2613,0
1095359,4.338,2.868,8.528,0.061,-0.361,-0.070,2611,0
1095379,4.403,2.933,8.617,0.116,-0.595,-0.119,2609,0
1095400,4.592,3.053,8.432,0.187,-0.788,-0.138,2609,0
1095419,4.733,3.160,8.052,0.232,-0.837,-0.140,2613,0
1095439,4.841,3.349,7.602,0.237,-0.798,-0.135,2616,0
1095459,4.958,3.479,7.616,0.218,-0.751,-0.120,2621,0
1095479,5.222,3.457,7.329,0.211,-0.667,-0.103,2623,0
1095499,5.423,3.445,7.142,0.199,-0.486,-0.094,2626,0
1095519,5.389,3.543,7.355,0.183,-0.342,-0.084,2629,0
1095539,5.229,3.596,7.568,0.169,-0.333,-0.064,2628,0
1095559,5.289,3.496,7.657,0.173,-0.405,-0.047,2632,0
1095579,5.488,3.381,7.365,0.208,-0.411,-0.065,2635,0
1095599,5.559,3.515,7.094,0.199,-0.316,-0.085,2640,0
1095619,5.468,3.735,6.929,0.134,-0.213,-0.074,2639,0
1095639,5.471,3.845,6.970,0.028,-0.158,-0.058,2642,0
1095659,5.540,3.730,7.264,-0.035,-0.153,-0.043,2643,0
1095679,5.485,3.582,7.295,-0.054,-0.173,-0.042,2641,0
1095699,5.574,3.498,7.367,-0.160,-0.256,-0.090,2641,0
1095719,5.655,3.354,7.412,-0.123,-0.280,-0.131,2644,0
1095739,5.636,3.462,7.233,-0.024,-0.224,-0.114,2645,0
1095759,5.715,3.543,6.886,0.055,-0.099,-0.085,2645,0
1095779,5.636,3.689,7.001,0.092,0.100,-0.038,2643,0
1095799,5.447,3.634,7.183,0.108,0.135,-0.000,2642,0
1095819,5.578,3.594,7.209,0.099,0.143,0.021,2640,0
1095839,5.612,3.565,7.104,0.114,0.219,0.033,2639,0
1095859,5.385,3.706,7.178,0.103,0.308,0.055,2637,0
1095879,5.306,3.867,7.233,0.071,0.325,0.127,2634,0
1095899,5.253,3.812,7.266,0.057,0.390,0.216,2629,0
1095920,5.222,3.682,7.633,0.041,0.385,0.264,2626,0
1095939,5.306,3.239,8.205,0.020,0.174,0.199,2624,0
1095959,5.490,2.849,8.229,0.092,-0.089,0.068,2622,0
1095979,5.413,3.038,7.791,0.178,-0.234,-0.065,2620,0
1095999,5.222,3.709,7.496,0.174,-0.310,-0.108,2620,0
1096019,5.210,3.790,7.499,0.044,-0.468,-0.105,2623,0
1096039,5.447,3.496,7.410,0.016,-0.583,-0.116,2624,0
1096059,5.679,3.424,7.240,0.032,-0.557,-0.147,2628,0
1096079,5.646,3.417,7.458,0.068,-0.515,-0.183,2634,0
1096099,5.590,3.606,7.230,0.157,-0.529,-0.173,2640,0
1096119,5.698,3.706,6.687,0.176,-0.427,-0.147,2645,0
1096139,5.729,3.943,6.543,0.128,-0.255,-0.106,2650,0
1096159,5.713,3.929,6.919,0.087,-0.194,-0.042,2653,0
1096179,5.851,3.795,6.886,0.111,-0.152,-0.002,2652,0
1096199,5.825,3.687,6.871,0.140,-0.076,0.004,2652,0
1096219,5.768,3.795,6.950,0.108,-0.063,0.010,2650,0
1096239,5.835,3.776,6.898,0.084,-0.076,0.011,2651,0
1096259,5.952,3.737,6.747,0.061,-0.043,-0.027,2648,0
1096279,5.875,3.859,6.895,0.046,0.009,-0.033,2646,0
1096299,5.691,3.847,7.070,0.035,-0.007,-0.016,2645,0
1096319,5.710,3.721,7.008,0.036,-0.041,0.009,2643,0
1096339,5.827,3.711,6.965,0.034,-0.047,0.005,2642,0
1096360,5.880,3.788,6.970,0.030,-0.038,0.000,2640,0
1096379,5.808,3.747,7.022,0.035,-0.029,0.001,2640,0
1096399,5.856,3.697,6.962,0.037,-0.041,-0.004,2641,0
1096419,6.151,3.800,6.718,0.031,0.019,-0.042,2642,0
1096439,6.084,3.742,6.926,-0.003,0.100,-0.097,2640,0
1096459,5.918,3.766,7.017,-0.006,0.091,-0.119,2640,0
1096480,5.734,3.757,7.049,-0.010,0.122,-0.123,2640,0
1096499,5.485,3.740,7.228,0.014,0.072,-0.105,2639,0
1096519,5.219,3.742,7.355,0.076,-0.010,-0.074,2639,0
1096566,5.377,3.891,7.096,0.310,-0.163,0.045,2635,0
1096576,5.636,3.891,6.838,0.302,-0.162,0.065,2633,0
1096585,5.820,3.903,6.718,0.285,-0.128,0.064,2634,0
1096599,5.746,3.814,6.852,0.275,-0.070,0.046,2634,0
1096619,5.775,4.137,6.440,0.165,-0.055,0.065,2634,0
1096639,6.086,3.895,6.744,-0.021,0.027,0.055,2634,0
1096659,6.225,3.716,7.113,-0.066,0.005,-0.014,2636,0
1096679,6.062,3.546,7.120,-0.022,0.031,-0.117,2639,0
1096699,5.741,3.752,6.946,-0.008,0.039,-0.191,2639,0
1096719,5.646,4.077,6.778,-0.036,0.049,-0.198,2640,0
1096739,5.808,4.178,6.524,-0.092,0.139,-0.155,2640,0
1096759,6.103,4.094,6.452,-0.127,0.366,-0.173,2640,0
1096779,6.220,3.864,6.735,-0.196,0.655,-0.270,2640,0
1096799,5.997,3.737,7.324,-0.253,0.769,-0.353,2638,0
1096819,5.844,3.661,7.690,-0.190,0.794,-0.438,2638,0
1096839,5.978,3.656,8.119,-0.069,0.871,-0.601,2636,0
1096859,5.660,3.481,8.198,0.086,1.064,-0.786,2634,0
1096879,5.363,3.120,8.509,0.251,1.213,-0.963,2634,0
1096899,5.181,3.814,8.681,0.547,1.221,-1.252,2639,0
1096919,4.650,4.147,8.516,0.621,1.164,-1.373,2640,0
1096939,4.393,4.029,8.394,0.550,1.085,-1.341,2639,0
1096959,4.132,3.457,8.215,0.484,0.985,-1.289,2640,0
1096979,3.721,4.049,8.049,0.358,0.800,-1.253,2640,0
1097038,3.302,3.591,7.889,-0.588,0.161,-0.782,2639,0
1097048,3.199,3.603,8.128,-0.702,0.058,-0.722,2639,0
1097057,3.086,3.630,8.231,-0.790,-0.025,-0.699,2639,0
1097066,3.096,3.558,7.796,-0.784,-0.019,-0.721,2639,0
1097079,2.693,3.926,7.815,-0.829,-0.003,-0.758,2639,0
1097099,2.370,4.978,7.831,-0.976,-0.030,-0.692,2640,0
1097119,1.911,4.654,8.253,-1.275,-0.156,-0.475,2639,0
1097139,1.865,4.113,8.471,-1.248,-0.275,-0.371,2639,0
1097159,2.025,4.168,8.320,-0.966,-0.226,-0.409,2642,0
1097179,1.377,4.700,8.550,-0.723,-0.012,-0.523,2642,0
1097199,0.807,5.025,8.957,-0.496,-0.110,-0.565,2641,0
1097219,0.668,5.195,8.602,-0.230,-0.309,-0.451,2640,0
1097239,0.510,5.176,8.107,-0.070,-0.433,-0.263,2642,0
1097259,0.572,5.167,8.030,-0.094,-0.650,-0.098,2643,0
1097279,0.690,4.939,7.822,-0.216,-0.812,0.044,2646,0
1097299,1.022,4.223,7.420,-0.314,-0.872,0.154,2654,0
1097319,1.626,3.543,6.443,-0.400,-0.724,0.185,2665,0
1097339,3.074,3.644,6.632,-0.533,-0.087,0.031,2688,0
1097359,4.039,3.991,7.944,-0.710,0.738,-0.333,2686,0
1097379,3.326,3.800,9.115,-0.642,1.072,-0.506,2648,0
1097399,1.963,4.676,14.370,-0.460,0.008,-0.052,2639,0
1097419,2.421,3.606,12.246,-0.217,-0.875,0.153,2631,0
1097439,3.132,1.441,8.487,0.001,-0.908,0.017,2610,0
1097459,2.468,1.918,7.400,0.240,-0.523,-0.133,2605,0
1097479,2.454,3.393,8.262,0.195,-0.292,-0.047,2606,0
1097499,2.303,4.228,9.610,0.197,-0.324,0.120,2610,0
1097520,2.722,4.772,9.342,0.318,-0.470,0.346,2632,0
1097539,3.086,4.587,8.720,0.339,-0.493,0.570,2635,0
1097559,3.412,4.092,7.582,0.193,-0.351,0.752,2639,0
1097579,3.697,3.888,7.175,0.050,-0.062,0.832,2637,0
1097599,3.649,3.718,7.762,0.087,0.245,0.915,2630,0
1097619,3.656,3.792,7.915,0.242,0.505,1.070,2623,0
1097639,3.613,4.058,8.004,0.286,0.725,1.204,2619,0
1097659,3.613,3.747,8.523,0.226,0.793,1.193,2614,0
1097679,3.503,3.421,8.902,0.212,0.697,1.066,2611,0
1097699,3.208,3.062,9.251,0.297,0.493,0.904,2608,0
1097719,2.923,3.081,8.636,0.411,0.349,0.834,2607,0
1097739,2.753,3.294,8.334,0.341,0.210,0.745,2606,0
1097759,2.753,2.758,8.588,0.166,0.020,0.649,2604,0
1097779,2.559,2.279,8.815,0.082,-0.151,0.628,2601,0
1097799,2.500,2.365,8.693,0.041,-0.231,0.668,2598,0
1097819,2.610,2.109,8.626,-0.202,-0.234,0.706,2596,0
1097839,2.950,1.551,9.177,-0.466,-0.164,0.665,2592,0
1097859,3.285,0.965,10.192,-0.463,-0.123,0.548,2588,0
1097879,3.409,1.022,10.597,-0.120,-0.167,0.317,2585,0
1097899,3.385,1.226,10.154,0.150,-0.324,0.117,2579,0
1097919,3.529,1.444,9.213,0.298,-0.461,-0.068,2581,0
1097939,3.785,2.145,8.492,0.403,-0.431,-0.210,2580,0
1097959,3.965,2.983,8.222,0.379,-0.285,-0.233,2582,0
1097979,3.783,3.462,8.181,0.345,-0.151,-0.174,2583,0
1097999,3.697,3.809,8.267,0.270,-0.134,-0.071,2582,0
1098019,3.768,3.764,8.507,0.163,-0.165,0.029,2581,0
1098039,3.766,3.584,8.461,0.075,-0.176,0.136,2582,0
1098059,3.644,3.309,8.147,-0.026,-0.153,0.221,2578,0
1098079,3.754,2.993,8.303,-0.115,-0.116,0.245,2577,0
1098100,3.883,2.753,8.715,-0.146,-0.096,0.265,2564,0
1098119,3.934,2.567,8.882,-0.081,-0.116,0.278,2559,0
1098139,3.965,2.591,8.815,-0.028,-0.166,0.261,2559,0
1098159,4.022,2.545,8.418,-0.042,-0.175,0.225,2559,0
1098179,4.037,2.428,8.346,-0.079,-0.098,0.199,2559,0
1098199,4.120,2.413,8.600,-0.052,-0.040,0.168,2561,0
1098219,4.132,2.375,8.698,0.010,-0.029,0.136,2559,0
1098239,4.087,2.442,8.626,0.071,-0.001,0.120,2559,0
1098259,4.065,2.559,8.636,0.090,0.015,0.117,2559,0
1098279,4.034,2.459,8.724,0.091,-0.014,0.107,2559,0
1098299,3.989,2.492,8.650,0.090,-0.015,0.088,2559,0
1098319,4.003,2.555,8.404,0.077,0.001,0.064,2558,0
1098339,3.989,2.433,8.456,0.068,0.053,0.030,2558,0
1098359,4.010,2.473,8.760,0.105,0.050,0.001,2558,0
1098379,3.979,2.751,8.650,0.102,0.019,0.011,2557,0
1098399,3.989,2.787,8.243,0.074,0.084,0.045,2556,0
1098419,3.895,2.631,8.380,0.068,0.168,0.074,2550,0
1098439,4.039,2.641,8.657,0.047,0.164,0.070,2547,0
1098459,4.065,2.423,8.701,0.032,0.132,0.035,2543,0
1098479,3.879,2.456,8.468,0.071,0.183,0.005,2543,0
1098499,3.773,2.665,8.504,0.046,0.213,0.020,2540,0
1098519,3.776,2.595,8.617,0.007,0.196,0.025,2534,0
1098539,3.864,2.394,8.535,0.031,0.240,0.010,2527,0
1098559,3.543,2.464,8.636,0.097,0.374,-0.013,2518,0
1098579,3.440,2.866,9.225,0.121,0.257,0.015,2513,0
1098599,3.575,2.761,9.189,0.083,0.080,0.039,2514,0
1098619,3.618,2.380,8.478,0.068,0.045,0.011,2517,0
1098639,3.608,2.303,8.423,0.084,0.206,-0.036,2524,0
1098659,3.546,2.545,8.928,0.071,0.248,-0.077,2529,0
1098679,3.400,2.682,9.088,0.029,0.140,-0.099,2537,0
1098699,3.280,2.674,9.117,0.052,0.039,-0.099,2544,0
1098719,3.268,2.887,9.026,0.074,-0.048,-0.062,2546,0
1098739,3.311,2.808,8.868,0.093,-0.074,-0.025,2552,0
1098759,3.373,2.847,8.768,0.059,-0.094,-0.009,2558,0
1098780,3.462,2.832,8.684,0.027,-0.086,0.007,2559,0
1098799,3.560,2.737,8.643,0.022,-0.052,0.022,2564,0
1098819,3.467,2.648,8.562,0.041,0.047,0.029,2566,0
1098839,3.407,2.772,8.902,-0.005,0.026,0.039,2561,0
1098859,3.349,2.732,9.031,-0.065,-0.057,0.038,2561,0
1098879,3.428,2.495,9.074,-0.022,-0.141,0.020,2573,0
1098899,3.467,2.538,8.679,0.044,-0.121,0.017,2576,0
1098919,3.347,2.665,8.492,0.033,-0.030,0.036,2582,0
1098939,3.543,2.756,8.878,-0.002,-0.055,0.056,2582,0
1098959,3.759,2.421,8.569,-0.025,-0.044,0.038,2587,0
1098979,4.001,2.234,7.728,-0.046,0.231,-0.073,2588,0
1098999,4.276,2.143,8.200,-0.157,0.599,-0.218,2568,0
1099019,4.049,2.023,8.250,-0.082,0.845,-0.290,2556,0
1099039,3.072,2.143,7.920,0.142,1.306,-0.301,2516,0
1099059,2.354,3.115,13.060,0.120,0.550,-0.097,2496,0
1099079,1.844,2.547,10.592,0.053,-0.203,0.026,2496,0
1099099,2.207,2.160,8.389,0.078,-0.389,0.001,2493,0
1099119,2.313,2.696,8.899,0.063,-0.269,-0.033,2490,0
1099139,2.653,3.383,10.338,0.063,-0.487,0.063,2495,0
1099159,2.696,3.124,10.125,0.074,-0.907,0.136,2515,0
1099179,2.993,2.808,8.686,0.053,-1.104,0.161,2530,0
1099199,3.814,2.330,8.253,0.040,-0.974,0.113,2550,0
1099219,4.144,2.002,8.018,0.081,-0.681,0.000,2559,0
1099239,4.295,2.176,7.975,0.067,-0.432,-0.120,2559,0
1099259,4.192,2.456,8.171,0.041,-0.243,-0.234,2559,0
1099279,3.950,2.670,8.593,0.056,-0.168,-0.282,2559,0
1099299,3.783,2.725,8.933,0.100,-0.177,-0.274,2559,0
1099319,3.716,2.624,8.863,0.152,-0.217,-0.251,2559,0
1099340,3.730,2.619,8.492,0.191,-0.187,-0.255,2561,0
1099359,3.737,2.794,8.305,0.170,-0.098,-0.265,2562,0
1099379,3.658,3.019,8.475,0.104,-0.037,-0.250,2569,0
1099399,3.692,3.060,8.875,0.070,-0.083,-0.222,2580,0
1099419,3.778,2.897,8.851,0.127,-0.151,-0.197,2577,0
1099439,3.792,2.828,8.475,0.175,-0.143,-0.186,2581,0
1099459,3.821,2.892,8.310,0.150,-0.098,-0.212,2579,0
1099479,3.881,2.954,8.392,0.072,-0.059,-0.243,2582,0
1099499,3.828,2.885,8.629,0.064,-0.049,-0.258,2579,0
1099520,3.819,2.928,8.806,0.185,-0.070,-0.263,2583,0
1099539,3.721,3.098,8.557,0.236,-0.074,-0.257,2583,0
1099559,3.704,3.194,8.480,0.197,-0.078,-0.258,2578,0
1099579,3.677,3.235,8.408,0.141,-0.073,-0.260,2582,0
1099599,3.677,3.247,8.559,0.151,-0.067,-0.251,2581,0
1099619,3.685,3.366,8.566,0.181,-0.089,-0.237,2575,0
1099640,3.668,3.361,8.528,0.179,-0.088,-0.211,2574,0
1099659,3.627,3.309,8.519,0.151,-0.083,-0.209,2575,0
1099679,3.567,3.357,8.504,0.087,-0.125,-0.251,2571,0
1099699,3.584,3.309,8.526,-0.014,-0.207,-0.341,2564,0
1099719,3.613,3.201,8.744,-0.105,-0.299,-0.468,2564,0
1099739,3.725,2.672,8.851,-0.101,-0.393,-0.584,2561,0
1099759,3.790,2.792,8.722,-0.023,-0.413,-0.700,2563,0
1099779,3.620,3.089,8.514,-0.067,-0.462,-0.856,2559,0
1099799,3.742,2.921,8.645,-0.183,-0.554,-1.044,2561,0
1099819,3.936,3.120,8.578,-0.246,-0.684,-1.211,2581,0
1099840,4.202,2.756,7.882,-0.127,-0.566,-1.325,2592,0
1099859,3.723,3.541,7.192,-0.012,-0.237,-1.373,2597,0
1099879,3.551,4.324,7.355,-0.101,-0.031,-1.324,2608,0
1099899,3.433,4.843,7.836,-0.249,0.064,-1.185,2620,0
1099919,3.328,5.004,8.198,-0.349,0.015,-1.040,2629,0
1099939,3.488,4.836,8.195,-0.443,-0.078,-0.903,2621,0
1099959,3.752,4.171,7.427,-0.457,0.035,-0.804,2605,0
1099979,3.852,4.132,6.682,-0.563,0.450,-0.730,2580,0
1099999,3.570,3.426,6.716,-0.621,1.045,-0.700,2546,0
1100019,2.595,3.826,8.717,-0.493,1.330,-0.611,2519,0
1100039,1.381,5.243,11.820,-0.351,0.600,-0.118,2510,0
1100059,1.757,3.857,11.171,-0.120,-0.086,0.220,2510,0
1100079,2.016,2.009,9.213,0.085,-0.297,0.160,2509,0
1100099,2.164,2.509,9.000,0.184,-0.399,0.074,2524,0
1100119,2.674,3.208,9.179,0.252,-0.485,-0.019,2559,0
1100139,3.191,3.912,8.653,0.264,-0.478,-0.031,2583,0
1100159,3.536,4.161,7.468,0.172,-0.226,0.008,2579,0
1100179,2.976,4.298,7.001,0.079,0.129,0.004,2549,0
1100199,3.002,3.677,7.796,-0.069,0.252,0.014,2544,0
1100219,2.516,3.814,9.677,-0.170,0.097,0.044,2542,0
1100239,2.380,3.151,9.744,-0.080,-0.080,0.057,2543,0
1100259,2.480,2.990,9.352,0.095,-0.242,0.015,2553,0
1100279,2.820,3.572,9.155,0.202,-0.419,0.002,2588,0
1100299,3.146,3.675,7.932,0.223,-0.335,-0.022,2607,0
1100319,3.644,3.895,7.456,0.106,-0.058,-0.012,2602,0
1100339,3.682,3.522,7.360,-0.098,0.295,-0.067,2589,0
1100359,2.428,3.984,9.067,-0.056,0.413,-0.083,2559,0
1100379,2.191,4.245,10.216,-0.126,0.059,0.069,2574,0
1100399,2.526,3.321,9.287,0.008,-0.159,0.091,2587,0
1100419,2.545,2.770,8.447,0.074,-0.130,0.076,2589,0
1100439,2.729,3.474,8.856,0.188,-0.102,0.096,2600,0
1100459,2.746,4.061,9.371,0.263,-0.199,0.166,2614,0
1100479,2.476,4.152,8.693,0.306,-0.323,0.232,2626,0
1100500,2.708,4.111,8.478,0.267,-0.412,0.358,2628,0
1100519,3.043,3.979,8.200,0.275,-0.332,0.488,2631,0
1100539,3.256,3.979,8.100,0.306,-0.183,0.624,2632,0
1100559,3.287,4.118,7.954,0.304,-0.005,0.782,2630,0
1100579,3.256,4.269,8.042,0.256,0.122,0.900,2626,0
1100599,3.242,4.166,8.188,0.184,0.183,1.003,2625,0
1100619,3.263,4.046,8.236,0.109,0.236,1.087,2618,0
1100639,3.203,3.804,8.598,0.050,0.220,1.134,2611,0
1100659,3.338,3.381,8.712,0.077,0.159,1.175,2601,0
1100679,3.323,3.649,8.384,0.074,0.163,1.198,2587,0
1100699,3.436,3.266,8.526,-0.061,0.171,1.197,2575,0
1100719,3.733,2.710,8.801,-0.064,0.144,1.148,2559,0
1100739,3.745,2.514,8.598,0.083,0.149,1.061,2559,0
1100759,3.862,2.377,8.696,0.155,0.171,0.946,2555,0
1100779,3.840,2.500,8.581,0.150,0.187,0.787,2549,0
1100799,3.915,2.449,8.938,0.108,0.136,0.598,2544,0
1100819,3.852,2.342,9.227,0.082,-0.002,0.474,2544,0
1100839,3.749,2.796,8.698,0.126,-0.092,0.422,2541,0
1100859,3.838,2.885,8.169,0.156,-0.010,0.398,2541,0
1100879,3.740,3.170,8.028,0.137,0.175,0.406,2540,0
1100899,3.730,2.978,8.571,0.026,0.218,0.416,2541,0
1100919,3.783,2.806,8.744,0.023,0.192,0.406,2538,0
1100939,3.795,2.593,8.684,0.061,0.189,0.392,2535,0
1100959,3.773,2.571,8.643,0.112,0.225,0.358,2536,0
1100979,3.589,2.691,8.667,0.086,0.243,0.331,2533,0
1101000,3.644,2.622,8.873,0.051,0.192,0.304,2530,0
1101019,3.697,2.682,8.724,0.090,0.194,0.293,2528,0
1101039,3.536,2.772,8.471,0.127,0.300,0.330,2529,0
1101059,3.378,2.969,8.543,0.112,0.350,0.370,2527,0
1101079,3.445,2.765,8.583,0.065,0.364,0.361,2522,0
1101099,3.692,2.349,8.466,0.023,0.438,0.338,2520,0
1101119,3.922,1.970,8.291,0.053,0.613,0.252,2519,0
1101139,3.960,1.920,7.664,0.020,1.011,0.079,2514,0
1101159,3.627,2.184,8.181,-0.085,1.364,-0.063,2500,0
1101179,3.122,2.377,8.705,-0.154,1.557,-0.125,2480,0
1101199,2.653,2.636,9.862,-0.142,1.538,-0.165,2459,0
1101219,0.900,3.472,12.079,0.041,0.981,-0.175,2447,0
1101239,0.769,2.605,10.709,0.171,0.078,-0.076,2448,0
1101260,1.037,2.131,9.632,0.338,-0.232,-0.065,2448,0
1101279,1.257,2.500,9.510,0.407,-0.480,-0.118,2446,0
1101299,1.288,3.177,10.992,0.378,-1.004,-0.135,2446,0
1101319,1.616,3.048,11.152,0.277,-1.833,-0.202,2469,0
1101339,1.963,2.500,9.697,0.218,-2.350,-0.362,2507,0
1101359,2.899,2.502,8.361,0.133,-2.407,-0.519,2544,0
1101379,3.610,2.564,7.994,-0.111,-2.243,-0.713,2559,0
1101399,4.604,2.174,7.793,-0.184,-2.049,-0.921,2594,0
1101419,5.179,2.421,7.618,-0.179,-1.800,-1.162,2604,0
1101439,5.301,2.452,7.032,-0.192,-1.492,-1.369,2607,0
1101459,5.198,2.552,6.570,-0.197,-1.050,-1.504,2610,0
1101479,5.037,2.947,6.565,-0.077,-0.516,-1.543,2610,0
1101499,4.745,3.670,7.017,-0.017,-0.098,-1.514,2607,0
1101519,4.300,4.025,7.041,-0.057,0.233,-1.382,2603,0
1101539,3.912,4.156,7.151,-0.093,0.552,-1.163,2599,0
1101559,3.560,4.345,7.958,-0.055,0.768,-0.916,2596,0
1101579,3.105,5.116,8.497,0.000,0.771,-0.601,2589,0
1101599,2.703,5.260,8.710,0.059,0.713,-0.124,2581,0
1101619,2.636,5.088,8.803,0.068,0.602,0.339,2559,0
1101639,3.060,4.444,8.480,-0.124,0.378,0.474,2561,0
1101659,3.776,3.213,7.714,-0.264,0.378,0.427,2557,0
1101679,4.068,2.667,7.475,-0.240,0.767,0.393,2545,0
1101699,3.883,2.919,7.506,-0.069,1.171,0.327,2525,0
1101719,3.409,3.555,8.277,-0.109,1.416,0.172,2495,0
1101739,3.074,3.405,9.244,-0.338,1.282,-0.094,2465,0
1101759,1.458,3.488,10.862,-0.210,0.855,-0.258,2450,0
1101780,1.190,3.414,11.064,-0.010,0.008,-0.089,2449,0
1101799,1.602,2.863,9.380,0.099,-0.255,-0.017,2452,0
1101819,1.975,2.878,8.693,0.094,-0.267,-0.021,2449,0
1101839,2.227,3.587,9.421,0.087,-0.360,-0.010,2454,0
1101859,2.071,3.613,10.036,0.042,-0.726,-0.015,2465,0
1101879,2.519,2.909,9.661,0.031,-1.117,-0.051,2509,0
1101899,2.835,3.326,8.701,0.198,-1.195,-0.070,2530,0
1101919,3.278,3.536,8.116,0.193,-1.079,-0.071,2547,0
1101939,3.680,3.579,7.731,0.093,-0.858,-0.089,2557,0
1101959,3.982,3.527,7.702,0.011,-0.631,-0.125,2559,0
1101979,3.903,3.144,7.942,-0.018,-0.339,-0.165,2559,0
1101999,3.649,3.041,8.739,0.034,-0.200,-0.212,2559,0
1102019,3.613,3.057,9.117,0.139,-0.239,-0.251,2559,0
1102039,3.438,3.132,8.933,0.248,-0.233,-0.333,2559,0
1102059,3.017,3.100,8.629,0.280,-0.053,-0.403,2559,0
1102079,2.370,3.017,8.830,0.283,0.172,-0.448,2559,0
1102099,1.896,3.031,8.796,0.268,0.230,-0.461,2561,0
1102119,2.047,3.270,8.583,0.197,0.204,-0.383,2559,0
1102139,2.291,3.670,8.337,0.056,0.256,-0.223,2559,0
1102159,2.387,3.898,8.320,-0.136,0.325,-0.054,2559,0
1102179,2.768,3.804,8.660,-0.256,0.298,0.084,2557,0
1102199,3.041,3.694,8.507,-0.279,0.252,0.179,2554,0
1102219,3.338,3.692,8.140,-0.236,0.231,0.241,2551,0
1102239,3.802,3.634,7.870,-0.168,0.312,0.321,2549,0
1102259,4.005,3.716,7.676,-0.083,0.520,0.443,2547,0
1102279,3.883,4.334,8.028,-0.094,0.668,0.553,2534,0
1102299,3.737,4.070,8.799,-0.160,0.531,0.533,2526,0
1102319,3.871,3.658,8.861,-0.048,0.200,0.353,2522,0
1102339,4.147,3.426,8.614,0.092,0.047,0.110,2517,0
1102359,3.943,3.888,8.361,0.173,0.045,0.025,2517,0
1102379,3.673,4.305,8.523,0.145,0.034,0.011,2516,0
1102399,3.302,4.341,8.432,0.048,-0.062,-0.023,2516,0
1102419,2.840,4.037,8.226,-0.080,-0.115,-0.014,2517,0
1102439,2.653,3.333,8.317,-0.111,-0.170,0.006,2518,0
1102459,2.744,3.062,8.511,-0.058,-0.202,-0.020,2519,0
1102479,2.993,3.014,8.760,-0.039,-0.158,-0.062,2517,0
1102499,3.017,3.053,9.352,0.006,-0.077,-0.105,2519,0
1102519,2.983,3.323,9.531,0.137,-0.116,-0.161,2517,0
1102539,2.794,3.316,8.885,0.145,-0.135,-0.136,2515,0
1102559,2.655,3.364,8.624,0.118,-0.090,-0.103,2514,0
1102579,2.741,3.488,8.827,0.111,-0.086,-0.066,2515,0
1102600,2.976,3.486,8.942,0.107,-0.068,-0.030,2514,0
1102619,3.007,3.397,8.882,0.104,-0.050,-0.019,2513,0
1102639,2.895,3.472,8.674,0.118,-0.053,-0.033,2514,0
1102659,2.940,3.563,8.564,0.127,-0.072,-0.038,2515,0
1102679,3.026,3.687,8.686,0.106,-0.052,-0.029,2514,0
1102699,3.012,3.661,8.801,0.082,-0.028,-0.026,2516,0
1102719,2.861,3.548,8.679,0.060,-0.022,-0.006,2516,0
1102739,2.868,3.400,8.617,0.078,-0.040,-0.009,2520,0
1102759,2.885,3.474,8.691,0.071,-0.056,-0.013,2520,0
1102779,2.983,3.572,8.674,0.076,-0.076,-0.011,2520,0
1102799,2.976,3.625,8.691,0.061,-0.067,0.004,2521,0
1102819,2.942,3.543,8.667,0.062,-0.063,0.002,2524,0
1102839,2.954,3.539,8.655,0.059,-0.068,-0.001,2522,0
1102859,2.971,3.570,8.660,0.071,-0.071,-0.010,2521,0
1102879,2.928,3.630,8.686,0.070,-0.070,-0.009,2521,0
1102899,2.935,3.615,8.624,0.059,-0.081,-0.002,2519,0
1102919,3.010,3.558,8.593,0.053,-0.087,-0.008,2518,0
1102939,3.096,3.524,8.595,0.046,-0.068,-0.013,2517,0
1102959,3.062,3.541,8.696,0.055,-0.040,-0.022,2516,0
1102979,3.002,3.634,8.622,0.054,-0.042,-0.019,2515,0
1102999,3.000,3.608,8.566,0.051,-0.022,-0.025,2514,0
1103019,2.983,3.527,8.631,0.054,-0.025,-0.022,2515,0
1103039,3.005,3.546,8.643,0.053,-0.036,-0.020,2515,0
1103060,2.995,3.610,8.612,0.050,-0.033,-0.015,2514,0
1103079,2.978,3.584,8.614,0.052,-0.031,-0.012,2515,0
1103099,3.000,3.553,8.648,0.057,-0.041,-0.013,2514,0
1103119,3.050,3.536,8.655,0.064,-0.044,-0.016,2514,0
1103139,2.971,3.589,8.645,0.071,-0.043,-0.013,2513,0
1103159,2.950,3.649,8.581,0.075,-0.058,-0.011,2515,0
1103179,2.981,3.656,8.600,0.075,-0.063,-0.010,2513,0
1103199,3.074,3.630,8.610,0.083,-0.061,-0.019,2513,0
1103220,3.089,3.579,8.669,0.082,-0.046,-0.020,2514,0
1103239,2.974,3.598,8.598,0.086,-0.043,-0.025,2515,0
1103259,2.931,3.677,8.566,0.086,-0.057,-0.021,2514,0
1103279,3.012,3.699,8.581,0.067,-0.063,-0.012,2513,0
1103299,3.062,3.716,8.612,0.055,-0.061,-0.006,2514,0
1103319,3.053,3.630,8.631,0.049,-0.057,0.001,2513,0
1103339,3.033,3.603,8.569,0.056,-0.059,-0.003,2513,0
1103359,3.021,3.658,8.607,0.066,-0.053,-0.007,2514,0
1103379,3.012,3.709,8.612,0.065,-0.061,-0.008,2513,0
1103473,3.050,3.682,8.578,0.056,-0.039,-0.010,2511,0
1103483,3.029,3.673,8.545,0.055,-0.039,-0.009,2512,0
1103492,3.033,3.673,8.526,0.050,-0.041,-0.007,2513,0
1103502,3.062,3.675,8.550,0.046,-0.043,-0.006,2512,0
1103512,3.074,3.675,8.559,0.045,-0.039,-0.008,2513,0
1103523,3.062,3.706,8.607,0.047,-0.039,-0.009,2512,0
1103534,3.067,3.706,8.588,0.044,-0.039,-0.006,2510,0
1103544,3.045,3.728,8.554,0.046,-0.039,-0.004,2511,0
1103559,3.019,3.723,8.521,0.046,-0.041,0.000,2512,0
1103579,3.017,3.673,8.535,0.037,-0.030,0.006,2512,0
1103599,3.005,3.716,8.598,0.017,-0.038,0.017,2512,0
1103619,2.895,3.649,8.641,-0.029,-0.036,0.034,2510,0
1103639,2.703,3.618,8.827,-0.119,-0.124,0.055,2511,0
1103660,2.746,3.247,9.064,-0.069,-0.434,-0.000,2514,0
1103679,2.971,3.697,8.727,0.039,-0.596,0.005,2531,0
1103699,3.053,3.924,8.648,0.020,-0.654,0.071,2544,0
1103719,3.536,4.001,8.598,0.008,-0.702,0.105,2550,0
1103739,3.776,3.735,7.942,0.009,-0.556,0.146,2556,0
1103759,4.053,3.467,7.889,0.001,-0.344,0.131,2558,0
1103779,4.257,3.184,8.100,0.035,-0.164,0.066,2558,0
1103799,4.245,3.165,7.987,0.100,0.046,-0.026,2559,0
1103819,3.881,3.314,8.193,0.142,0.243,-0.094,2558,0
1103839,3.565,3.577,8.538,0.159,0.260,-0.127,2555,0
1103859,3.371,3.812,8.650,0.149,0.180,-0.101,2553,0
1103879,3.421,3.843,8.471,0.125,0.130,-0.052,2557,0
1103899,3.491,3.689,8.301,0.140,0.166,-0.047,2559,0
1103919,3.311,3.776,8.545,0.121,0.165,-0.052,2559,0
1103939,3.156,3.821,8.413,0.080,0.098,-0.041,2559,0
1103959,3.108,4.070,8.665,0.034,0.002,0.001,2559,0
1103979,3.436,3.701,8.435,0.019,-0.084,0.011,2559,0
1103999,3.467,3.400,8.253,0.020,-0.032,-0.002,2558,0
1104019,3.455,3.517,8.337,0.053,0.005,-0.048,2559,0
1104292,3.294,3.608,8.672,-0.122,0.022,-0.104,2561,0
1104312,3.050,3.577,8.478,-0.101,0.043,-0.152,2564,0
1104332,3.072,3.682,8.519,-0.153,0.019,-0.116,2566,0
1104353,3.211,3.498,8.662,-0.212,-0.003,-0.057,2571,0
1104372,3.151,3.112,8.825,-0.186,0.003,-0.066,2576,0
1104392,3.199,3.050,8.643,-0.098,-0.015,-0.112,2575,0
1104412,3.172,3.357,8.531,-0.034,0.018,-0.136,2562,0
1104432,3.005,3.620,8.703,-0.040,0.022,-0.122,2563,0
1104453,3.000,3.491,8.665,-0.046,-0.022,-0.082,2562,0
1104472,3.100,3.184,8.600,-0.024,-0.031,-0.091,2559,0
1104492,3.129,3.239,8.674,0.001,-0.026,-0.124,2562,0
1104513,3.026,3.524,8.686,0.001,-0.022,-0.120,2559,0
1104533,3.026,3.486,8.612,0.014,-0.051,-0.085,2559,0
1104552,3.191,3.220,8.586,0.020,-0.067,-0.063,2559,0
1104572,3.314,3.270,8.765,0.021,-0.055,-0.049,2559,0
1104592,3.170,3.409,8.844,-0.006,-0.022,-0.011,2559,0
1104612,2.878,3.218,8.631,0.009,-0.026,0.005,2559,0
1104632,2.923,3.144,8.473,0.039,-0.084,-0.007,2559,0
1104652,3.163,3.419,8.626,0.039,-0.145,0.000,2559,0
1104672,3.436,3.570,8.803,0.019,-0.121,0.019,2559,0
1104693,3.237,3.388,8.655,-0.016,-0.061,0.037,2559,0
1104712,3.201,3.199,8.641,-0.027,-0.004,0.026,2559,0
1104732,3.108,3.187,8.823,-0.006,0.003,0.027,2559,0
1104752,3.098,3.215,8.784,0.033,-0.008,0.014,2559,0
1104772,3.093,3.369,8.605,0.038,-0.003,0.001,2559,0
1104792,3.165,3.407,8.595,0.023,0.022,0.001,2561,0
1104812,3.100,3.282,8.691,0.022,0.019,0.000,2561,0
1104832,3.036,3.266,8.770,0.029,0.004,-0.009,2559,0
1104852,3.079,3.299,8.832,0.049,-0.035,-0.019,2561,0
1104872,3.062,3.294,8.708,0.062,-0.051,-0.019,2562,0
1104892,3.096,3.287,8.586,0.065,-0.051,-0.021,2561,0
1104912,3.139,3.349,8.751,0.061,-0.038,-0.007,2559,0
1104932,3.153,3.196,8.784,0.082,-0.058,-0.007,2559,0
1104952,3.165,3.242,8.710,0.092,-0.050,-0.019,2559,0
1104972,3.134,3.462,8.643,0.083,-0.037,-0.014,2561,0
1104992,3.148,3.424,8.626,0.058,-0.031,0.007,2559,0
1105012,3.175,3.290,8.667,0.039,-0.026,0.006,2559,0
1105032,3.148,3.369,8.727,0.032,-0.010,0.001,2559,0
1105053,3.093,3.314,8.712,0.049,-0.003,-0.006,2559,0
1105072,3.036,3.261,8.720,0.059,-0.018,-0.010,2559,0
1105092,3.108,3.414,8.686,0.053,-0.025,-0.000,2559,0
1105112,3.144,3.402,8.739,0.048,-0.026,0.003,2559,0
1105132,3.124,3.282,8.636,0.048,-0.021,0.002,2561,0
1105152,3.038,3.261,8.674,0.045,-0.019,0.003,2561,0
1105172,3.081,3.316,8.698,0.056,-0.042,0.004,2559,0
1105192,3.136,3.412,8.693,0.057,-0.034,0.001,2559,0
1105212,3.096,3.383,8.698,0.054,-0.027,-0.001,2560,0
1105232,3.100,3.304,8.665,0.055,-0.032,-0.003,2559,0
1105252,3.105,3.306,8.669,0.062,-0.042,-0.003,2561,0
1105272,3.091,3.450,8.641,0.063,-0.043,-0.004,2559,0
1105292,3.134,3.419,8.643,0.052,-0.037,0.007,2559,0
1105312,3.136,3.261,8.689,0.048,-0.042,0.005,2559,0
1105332,3.110,3.275,8.703,0.059,-0.044,-0.010,2559,0
1105352,3.127,3.457,8.667,0.063,-0.042,-0.015,2559,0
1105372,3.132,3.464,8.669,0.050,-0.027,0.001,2559,0
1105392,3.093,3.338,8.681,0.042,-0.030,0.001,2559,0
1105413,3.110,3.333,8.648,0.047,-0.034,-0.001,2561,0
1105432,3.108,3.323,8.686,0.059,-0.038,-0.008,2559,0
1105452,3.084,3.390,8.677,0.067,-0.037,-0.018,2561,0
1105473,3.093,3.438,8.677,0.058,-0.027,-0.013,2559,0
1105492,3.141,3.412,8.679,0.043,-0.036,0.003,2561,0
1105513,3.134,3.311,8.653,0.037,-0.042,0.004,2559,0
1105532,3.124,3.330,8.753,0.048,-0.042,0.007,2561,0
1105552,3.115,3.378,8.739,0.062,-0.034,0.011,2559,0
1105573,3.115,3.347,8.657,0.066,-0.024,0.010,2559,0
1105592,3.077,3.338,8.705,0.070,-0.017,0.009,2561,0
1105612,3.120,3.338,8.686,0.084,-0.029,0.010,2559,0
1105632,3.165,3.405,8.653,0.099,-0.032,0.005,2559,0
1105652,3.060,3.409,8.605,0.115,-0.040,0.007,2559,0
1105673,3.160,3.443,8.598,0.112,-0.031,0.006,2559,0
1105692,3.122,3.474,8.736,0.116,-0.029,0.001,2559,0
1105712,3.086,3.402,8.736,0.152,-0.030,0.011,2559,0
1105732,2.998,3.443,8.483,0.172,-0.044,0.018,2559,0
1105752,3.048,3.551,8.507,0.157,-0.070,0.044,2559,0
1105772,3.175,3.548,8.693,0.168,-0.096,0.047,2559,0
1105792,3.299,3.412,8.732,0.180,-0.036,0.027,2559,0
1105812,3.144,3.613,8.631,0.213,0.041,0.021,2558,0
1105832,2.863,3.551,8.612,0.227,0.083,0.078,2558,0
1105852,3.043,3.326,8.600,0.250,-0.011,0.116,2555,0
1105872,3.213,3.508,8.696,0.268,-0.051,0.106,2554,0
1105892,3.084,3.697,8.622,0.259,-0.018,0.127,2554,0
1105912,2.916,3.785,8.552,0.262,0.013,0.143,2553,0
1105932,3.105,3.924,8.365,0.256,-0.058,0.160,2556,0
1105952,3.558,3.943,8.282,0.176,-0.084,0.162,2553,0
1105972,3.433,3.934,8.294,0.086,-0.032,0.147,2555,0
1105992,3.522,3.610,8.777,0.078,-0.085,0.132,2556,0
1106012,3.431,3.476,8.461,0.157,-0.021,0.130,2555,0
1106032,3.031,3.713,8.339,0.121,0.080,0.118,2554,0
1106052,2.557,4.178,8.574,0.065,-0.067,0.100,2552,0
1106072,2.847,4.527,8.863,0.038,-0.404,0.128,2554,0
1106092,3.354,4.161,8.478,-0.056,-0.526,0.227,2557,0
1106112,3.950,3.503,7.664,-0.060,-0.367,0.224,2558,0
1106132,4.487,3.014,7.240,-0.043,0.107,0.071,2558,0
1106152,4.836,2.897,7.400,-0.082,0.730,-0.207,2558,0
1106172,4.384,3.235,8.329,-0.076,1.129,-0.506,2542,0
1106192,3.196,4.238,8.921,-0.193,1.237,-0.680,2512,0
1106212,0.254,6.225,10.625,-0.155,1.061,-0.355,2482,0
1106232,0.776,3.907,10.530,-0.124,0.165,0.033,2486,0
1106252,1.987,2.337,7.685,-0.069,0.050,0.015,2487,0
1106272,1.846,2.452,9.160,-0.123,0.099,-0.091,2494,0
1106293,2.100,3.618,9.412,0.007,-0.332,-0.032,2499,0
1106312,2.260,3.855,9.268,0.167,-0.620,0.077,2518,0
1106333,2.966,3.776,8.258,0.313,-0.722,0.116,2538,0
1106352,3.598,3.864,7.918,0.253,-0.387,0.060,2535,0
1106372,3.658,3.783,8.313,0.175,-0.041,-0.055,2533,0
1106392,3.036,3.845,8.643,0.153,0.004,-0.105,2529,0
1106412,2.775,3.785,8.408,0.112,-0.074,-0.062,2530,0
1106432,2.811,3.651,8.607,0.120,-0.097,-0.054,2533,0
1106452,2.923,3.766,8.681,0.138,-0.078,-0.027,2533,0
1106472,2.954,3.752,8.696,0.153,-0.056,-0.013,2531,0
1106493,2.921,3.788,8.480,0.144,-0.035,-0.013,2532,0
1106512,2.840,3.819,8.571,0.127,-0.033,0.000,2532,0
1106533,2.938,3.847,8.514,0.122,-0.049,0.020,2533,0
1106552,2.923,3.824,8.499,0.125,-0.026,0.019,2533,0
1106573,2.926,3.950,8.480,0.120,-0.026,0.017,2533,0
1106592,2.938,3.965,8.509,0.096,-0.014,0.022,2533,0
1106612,2.847,3.874,8.571,0.078,-0.025,0.017,2533,0
1106632,2.820,3.843,8.564,0.085,-0.055,0.011,2533,0
1106652,2.854,3.941,8.528,0.093,-0.071,0.009,2532,0
1106672,2.890,3.950,8.504,0.086,-0.073,0.006,2533,0
1106692,2.950,3.888,8.514,0.074,-0.068,0.001,2531,0
1106713,2.916,3.843,8.511,0.084,-0.045,-0.016,2531,0
1106732,2.923,3.903,8.538,0.084,-0.067,-0.023,2530,0
1106753,2.909,4.008,8.425,0.060,-0.063,-0.010,2529,0
1106772,2.940,3.974,8.430,0.041,-0.051,-0.008,2529,0
1106792,2.945,3.905,8.526,0.036,-0.044,-0.006,2528,0
1106813,2.954,3.876,8.535,0.049,-0.050,-0.020,2529,0
1106832,2.933,3.871,8.507,0.066,-0.050,-0.022,2527,0
1106852,2.947,3.958,8.490,0.055,-0.059,-0.009,2526,0
1106872,2.983,3.960,8.485,0.047,-0.054,-0.006,2527,0
1106892,2.959,3.958,8.495,0.041,-0.052,-0.008,2524,0
1106913,2.962,3.972,8.475,0.039,-0.053,-0.005,2526,0
1106932,2.974,3.898,8.490,0.045,-0.054,-0.007,2525,0
1106952,2.976,3.876,8.497,0.052,-0.055,-0.010,2525,0
1106972,2.978,3.965,8.454,0.055,-0.039,-0.007,2525,0
1106992,2.945,3.965,8.511,0.054,-0.040,-0.002,2524,0
1107012,2.978,3.962,8.452,0.047,-0.040,-0.005,2524,0
1107032,2.981,3.938,8.516,0.041,-0.037,-0.004,2525,0
1107052,2.993,3.919,8.528,0.046,-0.032,-0.012,2525,0
1107072,2.983,3.958,8.483,0.044,-0.027,-0.013,2526,0
1107092,2.950,3.943,8.449,0.042,-0.027,-0.013,2526,0
1107112,2.921,3.929,8.502,0.044,-0.029,-0.018,2523,0
1107132,2.923,3.953,8.478,0.054,-0.035,-0.024,2525,0
1107152,2.978,3.996,8.485,0.049,-0.041,-0.026,2522,0
1107172,3.002,3.972,8.464,0.037,-0.036,-0.017,2523,0
1107192,2.959,3.883,8.480,0.040,-0.023,-0.021,2523,0
1107213,2.909,3.943,8.502,0.052,-0.031,-0.021,2522,0
1107232,2.962,3.977,8.478,0.058,-0.031,-0.021,2523,0
1107252,2.966,4.046,8.478,0.039,-0.032,-0.027,2522,0
1107272,2.952,3.991,8.435,0.031,-0.026,-0.029,2521,0
1107292,2.954,3.955,8.466,0.026,-0.030,-0.023,2520,0
1107313,2.931,4.003,8.473,0.023,-0.032,-0.015,2523,0
1107332,2.995,4.008,8.483,0.011,-0.031,-0.010,2522,0
1107352,2.986,3.936,8.485,0.012,-0.023,-0.013,2521,0
1107372,2.914,3.862,8.471,0.022,-0.023,-0.021,2522,0
1107392,2.935,3.924,8.492,0.018,-0.015,-0.014,2521,0
1107412,2.952,3.953,8.528,0.017,-0.013,-0.010,2521,0
1107432,2.907,3.898,8.519,0.034,-0.024,-0.013,2523,0
1107452,2.942,3.869,8.437,0.042,-0.022,-0.017,2523,0
1107472,2.981,3.840,8.521,0.051,-0.007,-0.019,2522,0
1107492,2.962,3.800,8.545,0.065,0.003,-0.021,2522,0
1107512,2.938,3.876,8.521,0.083,0.018,-0.011,2521,0
1107532,2.756,4.077,8.464,0.094,-0.021,-0.031,2523,0
1107552,2.919,4.118,8.464,0.049,-0.024,-0.019,2521,0
1107572,2.859,4.041,8.377,0.039,-0.033,-0.003,2522,0
1107592,2.895,3.910,8.480,0.053,-0.041,-0.007,2523,0
1107612,2.890,3.912,8.495,0.040,-0.039,-0.000,2520,0
1107632,2.890,4.005,8.428,0.050,-0.051,-0.002,2521,0
1107671,2.914,3.943,8.502,0.052,-0.069,0.020,2520,0
1107681,2.954,3.915,8.485,0.062,-0.071,0.020,2523,0
1107692,2.952,3.917,8.504,0.071,-0.069,0.016,2521,0
1107712,2.952,3.984,8.502,0.081,-0.070,0.013,2521,0
1107732,2.902,4.037,8.452,0.069,-0.065,0.019,2521,0
1107752,2.942,4.046,8.504,0.066,-0.070,0.019,2521,0
1107772,3.014,3.917,8.478,0.076,-0.050,0.011,2522,0
1107792,3.019,3.879,8.564,0.102,-0.040,-0.017,2521,0
1107812,2.981,3.948,8.897,0.180,-0.003,-0.059,2521,0
1107833,2.729,3.582,10.130,0.485,-0.039,-0.091,2522,0
1107852,2.883,3.290,10.592,0.861,-0.073,-0.033,2519,0
1107873,2.940,4.087,10.391,0.976,0.229,0.038,2522,0
1107892,1.726,4.262,11.107,1.091,0.565,-0.162,2526,0
1107912,0.553,3.484,12.100,1.551,0.395,-0.716,2526,0
1107932,-0.201,3.323,11.621,2.225,-0.399,-1.330,2523,0
1107953,0.002,5.069,9.603,2.652,-1.022,-1.539,2529,0
1107972,0.627,6.273,8.021,2.312,-1.083,-1.261,2541,0
1107992,1.358,6.026,7.341,1.926,-0.798,-0.990,2550,0
1108012,1.796,5.641,7.056,1.930,-0.504,-0.957,2550,0
1108033,1.779,5.751,6.565,2.097,-0.514,-1.164,2552,0
1108052,1.990,5.926,5.660,2.250,-0.688,-1.309,2558,0
1108072,2.591,6.560,4.532,2.318,-0.616,-1.453,2559,0
1108092,2.497,7.415,3.795,2.225,-0.333,-1.536,2559,0
1108132,2.155,8.657,3.328,1.470,-0.034,-1.154,2587,0
1108142,2.109,8.712,3.345,1.273,0.002,-1.069,2587,0
1108152,2.033,8.712,3.326,1.169,0.027,-1.034,2589,0
1108172,1.714,8.499,3.100,1.168,0.001,-1.109,2589,0
1108192,1.367,8.689,2.796,1.277,-0.087,-1.208,2590,0
1108212,0.845,9.337,2.267,1.413,-0.090,-1.189,2591,0
1108233,0.606,10.013,2.124,1.352,-0.088,-1.027,2593,0
1108252,0.515,10.195,2.033,1.204,-0.088,-0.831,2596,0
1108272,0.381,10.130,1.961,1.048,-0.072,-0.665,2597,0
1108292,-0.127,10.046,1.870,0.953,-0.105,-0.504,2596,0
1108312,-0.213,10.218,1.827,0.889,-0.192,-0.289,2598,0
1108332,0.175,10.147,1.542,0.763,-0.255,-0.072,2596,0
1108352,0.318,9.807,1.401,0.625,-0.244,0.072,2596,0
1108372,0.287,9.960,1.602,0.630,-0.192,0.126,2597,0
1108392,0.426,10.051,1.681,0.686,-0.202,0.206,2598,0
1108412,0.807,10.101,1.312,0.714,-0.186,0.311,2599,0
1108432,0.833,10.300,1.188,0.624,-0.127,0.389,2596,0
1108452,0.881,10.566,1.408,0.422,-0.197,0.487,2596,0
1108472,1.300,10.906,1.547,0.273,-0.209,0.669,2598,0
1108492,1.688,10.989,1.401,0.078,-0.106,0.901,2601,0
1108512,1.762,10.949,1.231,-0.153,0.058,1.099,2602,0
1108532,1.738,10.745,1.535,-0.443,0.114,1.224,2601,0
1108552,1.264,10.523,2.198,-0.590,-0.032,1.382,2597,0
1108572,1.535,10.942,2.744,-0.643,-0.412,1.655,2598,0
1108592,2.495,11.128,2.610,-0.783,-0.581,1.897,2598,0
1108612,3.428,10.537,2.574,-0.936,-0.354,2.034,2597,0
1108632,3.462,10.448,3.017,-1.048,-0.137,2.063,2596,0
1108653,3.335,10.137,3.807,-1.325,-0.306,2.179,2596,0
1108672,3.785,9.550,4.937,-1.390,-0.655,2.377,2597,0
1108693,4.695,9.862,5.296,-1.345,-1.023,2.683,2598,0
1108713,6.076,8.772,4.939,-1.445,-1.202,2.912,2598,0
1108732,6.570,7.393,4.594,-1.523,-1.111,2.899,2596,0
1108752,6.838,6.704,4.561,-1.816,-1.154,2.733,2597,0
1108772,6.900,4.915,4.324,-2.119,-1.255,2.454,2593,0
1108792,7.025,3.967,4.144,-2.144,-1.195,2.239,2591,0
1108812,6.979,3.663,4.434,-1.782,-0.992,1.943,2590,0
1108832,6.505,3.634,4.556,-1.286,-0.928,1.603,2587,0
1108853,6.203,3.876,4.147,-0.790,-1.002,1.252,2586,0
1108872,5.957,4.046,3.795,-0.470,-1.059,1.002,2587,0
1108892,5.710,4.231,3.311,-0.218,-1.085,0.812,2579,0
1108912,5.758,4.520,3.153,-0.061,-1.101,0.756,2578,0
1108932,6.177,4.829,3.053,0.003,-1.092,0.766,2582,0
1108952,6.457,4.592,2.440,0.026,-0.938,0.725,2577,0
1108972,6.541,4.384,2.002,0.019,-0.648,0.599,2573,0
1108992,6.282,4.518,1.841,-0.071,-0.428,0.502,2575,0
1109012,6.385,4.391,2.093,-0.190,-0.425,0.486,2564,0
1109032,6.651,3.819,2.272,-0.167,-0.400,0.469,2575,0
1109053,6.977,3.627,2.253,0.043,-0.264,0.387,2566,0
1109072,7.061,3.637,1.973,0.204,-0.094,0.255,2571,0
1109092,7.032,3.824,1.994,0.242,0.071,0.132,2563,0
1109112,6.869,3.754,2.162,0.202,0.110,0.082,2559,0
1109132,7.056,3.567,2.263,0.181,0.088,0.056,2559,0
1109153,7.317,3.637,2.320,0.187,0.202,-0.015,2559,0
1109172,7.393,3.886,2.808,0.175,0.324,-0.074,2559,0
1109192,7.527,3.955,3.184,0.136,0.363,-0.080,2559,0
1109212,7.793,3.962,3.462,0.099,0.399,-0.091,2559,0
1109232,7.829,3.812,3.759,0.048,0.418,-0.102,2561,0
1109252,8.061,3.632,4.041,0.013,0.324,-0.106,2561,0
1109272,8.408,3.467,4.101,0.005,0.255,-0.133,2561,0
1109292,8.509,3.215,4.111,0.032,0.274,-0.192,2559,0
1109313,8.485,3.124,4.204,0.029,0.270,-0.260,2559,0
1109332,8.480,3.213,4.487,-0.071,0.228,-0.318,2559,0
1109352,8.521,3.081,4.853,-0.129,0.117,-0.364,2559,0
1109372,8.686,3.232,4.760,-0.041,0.009,-0.413,2559,0
1109392,8.756,3.692,4.549,-0.001,-0.000,-0.474,2559,0
1109412,8.605,4.137,4.585,-0.068,0.023,-0.499,2559,0
1109432,8.416,4.247,4.647,-0.098,-0.044,-0.466,2559,0
1109452,8.408,4.314,4.283,-0.013,-0.161,-0.412,2559,0
1109472,8.464,4.530,3.682,0.041,-0.210,-0.377,2559,0
1109492,8.430,4.736,3.335,-0.008,-0.193,-0.352,2559,0
1109512,8.358,4.772,3.129,-0.049,-0.159,-0.320,2559,0
1109532,8.270,4.757,3.127,-0.017,-0.115,-0.280,2559,0
1109552,8.171,4.851,3.189,0.044,-0.061,-0.248,2561,0
1109572,8.009,4.922,3.275,0.091,-0.050,-0.214,2561,0
1109592,7.925,4.963,3.259,0.114,-0.059,-0.167,2559,0
1109613,7.875,4.954,3.165,0.105,-0.070,-0.107,2559,0
1109632,7.922,4.853,3.057,0.074,-0.082,-0.072,2561,0
1109652,7.956,4.755,3.117,0.054,-0.065,-0.054,2564,0
1109672,7.956,4.884,3.184,0.021,-0.027,-0.035,2561,0
1109692,7.989,4.863,3.285,-0.016,0.019,-0.017,2564,0
1109712,7.954,4.757,3.364,0.014,0.038,-0.023,2561,0
1109732,7.896,4.779,3.476,0.072,0.032,-0.050,2559,0
1109752,7.827,4.788,3.620,0.116,0.022,-0.055,2559,0
1109772,7.858,4.913,3.745,0.130,0.008,-0.020,2561,0
1109792,7.894,4.855,3.800,0.105,0.009,0.027,2561,0
1109812,7.855,4.697,3.795,0.068,0.029,0.050,2562,0
1109832,7.731,4.559,3.943,0.038,0.005,0.052,2561,0
1109852,7.700,4.427,3.996,0.027,-0.048,0.046,2561,0
1109872,7.798,4.322,3.943,0.023,-0.052,0.040,2559,0
1109892,7.827,4.262,3.938,0.024,-0.002,0.022,2561,0
1109912,7.676,4.254,3.970,0.027,-0.011,-0.005,2559,0
1109932,7.635,4.250,3.917,0.004,-0.072,-0.036,2564,0
1109952,7.683,4.183,3.888,-0.008,-0.116,-0.072,2562,0
1109972,7.705,4.207,3.847,0.033,-0.117,-0.114,2559,0
1109992,7.685,4.326,3.701,0.096,-0.092,-0.164,2561,0
1110012,7.623,4.494,3.522,0.130,-0.055,-0.217,2559,0
1110033,7.456,4.640,3.457,0.138,-0.021,-0.238,2561,0
1110052,7.458,4.903,3.481,0.103,-0.038,-0.217,2561,0
1110072,7.508,4.944,3.409,0.022,-0.030,-0.181,2561,0
1110092,7.570,4.908,3.338,-0.015,0.009,-0.161,2566,0
1110112,7.647,4.930,3.333,-0.010,0.068,-0.155,2567,0
1110133,7.556,5.013,3.407,-0.001,0.106,-0.150,2563,0
1110152,7.539,5.069,3.486,-0.006,0.082,-0.134,2568,0
1110173,7.609,5.064,3.505,-0.007,0.076,-0.117,2577,0
1110192,7.705,5.104,3.539,0.011,0.093,-0.108,2579,0
1110212,7.757,5.150,3.570,0.033,0.112,-0.106,2580,0
1110232,7.683,5.186,3.620,0.050,0.133,-0.108,2578,0
1110252,7.561,5.246,3.816,0.054,0.115,-0.103,2578,0
1110272,7.561,5.327,3.915,0.056,0.069,-0.068,2580,0
1110292,7.640,5.272,3.967,0.047,0.059,-0.039,2574,0
1110312,7.638,5.191,4.003,0.056,0.069,-0.024,2580,0
1110332,7.585,5.083,4.003,0.068,0.062,-0.025,2574,0
1110352,7.551,5.025,3.996,0.068,0.052,-0.033,2574,0
1110373,7.520,5.042,4.015,0.070,0.040,-0.039,2574,0
1110392,7.554,5.092,4.020,0.076,0.032,-0.046,2575,0
1110412,7.525,5.136,4.003,0.082,0.046,-0.046,2576,0
1110432,7.470,5.145,3.998,0.076,0.056,-0.036,2572,0
1110452,7.427,5.126,4.008,0.067,0.046,-0.023,2563,0
1110472,7.432,5.155,4.101,0.044,0.037,-0.011,2563,0
1110492,7.386,5.109,4.178,0.022,0.042,-0.003,2568,0
1110512,7.360,5.018,4.293,0.021,0.031,0.002,2564,0
1110533,7.367,4.980,4.252,0.029,0.014,-0.007,2563,0
1110552,7.386,4.966,4.243,0.024,0.006,-0.025,2561,0
1110572,7.374,4.987,4.245,0.006,0.005,-0.035,2561,0
1110593,7.300,5.021,4.278,-0.022,0.011,-0.033,2559,0
1110612,7.221,4.994,4.290,-0.026,-0.034,-0.024,2559,0
1110632,7.321,4.946,4.152,-0.017,-0.087,-0.023,2563,0
1110652,7.384,4.922,4.025,-0.019,-0.071,-0.035,2564,0
1110672,7.338,4.920,3.955,-0.031,-0.062,-0.056,2562,0
1110692,7.314,4.961,3.812,-0.035,-0.070,-0.068,2564,0
1110712,7.362,5.001,3.663,-0.026,-0.070,-0.084,2559,0
1110732,7.367,5.061,3.618,-0.008,-0.054,-0.103,2559,0
1110752,7.350,5.152,3.560,0.018,-0.027,-0.118,2559,0
1110772,7.377,5.262,3.529,0.043,-0.004,-0.120,2564,0
1110792,7.336,5.428,3.476,0.044,0.027,-0.112,2559,0
1110812,7.300,5.490,3.582,0.031,0.043,-0.098,2562,0
1110832,7.321,5.545,3.692,0.038,0.024,-0.080,2562,0
1110852,7.341,5.578,3.735,0.066,0.030,-0.069,2559,0
1110872,7.329,5.626,3.780,0.091,0.053,-0.061,2559,0
1110892,7.288,5.648,3.852,0.102,0.071,-0.053,2559,0
1110912,7.207,5.624,3.929,0.108,0.068,-0.038,2559,0
1110966,7.197,5.437,4.175,0.110,0.060,0.013,2559,0
1110975,7.204,5.413,4.166,0.118,0.057,0.018,2561,0
1110985,7.192,5.368,4.187,0.123,0.059,0.020,2559,0
1110994,7.207,5.298,4.204,0.128,0.062,0.020,2559,0
1111012,7.209,5.210,4.202,0.127,0.069,0.020,2559,0
1111032,7.147,5.169,4.204,0.115,0.070,0.024,2562,0
1111052,7.163,5.109,4.250,0.091,0.052,0.026,2561,0
1111072,7.190,5.057,4.252,0.075,0.045,0.020,2561,0
1111092,7.175,5.004,4.257,0.075,0.043,0.006,2559,0
1111112,7.195,5.023,4.207,0.087,0.050,-0.020,2561,0
1111132,7.142,5.148,4.216,0.080,0.060,-0.036,2559,0
1111152,7.058,5.227,4.228,0.069,0.052,-0.037,2561,0
1111172,7.058,5.258,4.204,0.060,0.033,-0.030,2559,0
1111192,7.072,5.267,4.185,0.051,0.038,-0.030,2561,0
1111212,7.025,5.274,4.175,0.055,0.044,-0.044,2561,0
1111232,7.029,5.332,4.135,0.077,0.038,-0.058,2561,0
1111252,7.053,5.375,4.058,0.096,0.046,-0.067,2559,0
1111272,7.070,5.461,4.087,0.099,0.059,-0.071,2559,0
1111292,7.037,5.478,4.137,0.101,0.062,-0.065,2559,0
1111312,7.061,5.511,4.152,0.102,0.051,-0.055,2559,0
1111332,7.099,5.499,4.266,0.093,0.041,-0.049,2561,0
1111352,7.065,5.478,4.345,0.102,0.042,-0.041,2559,0
1111372,7.032,5.478,4.410,0.111,0.025,-0.033,2562,0
1111393,7.020,5.413,4.480,0.104,0.006,-0.021,2559,0
1111413,7.025,5.349,4.503,0.106,-0.014,-0.015,2561,0
1111432,7.039,5.368,4.489,0.118,-0.030,-0.015,2559,0
1111453,7.092,5.303,4.369,0.116,-0.040,-0.029,2559,0
1111472,7.101,5.284,4.322,0.098,-0.020,-0.040,2559,0
1111492,7.072,5.325,4.334,0.070,0.017,-0.041,2559,0
1111512,7.017,5.337,4.367,0.052,0.020,-0.029,2561,0
1111532,7.044,5.313,4.369,0.047,0.009,-0.021,2559,0
1111552,7.063,5.303,4.326,0.034,0.006,-0.022,2559,0
1111572,7.058,5.298,4.281,0.030,-0.001,-0.033,2561,0
1111592,7.063,5.353,4.247,0.039,-0.002,-0.042,2559,0
1111613,7.041,5.406,4.192,0.038,-0.004,-0.049,2559,0
1111632,6.996,5.459,4.159,0.037,-0.010,-0.053,2559,0
1111652,6.993,5.495,4.183,0.044,-0.026,-0.053,2561,0
1111672,6.979,5.538,4.144,0.051,-0.031,-0.055,2559,0
1111693,6.931,5.588,4.135,0.068,-0.030,-0.063,2559,0
1111712,6.931,5.617,4.113,0.081,-0.025,-0.068,2559,0
1111732,6.881,5.657,4.120,0.091,-0.012,-0.062,2559,0
1111752,6.835,5.686,4.108,0.082,-0.005,-0.053,2559,0
1111772,6.809,5.667,4.187,0.065,-0.009,-0.050,2559,0
1111792,6.764,5.643,4.183,0.076,-0.027,-0.043,2559,0
1111812,6.843,5.562,4.125,0.095,-0.038,-0.045,2561,0
1111832,6.867,5.552,4.073,0.107,-0.003,-0.060,2559,0
1111852,6.843,5.593,4.061,0.110,0.027,-0.067,2559,0
1111872,6.840,5.646,4.161,0.097,0.037,-0.061,2561,0
1111892,6.831,5.684,4.238,0.084,0.038,-0.042,2561,0
1111912,6.835,5.696,4.302,0.080,0.027,-0.026,2559,0
1111932,6.852,5.624,4.264,0.081,0.026,-0.023,2559,0
1111952,6.812,5.578,4.290,0.084,0.028,-0.026,2559,0
1111972,6.804,5.629,4.329,0.079,0.015,-0.033,2559,0
1111992,6.812,5.629,4.307,0.072,0.015,-0.037,2561,0
1112012,6.792,5.636,4.314,0.068,0.004,-0.040,2559,0
1112032,6.831,5.641,4.295,0.068,0.002,-0.053,2559,0
1112052,6.790,5.684,4.302,0.071,0.018,-0.061,2561,0
1112072,6.778,5.717,4.329,0.069,0.011,-0.058,2559,0
1112092,6.802,5.746,4.302,0.060,-0.003,-0.050,2559,0
1112112,6.797,5.739,4.324,0.056,-0.006,-0.047,2559,0
1112132,6.821,5.777,4.355,0.050,-0.008,-0.039,2559,0
1112152,6.819,5.772,4.379,0.052,-0.007,-0.038,2559,0
1112172,6.788,5.794,4.341,0.051,-0.021,-0.035,2559,0
1112192,6.783,5.782,4.343,0.045,-0.028,-0.032,2559,0
1112212,6.754,5.799,4.379,0.038,-0.026,-0.029,2561,0
1112232,6.723,5.827,4.429,0.047,-0.038,-0.029,2559,0
1112252,6.711,5.842,4.398,0.057,-0.043,-0.026,2559,0
1112272,6.663,5.784,4.415,0.058,-0.045,-0.027,2559,0
1112292,6.608,5.835,4.307,0.059,-0.058,-0.023,2559,0
1112312,6.627,5.796,4.293,0.041,-0.068,-0.007,2559,0
1112333,6.649,5.746,4.240,0.036,-0.053,-0.014,2559,0
1112352,6.627,5.717,4.245,0.044,-0.035,-0.027,2559,0
1112372,6.603,5.758,4.231,0.039,-0.020,-0.032,2559,0
1112392,6.608,5.763,4.192,0.025,-0.016,-0.025,2559,0
1112412,6.692,5.708,4.209,0.006,-0.017,-0.023,2559,0
1112433,6.728,5.693,4.202,0.005,0.009,-0.031,2559,0
1112452,6.732,5.722,4.250,0.011,0.023,-0.038,2559,0
1112472,6.764,5.744,4.245,0.009,0.018,-0.034,2561,0
1112493,6.773,5.780,4.281,0.003,0.007,-0.025,2559,0
1112512,6.749,5.768,4.314,0.005,0.011,-0.027,2559,0
1112532,6.742,5.816,4.290,0.018,0.001,-0.028,2559,0
1112552,6.725,5.823,4.238,0.030,-0.001,-0.029,2559,0
1112572,6.721,5.842,4.223,0.035,-0.002,-0.029,2561,0
1112592,6.670,5.854,4.269,0.040,-0.011,-0.027,2559,0
1112612,6.713,5.918,4.252,0.047,-0.017,-0.024,2559,0
1112632,6.663,5.911,4.322,0.052,-0.011,-0.018,2559,0
1112653,6.668,5.895,4.355,0.059,-0.029,-0.010,2559,0
1112673,6.675,5.849,4.322,0.070,-0.024,-0.007,2559,0
1112692,6.646,5.820,4.298,0.070,-0.016,-0.007,2559,0
1112712,6.646,5.801,4.295,0.058,-0.019,-0.005,2559,0
1112732,6.661,5.772,4.322,0.050,-0.017,-0.003,2559,0
1112752,6.661,5.799,4.381,0.049,-0.003,-0.005,2559,0
1112772,6.601,5.806,4.446,0.044,-0.008,-0.003,2559,0
1112792,6.610,5.792,4.439,0.037,-0.031,0.001,2559,0
1112812,6.692,5.744,4.393,0.033,-0.038,-0.002,2559,0
1112833,6.651,5.698,4.386,0.035,-0.018,-0.004,2559,0
1112852,6.634,5.691,4.348,0.037,-0.024,-0.006,2559,0
1112872,6.608,5.739,4.355,0.035,-0.028,-0.016,2559,0
1112892,6.570,5.799,4.381,0.025,-0.034,-0.011,2559,0
1112912,6.594,5.748,4.362,0.006,-0.042,-0.008,2559,0
1112932,6.589,5.732,4.310,0.022,-0.039,-0.023,2559,0
1112952,6.586,5.787,4.295,0.038,-0.035,-0.037,2559,0
1112972,6.596,5.849,4.250,0.034,-0.030,-0.039,2559,0
1112992,6.601,5.878,4.231,0.031,-0.020,-0.034,2559,0
1113012,6.598,5.890,4.243,0.030,-0.002,-0.022,2559,0
1113033,6.596,5.871,4.295,0.026,-0.010,-0.011,2559,0
1113052,6.620,5.801,4.329,0.030,-0.025,-0.007,2559,0
1113072,6.675,5.799,4.324,0.048,-0.016,-0.017,2561,0
1113092,6.620,5.827,4.312,0.058,-0.008,-0.022,2559,0
1113112,6.579,5.842,4.314,0.049,-0.016,-0.015,2559,0
1113132,6.591,5.839,4.345,0.041,-0.015,-0.015,2559,0
1113153,6.601,5.892,4.381,0.048,-0.018,-0.019,2559,0
1113172,6.579,5.916,4.401,0.064,-0.019,-0.019,2559,0
1113192,6.596,5.916,4.401,0.066,-0.018,-0.013,2559,0
1113212,6.594,5.895,4.353,0.060,-0.012,-0.004,2559,0
1113232,6.567,5.820,4.369,0.055,-0.007,0.001,2559,0
1113252,6.601,5.801,4.408,0.046,-0.007,0.005,2559,0
1113272,6.615,5.768,4.427,0.033,-0.010,0.002,2559,0
1113292,6.646,5.760,4.453,0.039,-0.018,-0.006,2559,0
1113312,6.634,5.796,4.424,0.051,-0.014,-0.015,2559,0
1113332,6.594,5.839,4.429,0.042,-0.020,-0.016,2559,0
1113353,6.574,5.839,4.446,0.027,-0.034,-0.014,2559,0
1113372,6.610,5.863,4.451,0.029,-0.040,-0.015,2559,0
1113392,6.594,5.880,4.432,0.038,-0.026,-0.013,2559,0
1113412,6.524,5.885,4.391,0.039,-0.033,-0.005,2559,0
1113432,6.570,5.849,4.350,0.033,-0.042,0.002,2559,0
1113452,6.546,5.813,4.360,0.031,-0.026,0.004,2559,0
1113472,6.524,5.796,4.324,0.030,-0.027,-0.004,2559,0
1113492,6.515,5.825,4.362,0.037,-0.024,-0.017,2559,0
1113512,6.505,5.851,4.338,0.048,-0.019,-0.017,2559,0
1113532,6.539,5.890,4.314,0.049,-0.017,-0.016,2559,0
1113607,6.610,5.899,4.408,0.052,-0.003,0.001,2559,0
1113617,6.596,5.875,4.413,0.048,-0.010,0.006,2559,0
1113626,6.630,5.863,4.420,0.046,-0.015,0.009,2559,0
1113635,6.625,5.854,4.432,0.042,-0.019,0.009,2561,0
1113644,6.630,5.832,4.448,0.040,-0.022,0.011,2559,0
1113653,6.618,5.816,4.494,0.039,-0.026,0.012,2559,0
1113672,6.622,5.770,4.468,0.046,-0.038,0.007,2559,0
1113692,6.630,5.760,4.422,0.063,-0.044,-0.005,2559,0
1113712,6.579,5.868,4.401,0.059,-0.040,-0.013,2559,0
1113732,6.558,5.885,4.379,0.050,-0.030,-0.005,2559,0
1113752,6.548,5.885,4.405,0.041,-0.035,0.003,2559,0
1113772,6.553,5.832,4.369,0.043,-0.033,0.002,2559,0
1113792,6.582,5.842,4.367,0.051,-0.023,-0.000,2559,0
1113812,6.563,5.847,4.381,0.051,-0.016,0.002,2559,0
1113832,6.527,5.849,4.424,0.041,-0.016,0.010,2559,0
1113852,6.565,5.811,4.441,0.033,-0.026,0.014,2559,0
1113873,6.589,5.760,4.472,0.037,-0.036,0.008,2559,0
1113892,6.603,5.770,4.439,0.051,-0.039,-0.005,2559,0
1113912,6.567,5.813,4.369,0.052,-0.026,-0.013,2561,0
1113932,6.503,5.868,4.393,0.048,-0.018,-0.011,2559,0
1113952,6.481,5.909,4.396,0.039,-0.034,0.000,2559,0
1113972,6.543,5.873,4.429,0.037,-0.040,0.008,2561,0
1113992,6.522,5.837,4.405,0.039,-0.035,0.009,2559,0
1114012,6.546,5.808,4.374,0.054,-0.039,0.003,2559,0
1114032,6.519,5.820,4.343,0.050,-0.025,0.002,2559,0
1114052,6.500,5.806,4.338,0.032,-0.031,0.001,2559,0
1114072,6.541,5.789,4.398,0.033,-0.028,-0.007,2559,0
1114092,6.527,5.825,4.393,0.049,-0.030,-0.019,2559,0
1114112,6.553,5.839,4.317,0.062,-0.030,-0.023,2559,0
1114132,6.582,5.866,4.310,0.053,-0.016,-0.019,2558,0
1114152,6.574,5.880,4.357,0.034,-0.007,-0.008,2559,0
1114172,6.606,5.866,4.415,0.033,-0.006,-0.006,2559,0
1114192,6.622,5.892,4.456,0.050,-0.017,0.000,2559,0
1114212,6.622,5.890,4.436,0.054,-0.022,0.009,2559,0
1114232,6.572,5.871,4.458,0.042,-0.031,0.013,2559,0
1114252,6.577,5.816,4.463,0.041,-0.047,0.014,2559,0
1114272,6.563,5.772,4.393,0.051,-0.051,0.003,2559,0
1114292,6.543,5.804,4.348,0.058,-0.046,-0.010,2559,0
1114312,6.543,5.861,4.367,0.059,-0.047,-0.016,2559,0
1114332,6.531,5.909,4.353,0.052,-0.035,-0.010,2559,0
1114352,6.563,5.883,4.365,0.037,-0.034,-0.001,2559,0
1114372,6.548,5.859,4.393,0.041,-0.026,-0.003,2561,0
1114392,6.558,5.861,4.436,0.047,-0.025,-0.000,2559,0
1114412,6.596,5.861,4.422,0.033,-0.034,0.011,2559,0
1114432,6.625,5.782,4.456,0.029,-0.032,0.006,2559,0
1114452,6.606,5.787,4.458,0.047,-0.031,-0.003,2559,0
1114472,6.586,5.851,4.417,0.048,-0.033,-0.005,2559,0
1114493,6.570,5.875,4.429,0.032,-0.047,0.001,2559,0
1114512,6.610,5.830,4.417,0.029,-0.056,0.002,2559,0
1114532,6.608,5.854,4.398,0.044,-0.052,-0.001,2559,0
1114552,6.584,5.878,4.350,0.048,-0.043,-0.005,2559,0
1114572,6.522,5.887,4.369,0.038,-0.038,0.004,2559,0
1114599,6.546,5.839,4.360,0.035,-0.056,0.014,2559,0
1114612,6.574,5.806,4.322,0.035,-0.054,0.007,2559,0
1114632,6.555,5.813,4.322,0.041,-0.038,0.001,2559,0
1114652,6.507,5.823,4.334,0.042,-0.026,-0.001,2559,0
1114672,6.472,5.827,4.319,0.039,-0.026,-0.003,2559,0
1114692,6.493,5.859,4.348,0.036,-0.029,-0.006,2559,0
1114712,6.555,5.875,4.338,0.039,-0.023,-0.007,2559,0
1114733,6.574,5.868,4.334,0.038,-0.011,-0.005,2559,0
1114752,6.570,5.895,4.379,0.039,-0.012,-0.002,2559,0
1114772,6.608,5.849,4.369,0.041,-0.016,-0.001,2559,0
1114793,6.610,5.856,4.365,0.043,-0.011,0.003,2559,0
1114812,6.579,5.859,4.429,0.040,-0.018,0.010,2559,0
1114832,6.584,5.863,4.482,0.040,-0.038,0.012,2559,0
1114852,6.589,5.844,4.448,0.043,-0.048,0.014,2559,0
1114872,6.579,5.811,4.429,0.045,-0.050,0.008,2559,0
1114893,6.543,5.782,4.350,0.050,-0.055,-0.003,2558,0
1114912,6.531,5.859,4.338,0.052,-0.049,-0.005,2559,0
1114932,6.507,5.880,4.343,0.046,-0.036,-0.002,2559,0
1114952,6.534,5.897,4.348,0.046,-0.030,0.001,2559,0
1114972,6.517,5.861,4.326,0.050,-0.026,0.009,2559,0
1114993,6.598,5.880,4.350,0.050,-0.017,0.017,2559,0
1115012,6.601,5.827,4.405,0.049,-0.012,0.017,2559,0
1115032,6.618,5.827,4.444,0.047,-0.027,0.019,2559,0
1115052,6.675,5.792,4.494,0.047,-0.039,0.018,2559,0
1115072,6.661,5.777,4.511,0.054,-0.046,0.010,2559,0
1115092,6.642,5.813,4.511,0.056,-0.055,0.004,2559,0
1115163,6.620,5.811,4.362,0.043,-0.060,0.009,2559,0
1115173,6.610,5.823,4.365,0.039,-0.050,0.012,2559,0
1115182,6.596,5.816,4.350,0.031,-0.044,0.017,2559,0
1115193,6.572,5.801,4.343,0.024,-0.043,0.020,2559,0
1115204,6.570,5.780,4.357,0.022,-0.046,0.019,2559,0
1115213,6.567,5.744,4.360,0.025,-0.046,0.017,2559,0
1115232,6.582,5.775,4.326,0.034,-0.036,0.015,2559,0
1115252,6.531,5.789,4.345,0.020,-0.028,0.020,2559,0
1115272,6.567,5.789,4.365,0.015,-0.039,0.013,2559,0
1115292,6.558,5.760,4.377,0.033,-0.042,-0.002,2559,0
1115312,6.620,5.804,4.322,0.046,-0.031,-0.012,2559,0
1115332,6.613,5.835,4.317,0.040,-0.017,-0.010,2559,0
1115352,6.591,5.806,4.360,0.028,-0.031,0.001,2559,0
1115372,6.677,5.780,4.377,0.027,-0.043,0.005,2559,0
1115392,6.697,5.777,4.367,0.036,-0.029,0.001,2559,0
1115412,6.644,5.775,4.367,0.044,-0.030,0.003,2559,0
1115432,6.630,5.748,4.420,0.040,-0.044,0.006,2559,0
1115452,6.644,5.720,4.420,0.041,-0.065,0.005,2559,0
1115472,6.634,5.715,4.417,0.035,-0.068,-0.006,2559,0
1115492,6.651,5.734,4.360,0.042,-0.070,-0.013,2559,0
1115512,6.632,5.768,4.341,0.055,-0.066,-0.022,2559,0
1115532,6.589,5.830,4.322,0.058,-0.068,-0.026,2559,0
1115553,6.634,5.885,4.305,0.050,-0.055,-0.015,2559,0
1115572,6.622,5.837,4.334,0.040,-0.036,-0.003,2559,0
1115592,6.622,5.787,4.357,0.043,-0.049,-0.000,2559,0
1115612,6.704,5.763,4.365,0.044,-0.057,-0.002,2559,0
1115632,6.711,5.734,4.331,0.048,-0.030,-0.010,2558,0
1115652,6.682,5.763,4.386,0.061,-0.028,-0.017,2559,0
1115672,6.680,5.792,4.367,0.066,-0.045,-0.016,2559,0
1115692,6.642,5.813,4.288,0.049,-0.058,-0.013,2559,0
1115712,6.656,5.818,4.307,0.038,-0.075,-0.014,2559,0
1115732,6.668,5.835,4.307,0.047,-0.076,-0.019,2559,0
1115752,6.646,5.823,4.254,0.067,-0.074,-0.023,2559,0
1115772,6.632,5.818,4.173,0.075,-0.068,-0.026,2559,0
1115792,6.584,5.820,4.231,0.058,-0.071,-0.029,2561,0
1115812,6.586,5.818,4.137,0.059,-0.072,-0.028,2559,0
1115832,6.615,5.832,4.171,0.064,-0.057,-0.024,2561,0
1115852,6.596,5.796,4.195,0.074,-0.042,-0.021,2559,0
1115872,6.589,5.816,4.178,0.070,-0.033,-0.031,2559,0
1115892,6.598,5.806,4.187,0.072,-0.027,-0.043,2559,0
1115912,6.618,5.837,4.233,0.074,-0.035,-0.050,2559,0
1115932,6.634,5.950,4.310,0.066,-0.044,-0.060,2559,0
1115952,6.637,5.997,4.348,0.065,-0.058,-0.052,2559,0
1115972,6.670,5.995,4.281,0.071,-0.058,-0.029,2559,0
1115992,6.673,5.947,4.209,0.072,-0.045,-0.015,2559,0
1116012,6.692,5.923,4.204,0.068,-0.052,-0.006,2559,0
1116032,6.689,5.945,4.240,0.068,-0.051,0.002,2559,0
1116106,6.620,5.863,4.159,0.056,-0.059,0.007,2559,0
1116117,6.586,5.904,4.111,0.060,-0.055,0.003,2559,0
1116126,6.589,5.933,4.132,0.058,-0.054,0.003,2559,0
1116136,6.579,5.940,4.128,0.058,-0.050,0.001,2561,0
1116145,6.582,5.926,4.154,0.052,-0.044,0.001,2559,0
1116154,6.553,5.909,4.142,0.053,-0.036,0.002,2559,0
1116172,6.572,5.921,4.216,0.052,-0.036,0.010,2559,0
1116192,6.577,5.866,4.214,0.043,-0.034,0.015,2558,0
1116212,6.606,5.827,4.195,0.036,-0.032,0.013,2559,0
1116232,6.615,5.827,4.231,0.039,-0.024,0.007,2559,0
1116252,6.634,5.825,4.195,0.047,-0.016,0.003,2559,0
1116272,6.618,5.863,4.223,0.048,-0.020,-0.001,2559,0
1116292,6.632,5.859,4.202,0.039,-0.026,-0.003,2559,0
1116312,6.596,5.863,4.204,0.030,-0.026,-0.006,2559,0
1116332,6.637,5.861,4.207,0.035,-0.032,-0.010,2559,0
1116352,6.618,5.909,4.171,0.047,-0.013,-0.013,2559,0
1116372,6.630,5.945,4.221,0.047,-0.016,-0.009,2559,0
1116392,6.632,5.940,4.223,0.034,-0.019,0.003,2559,0
1116412,6.613,5.856,4.211,0.033,-0.032,0.005,2559,0
1116432,6.677,5.859,4.214,0.048,-0.035,-0.003,2559,0
1116452,6.656,5.892,4.219,0.052,-0.006,-0.005,2559,0
1116472,6.622,5.849,4.197,0.046,-0.011,0.004,2559,0
1116492,6.632,5.792,4.156,0.037,-0.022,-0.001,2559,0
1116512,6.663,5.794,4.228,0.033,-0.028,-0.023,2559,0
1116532,6.701,5.883,4.257,0.041,-0.020,-0.033,2561,0
1116552,6.644,5.938,4.259,0.054,-0.011,-0.022,2559,0
1116572,6.630,5.974,4.238,0.041,-0.023,-0.012,2559,0
1116592,6.682,5.935,4.245,0.030,-0.052,-0.002,2559,0
1116612,6.725,5.887,4.207,0.033,-0.042,0.001,2559,0
1116632,6.665,5.849,4.247,0.038,-0.034,-0.002,2559,0
1116653,6.620,5.880,4.274,0.044,-0.043,-0.001,2559,0
1116672,6.596,5.890,4.276,0.044,-0.066,-0.002,2559,0
1116692,6.618,5.928,4.250,0.050,-0.064,-0.009,2559,0
1116712,6.574,5.959,4.204,0.058,-0.060,-0.017,2558,0
1116733,6.563,5.988,4.175,0.059,-0.057,-0.014,2559,0
1116753,6.541,6.019,4.183,0.053,-0.050,0.002,2559,0
1116772,6.596,5.950,4.231,0.048,-0.071,0.015,2559,0
1116792,6.665,5.868,4.168,0.053,-0.056,0.012,2559,0
1116812,6.680,5.847,4.171,0.047,-0.038,0.007,2559,0
1116832,6.649,5.842,4.207,0.033,-0.030,0.009,2559,0
1116852,6.673,5.794,4.209,0.031,-0.058,0.007,2559,0
1116872,6.742,5.787,4.195,0.037,-0.051,-0.008,2559,0
1116892,6.697,5.854,4.178,0.040,-0.043,-0.020,2559,0
1116912,6.668,5.933,4.168,0.039,-0.041,-0.021,2559,0
1116932,6.639,5.983,4.135,0.036,-0.046,-0.013,2559,0
1116952,6.646,5.986,4.185,0.035,-0.057,-0.002,2559,0
1116972,6.656,5.986,4.185,0.039,-0.054,0.002,2559,0
1116992,6.634,5.923,4.137,0.048,-0.049,0.007,2559,0
1117012,6.637,5.861,4.032,0.056,-0.047,0.006,2559,0
1117033,6.639,5.868,4.046,0.054,-0.035,-0.002,2559,0
1117052,6.622,5.866,4.075,0.030,-0.025,0.007,2559,0
1117072,6.644,5.796,4.161,0.029,-0.019,0.000,2559,0
1117092,6.653,5.787,4.156,0.054,-0.019,-0.021,2559,0
1117112,6.670,5.890,4.130,0.072,-0.006,-0.037,2559,0
1117132,6.642,5.930,4.096,0.059,-0.004,-0.030,2559,0
1117152,6.680,5.911,4.140,0.031,-0.015,-0.022,2559,0
1117172,6.704,5.880,4.221,0.027,-0.010,-0.025,2559,0
1117192,6.723,5.878,4.231,0.044,-0.028,-0.028,2559,0
1117212,6.747,5.883,4.204,0.061,-0.044,-0.034,2559,0
1117232,6.709,5.713,4.199,0.059,-0.064,-0.060,2561,0
1117252,6.725,5.595,4.108,0.039,-0.104,-0.113,2578,0
1117272,6.864,5.490,4.250,0.031,-0.171,-0.176,2600,0
1117293,6.886,5.140,4.307,0.159,-0.192,-0.303,2640,0
1117312,6.929,4.729,4.125,0.337,-0.321,-0.509,2689,0
1117332,6.934,4.606,3.730,0.583,-0.408,-0.779,2726,0
1117352,6.888,4.781,3.330,0.843,-0.387,-1.018,2751,0
1117372,6.919,4.685,3.093,0.976,-0.400,-1.215,2774,0
1117392,6.958,4.266,2.351,1.006,-0.445,-1.401,2810,0
1117412,6.692,4.954,1.935,1.037,-0.391,-1.638,2861,0
1117432,6.352,5.435,1.690,1.155,-0.169,-1.916,2898,0
1117453,5.974,6.215,1.343,1.304,0.171,-2.128,2935,0
1117472,5.207,6.567,1.034,1.500,0.472,-2.250,2973,0
1117492,3.689,7.707,0.476,1.736,0.657,-2.420,3013,0
1117512,1.942,9.218,-0.127,1.918,0.901,-2.504,3040,0
1117532,0.991,10.800,-0.500,1.733,1.169,-2.294,3055,0
1117552,0.615,11.519,-0.093,1.280,1.454,-1.921,3075,0
1117572,-0.306,12.184,-0.026,0.852,1.531,-1.352,3102,0
1117592,-2.102,12.541,-0.364,0.443,1.707,-0.924,3119,0
1117612,-2.090,12.378,0.443,0.113,1.866,-0.476,3123,0
1117632,-1.714,11.887,1.472,-0.116,1.893,-0.025,3133,0
1117652,-1.709,9.922,1.949,-0.255,1.949,0.169,3138,0
1117672,-1.058,8.507,2.686,0.032,2.150,0.026,3142,0
1117693,-1.733,8.432,3.816,0.446,2.254,-0.314,3144,0
1117712,-1.635,9.206,4.580,0.507,2.283,-0.429,3144,860
1117732,-1.228,9.943,5.804,0.375,2.205,-0.358,3142,2219
1117752,-1.372,9.658,6.701,0.241,2.014,-0.382,3137,2663
1117773,-0.275,9.591,7.482,0.106,1.784,-0.423,3136,2779
1117792,0.472,9.038,8.188,-0.029,1.392,-0.398,3135,3164
1117813,1.590,7.879,8.404,-0.148,0.951,-0.573,3134,3349
1117832,3.309,7.470,8.531,-0.193,0.606,-0.764,3134,3616
1117852,4.231,6.510,8.547,-0.066,0.195,-1.026,3131,3757
1117872,5.327,7.005,8.145,0.066,-0.165,-1.400,3132,3802
1117892,5.183,8.722,7.575,0.079,-0.752,-1.461,3130,3815
1117912,4.812,9.261,5.899,-0.103,-1.445,-1.416,3129,3821
1117932,5.626,9.486,3.934,-0.267,-1.975,-1.236,3131,3792
1117952,4.846,10.379,2.334,-0.088,-2.208,-1.125,3128,3776
1117972,3.905,11.940,0.532,-0.076,-2.171,-0.888,3128,3766
1117992,3.065,13.475,-0.764,-0.584,-2.237,-0.342,3125,3754
1118012,2.473,11.969,-1.748,-0.993,-2.248,0.022,3122,3809
1118032,2.392,10.147,-2.421,-0.562,-1.910,0.021,3120,3820
1118052,1.252,9.955,-3.062,0.305,-1.399,-0.131,3121,3924
1118072,-0.955,12.208,-3.613,0.658,-1.023,-0.141,3120,3952
1118092,-2.753,13.992,-3.768,0.047,-0.810,0.323,3118,3968
1118112,-3.297,12.582,-2.964,-0.622,-0.677,0.844,3116,3967
1118132,-3.247,10.803,-2.011,-0.334,-0.257,0.825,3111,3954
1118152,-3.742,10.628,-1.286,0.303,0.319,0.669,3108,3963
1118173,-4.717,10.944,-0.402,0.606,0.770,0.630,3107,3966
1118192,-5.181,10.757,0.709,0.589,1.003,0.665,3105,3980
1118213,-5.160,10.216,1.906,0.486,1.187,0.701,3103,3951
1118232,-4.717,9.292,3.100,0.438,1.387,0.722,3103,3902
1118252,-4.259,7.898,3.893,0.515,1.587,0.625,3099,3888
1118273,-3.879,7.242,4.784,0.630,1.747,0.407,3097,3896
1118292,-3.603,7.116,6.079,0.618,1.780,0.191,3094,3903
1118312,-3.148,7.101,6.938,0.563,1.681,-0.008,3093,3927
1118332,-2.480,7.295,7.630,0.655,1.617,-0.257,3090,3953
1118352,-1.946,8.186,8.641,0.687,1.635,-0.352,3089,3947
1118372,-1.353,8.277,9.606,0.527,1.405,-0.401,3089,3958
1118392,-0.534,8.600,10.001,0.266,0.892,-0.467,3088,3966
1118412,0.759,8.521,10.044,0.004,0.377,-0.523,3086,3968
1118432,2.267,7.889,9.644,-0.032,-0.051,-0.643,3087,3987
1118453,3.555,7.875,8.751,0.087,-0.436,-0.878,3087,3983
1118473,4.116,8.964,7.501,0.105,-0.792,-1.056,3087,3956
1118492,4.489,10.314,5.933,-0.074,-1.230,-1.038,3088,3929
1118512,4.602,11.126,4.219,-0.454,-1.746,-0.908,3084,3942
1118532,5.013,10.580,2.255,-0.598,-2.030,-0.722,3086,3944
1118552,4.925,10.508,0.491,-0.438,-1.986,-0.650,3088,3951
1118572,3.946,11.885,-0.991,-0.159,-1.832,-0.524,3086,3985
1118592,2.085,13.154,-2.526,-0.249,-1.836,-0.127,3087,4007
1118613,1.393,12.510,-3.747,-0.634,-1.758,0.301,3084,4025
1118632,1.034,11.705,-3.907,-0.580,-1.493,0.531,3082,4035
1118652,-0.318,11.006,-4.207,-0.104,-0.992,0.564,3081,4047
1118672,-0.955,10.185,-4.266,0.309,-0.463,0.550,3078,4056
1118693,-2.500,10.628,-3.950,0.464,-0.137,0.625,3072,4053
1118712,-3.546,10.190,-3.330,0.279,0.207,0.625,3071,4054
1118732,-4.202,10.453,-1.829,0.156,0.574,0.675,3069,4050
1118752,-5.533,9.538,-0.414,0.265,0.940,0.619,3067,4050
1118772,-5.346,9.634,1.283,0.426,1.249,0.518,3065,4047
1118792,-6.211,9.438,2.717,0.458,1.405,0.454,3061,4016
1118812,-5.495,8.873,3.776,0.432,1.496,0.402,3059,4014
1118832,-4.896,8.272,4.750,0.468,1.554,0.395,3059,4017
1118852,-4.061,7.341,5.590,0.393,1.722,0.249,3057,3986
1118872,-3.543,7.377,6.953,0.311,1.666,0.104,3056,3992
1118892,-3.608,7.240,7.468,0.406,1.469,-0.152,3055,4002
1118912,-2.102,8.361,8.171,0.458,1.383,-0.260,3053,4007
1118932,-1.860,8.619,9.072,0.335,1.282,-0.297,3053,4002
1118952,-0.321,8.425,9.613,0.060,1.013,-0.350,3052,3998
1118972,0.632,8.188,10.204,-0.190,0.507,-0.403,3051,4000
1118992,1.686,7.884,10.101,-0.253,0.001,-0.630,3050,3988
1119012,3.026,8.135,9.476,-0.081,-0.457,-0.791,3053,3984
1119032,3.711,8.456,8.155,0.157,-0.841,-1.011,3054,3979
1119052,3.828,9.948,6.431,0.227,-1.242,-1.107,3053,3963
1119072,3.646,11.526,4.527,-0.123,-1.678,-0.974,3053,3929
1119092,4.056,11.540,2.626,-0.613,-2.014,-0.649,3054,3914
1119112,4.243,10.611,1.195,-0.635,-2.079,-0.508,3053,3931
1119132,3.448,11.392,-0.079,-0.316,-1.982,-0.468,3053,3949
1119152,2.258,12.637,-1.439,-0.265,-1.889,-0.193,3052,3927
1119172,1.465,12.275,-2.523,-0.406,-1.837,0.157,3051,3929
1119192,0.773,11.380,-3.385,-0.352,-1.702,0.377,3052,3924
1119212,0.259,10.460,-4.111,-0.076,-1.360,0.471,3051,3938
1119232,-0.704,10.089,-4.367,0.313,-0.837,0.406,3050,3939
1119252,-2.229,10.915,-4.204,0.519,-0.382,0.397,3050,3944
1119272,-3.359,11.533,-3.651,0.374,-0.031,0.604,3047,3948
1119293,-3.936,10.800,-2.761,0.088,0.300,0.802,3046,3944
1119312,-4.492,9.529,-1.528,0.078,0.713,0.744,3047,3953
1119332,-5.310,9.352,-0.101,0.391,1.115,0.575,3045,3958
1119352,-5.883,9.476,1.087,0.662,1.399,0.454,3044,3964
1119372,-5.830,9.476,2.143,0.702,1.584,0.412,3041,3955
1119392,-5.356,9.045,3.376,0.485,1.703,0.438,3041,3959
1119413,-4.654,7.999,4.752,0.200,1.784,0.407,3039,3961
1119433,-4.204,7.072,6.000,0.197,1.806,0.254,3039,3932
1119452,-3.570,7.099,7.020,0.370,1.766,0.055,3037,3930
1119472,-3.096,7.705,8.073,0.450,1.717,-0.149,3037,3927
1119492,-2.914,8.499,8.887,0.470,1.516,-0.280,3036,3922
1119512,-2.150,9.129,9.057,0.275,1.154,-0.272,3032,3910
1119533,-1.082,8.710,9.254,-0.083,0.836,-0.238,3031,3919
1119552,-0.271,8.071,9.515,-0.243,0.548,-0.330,3031,3917
1119572,0.883,8.097,9.486,-0.125,0.219,-0.519,3030,3914
1119592,1.738,8.128,8.916,0.060,-0.209,-0.700,3030,3906
1119612,2.837,8.277,8.030,0.198,-0.540,-0.918,3031,3899
1119632,3.342,9.886,7.171,0.176,-0.978,-0.991,3031,3911
1119653,2.942,11.255,5.413,-0.158,-1.493,-0.939,3029,3920
1119672,3.850,11.763,3.713,-0.653,-1.950,-0.625,3033,3921
1119692,3.953,10.333,2.179,-0.639,-2.132,-0.457,3033,3924
1119713,4.029,9.902,0.594,-0.150,-1.999,-0.558,3029,3912
1119732,2.495,12.167,-0.697,0.143,-1.927,-0.406,3028,3918
1119752,1.018,12.529,-2.126,-0.229,-2.002,-0.007,3027,3931
1119772,1.135,11.856,-2.816,-0.598,-2.013,0.411,3027,3943
1119792,0.151,10.223,-3.639,-0.291,-1.652,0.437,3024,3952
1119812,-0.297,10.166,-4.190,0.261,-1.077,0.335,3026,3958
1119832,-2.102,11.001,-4.420,0.565,-0.648,0.381,3025,3967
1119852,-2.907,11.195,-4.266,0.406,-0.269,0.525,3025,3969
1119872,-3.668,11.100,-3.347,0.139,0.101,0.746,3024,3972
1119892,-4.472,9.787,-2.354,0.119,0.584,0.682,3032,3977
1119912,-4.805,9.878,-0.989,0.299,0.961,0.642,3024,3979
1119932,-5.674,9.457,-0.077,0.405,1.317,0.539,3023,3980
1119952,-5.387,9.902,1.384,0.328,1.572,0.610,3022,3983
1119972,-5.758,8.830,2.691,0.199,1.763,0.584,3022,3981
1119992,-4.642,8.114,3.922,0.163,1.892,0.550,3022,3982
1120012,-4.499,7.156,4.834,0.292,1.949,0.366,3021,3983
1120032,-3.917,7.096,5.722,0.371,1.986,0.168,3020,3984
1120052,-3.613,7.357,6.721,0.397,2.005,-0.030,3021,3984
1120073,-3.282,7.573,7.549,0.406,1.903,-0.177,3018,3987
1120112,-1.982,8.416,8.854,0.180,1.409,-0.256,3017,3992
1120122,-1.537,8.396,9.218,0.077,1.288,-0.276,3018,3987
1120132,-1.116,8.258,9.529,0.003,1.161,-0.319,3015,3985
1120153,-0.412,7.980,9.953,-0.038,0.798,-0.473,3015,3980
1120172,0.651,7.951,9.883,-0.001,0.373,-0.642,3015,3983
1120192,1.396,8.265,9.716,0.062,-0.033,-0.852,3017,3959
1120212,1.970,8.794,9.055,0.168,-0.478,-0.981,3020,3949
1120233,2.535,9.768,7.664,0.211,-0.960,-1.070,3017,3953
1120252,2.813,11.061,5.849,0.036,-1.444,-0.999,3021,3917
1120272,3.098,11.255,4.111,-0.213,-1.811,-0.803,3020,3905
1120292,3.321,10.896,2.514,-0.226,-1.961,-0.663,3020,3910
1120312,2.904,11.320,1.085,-0.045,-1.931,-0.563,3020,3920
1120332,1.958,12.368,-0.254,0.000,-1.876,-0.335,3018,3942
1120352,1.164,12.819,-1.410,-0.314,-1.904,0.072,3016,3944
1120372,0.826,11.811,-2.265,-0.521,-1.831,0.364,3015,3951
1120392,0.725,10.472,-2.962,-0.297,-1.543,0.490,3014,3950
1120412,0.141,9.637,-3.543,0.204,-1.104,0.437,3016,3959
1120433,-1.314,10.786,-3.802,0.464,-0.695,0.377,3016,3963
1120452,-2.629,11.904,-3.591,0.206,-0.359,0.542,3014,3969
1120472,-3.330,11.305,-2.744,-0.092,-0.067,0.798,3013,3972
1120492,-3.661,10.017,-1.820,-0.037,0.218,0.905,3012,3979
1120512,-4.041,9.115,-0.960,0.268,0.551,0.805,3012,3979
1120532,-4.465,8.794,-0.175,0.568,0.877,0.622,3009,3976
1120552,-4.820,9.167,0.749,0.657,1.139,0.486,3008,3979
1120572,-5.080,9.388,1.841,0.579,1.318,0.463,3010,3981
1120592,-5.444,9.091,2.878,0.430,1.392,0.458,3008,3981
1120612,-4.662,8.550,3.737,0.226,1.486,0.444,3008,3979
1120632,-4.195,8.305,4.966,0.009,1.504,0.462,3008,3981
1120652,-3.972,6.658,5.528,0.027,1.477,0.278,3005,3981
1120673,-2.986,6.970,6.163,0.290,1.452,0.089,3005,3984
1120692,-3.424,7.252,6.737,0.409,1.476,-0.130,3006,3977
1120712,-2.789,7.925,7.290,0.336,1.354,-0.239,3005,3979
1120732,-3.024,8.375,7.472,0.166,1.034,-0.297,3004,3980
1120752,-1.817,8.272,7.539,-0.106,0.860,-0.331,3005,3985
1120773,-1.482,8.195,8.121,-0.199,0.622,-0.358,3003,3992
1120792,-0.630,7.846,8.205,-0.221,0.418,-0.551,3004,3992
1120812,0.055,8.207,8.353,-0.179,0.075,-0.683,3005,3987
1120833,0.520,8.186,7.846,-0.105,-0.294,-0.898,3005,3990
1120852,1.312,9.019,7.422,-0.091,-0.725,-0.984,3008,3995
1120872,1.417,9.323,6.266,-0.063,-1.099,-1.097,3007,4000
1120892,2.162,10.810,5.169,-0.151,-1.447,-1.058,3009,3993
1120912,1.908,10.829,3.742,-0.212,-1.745,-0.978,3006,4001
1120933,2.682,11.190,2.588,-0.077,-1.849,-0.867,3006,4007
1120952,1.717,11.935,1.343,0.108,-1.864,-0.731,3007,4005
1120972,1.408,13.611,0.218,-0.101,-1.865,-0.462,3005,4004
1120992,0.441,13.745,-0.584,-0.567,-1.958,0.048,3004,4006
1121012,0.855,12.258,-1.211,-0.780,-1.849,0.368,3003,4017
1121092,-1.595,11.186,-2.205,0.188,-0.605,0.766,3002,4024
1121102,-1.820,10.975,-2.107,0.153,-0.483,0.821,3005,4027
1121111,-2.004,10.702,-1.915,0.144,-0.323,0.874,3002,4031
1121121,-2.162,10.422,-1.638,0.174,-0.137,0.903,3004,4035
1121131,-2.337,10.139,-1.396,0.225,0.039,0.915,3001,4037
1121142,-2.617,9.811,-1.006,0.323,0.269,0.908,3003,4040
1121152,-2.895,9.629,-0.682,0.409,0.445,0.882,3001,4044
1121172,-3.424,9.495,0.093,0.494,0.756,0.842,3002,4049
1121257,-3.632,8.262,4.319,0.299,1.345,0.696,2999,4041
1121266,-3.421,7.925,4.755,0.225,1.355,0.684,3000,4041
1121275,-3.227,7.556,5.133,0.159,1.348,0.667,2998,4039
1121285,-3.002,7.163,5.557,0.106,1.318,0.621,2999,4042
1121295,-2.842,6.922,5.986,0.072,1.273,0.551,2999,4042
1121304,-2.741,6.831,6.357,0.044,1.217,0.474,3000,4040
1121314,-2.564,6.749,6.761,0.021,1.147,0.387,2998,4036
1121421,-0.211,8.037,7.638,-0.135,0.140,-0.320,2998,4015
1121430,0.000,8.145,7.432,-0.191,0.011,-0.375,2998,4011
1121440,0.244,8.207,7.199,-0.242,-0.128,-0.415,2998,4005
1121451,0.584,8.277,6.931,-0.280,-0.277,-0.444,2996,4009
1121460,0.886,8.303,6.685,-0.298,-0.384,-0.472,2999,4007
1121469,1.178,8.373,6.419,-0.304,-0.480,-0.514,2997,4004
1121478,1.425,8.459,6.139,-0.289,-0.572,-0.560,2999,4010
1121502,1.944,9.069,5.313,-0.159,-0.837,-0.670,3000,3997
1121526,2.186,10.156,4.178,-0.190,-1.069,-0.679,3002,3984
1121536,2.255,10.264,3.797,-0.215,-1.149,-0.642,3004,3976
1121546,2.279,10.262,3.402,-0.209,-1.208,-0.613,2999,3979
1121556,2.373,10.317,2.964,-0.172,-1.254,-0.570,2997,3984
1121735,-0.579,9.589,1.767,0.289,-0.176,0.447,2992,3997
1121755,-0.833,8.842,1.817,0.323,-0.078,0.388,2992,4003
1121775,-0.634,9.273,2.344,0.300,0.027,0.422,2992,4008
1121795,-1.113,8.631,2.579,0.268,0.111,0.395,2992,4010
1121815,-0.426,8.729,2.976,0.227,0.157,0.391,2992,4005
1121835,-0.919,8.353,3.230,0.227,0.145,0.327,2992,4003
1121855,-0.132,8.689,3.548,0.172,0.181,0.284,2992,4003
1121875,-0.675,8.691,3.754,0.100,0.141,0.249,2991,4006
1121895,0.134,8.959,3.926,0.029,0.139,0.228,2992,4005
1121915,-0.498,9.323,4.341,0.033,0.047,0.245,2992,4004
1121935,0.323,9.541,4.460,0.018,-0.061,0.272,2992,3997
1121955,0.148,9.857,4.556,0.022,-0.188,0.313,2992,3991
1121975,0.733,9.888,4.401,0.062,-0.214,0.288,2992,3980
1121995,-0.242,11.511,4.913,0.044,-0.487,0.462,2991,3957
1122015,-0.350,12.629,4.571,-0.262,-0.970,0.832,2991,3935
1122036,0.764,12.457,4.152,-0.725,-1.272,1.357,2991,3854
1122055,1.575,10.930,4.168,-0.842,-1.226,1.573,2993,3708
1122075,0.819,11.121,4.954,-0.699,-1.396,1.632,2991,3355
1122095,1.207,12.038,4.741,-0.860,-2.015,2.076,2979,2561
1122115,3.010,11.356,3.759,-1.295,-2.156,2.520,2962,546
1122135,4.022,9.675,3.711,-1.478,-1.749,2.646,2943,0
1122155,2.897,9.941,3.879,-1.558,-1.641,2.761,2915,0
1122175,2.708,9.756,3.960,-2.030,-2.004,3.169,2895,0
1122195,4.118,7.061,3.572,-2.303,-2.383,3.451,2863,0
1122215,6.998,4.705,3.962,-1.938,-2.112,3.197,2832,0
1122235,7.116,3.867,3.879,-1.424,-1.580,2.776,2798,0
1122318,7.518,1.693,2.753,-0.407,-1.291,1.610,2612,0
1122329,6.608,2.114,1.774,-0.255,-1.150,1.452,2594,0
1122340,5.646,2.849,1.061,-0.253,-1.122,1.352,2559,0
1122349,5.569,2.734,1.923,-0.370,-1.282,1.283,2544,0
1122359,6.194,2.717,2.562,-0.493,-1.566,1.214,2527,0
1122372,8.035,1.920,3.505,-0.472,-1.676,1.088,2512,0
1122382,9.036,1.022,3.426,-0.320,-1.588,0.961,2506,0
1122395,9.424,0.855,2.133,-0.030,-1.176,0.776,2499,0
1122415,8.265,1.420,0.735,0.237,-0.367,0.426,2490,0
1122435,6.699,1.975,0.268,0.068,-0.192,0.231,2479,0
1122455,7.183,1.882,1.788,-0.096,-0.455,0.179,2466,0
1122475,8.258,1.712,1.633,0.048,-0.411,0.086,2464,0
1122495,8.610,2.246,0.910,0.075,0.019,-0.050,2464,0
1122515,8.212,2.464,1.446,-0.041,0.423,-0.187,2464,0
1122535,7.975,3.062,2.385,-0.076,0.460,-0.255,2461,0
1122555,8.128,3.055,2.856,-0.005,0.321,-0.310,2463,0
1122575,8.638,3.452,2.940,0.124,0.305,-0.373,2467,0
1122595,9.117,3.685,3.160,0.098,0.296,-0.345,2471,0
1122615,8.346,4.056,3.338,0.037,0.378,-0.323,2472,0
1122635,8.894,4.173,3.388,-0.068,0.332,-0.197,2473,0
1122655,8.243,3.812,3.967,-0.028,0.149,-0.173,2477,0
1122675,9.495,3.907,3.407,0.054,0.069,-0.139,2481,0
1122695,8.490,3.668,3.536,0.109,0.137,-0.204,2484,0
1122715,9.179,3.864,3.292,0.107,0.074,-0.170,2486,0
1122735,8.301,3.713,3.462,0.089,0.040,-0.173,2497,0
1122755,9.002,3.711,3.263,0.072,-0.007,-0.093,2499,0
1122775,8.413,3.560,3.338,0.110,0.006,-0.119,2502,0
1122795,9.024,3.670,3.136,0.042,-0.009,-0.055,2503,0
1122815,8.430,3.579,3.249,0.023,0.108,-0.086,2501,0
1122835,8.564,3.484,3.220,-0.001,0.086,-0.041,2502,0
1122855,8.406,3.567,3.297,0.099,0.095,-0.107,2502,0
1122875,8.399,3.764,3.352,0.067,0.032,-0.083,2504,0
1122895,8.650,4.058,3.232,0.083,0.130,-0.090,2508,0
1122915,8.224,3.936,3.457,-0.042,0.123,-0.002,2507,0
1122935,8.677,3.958,3.299,0.003,0.169,-0.005,2509,0
1122955,7.954,3.517,3.673,-0.047,0.070,0.016,2510,0
1122975,8.882,3.843,3.397,0.066,0.067,-0.003,2512,0
1122995,7.896,3.594,3.666,0.035,0.033,-0.002,2512,0
1123015,8.878,3.917,3.244,0.047,0.065,0.006,2512,0
1123035,8.289,3.651,3.548,-0.014,0.032,-0.001,2514,0
1123055,8.298,3.591,3.517,0.015,0.037,-0.035,2516,0
1123075,8.286,3.685,3.522,0.056,0.062,-0.062,2516,0
1123095,8.305,3.934,3.620,0.057,0.074,-0.062,2517,0
1123115,8.176,3.879,3.625,0.018,0.087,-0.040,2516,0
1123135,8.219,3.733,3.606,0.016,0.044,-0.032,2517,0
1123155,8.248,3.618,3.563,0.042,0.041,-0.052,2519,0
1123175,8.341,3.656,3.539,0.053,0.058,-0.073,2520,0
1123195,8.329,3.692,3.529,0.056,0.109,-0.084,2522,0
1123215,8.267,3.812,3.658,0.050,0.122,-0.089,2522,0
1123235,8.279,3.836,3.759,0.046,0.080,-0.090,2522,0
1123255,8.370,3.804,3.725,0.065,0.076,-0.101,2526,0
1123275,8.279,3.912,3.757,0.095,0.096,-0.101,2527,0
1123295,8.270,4.046,3.929,0.100,0.080,-0.085,2529,0
1123315,8.289,4.092,3.955,0.081,0.045,-0.051,2529,0
1123335,8.243,3.984,3.879,0.049,0.006,-0.027,2531,0
1123355,8.258,3.852,3.828,0.046,-0.034,-0.031,2535,0
1123375,8.308,3.869,3.761,0.071,-0.037,-0.035,2536,0
1123395,8.298,3.871,3.771,0.067,-0.006,-0.043,2539,0
1123415,8.147,3.857,3.754,0.062,-0.014,-0.058,2540,0
1123435,8.186,3.857,3.771,0.067,-0.055,-0.062,2540,0
1123455,8.234,3.871,3.699,0.062,-0.027,-0.062,2542,0
1123475,8.229,3.845,3.723,0.078,0.001,-0.079,2543,0
1123495,8.145,3.934,3.670,0.091,0.031,-0.091,2543,0
1123515,8.119,3.970,3.790,0.086,0.004,-0.082,2543,0
1123535,8.157,4.010,3.749,0.076,-0.011,-0.064,2544,0
1123555,8.219,3.994,3.807,0.081,-0.006,-0.065,2544,0
1123575,8.169,3.991,3.824,0.102,0.005,-0.082,2546,0
1123595,8.076,4.046,3.795,0.107,-0.018,-0.090,2550,0
1123615,8.119,4.118,3.718,0.095,-0.040,-0.087,2555,0
1123635,8.068,4.118,3.694,0.096,-0.023,-0.086,2554,0
1123655,8.049,4.233,3.706,0.125,-0.028,-0.083,2555,0
1123675,8.028,4.362,3.646,0.112,-0.022,-0.067,2555,0
1123695,8.033,4.331,3.668,0.074,-0.015,-0.044,2554,0
1123715,8.049,4.207,3.689,0.059,-0.022,-0.027,2554,0
1123735,8.116,4.029,3.625,0.079,-0.022,-0.036,2555,0
1123755,8.171,3.922,3.675,0.116,-0.001,-0.074,2556,0
1123775,8.174,4.022,3.764,0.177,0.023,-0.116,2558,0
1123795,8.066,4.250,3.687,0.171,0.021,-0.116,2558,0
1123815,8.042,4.379,3.584,0.094,0.007,-0.081,2558,0
1123835,8.025,4.329,3.649,0.026,0.005,-0.047,2559,0
1123855,8.064,4.262,3.699,0.020,0.012,-0.026,2559,0
1123875,8.049,4.274,3.759,0.053,0.019,-0.031,2557,0
1123895,8.009,4.314,3.766,0.068,0.005,-0.041,2559,0
1123915,7.970,4.355,3.733,0.057,-0.004,-0.030,2559,0
1123935,7.956,4.357,3.773,0.034,-0.024,-0.003,2559,0
1123955,8.064,4.235,3.706,0.036,-0.027,0.005,2559,0
1123975,8.047,4.226,3.699,0.051,-0.005,-0.020,2559,0
1123995,8.071,4.250,3.670,0.074,0.014,-0.043,2559,0
1124015,8.037,4.331,3.725,0.081,0.024,-0.042,2559,0
1124035,8.030,4.350,3.809,0.074,0.020,-0.030,2559,0
1124055,8.035,4.336,3.833,0.072,0.007,-0.021,2558,0
1124075,8.054,4.338,3.847,0.059,-0.008,-0.004,2559,0
1124095,8.052,4.283,3.857,0.051,-0.023,0.009,2559,0
1124115,8.054,4.264,3.814,0.057,-0.033,0.008,2559,0
1124135,8.011,4.243,3.850,0.067,-0.034,-0.007,2559,0
1124155,7.987,4.271,3.859,0.071,-0.039,-0.014,2559,0
1124175,7.989,4.240,3.819,0.089,-0.038,-0.030,2559,0
1124195,7.939,4.298,3.812,0.123,-0.027,-0.053,2559,0
1124215,7.860,4.506,3.733,0.102,-0.034,-0.038,2561,0
1124235,7.882,4.487,3.699,0.047,-0.033,0.002,2559,0
1124255,7.932,4.338,3.766,0.038,-0.035,0.015,2559,0
1124275,8.001,4.197,3.768,0.092,0.000,-0.019,2559,0
1124295,7.872,4.288,3.785,0.120,0.036,-0.047,2559,0
1124315,7.853,4.353,3.783,0.090,-0.006,-0.048,2561,0
1124335,7.922,4.341,3.766,0.054,-0.031,-0.034,2561,0
1124355,7.942,4.355,3.725,0.037,-0.038,-0.028,2559,0
1124375,8.004,4.365,3.725,0.039,-0.033,-0.029,2559,0
1124395,8.006,4.405,3.776,0.048,-0.006,-0.034,2561,0
1124415,7.908,4.448,3.788,0.047,-0.016,-0.033,2561,0
1124435,7.968,4.525,3.783,0.037,-0.047,-0.023,2559,0
1124455,7.970,4.480,3.699,0.027,-0.039,-0.010,2564,0
1124475,7.949,4.367,3.749,0.042,-0.047,-0.005,2559,0
1124495,7.987,4.386,3.728,0.068,-0.044,-0.008,2561,0
1124515,7.980,4.413,3.742,0.059,-0.029,-0.003,2559,0
1124535,7.944,4.348,3.721,0.038,-0.026,-0.003,2559,0
1124555,7.973,4.334,3.747,0.044,-0.043,-0.012,2561,0
1124575,7.980,4.374,3.761,0.041,-0.035,-0.017,2561,0
1124595,7.958,4.408,3.802,0.032,-0.039,-0.010,2561,0
1124615,8.033,4.374,3.819,0.042,-0.052,-0.001,2559,0
1124635,8.085,4.353,3.733,0.059,-0.036,-0.012,2559,0
1124655,7.980,4.420,3.747,0.055,-0.017,-0.018,2559,0
1124675,7.939,4.470,3.795,0.039,-0.052,0.009,2561,0
1124695,8.013,4.424,3.754,0.026,-0.062,0.031,2559,0
1124715,8.001,4.329,3.725,0.032,-0.045,0.020,2559,0
1124735,7.918,4.372,3.742,0.053,-0.043,0.001,2559,0
1124755,7.858,4.499,3.656,0.061,-0.055,0.005,2564,0
1124775,7.894,4.496,3.567,0.040,-0.056,0.013,2570,0
1124795,7.865,4.470,3.591,0.037,-0.036,0.011,2566,0
