1581583,3.316,8.712,-3.235,0.084,-0.029,-0.002,2251,0
1581603,3.357,8.796,-3.27,0.078,-0.029,-0.018,2251,0
1581623,3.333,8.794,-3.299,0.059,-0.021,-0.017,2252,0
1581643,3.292,8.78,-3.326,0.037,-0.013,-0.003,2250,0
1581663,3.316,8.677,-3.29,0.026,-0.011,0.009,2252,0
1581683,3.364,8.66,-3.302,0.051,-0.007,0.001,2252,0
1581703,3.323,8.691,-3.273,0.061,-0.007,-0.009,2252,0
1581723,3.345,8.645,-3.247,0.032,-0.017,-0.008,2252,0
1581743,3.347,8.626,-3.287,0.017,-0.01,-0.009,2251,0
1581763,3.349,8.633,-3.247,0.034,0.009,-0.015,2251,0
1581783,3.357,8.684,-3.208,0.042,0.01,-0.014,2252,0
1581803,3.314,8.679,-3.153,0.045,-0.005,-0.022,2253,0
1581823,3.338,8.636,-3.144,0.047,-0.019,-0.031,2252,0
1581843,3.364,8.645,-3.129,0.043,-0.018,-0.029,2252,0
1581863,3.297,8.727,-3.163,0.053,-0.005,-0.036,2252,0
1581883,3.311,8.839,-3.177,0.061,-0.021,-0.02,2252,0
1581903,3.342,8.873,-3.151,0.056,-0.035,-0.017,2252,0
1581923,3.27,8.72,-3.1,0.032,-0.041,-0.011,2252,0
1581943,3.287,8.657,-3.115,0.032,-0.046,-0.004,2251,0
1581963,3.349,8.72,-3.139,0.028,-0.06,-0.01,2252,0
1581983,3.266,8.799,-3.237,0.029,-0.076,0.008,2252,0
1582003,3.27,8.808,-3.287,0.05,-0.07,0.035,2252,0
1582023,3.309,8.928,-3.338,0.047,-0.062,0.034,2251,0
1582043,3.254,8.76,-3.369,-0.009,-0.048,0.022,2252,0
1582063,3.364,8.653,-3.321,-0.012,-0.039,0.022,2252,0
1582083,3.405,8.645,-3.278,-0.014,-0.024,0.013,2251,0
1582103,3.323,8.619,-3.172,0.035,-0.022,0.006,2251,0
1582123,3.323,8.626,-3.177,0.076,-0.022,0.01,2252,0
1582143,3.385,8.665,-3.096,0.064,-0.027,-0.013,2250,0
1582163,3.359,8.636,-3.05,0.009,-0.049,-0.024,2250,0
1582183,3.333,8.641,-3.038,0.016,-0.062,-0.013,2251,0
1582203,3.326,8.712,-3.074,0.05,-0.063,-0.024,2250,0
1582223,3.285,8.815,-3.136,0.063,-0.071,-0.025,2251,0
1582243,3.273,8.827,-3.194,0.047,-0.08,-0.02,2252,0
1582263,3.314,8.823,-3.244,0.015,-0.08,0.003,2253,0
1582283,3.282,8.854,-3.235,0.012,-0.072,0.011,2251,0
1582303,3.206,8.796,-3.256,0.035,-0.067,0.011,2252,0
1582323,3.299,8.859,-3.251,0.064,-0.069,0.015,2253,0
1582343,3.328,8.878,-3.218,0.044,-0.062,0.02,2250,0
1582363,3.244,8.882,-3.196,0.028,-0.066,0.058,2251,0
1582383,3.302,8.878,-3.206,0.038,-0.068,0.085,2251,0
1582403,3.345,8.835,-3.203,0.044,-0.07,0.077,2250,0
1582423,3.326,8.748,-3.182,0.033,-0.074,0.07,2251,0
1582443,3.321,8.681,-3.196,0.019,-0.079,0.078,2252,0
1582463,3.371,8.626,-3.199,0.012,-0.079,0.063,2252,0
1582483,3.407,8.598,-3.237,0.022,-0.077,0.059,2253,0
1582503,3.402,8.617,-3.213,0.053,-0.068,0.07,2253,0
1582523,3.428,8.633,-3.263,0.083,-0.063,0.061,2250,0
1582543,3.412,8.667,-3.309,0.071,-0.068,0.052,2252,0
1582563,3.419,8.626,-3.314,0.043,-0.068,0.038,2250,0
1582583,3.417,8.576,-3.376,0.044,-0.053,0.042,2252,0
1582603,3.45,8.655,-3.46,0.057,-0.035,0.044,2250,0
1582623,3.474,8.571,-3.443,0.061,-0.02,0.048,2252,0
1582643,3.438,8.514,-3.438,0.064,-0.011,0.044,2252,0
1582663,3.505,8.468,-3.402,0.06,-0.004,0.029,2253,0
1582683,3.546,8.502,-3.359,0.057,0.005,0.005,2253,0
1582703,3.479,8.509,-3.29,0.056,0.018,0.0,2252,0
1582723,3.481,8.535,-3.213,0.062,0.018,-0.004,2252,0
1582743,3.522,8.554,-3.184,0.056,0.005,-0.013,2252,0
1582763,3.505,8.545,-3.127,0.056,-0.001,-0.025,2253,0
1582783,3.421,8.559,-3.194,0.046,-0.007,-0.029,2252,0
1582803,3.467,8.593,-3.189,0.027,-0.015,-0.031,2253,0
1582823,3.505,8.607,-3.191,0.019,-0.021,-0.046,2253,0
1582843,3.433,8.607,-3.254,0.035,-0.015,-0.05,2253,0
1582863,3.428,8.672,-3.302,0.071,-0.005,-0.046,2253,0
1582883,3.421,8.727,-3.39,0.065,-0.001,-0.042,2252,0
1582903,3.44,8.724,-3.371,0.037,0.005,-0.034,2253,0
1582923,3.462,8.679,-3.381,0.043,0.011,-0.036,2251,0
1582943,3.369,8.631,-3.294,0.05,0.028,-0.027,2253,0
1582963,3.383,8.655,-3.311,0.069,0.022,-0.034,2251,0
1582983,3.486,8.65,-3.237,0.048,0.019,-0.036,2252,0
1583003,3.424,8.701,-3.232,0.055,0.021,-0.045,2253,0
1583023,3.373,8.648,-3.201,0.037,0.022,-0.034,2252,0
1583043,3.443,8.667,-3.196,0.03,0.019,-0.03,2253,0
1583063,3.438,8.739,-3.191,0.029,0.017,-0.039,2252,0
1583083,3.378,8.724,-3.156,0.033,0.012,-0.038,2253,0
1583103,3.405,8.624,-3.072,0.029,-0.004,-0.027,2252,0
1583123,3.479,8.614,-3.108,0.04,-0.003,-0.029,2251,0
1583143,3.383,8.681,-3.172,0.037,-0.005,-0.044,2251,0
1583163,3.347,8.686,-3.199,0.027,-0.023,-0.045,2253,0
1583183,3.39,8.657,-3.223,0.014,-0.028,-0.051,2252,0
1583203,3.457,8.681,-3.256,0.037,-0.014,-0.052,2254,0
1583223,3.364,8.65,-3.309,0.044,0.004,-0.037,2253,0
1583243,3.338,8.727,-3.247,0.047,0.001,-0.037,2253,0
1583263,3.352,8.748,-3.247,0.017,0.001,-0.051,2252,0
1583283,3.383,8.722,-3.184,0.012,0.001,-0.058,2253,0
1583303,3.373,8.736,-3.146,0.023,0.011,-0.051,2253,0
1583323,3.28,8.794,-3.115,0.052,0.015,-0.036,2254,0
1583343,3.275,8.892,-3.084,0.06,-0.001,-0.018,2254,0
1583363,3.311,8.957,-3.124,0.054,-0.02,0.0,2254,0
1583383,3.33,8.897,-3.11,0.042,-0.018,-0.001,2254,0
1583403,3.333,8.818,-3.136,0.039,-0.011,0.007,2255,0
1583423,3.333,8.787,-3.134,0.028,-0.017,0.012,2253,0
1583443,3.294,8.689,-3.112,0.018,-0.027,0.016,2254,0
1583463,3.412,8.622,-3.077,0.031,-0.039,0.023,2254,0
1583483,3.405,8.624,-3.091,0.043,-0.037,0.008,2253,0
1583503,3.349,8.705,-3.182,0.039,-0.038,-0.007,2254,0
1583523,3.39,8.72,-3.237,0.026,-0.048,-0.005,2254,0
1583543,3.4,8.669,-3.227,0.03,-0.037,-0.005,2254,0
1583563,3.369,8.643,-3.227,0.064,-0.022,-0.004,2254,0
1583583,3.34,8.684,-3.172,0.071,-0.018,-0.006,2253,0
1583603,3.352,8.71,-3.148,0.036,-0.037,-0.018,2254,0
1583623,3.314,8.612,-3.124,0.015,-0.024,-0.006,2253,0
1583643,3.302,8.784,-3.175,0.058,-0.023,-0.002,2254,0
1583663,3.34,8.803,-3.191,0.046,-0.027,-0.002,2255,0
1583683,3.383,8.765,-3.129,0.048,-0.032,-0.006,2254,0
1583703,3.354,8.703,-3.158,0.028,-0.034,-0.013,2254,0
1583723,3.361,8.717,-3.108,0.011,-0.036,0.001,2253,0
1583743,3.383,8.712,-3.16,0.01,-0.037,0.015,2255,0
1583763,3.364,8.681,-3.175,0.044,-0.031,0.013,2254,0
1583783,3.366,8.684,-3.184,0.066,-0.027,0.003,2254,0
1583803,3.364,8.76,-3.151,0.043,-0.04,-0.01,2253,0
1583823,3.359,8.665,-3.132,0.016,-0.043,-0.009,2254,0
1583843,3.366,8.66,-3.124,0.043,-0.033,-0.013,2254,0
1583863,3.342,8.729,-3.179,0.064,-0.022,-0.004,2255,0
1583883,3.342,8.835,-3.189,0.066,-0.034,0.006,2254,0
1583903,3.371,8.748,-3.151,0.019,-0.046,0.013,2253,0
1583923,3.369,8.66,-3.144,0.006,-0.042,0.013,2253,0
1583943,3.393,8.677,-3.148,0.032,-0.028,0.011,2253,0
1583963,3.338,8.768,-3.206,0.051,-0.024,0.011,2254,0
1583983,3.294,8.832,-3.235,0.052,-0.035,0.012,2254,0
1584003,3.405,8.77,-3.199,0.051,-0.035,0.018,2253,0
1584023,3.33,8.729,-3.156,0.058,-0.017,0.023,2254,0
1584043,3.472,8.581,-3.158,0.045,-0.021,0.036,2255,0
1584063,3.45,8.801,-3.029,0.066,-0.023,0.007,2253,0
1584083,3.421,8.792,-3.17,0.022,-0.056,-0.002,2254,0
1584103,3.158,8.629,-3.077,0.05,-0.039,0.04,2254,0
1584123,3.517,8.617,-3.17,0.098,-0.048,0.052,2254,0
1584143,3.548,8.605,-3.069,0.027,-0.027,-0.005,2254,0
1584163,3.333,8.662,-3.093,0.02,-0.058,-0.017,2254,0
1584183,3.338,8.533,-3.12,0.014,-0.079,0.016,2254,0
1584203,3.539,8.562,-3.141,0.057,-0.072,0.008,2255,0
1584223,3.46,8.722,-3.239,0.074,-0.044,-0.024,2254,0
1584243,3.321,8.815,-3.294,0.064,-0.055,-0.006,2253,0
1584263,3.39,8.71,-3.232,0.024,-0.061,0.001,2254,0
1584283,3.412,8.55,-3.213,0.025,-0.043,-0.013,2255,0
1584303,3.361,8.787,-3.206,0.077,-0.03,-0.008,2254,0
1584323,3.352,8.882,-3.251,0.07,-0.036,-0.004,2253,0
1584343,3.376,8.765,-3.213,0.027,-0.05,0.003,2254,0
1584363,3.385,8.633,-3.177,0.008,-0.035,0.007,2253,0
1584383,3.438,8.657,-3.184,0.024,-0.037,0.026,2253,0
1584403,3.438,8.588,-3.141,0.024,-0.04,0.01,2254,0
1584423,3.376,8.533,-3.141,0.047,-0.054,-0.006,2254,0
1584443,3.421,8.61,-3.199,0.048,-0.059,-0.018,2254,0
1584463,3.421,8.66,-3.294,0.033,-0.042,-0.027,2254,0
1584483,3.34,8.808,-3.407,0.035,-0.025,-0.012,2254,0
1584503,3.349,8.856,-3.388,0.034,-0.013,-0.005,2254,0
1584523,3.405,8.887,-3.39,0.044,-0.006,0.011,2254,0
1584543,3.4,8.818,-3.294,0.05,0.013,0.018,2254,0
1584563,3.357,8.684,-3.184,0.037,0.012,0.034,2254,0
1584583,3.424,8.624,-3.1,0.015,0.005,0.028,2254,0
1584603,3.51,8.535,-3.05,0.005,0.002,0.018,2252,0
1584623,3.438,8.583,-3.1,0.021,0.005,-0.004,2253,0
1584643,3.438,8.554,-3.151,0.021,-0.004,-0.019,2252,0
1584663,3.541,8.564,-3.184,0.028,-0.007,-0.02,2253,0
1584683,3.486,8.643,-3.196,0.047,0.009,-0.029,2254,0
1584703,3.393,8.586,-3.187,0.042,0.016,-0.027,2254,0
1584723,3.354,8.578,-3.215,0.04,0.007,-0.038,2254,0
1584743,3.4,8.581,-3.27,0.033,0.013,-0.056,2254,0
1584763,3.354,8.722,-3.333,0.055,0.031,-0.052,2254,0
1584783,3.431,8.803,-3.361,0.061,0.056,-0.049,2254,0
1584803,3.402,8.902,-3.357,0.049,0.071,-0.039,2254,0
1584823,3.335,8.902,-3.304,0.048,0.089,-0.035,2254,0
1584843,3.373,8.72,-3.287,0.041,0.094,-0.01,2255,0
1584863,3.488,8.66,-3.184,0.063,0.124,-0.004,2253,0
1584883,3.436,8.763,-3.11,0.09,0.137,-0.025,2254,0
1584903,3.323,8.861,-2.993,0.094,0.128,-0.021,2253,0
1584923,3.354,8.811,-2.816,0.068,0.091,-0.009,2254,0
1584943,3.479,8.703,-2.801,0.049,0.069,-0.005,2254,0
1584963,3.469,8.691,-2.758,0.07,0.072,0.012,2253,0
1584983,3.397,8.777,-2.84,0.112,0.055,0.015,2253,0
1585003,3.443,8.787,-2.823,0.075,0.024,0.001,2253,0
1585023,3.438,8.748,-2.863,0.021,-0.011,-0.003,2253,0
1585043,3.455,8.691,-2.863,0.018,-0.023,0.018,2253,0
1585063,3.45,8.708,-2.904,0.05,-0.027,0.031,2255,0
1585083,3.438,8.758,-2.976,0.065,-0.037,0.018,2253,0
1585103,3.496,8.823,-3.038,0.062,-0.057,0.018,2254,0
1585123,3.488,8.753,-3.045,0.03,-0.063,0.026,2253,0
1585143,3.472,8.78,-3.096,0.034,-0.054,0.048,2253,0
1585163,3.474,8.851,-3.062,0.059,-0.043,0.052,2252,0
1585183,3.462,8.854,-3.062,0.058,-0.061,0.061,2254,0
1585203,3.541,8.72,-2.986,0.041,-0.077,0.058,2253,0
1585223,3.519,8.588,-2.993,0.035,-0.08,0.064,2252,0
1585243,3.567,8.533,-3.01,0.029,-0.086,0.063,2255,0
1585263,3.584,8.526,-3.043,0.03,-0.086,0.055,2254,0
1585283,3.582,8.538,-3.16,0.046,-0.09,0.04,2254,0
1585303,3.56,8.543,-3.168,0.042,-0.092,0.025,2253,0
1585323,3.603,8.478,-3.208,0.033,-0.088,0.011,2253,0
1585343,3.587,8.456,-3.261,0.03,-0.068,0.004,2254,0
1585363,3.5,8.526,-3.244,0.058,-0.052,-0.004,2254,0
1585383,3.584,8.595,-3.282,0.06,-0.054,-0.017,2254,0
1585403,3.567,8.657,-3.254,0.045,-0.047,-0.027,2254,0
1585423,3.472,8.641,-3.213,0.041,-0.036,-0.019,2254,0
1585443,3.56,8.703,-3.208,0.054,-0.019,0.002,2252,0
1585463,3.601,8.736,-3.163,0.05,-0.009,-0.011,2253,0
1585483,3.462,8.705,-3.153,0.029,-0.025,-0.009,2252,0
1585503,3.515,8.645,-3.124,0.034,-0.032,-0.012,2254,0
1585523,3.572,8.533,-3.1,0.028,-0.03,-0.021,2254,0
1585543,3.57,8.526,-3.096,0.036,-0.019,-0.022,2254,0
1585563,3.51,8.662,-3.165,0.056,-0.011,-0.02,2254,0
1585583,3.498,8.801,-3.156,0.046,-0.018,-0.026,2254,0
1585603,3.472,8.703,-3.093,0.015,-0.023,-0.031,2254,0
1585623,3.582,8.602,-3.021,0.019,-0.007,-0.023,2255,0
1585643,3.618,8.686,-3.038,0.026,0.001,-0.025,2253,0
1585663,3.474,8.724,-3.053,0.018,-0.021,-0.019,2254,0
1585683,3.421,8.648,-3.067,0.024,-0.052,-0.007,2254,0
1585703,3.577,8.566,-3.084,0.028,-0.061,-0.02,2254,0
1585723,3.57,8.547,-3.112,0.024,-0.044,-0.039,2253,0
1585743,3.512,8.622,-3.158,0.035,-0.03,-0.037,2254,0
1585763,3.462,8.686,-3.151,0.041,-0.029,-0.029,2254,0
1585783,3.479,8.746,-3.124,0.049,-0.037,-0.039,2252,0
1585803,3.45,8.739,-3.134,0.032,-0.043,-0.047,2255,0
1585823,3.46,8.689,-3.098,0.027,-0.035,-0.04,2254,0
1585843,3.498,8.765,-3.06,0.037,-0.021,-0.027,2254,0
1585863,3.472,8.777,-3.041,0.028,-0.013,-0.03,2252,0
1585883,3.431,8.71,-2.988,-0.007,-0.031,-0.045,2254,0
1585903,3.371,8.605,-2.931,-0.014,-0.057,-0.048,2255,0
1585923,3.476,8.576,-2.993,0.021,-0.065,-0.058,2254,0
1585943,3.448,8.732,-3.096,0.067,-0.048,-0.038,2254,0
1585963,3.326,8.973,-3.215,0.087,-0.048,-0.025,2255,0
1585983,3.354,8.916,-3.33,0.04,-0.053,-0.013,2255,0
1586003,3.395,8.849,-3.306,0.022,-0.031,-0.014,2254,0
1586023,3.452,8.736,-3.299,0.017,-0.003,-0.006,2253,0
1586043,3.462,8.696,-3.199,0.037,0.018,0.016,2255,0
1586063,3.431,8.662,-3.134,0.058,0.019,0.011,2255,0
1586083,3.417,8.622,-3.031,0.052,0.002,-0.011,2254,0
1586103,3.469,8.581,-3.0,0.05,-0.002,-0.031,2255,0
1586123,3.445,8.617,-3.041,0.06,0.023,-0.029,2254,0
1586143,3.4,8.787,-3.124,0.075,0.025,-0.03,2254,0
1586163,3.385,8.823,-3.077,0.029,0.009,-0.026,2255,0
1586183,3.4,8.801,-3.033,0.018,-0.011,-0.023,2255,0
1586203,3.426,8.748,-3.01,0.019,-0.011,-0.013,2253,0
1586223,3.436,8.784,-2.954,0.036,0.009,0.011,2254,0
1586243,3.407,8.918,-3.057,0.037,0.01,0.009,2255,0
1586263,3.397,8.882,-2.988,0.017,-0.007,0.015,2254,0
1586283,3.402,8.813,-2.952,0.02,-0.025,0.017,2254,0
1586303,3.484,8.753,-2.897,0.029,-0.028,0.022,2255,0
1586323,3.452,8.751,-2.964,0.055,-0.02,0.033,2255,0
1586343,3.452,8.712,-3.033,0.051,-0.014,0.026,2255,0
1586363,3.457,8.696,-3.045,0.046,-0.026,0.026,2255,0
1586383,3.474,8.593,-3.029,0.037,-0.034,0.013,2254,0
1586403,3.445,8.547,-3.043,0.056,-0.029,0.011,2256,0
1586423,3.479,8.679,-3.093,0.076,-0.014,0.005,2255,0
1586443,3.464,8.756,-3.117,0.058,-0.009,-0.008,2255,0
1586463,3.493,8.758,-3.055,0.039,-0.017,-0.004,2254,0
1586483,3.452,8.782,-3.045,0.046,-0.012,0.019,2255,0
1586503,3.517,8.66,-3.045,0.046,-0.011,0.021,2254,0
1586523,3.45,8.689,-3.029,0.067,-0.002,0.007,2255,0
1586543,3.431,8.736,-3.041,0.081,-0.002,0.002,2254,0
1586563,3.472,8.717,-3.014,0.06,-0.018,0.009,2255,0
1586583,3.551,8.662,-2.919,0.062,-0.022,0.012,2255,0
1586603,3.563,8.667,-2.897,0.08,-0.011,0.018,2255,0
1586623,3.421,8.76,-2.916,0.078,-0.027,0.012,2254,0
1586643,3.438,8.777,-3.002,0.059,-0.048,0.008,2254,0
1586663,3.474,8.748,-3.043,0.046,-0.057,0.009,2254,0
1586683,3.481,8.741,-3.038,0.052,-0.05,0.018,2255,0
1586703,3.443,8.78,-3.06,0.056,-0.049,0.035,2253,0
1586723,3.426,8.787,-3.067,0.052,-0.058,0.039,2254,0
1586743,3.541,8.784,-3.12,0.051,-0.064,0.032,2255,0
1586763,3.505,8.772,-3.17,0.038,-0.052,0.038,2255,0
1586783,3.46,8.667,-3.206,0.037,-0.041,0.069,2254,0
1586803,3.575,8.689,-3.242,0.06,-0.034,0.083,2255,0
1586823,3.601,8.693,-3.201,0.065,-0.021,0.062,2256,0
1586843,3.515,8.691,-3.151,0.055,-0.022,0.05,2255,0
1586863,3.541,8.543,-3.163,0.023,-0.03,0.057,2254,0
1586883,3.666,8.464,-3.134,0.029,-0.012,0.057,2255,0
1586903,3.709,8.499,-3.122,0.058,0.011,0.046,2253,0
1586923,3.639,8.629,-3.124,0.078,0.003,0.028,2254,0
1586943,3.61,8.614,-3.105,0.049,-0.017,0.017,2255,0
1586963,3.608,8.487,-3.077,0.034,-0.01,0.019,2254,0
1586983,3.615,8.526,-3.1,0.055,0.007,0.02,2254,0
1587003,3.716,8.617,-3.038,0.047,-0.004,0.006,2253,0
1587023,3.654,8.614,-2.986,0.026,-0.016,-0.018,2254,0
1587043,3.57,8.48,-3.007,0.011,-0.028,-0.024,2254,0
1587063,3.634,8.566,-3.033,0.034,-0.028,-0.006,2255,0
1587083,3.694,8.729,-3.117,0.048,-0.011,-0.016,2257,0
1587103,3.62,8.751,-3.127,0.06,-0.006,-0.021,2255,0
1587123,3.524,8.789,-3.103,0.062,-0.013,0.0,2254,0
1587143,3.618,8.724,-3.072,0.033,-0.022,0.004,2255,0
1587163,3.682,8.655,-3.005,-0.002,-0.021,0.008,2255,0
1587183,3.639,8.633,-2.957,0.026,-0.017,0.019,2253,0
1587203,3.61,8.763,-3.024,0.065,-0.024,0.02,2254,0
1587223,3.608,8.736,-3.036,0.063,-0.033,0.029,2254,0
1587243,3.639,8.641,-2.998,0.052,-0.036,0.03,2255,0
1587263,3.694,8.526,-3.005,0.01,-0.038,0.018,2254,0
1587283,3.689,8.468,-3.014,0.005,-0.04,0.008,2255,0
1587303,3.661,8.516,-3.129,0.054,-0.042,0.011,2254,0
1587323,3.687,8.598,-3.16,0.092,-0.03,0.011,2253,0
1587343,3.651,8.633,-3.199,0.075,-0.027,0.0,2255,0
1587363,3.689,8.509,-3.199,0.019,-0.018,-0.004,2255,0
1587383,3.716,8.538,-3.177,0.027,-0.0,-0.005,2254,0
1587403,3.689,8.531,-3.211,0.045,0.014,-0.021,2253,0
1587423,3.68,8.595,-3.134,0.079,0.012,-0.022,2254,0
1587443,3.649,8.684,-3.144,0.09,0.02,-0.035,2255,0
1587463,3.627,8.734,-3.117,0.054,0.019,-0.035,2253,0
1587483,3.651,8.715,-3.012,0.027,0.017,-0.015,2255,0
1587503,3.675,8.617,-2.959,0.032,0.022,0.007,2255,0
1587523,3.682,8.739,-2.909,0.069,0.018,0.001,2255,0
1587543,3.61,8.801,-2.856,0.074,0.001,0.001,2255,0
1587563,3.589,8.739,-2.765,0.042,-0.029,0.021,2254,0
1587583,3.68,8.677,-2.818,0.019,-0.053,0.032,2254,0
1587603,3.711,8.595,-2.878,0.027,-0.055,0.029,2253,0
1587623,3.68,8.61,-2.942,0.047,-0.068,0.024,2254,0
1587643,3.699,8.629,-2.964,0.04,-0.086,0.016,2255,0
1587663,3.725,8.411,-2.88,-0.002,-0.105,0.011,2254,0
1587683,3.795,8.25,-2.868,-0.01,-0.112,-0.007,2255,0
1587703,3.735,8.289,-2.954,0.011,-0.117,-0.037,2255,0
1587723,3.687,8.384,-3.031,0.037,-0.125,-0.065,2255,0
1587743,3.661,8.507,-3.1,0.058,-0.126,-0.072,2255,0
1587763,3.62,8.748,-3.247,0.073,-0.109,-0.074,2255,0
1587783,3.584,8.854,-3.393,0.054,-0.088,-0.061,2255,0
1587803,3.536,8.837,-3.424,0.025,-0.07,-0.051,2255,0
1587823,3.598,8.799,-3.44,0.015,-0.052,-0.039,2255,0
1587843,3.572,8.746,-3.397,0.029,-0.026,-0.021,2256,0
1587863,3.546,8.722,-3.292,0.04,-0.006,-0.007,2256,0
1587883,3.555,8.71,-3.239,0.033,0.012,0.006,2255,0
1587903,3.632,8.729,-3.108,0.029,0.016,0.008,2255,0
1587923,3.596,8.684,-2.971,0.018,0.015,0.0,2256,0
1587943,3.527,8.653,-2.952,0.003,-0.009,-0.006,2255,0
1587963,3.575,8.727,-2.954,-0.031,-0.035,-0.001,2255,0
1587983,3.61,8.744,-2.983,-0.092,-0.05,0.023,2256,0
1588003,3.656,8.633,-2.919,-0.145,-0.055,0.052,2256,0
1588023,3.639,8.528,-2.907,-0.117,-0.038,0.016,2255,0
1588043,3.637,8.545,-2.909,-0.037,-0.031,-0.014,2256,0
1588063,3.63,8.631,-2.957,0.029,-0.034,-0.014,2256,0
1588083,3.62,8.645,-2.983,0.051,-0.032,-0.012,2256,0
1588103,3.61,8.705,-3.026,0.037,-0.023,-0.013,2255,0
1588123,3.622,8.751,-3.043,0.013,-0.017,-0.011,2256,0
1588143,3.649,8.751,-2.99,0.013,-0.01,-0.012,2256,0
1588163,3.62,8.689,-3.007,0.033,-0.004,-0.021,2255,0
1588183,3.594,8.636,-2.978,0.046,-0.002,-0.028,2255,0
1588203,3.62,8.605,-2.926,0.043,0.001,-0.022,2255,0
1588223,3.63,8.59,-2.938,0.052,0.012,-0.016,2255,0
1588243,3.618,8.736,-2.916,0.074,0.013,-0.027,2255,0
1588263,3.572,8.756,-2.952,0.066,0.006,-0.03,2255,0
1588283,3.62,8.724,-2.933,0.053,0.001,-0.032,2255,0
1588303,3.594,8.648,-2.931,0.037,0.013,-0.029,2255,0
1588323,3.551,8.815,-2.942,0.072,0.017,-0.014,2255,0
1588343,3.517,8.866,-2.928,0.081,0.021,-0.003,2254,0
1588363,3.57,8.911,-2.911,0.087,0.008,0.013,2255,0
1588383,3.639,8.835,-2.851,0.066,0.005,0.013,2255,0
1588403,3.598,8.72,-2.701,0.046,-0.007,0.022,2255,0
1588423,3.553,8.734,-2.768,0.056,-0.018,0.037,2255,0
1588443,3.61,8.82,-2.725,0.078,-0.04,0.052,2254,0
1588463,3.603,8.753,-2.804,0.081,-0.058,0.046,2255,0
1588483,3.646,8.71,-2.784,0.052,-0.074,0.046,2255,0
1588503,3.663,8.669,-2.832,0.028,-0.084,0.039,2255,0
1588523,3.634,8.559,-2.823,0.026,-0.091,0.043,2255,0
1588543,3.651,8.583,-2.861,0.056,-0.103,0.058,2255,0
1588563,3.68,8.614,-2.945,0.065,-0.108,0.044,2254,0
1588583,3.666,8.636,-3.036,0.049,-0.11,0.039,2256,0
1588603,3.661,8.655,-3.077,0.015,-0.104,0.023,2255,0
1588623,3.682,8.598,-3.081,0.002,-0.096,0.025,2255,0
1588643,3.709,8.631,-3.117,0.027,-0.084,0.039,2255,0
1588663,3.706,8.638,-3.122,0.053,-0.076,0.039,2255,0
1588683,3.666,8.617,-3.139,0.055,-0.072,0.035,2255,0
1588703,3.677,8.686,-3.136,0.032,-0.068,0.024,2255,0
1588723,3.716,8.61,-3.074,0.009,-0.055,0.036,2256,0
1588743,3.764,8.554,-3.045,0.029,-0.039,0.048,2256,0
1588763,3.725,8.581,-3.041,0.058,-0.032,0.033,2255,0
1588783,3.716,8.554,-2.983,0.054,-0.046,0.02,2256,0
1588803,3.735,8.535,-3.007,0.033,-0.05,-0.002,2254,0
1588823,3.742,8.533,-3.024,0.02,-0.035,-0.007,2256,0
1588843,3.701,8.59,-3.069,0.041,-0.023,0.001,2255,0
1588863,3.709,8.607,-3.0,0.059,-0.024,0.007,2256,0
1588883,3.737,8.605,-2.909,0.063,-0.037,-0.0,2255,0
1588903,3.709,8.617,-2.866,0.04,-0.047,-0.02,2256,0
1588923,3.642,8.533,-2.861,0.014,-0.054,-0.015,2255,0
1588943,3.723,8.667,-2.928,0.043,-0.055,0.002,2256,0
1588963,3.67,8.803,-3.038,0.059,-0.052,-0.002,2256,0
1588983,3.62,8.744,-3.038,0.065,-0.063,0.003,2255,0
1589003,3.584,8.724,-3.053,0.046,-0.061,0.009,2255,0
1589023,3.821,8.566,-3.036,0.006,-0.065,0.004,2256,0
1589043,3.797,8.473,-3.0,-0.016,-0.051,-0.001,2256,0
1589063,3.673,8.61,-3.062,0.036,-0.051,0.009,2255,0
1589083,3.668,8.739,-3.129,0.063,-0.061,0.011,2255,0
1589103,3.776,8.693,-3.098,0.033,-0.063,-0.002,2255,0
1589123,3.773,8.602,-3.045,-0.002,-0.047,-0.02,2256,0
1589143,3.646,8.574,-3.024,0.004,-0.032,0.007,2255,0
1589163,3.745,8.578,-3.026,0.039,-0.034,0.016,2255,0
1589183,3.67,8.547,-3.026,0.045,-0.023,-0.012,2255,0
1589203,3.666,8.502,-3.103,0.044,-0.031,-0.025,2256,0
1589223,3.783,8.511,-3.208,0.018,-0.022,-0.029,2255,0
1589243,3.759,8.593,-3.201,0.026,-0.002,-0.037,2256,0
1589263,3.757,8.6,-3.136,0.043,0.008,-0.034,2255,0
1589283,3.618,8.55,-2.998,0.048,0.007,-0.043,2256,0
1589303,3.677,8.475,-2.969,0.048,-0.003,-0.057,2256,0
1589323,3.74,8.425,-2.962,0.027,0.011,-0.075,2256,0
1589343,3.699,8.605,-2.974,0.065,0.022,-0.074,2257,0
1589363,3.737,8.655,-3.005,0.063,0.021,-0.067,2256,0
1589383,3.584,8.78,-2.95,0.069,0.017,-0.074,2255,0
1589403,3.582,8.827,-2.916,0.059,0.002,-0.07,2256,0
1589423,3.577,8.815,-2.89,0.038,0.005,-0.049,2255,0
1589443,3.555,8.863,-2.885,0.054,0.007,-0.04,2255,0
1589463,3.481,8.734,-2.866,0.04,0.012,-0.02,2255,0
1589483,3.448,9.019,-2.842,0.098,-0.011,-0.014,2255,0
1589503,3.711,8.763,-2.976,0.028,-0.021,0.001,2256,0
1589523,3.515,8.768,-2.775,0.044,-0.012,-0.002,2256,0
1589543,3.61,8.564,-2.854,0.02,-0.051,0.006,2256,0
1589563,3.591,8.557,-2.887,0.031,-0.048,-0.006,2255,0
1589583,3.752,8.598,-3.043,0.045,-0.059,-0.002,2256,0
1589603,3.51,8.667,-3.146,0.05,-0.039,-0.01,2255,0
1589623,3.632,8.669,-3.122,0.051,-0.05,-0.006,2258,0
1589643,3.78,8.681,-3.112,0.024,-0.027,-0.024,2256,0
1589663,3.656,8.686,-3.091,0.029,-0.017,-0.03,2255,0
1589683,3.467,8.564,-3.11,0.053,-0.005,-0.004,2255,0
1589703,3.63,8.531,-3.065,0.076,0.002,-0.002,2256,0
1589723,3.752,8.605,-2.94,0.051,0.017,-0.044,2255,0
1589743,3.582,8.66,-2.938,0.034,0.008,-0.06,2256,0
1589763,3.531,8.674,-2.875,0.039,-0.013,-0.035,2256,0
1589783,3.63,8.607,-2.873,0.049,-0.012,-0.025,2256,0
1589803,3.651,8.751,-2.94,0.076,-0.004,-0.051,2257,0
1589823,3.536,8.83,-2.966,0.061,-0.008,-0.048,2255,0
1589843,3.512,8.693,-2.909,0.032,-0.023,-0.031,2255,0
1589863,3.594,8.636,-2.875,0.019,-0.026,-0.049,2255,0
1589883,3.627,8.708,-2.878,0.033,-0.021,-0.049,2255,0
1589903,3.491,8.835,-2.95,0.069,-0.025,-0.025,2255,0
1589923,3.491,8.811,-3.055,0.078,-0.028,-0.012,2255,0
1589943,3.63,8.885,-3.065,0.047,-0.029,-0.024,2255,0
1589963,3.56,8.792,-3.021,-0.002,-0.014,-0.025,2255,0
1589983,3.467,8.653,-2.981,0.0,-0.011,-0.004,2255,0
1590003,3.582,8.612,-2.916,0.042,-0.009,0.0,2255,0
1590023,3.634,8.648,-2.916,0.066,-0.012,-0.013,2256,0
1590043,3.51,8.794,-2.921,0.061,-0.023,-0.028,2255,0
1590063,3.491,8.794,-2.897,0.023,-0.034,-0.019,2256,0
1590083,3.563,8.724,-2.89,0.007,-0.031,-0.012,2256,0
1590103,3.548,8.691,-2.911,0.027,-0.023,-0.016,2255,0
1590123,3.503,8.756,-2.938,0.053,-0.029,-0.002,2255,0
1590143,3.551,8.77,-2.988,0.063,-0.042,-0.002,2255,0
1590163,3.527,8.696,-2.986,0.037,-0.038,-0.006,2255,0
1590183,3.548,8.71,-3.007,0.038,-0.027,-0.009,2255,0
1590203,3.57,8.698,-3.029,0.037,-0.015,-0.009,2255,0
1590223,3.551,8.698,-3.007,0.05,-0.013,-0.007,2256,0
1590243,3.524,8.684,-3.019,0.061,-0.016,-0.008,2257,0
1590263,3.539,8.763,-2.986,0.068,-0.011,-0.013,2256,0
1590283,3.536,8.794,-2.928,0.041,-0.003,0.001,2256,0
1590303,3.524,8.825,-2.895,0.043,-0.004,0.009,2256,0
1590323,3.512,8.792,-2.885,0.05,-0.013,0.019,2255,0
1590343,3.455,8.839,-2.998,0.06,-0.021,0.017,2256,0
1590363,3.606,8.947,-2.99,0.063,-0.021,0.022,2256,0
1590383,3.567,8.916,-3.024,0.055,-0.011,0.048,2255,0
1590403,3.476,8.818,-2.978,0.052,-0.005,0.075,2256,0
1590423,3.524,8.839,-3.057,0.063,0.004,0.081,2255,0
1590443,3.577,8.875,-3.117,0.05,0.003,0.087,2255,0
1590463,3.601,8.945,-3.077,0.033,0.003,0.096,2256,0
1590483,3.606,8.866,-2.983,0.036,0.008,0.122,2257,0
1590503,3.639,8.873,-2.863,0.071,0.019,0.136,2255,0
1590523,3.61,8.933,-2.835,0.077,0.011,0.153,2256,0
1590543,3.582,8.923,-2.789,0.061,-0.012,0.184,2255,0
1590563,3.687,8.859,-2.799,0.052,-0.031,0.213,2255,0
1590583,3.804,8.827,-2.859,0.057,-0.026,0.216,2255,0
1590603,3.773,8.76,-2.899,0.053,-0.026,0.228,2256,0
1590623,3.807,8.758,-2.976,0.06,-0.038,0.252,2255,0
1590643,3.898,8.641,-2.998,0.053,-0.041,0.261,2255,0
1590663,3.953,8.645,-3.093,0.06,-0.031,0.274,2255,0
1590683,3.936,8.715,-3.177,0.076,-0.009,0.28,2255,0
1590703,3.941,8.859,-3.249,0.09,0.01,0.293,2255,0
1590723,3.958,8.961,-3.373,0.064,0.024,0.337,2255,0
1590743,4.101,8.885,-3.328,0.033,0.041,0.377,2256,0
1590763,4.161,8.564,-3.311,-0.007,0.074,0.412,2255,0
1590783,4.051,8.363,-3.311,-0.022,0.108,0.415,2256,0
1590803,4.065,8.068,-3.33,-0.022,0.135,0.404,2256,0
1590823,4.264,7.779,-3.29,-0.018,0.124,0.382,2256,0
1590843,4.396,7.494,-3.163,-0.003,0.115,0.312,2256,0
1590863,4.432,7.233,-2.981,0.024,0.098,0.224,2255,0
1590883,4.429,7.13,-2.998,0.068,0.031,0.146,2255,0
1590903,4.628,7.101,-3.136,0.208,-0.042,0.104,2256,0
1590923,5.145,7.171,-3.254,0.365,-0.043,0.071,2256,0
1590943,5.375,7.374,-3.285,0.372,0.016,0.0,2256,0
1590963,5.351,7.666,-3.342,0.256,0.05,-0.053,2256,0
1590983,5.303,7.875,-3.409,0.172,0.067,-0.097,2257,0
1591003,5.203,7.992,-3.393,0.196,0.097,-0.119,2255,0
1591023,4.889,8.279,-3.402,0.255,0.097,-0.116,2256,0
1591043,4.855,8.54,-3.646,0.36,0.079,-0.084,2256,0
1591063,5.389,11.092,-4.324,0.001,0.0,-0.258,2257,0
1591083,4.721,9.558,-3.424,-3.45,0.061,-0.782,2261,0
1591103,3.603,9.112,-2.358,-2.693,-0.073,-0.355,4095,0
1591123,3.716,8.811,-0.132,-1.698,-0.187,0.155,4095,0
1591143,4.307,7.831,-0.785,-0.268,-0.284,0.616,4095,0
1591163,5.373,6.589,-0.946,1.525,0.002,0.797,4095,0
1591183,5.167,6.819,-2.193,2.881,0.155,0.824,4095,0
1591203,5.878,7.999,-2.272,2.39,0.196,0.119,4095,0
1591223,4.422,8.674,-2.667,0.901,0.345,-0.36,3662,0
1591243,4.235,9.234,-2.43,-0.761,0.377,-0.369,2262,0
1591263,4.199,9.067,-2.854,-0.952,0.023,-0.06,2264,0
1591283,4.005,8.133,-2.425,-1.177,-0.129,0.317,2263,0
1591303,5.289,7.274,-2.241,-1.213,-0.021,0.333,2262,0
1591323,5.978,7.448,-2.243,-0.791,0.132,0.081,2266,0
1591343,4.614,7.839,-1.872,-0.877,0.175,-0.028,2265,0
1591363,5.71,8.442,-1.448,-0.959,0.355,-0.204,2265,0
1591383,5.614,9.369,-1.319,-0.764,0.491,-0.253,2726,0
1591403,4.314,8.88,-0.026,-0.432,0.424,0.063,2274,0
1591423,4.796,8.993,-0.211,0.042,0.35,0.262,2275,0
1591443,4.978,9.239,-0.553,0.09,0.156,0.219,2282,0
1591463,4.319,8.849,-0.697,-0.183,-0.017,0.275,2286,0
1591483,4.92,8.023,-0.977,-0.3,0.046,0.284,2288,0
1591503,5.65,8.095,-0.725,-0.172,0.104,0.177,2292,0
1591523,5.061,7.956,-1.113,-0.075,0.084,0.282,2298,0
1591543,4.87,7.561,-1.276,-0.154,0.144,0.107,2302,0
1591563,5.655,8.389,-0.752,-0.009,0.232,-0.154,2306,0
1591583,4.906,9.167,-0.594,-0.175,0.124,-0.116,2308,0
1591603,4.932,8.981,-0.917,-0.326,0.077,0.001,2313,0
1591623,5.241,9.754,-0.776,-0.416,-0.09,0.058,2316,0
1591643,4.901,8.906,-0.776,-0.657,-0.171,0.071,2317,0
1591663,5.303,8.473,-0.567,-0.825,-0.205,0.01,2966,0
1591683,5.437,7.743,-0.453,-0.801,-0.187,-0.116,4095,0
1591703,5.526,7.515,-0.484,-0.784,-0.122,-0.333,4095,0
1591723,5.483,8.286,-0.402,-0.594,0.038,-0.41,4095,0
1591743,4.894,8.653,-0.285,-0.428,0.128,-0.298,2318,0
1591763,4.817,8.679,0.127,-0.726,0.123,-0.177,2432,0
1591783,4.86,8.164,0.445,-0.693,0.028,-0.025,2328,0
1591803,5.023,7.922,0.809,-0.623,0.024,0.028,2317,0
1591823,4.808,7.86,0.91,-0.338,0.078,-0.032,2315,0
1591843,4.355,8.238,0.946,0.009,0.05,-0.059,2317,0
1591863,4.269,8.392,0.939,0.174,-0.092,-0.03,2316,0
1591883,4.274,8.248,0.927,0.201,-0.26,0.037,2317,0
1591903,4.365,8.035,0.874,0.168,-0.311,0.09,2315,0
1591923,4.463,7.767,0.709,0.234,-0.302,0.083,2316,0
1591943,4.42,7.468,0.603,0.387,-0.26,0.049,2316,0
1591963,4.386,7.341,0.496,0.454,-0.251,-0.006,2317,0
1591983,4.604,7.324,0.536,0.474,-0.27,-0.039,2319,0
1592003,4.688,7.216,0.56,0.511,-0.275,-0.05,2319,0
1592023,4.566,7.151,0.5,0.61,-0.327,-0.123,4095,0
1592043,4.393,7.384,0.101,0.749,-0.31,-0.25,4095,0
1592063,4.305,7.733,-0.261,1.16,-0.225,-0.259,4095,0
1592083,4.104,8.078,-0.436,1.443,-0.284,-0.224,4095,0
1592103,3.974,7.678,-0.481,1.759,-0.362,-0.112,4095,0
1592123,3.864,7.836,-1.037,1.889,-0.227,-0.174,2313,0
1592143,3.553,7.767,-2.207,2.256,-0.225,-0.283,2310,0
1592163,3.043,8.588,-2.612,1.929,-0.055,-0.629,2307,0
1592183,3.354,9.452,-2.188,1.131,0.092,-0.952,2304,0
1592203,1.776,9.426,-1.891,-0.219,-0.059,-0.858,2303,0
1592223,3.141,9.311,-1.822,-0.974,-0.225,-0.831,2302,0
1592243,2.983,8.871,-1.824,-1.225,-0.359,-0.749,2304,0
1592263,3.213,7.898,-1.848,-1.186,-0.248,-0.65,2303,0
1592283,3.622,7.824,-2.361,-0.444,0.08,-0.9,2304,0
1592303,2.109,8.708,-1.757,0.132,0.166,-0.905,2303,0
1592323,2.816,9.538,-1.293,0.225,0.097,-0.851,2303,0
1592343,3.259,9.857,-1.429,0.064,-0.015,-0.879,2303,0
1592363,1.633,9.512,-1.753,-0.414,-0.057,-0.695,2302,0
1592383,2.751,9.357,-1.721,-0.323,0.028,-0.771,2302,0
1592403,3.041,9.907,-1.645,-0.096,-0.137,-0.863,2302,0
1592423,2.466,9.859,-1.59,-0.064,-0.122,-0.72,2302,0
1592443,2.919,9.998,-2.112,0.248,-0.011,-0.701,2305,0
1592463,2.049,10.654,-2.028,0.266,-0.144,-0.504,2304,0
1592483,2.358,10.161,-1.719,-0.105,-0.304,-0.3,2303,0
1592503,4.029,9.969,-2.258,-0.045,-0.29,-0.478,2302,0
1592523,3.053,10.068,-2.148,0.076,-0.231,-0.555,2303,0
1592543,2.703,9.955,-1.762,0.036,-0.21,-0.425,2302,0
1592563,4.271,10.24,-1.774,0.162,-0.269,-0.431,2302,0
1592583,4.07,10.671,-1.47,0.058,-0.449,-0.274,2302,0
1592603,4.286,10.262,-1.475,-0.113,-0.469,-0.106,2302,0
1592623,5.334,10.35,-1.975,0.276,-0.443,-0.211,2303,0
1592643,5.409,10.558,-1.772,0.465,-0.469,-0.028,2301,0
1592663,4.961,10.906,-1.961,0.65,-0.414,0.14,2303,0
1592683,4.128,11.157,-2.334,0.581,-0.335,0.328,2303,0
1592703,3.649,11.143,-2.535,0.438,-0.229,0.429,2303,0
1592723,3.464,10.915,-2.38,0.335,-0.16,0.478,2302,0
1592743,3.021,10.721,-2.277,0.37,-0.11,0.514,2303,0
1592763,2.497,10.625,-1.915,0.364,-0.129,0.608,2304,0
1592783,2.535,10.336,-1.293,0.212,-0.313,0.807,2303,0
1592803,2.291,9.457,-1.36,-0.125,-0.448,0.922,2302,0
1592823,1.98,8.765,-1.707,-0.338,-0.474,0.828,2302,0
1592843,1.765,8.303,-1.97,-0.439,-0.525,0.689,2302,0
1592863,1.86,8.124,-2.023,-0.347,-0.504,0.62,2301,0
1592883,1.717,8.08,-1.987,-0.244,-0.479,0.581,2302,0
1592903,1.338,8.236,-2.346,-0.276,-0.463,0.482,2303,0
1592923,1.599,7.901,-2.49,-0.301,-0.471,0.346,2303,0
1592943,1.999,7.733,-2.6,-0.132,-0.394,0.232,2302,0
1592963,2.172,8.021,-2.806,0.102,-0.257,0.086,2302,0
1592983,2.045,8.428,-2.938,0.164,-0.165,0.024,2303,0
1593003,2.071,8.578,-3.048,0.076,-0.128,-0.013,2302,0
1593023,2.282,8.452,-2.854,-0.056,-0.076,-0.07,2301,0
1593043,2.555,8.31,-2.538,-0.088,0.01,-0.141,2301,0
1593063,2.583,8.44,-2.253,-0.0,0.096,-0.201,2301,0
1593083,2.569,8.715,-1.896,0.1,0.116,-0.266,2300,0
1593103,2.55,8.911,-1.788,0.112,0.073,-0.307,2300,0
1593123,2.619,8.885,-1.786,0.046,0.01,-0.268,2300,0
1593143,2.643,9.153,-2.217,0.221,0.01,-0.316,2299,0
1593163,2.634,9.562,-1.736,0.151,-0.027,-0.334,2299,0
1593183,2.547,9.22,-1.59,0.075,-0.007,-0.243,2299,0
1593203,1.796,9.754,-1.956,0.157,-0.086,-0.284,2298,0
1593223,2.138,9.306,-1.788,-0.003,-0.101,-0.137,2298,0
1593243,3.23,9.73,-2.361,0.238,-0.037,-0.307,2297,0
1593263,1.98,9.697,-1.966,0.033,-0.099,-0.219,2296,0
1593283,2.818,9.383,-1.86,-0.047,-0.042,-0.183,2300,0
1593303,2.974,9.84,-2.176,0.068,-0.053,-0.312,2298,0
1593323,1.92,9.412,-1.829,-0.151,-0.103,-0.169,2297,0
1593343,3.124,9.385,-2.14,0.01,0.001,-0.25,2298,0
1593363,2.456,10.056,-2.315,0.184,-0.01,-0.32,2298,9
1593383,1.791,9.653,-2.023,-0.101,-0.052,-0.134,2298,0
1593403,2.998,9.589,-2.191,-0.09,0.015,-0.207,2299,0
1593423,2.337,9.936,-1.978,-0.121,-0.041,-0.219,2296,0
1593443,1.865,9.256,-1.686,-0.335,-0.056,-0.07,2295,0
1593463,2.933,9.172,-2.258,-0.133,0.002,-0.186,2297,0
1593483,2.241,9.606,-2.116,0.023,-0.061,-0.204,2298,0
1593503,1.824,9.05,-1.693,-0.108,-0.066,-0.046,2297,0
1593523,2.885,9.036,-2.025,0.078,0.015,-0.158,2296,0
1593543,2.157,9.471,-2.033,0.152,-0.044,-0.206,2295,0
1593563,1.626,9.079,-1.788,0.002,-0.06,-0.087,2296,0
1593583,2.682,9.383,-2.126,0.175,-0.001,-0.189,2296,0
1593603,2.002,10.036,-2.2,0.244,-0.061,-0.187,2296,0
1593623,2.121,9.44,-1.786,0.066,-0.022,-0.031,2297,0
1593643,2.176,9.632,-1.939,0.123,-0.054,-0.08,2299,0
1593663,2.1,9.713,-1.949,0.146,-0.001,-0.074,2298,0
1593683,2.219,9.61,-2.016,0.078,-0.018,-0.055,2298,0
1593703,2.148,9.469,-1.975,0.043,0.009,-0.042,2299,0
1593723,2.011,9.476,-1.975,0.023,0.024,-0.048,2298,0
1593743,1.99,9.481,-1.978,0.019,0.02,-0.06,2297,0
1593763,2.054,9.404,-1.954,0.023,-0.001,-0.057,2297,0
1593783,2.011,9.292,-2.018,0.001,0.002,-0.062,2297,0
1593803,1.987,9.22,-2.035,-0.025,-0.003,-0.062,2297,0
1593823,1.954,9.227,-2.071,-0.023,0.014,-0.086,2297,0
1593843,1.877,9.318,-2.085,-0.022,0.013,-0.117,2298,0
1593863,1.832,9.335,-2.145,-0.014,-0.001,-0.135,2296,0
1593883,1.817,9.143,-2.107,-0.016,-0.006,-0.135,2298,0
1593903,1.846,9.141,-2.073,0.023,0.015,-0.13,2297,0
1593923,1.817,9.237,-2.054,0.055,0.044,-0.173,2296,0
1593943,1.709,9.371,-2.061,0.092,0.058,-0.207,2297,0
1593963,1.688,9.488,-2.155,0.106,0.057,-0.225,2298,0
1593983,1.709,9.618,-2.179,0.088,0.067,-0.219,2298,0
1594003,1.709,9.795,-2.107,0.021,0.066,-0.179,2297,0
1594023,1.688,9.821,-2.016,-0.044,0.071,-0.155,2298,0
1594043,1.657,9.713,-1.908,-0.088,0.062,-0.141,2298,0
1594063,1.664,9.627,-1.899,-0.092,0.047,-0.127,2298,0
1594083,1.652,9.56,-1.913,-0.072,0.038,-0.108,2296,0
1594103,1.654,9.534,-1.908,-0.036,0.046,-0.091,2297,0
1594123,1.597,9.562,-1.844,-0.021,0.063,-0.094,2299,0
1594143,1.475,9.531,-1.817,-0.063,0.066,-0.098,2298,0
1594163,1.513,9.486,-1.681,-0.098,0.032,-0.085,2300,0
1594183,1.532,9.421,-1.628,-0.076,0.015,-0.085,2298,0
1594203,1.482,9.419,-1.733,-0.009,0.011,-0.081,2299,0
1594223,1.501,9.529,-1.812,0.047,0.012,-0.083,2297,0
1594243,1.489,9.491,-1.748,0.016,0.012,-0.075,2298,0
1594263,1.489,9.426,-1.664,-0.029,0.007,-0.066,2299,0
1594283,1.422,9.519,-1.748,-0.048,0.01,-0.067,2298,0
1594303,1.331,9.596,-1.793,-0.021,0.019,-0.075,2298,0
1594323,1.293,9.725,-1.784,0.019,0.013,-0.08,2299,0
1594343,1.298,9.78,-1.803,0.052,0.011,-0.067,2298,0
1594363,1.302,9.735,-1.824,0.057,0.027,-0.061,2298,0
1594383,1.343,9.831,-1.726,0.04,0.041,-0.056,2296,0
1594403,1.338,9.809,-1.7,0.003,0.044,-0.042,2298,0
1594423,1.348,9.819,-1.669,-0.01,0.037,-0.033,2297,0
1594443,1.389,9.756,-1.664,-0.022,0.027,-0.039,2297,0
1594463,1.393,9.656,-1.69,-0.01,0.027,-0.023,2299,0
1594483,1.374,9.744,-1.63,0.021,0.032,0.005,2298,0
1594503,1.286,9.778,-1.638,0.004,0.023,0.026,2298,0
1594523,1.245,9.689,-1.707,-0.014,-0.003,0.027,2300,0
1594543,1.279,9.589,-1.712,-0.014,-0.011,0.021,2298,0
1594563,1.317,9.567,-1.7,0.032,0.005,0.033,2298,0
1594583,1.331,9.603,-1.662,0.05,0.031,0.033,2299,0
1594603,1.393,9.577,-1.614,0.023,0.036,0.025,2298,0
1594623,1.377,9.503,-1.554,-0.025,0.027,-0.006,2299,0
1594643,1.422,9.404,-1.523,-0.056,0.014,-0.028,2296,0
1594663,1.465,9.428,-1.489,-0.027,0.01,-0.03,2298,0
1594683,1.374,9.531,-1.525,0.006,0.018,-0.038,2297,0
1594703,1.319,9.618,-1.518,0.012,-0.003,-0.033,2299,0
1594723,1.29,9.534,-1.628,0.002,-0.013,-0.046,2300,0
1594743,1.305,9.471,-1.607,0.004,-0.008,-0.046,2297,0
1594763,1.302,9.618,-1.618,0.036,0.01,-0.05,2297,0
1594783,1.188,9.634,-1.575,0.037,0.021,-0.047,2299,0
1594803,1.214,9.618,-1.511,0.072,0.015,-0.05,2297,0
1594823,1.274,9.613,-1.506,0.068,0.001,-0.051,2298,0
1594843,1.358,9.613,-1.484,0.05,-0.012,-0.032,2298,0
1594863,1.389,9.615,-1.542,0.06,0.004,-0.046,2297,0
1594883,1.365,9.639,-1.537,0.12,0.029,-0.077,2297,0
1594903,1.293,9.799,-1.499,0.178,0.044,-0.087,2300,0
1594923,1.199,9.871,-1.496,0.139,0.022,-0.069,2299,0
1594943,1.142,9.855,-1.525,0.018,-0.022,-0.044,2300,0
1594963,1.219,9.704,-1.482,-0.111,-0.051,-0.034,2298,0
1594983,1.252,9.558,-1.46,-0.132,-0.033,-0.065,2299,0
1595003,1.164,9.524,-1.448,-0.11,-0.006,-0.086,2300,0
1595023,1.156,9.519,-1.432,-0.056,-0.006,-0.083,2299,0
1595043,1.135,9.445,-1.432,-0.02,0.01,-0.097,2299,0
1595063,1.168,9.426,-1.448,0.022,0.021,-0.133,2298,0
1595083,1.204,9.5,-1.401,0.048,0.039,-0.156,2298,0
1595103,1.176,9.608,-1.343,0.07,0.047,-0.151,2297,0
1595123,1.041,9.661,-1.36,0.064,0.041,-0.15,2298,0
1595143,0.946,9.764,-1.372,0.003,0.012,-0.133,2299,0
1595163,0.994,9.783,-1.293,-0.071,-0.049,-0.102,2298,0
1595183,1.039,9.74,-1.3,-0.09,-0.074,-0.077,2299,0
1595203,1.006,9.732,-1.305,-0.038,-0.058,-0.091,2297,0
1595223,0.943,9.946,-1.262,0.035,-0.062,-0.09,2300,0
1595243,0.895,10.07,-1.276,0.037,-0.08,-0.053,2299,0
1595263,0.934,9.953,-1.245,-0.026,-0.115,-0.016,2299,0
1595283,1.049,9.766,-1.3,-0.072,-0.115,-0.01,2300,0
1595303,1.346,9.905,-1.231,-0.067,-0.07,-0.062,2299,0
1595323,1.166,9.754,-1.458,-0.119,-0.039,-0.222,2297,0
1595343,0.871,9.364,-1.611,-0.257,-0.011,-0.2,2298,0
1595363,0.733,9.613,-1.671,-0.273,-0.039,-0.121,2301,0
1595383,0.843,9.57,-1.391,-0.28,-0.057,-0.084,2305,0
1595403,0.915,9.486,-1.293,-0.217,-0.043,-0.088,4095,0
1595423,0.874,9.574,-1.238,-0.132,-0.043,-0.103,4095,10
1595443,1.056,9.67,-1.006,-0.121,-0.019,-0.074,2303,0
1595463,1.532,9.287,-1.001,-0.048,-0.042,-0.055,2304,0
1595483,0.201,9.244,-1.008,-0.078,-0.123,0.035,2301,0
1595503,1.932,9.629,-0.982,0.165,-0.053,-0.079,2303,0
1595523,0.393,9.716,-0.888,0.13,-0.106,-0.018,2299,0
1595543,1.417,9.474,-0.996,0.169,-0.033,-0.028,2297,0
1595563,1.02,10.046,-1.255,0.261,-0.084,-0.076,2296,0
1595583,0.306,9.689,-1.073,-0.019,-0.13,0.087,2296,0
1595603,1.432,9.811,-1.398,0.075,-0.093,-0.04,2295,0
1595623,0.438,10.046,-1.324,0.029,-0.135,-0.036,2295,0
1595643,0.658,9.443,-1.022,-0.071,-0.079,0.073,2294,0
1595663,1.403,9.831,-1.334,0.182,0.008,-0.063,2295,0
1595683,0.254,10.07,-1.049,0.069,-0.053,0.01,2293,0
1595703,0.795,9.55,-0.984,-0.041,-0.026,0.059,2292,0
1595723,1.384,9.979,-1.238,0.099,-0.006,-0.065,2295,0
1595743,0.251,10.003,-0.996,-0.001,-0.068,0.046,2293,0
1595763,0.869,9.503,-0.984,-0.006,-0.016,0.094,2294,0
1595783,1.264,9.948,-1.257,0.193,-0.021,-0.02,2293,10
1595803,0.172,9.905,-0.986,0.014,-0.127,0.096,2294,0
1595823,0.948,9.433,-0.996,-0.034,-0.073,0.106,2294,0
1595843,1.247,9.881,-1.353,0.161,-0.038,-0.019,2294,0
1595863,0.129,9.926,-0.989,0.0,-0.112,0.121,2293,0
1595883,1.006,9.313,-0.905,-0.055,-0.07,0.146,2295,0
1595903,1.403,9.658,-1.231,0.109,-0.055,-0.002,2294,8
1595923,0.742,9.261,-0.788,-0.076,-0.095,0.099,2293,0
1595943,0.879,9.512,-1.259,0.154,-0.034,0.027,2294,0
1595963,0.927,9.644,-0.948,0.098,-0.064,0.048,2295,0
1595983,0.886,9.555,-0.965,0.102,-0.077,0.05,2296,0
1596003,0.876,9.57,-1.049,0.088,-0.103,0.033,2294,0
1596023,0.824,9.713,-1.214,0.075,-0.122,0.014,2296,0
1596043,0.848,9.661,-1.214,0.059,-0.128,0.026,2295,0
1596063,0.869,9.584,-1.216,0.094,-0.111,0.037,2294,0
1596083,0.874,9.644,-1.255,0.116,-0.072,0.026,2294,0
1596103,0.871,9.735,-1.3,0.112,-0.059,0.005,2293,0
1596123,0.958,9.646,-1.195,0.051,-0.056,-0.011,2294,0
1596143,1.008,9.596,-1.19,0.015,-0.044,-0.035,2294,0
1596163,1.051,9.661,-1.118,0.031,-0.025,-0.054,2294,0
1596183,1.109,9.778,-1.152,0.068,-0.018,-0.067,2294,0
1596203,1.08,9.74,-1.099,0.054,-0.022,-0.067,2294,0
1596223,1.006,9.783,-1.137,0.033,-0.036,-0.068,2295,0
1596243,0.9,9.843,-1.147,-0.011,-0.042,-0.048,2294,0
1596263,0.85,9.878,-1.18,-0.005,-0.042,-0.005,2293,0
1596283,0.826,9.886,-1.209,0.037,-0.038,0.01,2293,0
1596303,0.816,9.828,-1.269,0.068,-0.044,0.003,2294,0
1596323,0.903,9.713,-1.238,0.056,-0.052,0.004,2295,0
1596343,0.898,9.771,-1.312,0.016,-0.044,0.014,2295,0
1596363,0.9,9.843,-1.214,-0.046,-0.041,0.023,2294,0
1596383,0.931,9.756,-1.276,-0.062,-0.033,0.006,2294,0
1596403,0.994,9.632,-1.161,-0.04,-0.027,0.011,2294,0
1596423,1.037,9.615,-0.998,0.05,-0.012,0.021,2292,0
1596443,1.044,9.68,-0.51,-0.048,-0.051,0.085,2292,0
1596463,0.871,9.424,-1.077,0.061,0.011,0.086,2291,0
1596483,0.678,9.922,-1.178,0.022,-0.089,0.044,2295,0
1596503,1.7,9.38,-1.02,0.029,0.025,0.014,2292,0
1596523,0.824,9.957,-1.451,0.195,-0.022,-0.043,2290,0
1596543,0.783,9.457,-1.068,0.082,0.006,0.075,2291,0
1596563,1.532,9.965,-1.657,0.321,0.056,-0.047,2292,0
1596583,0.096,9.969,-1.298,0.072,-0.047,0.077,2292,0
1596603,1.209,9.579,-1.085,-0.038,0.01,0.101,2292,0
1596623,1.104,9.89,-1.456,0.117,-0.012,-0.001,2291,0
1596643,0.084,9.574,-0.919,-0.061,-0.077,0.145,2294,0
1596663,1.516,9.309,-0.97,0.053,-0.031,0.072,2292,0
1596683,0.895,9.699,-1.329,0.187,-0.096,-0.011,2293,0
1596703,0.558,9.304,-0.941,-0.014,-0.101,0.091,2292,0
1596723,1.834,9.591,-1.348,0.144,-0.026,-0.062,2292,0
1596743,0.649,10.022,-1.379,0.118,-0.074,-0.084,2292,0
1596763,0.718,9.464,-1.149,-0.068,-0.014,0.008,2292,0
1596783,1.597,9.783,-1.592,0.132,0.055,-0.12,2290,0
1596803,0.218,10.127,-1.513,0.035,-0.033,-0.04,2291,0
1596823,0.709,9.558,-0.989,-0.139,-0.037,0.086,2290,0
1596843,1.628,9.783,-1.365,0.09,-0.013,-0.053,2290,0
1596863,0.314,9.953,-1.195,0.056,-0.095,0.012,2292,0
1596883,0.862,9.529,-0.86,-0.03,-0.058,0.099,2292,0
1596903,1.595,9.874,-1.405,0.179,-0.025,-0.025,2291,0
1596923,0.496,9.653,-0.998,-0.03,-0.094,0.097,2293,0
1596943,0.871,9.608,-1.48,0.106,-0.027,0.037,2294,0
1596963,1.018,9.68,-1.322,0.023,-0.056,0.01,2293,0
1596983,0.979,9.653,-1.192,0.017,-0.048,-0.007,2294,0
1597003,1.001,9.531,-1.199,-0.003,-0.054,0.003,2294,0
1597023,1.018,9.613,-1.176,0.004,-0.042,-0.006,2293,0
1597043,1.006,9.682,-1.159,-0.009,-0.052,-0.025,2293,0
1597063,1.02,9.665,-1.185,-0.013,-0.071,-0.044,2294,0
1597083,1.046,9.591,-1.202,-0.001,-0.07,-0.029,2293,0
1597103,1.097,9.697,-1.233,0.039,-0.064,-0.008,2293,0
1597123,1.104,9.723,-1.238,0.032,-0.059,0.008,2293,0
1597143,1.149,9.675,-1.243,0.024,-0.076,-0.001,2292,0
1597163,1.164,9.582,-1.288,0.03,-0.075,-0.009,2293,0
1597183,1.147,9.67,-1.341,0.079,-0.061,-0.004,2293,0
1597203,1.032,9.713,-1.401,0.087,-0.034,0.014,2293,0
1597223,0.989,9.74,-1.36,0.091,-0.027,0.014,2293,0
1597243,1.03,9.756,-1.29,0.068,-0.026,-0.01,2293,0
1597263,1.041,9.728,-1.226,0.039,-0.023,-0.022,2293,0
1597283,1.001,9.641,-1.235,0.012,-0.024,-0.027,2293,0
1597303,1.008,9.577,-1.221,0.018,-0.004,-0.034,2295,0
1597323,0.96,9.675,-1.238,0.032,0.007,-0.046,2294,0
1597343,0.946,9.708,-1.243,0.006,0.007,-0.059,2296,0
1597363,0.996,9.646,-1.195,-0.014,-0.001,-0.06,2293,0
1597383,0.922,9.634,-1.262,-0.008,0.0,-0.063,2295,0
1597403,0.862,9.673,-1.307,-0.001,0.005,-0.063,2294,0
1597423,0.86,9.752,-1.19,0.003,0.006,-0.041,2293,0
1597443,0.855,9.766,-0.596,-0.129,-0.024,0.019,2292,0
1597463,0.783,9.457,-1.125,0.019,0.052,0.011,2293,0
1597483,0.194,9.847,-1.312,-0.004,-0.072,-0.01,2292,0
1597503,1.63,9.498,-1.111,0.026,0.026,-0.036,2292,0
1597523,0.503,9.888,-1.3,0.087,-0.047,-0.048,2292,0
1597543,1.003,9.428,-0.941,-0.044,0.019,0.015,2291,0
1597563,1.389,9.991,-1.446,0.149,0.035,-0.144,2292,0
1597583,0.093,9.718,-1.034,-0.095,-0.029,-0.013,2291,0
1597603,1.405,9.414,-1.03,-0.062,0.051,-0.052,2292,0
1597623,0.943,9.974,-1.276,0.08,0.019,-0.139,2292,0
1597643,0.244,9.603,-0.941,-0.118,-0.011,0.01,2293,0
1597663,1.539,9.673,-1.223,0.043,0.067,-0.12,2293,0
1597683,0.412,10.12,-1.214,0.029,0.007,-0.143,2294,0
1597703,0.407,9.661,-0.781,-0.182,0.036,-0.012,2293,0
1597723,1.343,10.048,-1.226,0.006,0.091,-0.129,2293,0
1597743,0.136,10.444,-0.869,-0.049,0.017,-0.09,2294,0
1597763,0.17,10.23,-0.915,-0.099,0.08,-0.017,2296,0
1597783,0.582,11.083,-1.528,0.166,0.188,-0.149,2295,0
1597803,-0.342,11.837,-1.111,0.075,0.152,0.03,2296,0
1597823,-0.259,12.06,-0.931,0.12,0.268,0.15,2297,0
1597843,0.364,12.835,-0.812,0.166,0.366,0.056,2304,0
1597863,0.081,13.182,-0.809,-0.091,0.23,0.122,2375,0
1597883,-0.326,12.198,-1.018,-0.237,0.248,0.136,2485,0
1597903,-0.014,11.669,-0.991,-0.173,0.461,-0.064,2551,0
1597923,0.091,11.377,-0.996,0.011,0.772,-0.236,2605,0
1597943,0.551,10.807,-0.52,-0.15,0.867,-0.203,2672,0
1597963,1.097,10.199,0.69,-0.73,0.413,-0.101,2736,0
1597983,1.077,8.844,-0.716,-1.606,0.102,-0.055,2744,0
1598003,0.881,6.926,-1.068,-1.904,0.169,-0.313,2749,0
1598023,1.887,5.267,-0.778,-1.936,0.273,-0.635,2779,0
1598043,3.263,3.397,-0.613,-1.919,0.233,-1.015,2834,0
1598063,4.106,0.675,-1.245,-1.799,0.416,-1.467,2896,0
1598083,4.034,-1.281,-1.939,-1.363,0.753,-2.032,2927,0
1598103,3.215,-0.314,-1.178,-0.812,1.107,-2.782,2946,0
1598123,1.597,0.941,-0.223,-0.314,1.292,-3.482,2966,0
1598143,-0.991,2.569,1.283,-0.019,1.295,-3.814,2992,0
1598163,-3.972,5.112,2.658,0.126,1.083,-3.938,3024,0
1598183,-6.977,9.311,2.914,0.3,0.843,-3.922,3064,0
1598203,-9.644,13.216,2.78,0.344,0.675,-3.605,3091,0
1598223,-11.545,16.276,2.308,0.097,0.461,-2.777,3105,0
1598243,-12.752,17.844,1.547,-0.636,0.217,-1.791,3126,0
1598263,-13.111,17.013,0.919,-1.156,0.224,-0.938,3142,0
1598283,-12.115,15.5,2.021,-1.12,0.331,-0.285,3146,0
1598303,-11.418,14.346,3.285,-0.767,0.293,0.284,3138,0
1598323,-10.87,13.379,3.158,-0.374,0.185,0.778,3132,0
1598343,-9.256,12.524,2.464,-0.186,0.037,1.241,3130,0
1598363,-8.107,10.764,1.542,-0.186,0.046,1.472,3136,0
1598383,-7.041,9.421,0.747,-0.191,0.181,1.567,3140,0
1598403,-5.768,9.266,1.092,-0.457,-0.062,1.815,3139,0
1598423,-3.797,7.57,1.616,-0.973,-0.445,2.032,3138,0
1598443,-1.832,4.805,1.851,-1.256,-0.62,1.922,3129,0
1598463,-0.108,3.014,1.501,-1.055,-0.554,1.434,3122,0
1598483,1.561,1.954,2.248,-0.681,-0.388,0.974,3119,0
1598503,3.158,1.413,2.081,-0.126,-0.24,0.483,3119,8
1598523,3.383,0.261,1.14,0.15,-0.264,0.216,3119,0
1598543,4.329,1.183,1.372,0.719,-0.139,-0.209,3117,0
1598563,3.61,-0.096,0.484,0.919,0.119,-0.694,3113,0
1598583,2.763,1.326,1.202,1.463,0.638,-1.455,3112,0
1598603,-0.982,2.207,1.022,1.494,0.71,-1.935,3110,0
1598623,-2.519,5.837,1.978,1.507,0.533,-2.361,3104,0
1598643,-5.715,7.168,1.851,1.127,0.361,-2.443,3100,0
1598663,-8.035,9.658,1.915,0.891,0.469,-2.67,3093,0
1598683,-12.91,12.9,1.573,0.617,0.517,-2.544,3092,0
1598703,-15.06,15.251,0.51,0.006,0.279,-1.997,3095,0
1598723,-15.115,17.233,0.486,-0.23,0.173,-1.265,3096,0
1598743,-14.918,16.403,1.59,-0.133,0.28,-0.248,3091,0
1598763,-12.735,14.911,2.945,0.08,0.194,0.44,3089,0
1598783,-12.431,14.083,2.89,0.101,-0.079,1.034,3086,0
1598803,-10.171,11.128,1.736,-0.118,-0.274,1.388,3082,0
1598823,-8.207,10.779,0.891,-0.123,-0.329,1.555,3081,0
1598843,-6.977,7.726,0.517,-0.41,-0.404,1.712,3073,0
1598863,-4.922,7.508,1.113,-0.428,-0.532,1.622,3070,0
1598883,-3.919,5.526,0.642,-0.807,-0.726,1.651,3072,0
1598903,-1.286,5.023,1.183,-0.981,-0.764,1.39,3069,0
1598923,0.024,3.869,1.214,-1.123,-0.795,1.128,3068,0
1598943,1.626,2.239,1.185,-0.803,-0.634,0.634,3070,0
1598963,2.811,1.587,1.176,-0.189,-0.336,0.188,3067,0
1598983,2.78,2.157,0.85,0.427,-0.1,-0.106,3065,0
1599003,2.186,2.325,0.996,0.813,0.024,-0.366,3064,0
1599023,1.214,2.444,1.099,1.062,0.163,-0.708,3065,0
1599043,-0.074,3.493,1.36,1.249,0.321,-1.134,3062,0
1599063,-1.805,4.769,1.566,1.339,0.445,-1.572,3060,0
1599083,-3.804,6.067,1.547,1.389,0.479,-1.891,3058,0
1599103,-6.778,8.078,1.717,1.289,0.383,-1.998,3058,0
1599123,-10.041,10.91,0.891,1.136,0.253,-1.944,3056,0
1599143,-11.82,14.19,-0.16,0.807,-0.014,-1.437,3053,0
1599163,-12.335,15.838,-0.172,0.342,-0.091,-0.75,3038,0
1599183,-12.809,16.465,1.022,0.271,0.278,-0.141,2997,0
1599203,-11.906,15.081,0.453,0.15,0.06,0.814,2959,0
1599223,-10.319,14.248,1.987,0.229,-0.346,1.771,2902,0
1599243,-8.667,12.531,2.667,0.09,-0.508,2.101,2830,0
1599263,-7.532,11.167,2.229,-0.111,-0.671,2.23,2740,0
1599283,-6.098,10.506,1.281,-0.284,-0.749,2.31,2668,0
1599303,-4.549,9.871,0.773,-0.206,-0.913,2.514,2609,0
1599323,-3.546,9.493,0.563,-0.112,-1.135,2.88,2543,0
1599343,-2.83,8.586,0.625,-0.044,-1.374,3.207,2493,0
1599363,-2.564,8.145,0.601,0.007,-1.474,3.316,2462,0
1599383,-1.748,6.845,0.414,0.008,-1.506,3.256,2443,0
1599403,-0.532,6.076,0.038,0.12,-1.549,3.264,2430,0
1599423,0.656,5.25,0.318,0.297,-1.581,3.228,2435,0
1599443,1.025,5.444,0.481,0.439,-1.608,3.018,2457,0
1599463,0.895,6.084,0.776,0.524,-1.626,2.705,2448,0
1599483,1.647,6.431,0.481,0.51,-1.647,2.482,2449,0
1599503,1.911,6.1,0.314,0.288,-1.657,2.257,2468,0
1599523,2.315,6.754,0.029,0.425,-1.675,1.799,2481,0
1599543,1.925,6.938,-0.084,0.526,-1.645,1.502,2495,0
1599563,3.048,7.475,-0.551,0.934,-1.441,1.142,2498,0
1599583,3.033,8.497,-0.742,1.401,-1.223,0.759,2498,0
1599603,2.325,9.1,-0.555,1.496,-1.053,0.509,2497,0
1599623,2.962,8.914,-0.28,1.524,-0.797,0.244,2496,0
1599643,4.137,9.213,-0.723,1.595,-0.557,-0.102,2500,0
1599663,3.701,10.084,-1.185,1.455,-0.381,-0.329,2504,0
1599683,2.78,10.573,-1.173,1.124,-0.217,-0.395,2509,0
1599703,3.112,10.896,-0.996,0.84,-0.013,-0.484,2512,0
1599723,3.78,10.527,-1.106,0.549,0.12,-0.565,2510,0
1599743,3.225,10.295,-1.322,0.204,0.095,-0.511,2511,0
1599763,2.133,10.245,-1.348,-0.117,0.053,-0.355,2513,0
1599783,2.081,10.271,-1.259,-0.226,0.054,-0.293,2517,8
1599803,2.253,10.171,-1.355,-0.218,0.035,-0.257,2521,0
1599823,2.595,9.898,-1.93,-0.047,0.043,-0.278,2518,0
1599843,2.433,9.783,-1.733,-0.041,-0.007,-0.165,2517,0
1599863,1.927,9.395,-1.324,-0.218,-0.021,-0.047,2518,0
1599883,2.638,9.184,-1.717,-0.133,0.045,-0.187,2519,0
1599903,2.849,8.93,-1.808,-0.062,0.044,-0.238,2518,0
1599923,2.648,9.155,-1.901,0.072,-0.028,-0.191,2519,0
1599943,2.377,9.074,-1.128,0.013,-0.064,-0.039,2521,0
1599963,2.552,9.321,-1.583,0.196,-0.084,-0.158,2526,0
1599983,2.265,9.167,-1.432,0.16,-0.024,-0.175,2526,0
1600003,2.241,9.184,-1.532,0.164,-0.094,-0.094,2522,0
1600023,2.356,9.596,-1.561,0.271,-0.156,-0.013,2520,0
1600043,2.43,9.922,-1.587,0.412,-0.147,-0.012,2518,0
1600063,2.559,9.962,-1.48,0.326,-0.183,-0.036,2516,0
1600083,2.545,9.5,-1.796,0.12,-0.156,-0.064,2519,0
1600103,2.38,9.495,-2.121,0.045,-0.112,-0.075,2518,0
1600123,2.289,9.673,-2.071,0.044,-0.087,-0.095,2518,0
1600143,2.306,9.586,-2.033,0.033,-0.109,-0.067,2520,0
1600163,2.38,9.471,-2.133,0.027,-0.118,-0.039,2521,0
1600183,2.37,9.469,-2.246,-0.06,-0.06,-0.005,2519,0
1600203,2.263,9.436,-2.274,-0.136,-0.018,0.011,2518,0
1600223,2.251,9.316,-2.284,-0.147,0.01,-0.008,2516,0
1600243,2.31,9.232,-2.272,-0.067,0.052,-0.042,2516,0
1600263,2.442,9.309,-1.951,0.044,0.05,-0.064,2516,0
1600283,2.531,9.268,-1.788,0.065,0.037,-0.062,2515,0
1600303,2.5,9.172,-1.635,0.066,0.06,-0.083,2516,0
1600323,2.351,9.153,-1.659,0.056,0.076,-0.076,2515,0
1600343,2.303,9.364,-1.456,0.077,0.051,-0.056,2516,0
1600363,2.255,9.541,-1.494,0.06,0.001,-0.043,2514,0
1600383,2.176,9.543,-1.477,0.034,-0.041,-0.036,2514,0
1600403,2.133,9.424,-1.52,0.005,-0.06,-0.038,2513,0
1600423,2.109,9.333,-1.561,0.013,-0.046,-0.091,2513,0
1600443,2.172,9.266,-1.475,-0.014,-0.045,-0.082,2512,0
1600463,1.918,9.251,-1.161,-0.128,-0.135,0.038,2512,0
1600483,2.004,9.263,-1.547,-0.009,-0.115,0.021,2513,0
1600503,2.267,9.708,-2.081,0.176,-0.086,-0.12,2513,0
1600523,2.025,9.091,-1.432,-0.042,-0.084,-0.018,2513,0
1600543,2.725,9.416,-2.193,0.137,0.003,-0.175,2513,0
1600563,1.664,9.467,-1.875,0.024,-0.053,-0.085,2512,0
1600583,2.064,9.464,-1.695,0.02,-0.008,-0.007,2512,0
1600603,2.48,9.886,-2.229,0.205,0.038,-0.14,2513,0
1600623,1.64,9.878,-1.762,0.076,-0.059,-0.04,2512,0
1600643,1.583,9.352,-1.492,-0.086,-0.048,0.035,2512,0
1600663,2.576,9.448,-2.057,0.039,0.045,-0.088,2512,0
1600683,2.342,9.934,-2.119,0.102,-0.004,-0.079,2512,0
1600703,1.791,9.357,-1.63,-0.118,-0.042,0.103,2512,0
1600723,2.526,9.292,-2.176,-0.014,0.055,-0.006,2512,0
1600743,2.184,9.591,-2.181,0.044,0.058,-0.073,2512,0
1600763,1.719,9.625,-1.875,0.013,0.033,-0.002,2512,0
1600783,2.205,9.328,-1.46,-0.044,0.074,0.07,2511,0
1600803,2.567,9.507,-1.942,0.144,0.093,-0.069,2511,0
1600823,1.832,9.711,-1.561,0.114,0.009,-0.014,2512,0
1600843,1.76,9.134,-1.271,-0.046,-0.004,0.105,2511,0
1600863,2.236,9.234,-1.377,-0.002,0.022,0.1,2512,0
1600883,2.686,9.445,-1.848,0.146,0.049,-0.051,2512,0
1600903,1.985,9.632,-1.674,0.1,-0.031,-0.032,2511,0
1600923,1.683,9.167,-1.295,-0.034,-0.055,0.074,2510,0
1600943,2.227,9.414,-1.913,0.136,0.024,-0.031,2512,0
1600963,1.946,9.443,-1.305,0.0,-0.016,0.019,2512,0
1600983,2.157,9.397,-1.554,0.046,-0.042,-0.018,2511,0
1601003,2.143,9.459,-1.76,0.059,-0.05,-0.043,2511,0
1601023,2.169,9.479,-1.592,0.052,-0.038,-0.056,2512,0
1601043,2.174,9.416,-1.64,0.043,-0.044,-0.033,2512,0
1601063,2.174,9.531,-1.614,0.062,-0.04,0.003,2511,0
1601083,2.1,9.629,-1.729,0.06,-0.03,-0.011,2512,0
1601103,1.997,9.606,-1.81,0.013,-0.046,-0.018,2511,0
1601123,2.04,9.625,-1.743,-0.004,-0.072,0.021,2510,0
1601143,2.152,9.491,-1.688,-0.03,-0.089,0.059,2508,0
1601163,2.131,9.313,-1.765,0.005,-0.063,0.047,2507,0
1601183,2.081,9.397,-1.705,0.044,-0.04,-0.007,2506,0
1601203,2.042,9.354,-1.75,0.044,-0.035,-0.033,2507,0
1601223,2.033,9.268,-1.733,0.039,-0.045,-0.002,2506,0
1601243,2.081,9.254,-1.721,0.015,-0.054,0.022,2505,0
1601263,2.102,9.239,-1.638,0.028,-0.036,-0.016,2505,0
1601283,2.121,9.325,-1.647,0.074,-0.02,-0.057,2505,0
1601303,2.102,9.457,-1.638,0.117,-0.003,-0.082,2506,0
1601323,2.059,9.462,-1.774,0.103,-0.002,-0.054,2506,0
1601343,2.023,9.646,-1.726,0.106,-0.014,-0.036,2506,0
1601363,2.088,9.692,-1.63,0.026,-0.044,-0.02,2507,0
1601383,2.112,9.488,-1.702,-0.016,-0.064,0.0,2506,0
1601403,2.176,9.323,-1.669,-0.012,-0.05,-0.001,2505,0
1601423,2.174,9.297,-1.729,0.038,-0.033,-0.017,2507,0
1601443,2.105,9.522,-1.64,0.094,-0.032,-0.001,2506,0
1601463,2.1,9.651,-1.633,0.095,-0.041,-0.005,2505,0
1601483,2.083,9.574,-1.717,0.029,-0.049,-0.021,2506,0
1601503,2.061,9.471,-1.769,-0.009,-0.05,-0.032,2504,0
1601523,2.09,9.524,-1.753,0.024,-0.046,-0.023,2505,0
1601543,2.126,9.577,-1.748,0.051,-0.034,-0.001,2505,0
1601563,2.09,9.55,-1.695,0.07,-0.028,0.017,2505,0
1601583,2.124,9.45,-1.666,0.032,-0.023,0.013,2506,0
1601603,2.116,9.469,-1.705,0.011,-0.028,0.013,2505,0
1601623,2.078,9.469,-1.676,0.019,-0.028,0.01,2505,0
1601643,1.982,9.493,-1.731,0.047,-0.037,0.016,2506,0
1601663,1.994,9.455,-1.76,0.079,-0.032,0.015,2505,0
1601683,2.102,9.419,-1.781,0.078,-0.042,0.034,2507,0
1601703,2.148,9.426,-1.81,0.066,-0.035,0.029,2504,0
1601723,2.138,9.433,-1.793,0.046,-0.029,0.013,2506,0
1601743,2.112,9.455,-1.736,0.039,-0.038,0.003,2503,0
1601763,2.083,9.428,-1.738,0.039,-0.033,0.019,2503,0
1601783,2.114,9.397,-1.712,0.078,-0.031,0.021,2504,0
1601803,2.061,9.428,-1.755,0.068,-0.031,0.0,2505,0
1601823,2.097,9.316,-1.705,0.03,-0.043,-0.008,2503,0
1601843,2.078,9.376,-1.724,0.037,-0.042,0.003,2502,0
1601863,2.064,9.512,-1.693,0.062,-0.022,-0.018,2503,0
1601883,2.037,9.562,-1.695,0.054,-0.035,-0.015,2503,0
1601903,2.078,9.541,-1.702,0.055,-0.049,-0.017,2504,0
1601923,2.078,9.5,-1.647,0.02,-0.059,-0.002,2503,0
1601943,2.133,9.448,-1.666,0.023,-0.065,0.018,2504,0
1601963,2.164,9.541,-1.628,0.054,-0.058,0.017,2504,0
1601983,2.059,9.601,-1.674,0.058,-0.059,0.006,2504,0
1602003,2.03,9.574,-1.693,0.006,-0.087,0.013,2503,0
1602023,2.066,9.488,-1.755,-0.033,-0.104,0.021,2501,0
1602043,2.124,9.44,-1.707,-0.019,-0.098,0.013,2500,0
1602063,2.138,9.371,-1.731,0.048,-0.07,0.012,2497,0
1602083,2.191,9.459,-1.693,0.084,-0.068,0.008,2498,0
1602103,2.174,9.519,-1.709,0.041,-0.059,0.015,2499,0
1602123,2.193,9.553,-1.702,-0.008,-0.061,0.027,2497,0
1602143,2.243,9.524,-1.64,-0.03,-0.061,0.038,2497,0
1602163,2.2,9.493,-1.652,0.007,-0.048,0.033,2496,0
1602183,2.128,9.426,-1.769,0.044,-0.048,0.032,2495,0
1602203,2.133,9.562,-1.803,0.071,-0.067,0.027,2494,0
1602223,2.176,9.601,-1.796,0.026,-0.052,0.021,2496,0
1602243,2.207,9.538,-1.674,-0.002,-0.035,0.022,2495,0
1602263,2.255,9.488,-1.575,-0.032,-0.018,0.022,2495,0
1602283,2.222,9.416,-1.657,-0.036,-0.007,0.022,2496,0
1602303,2.179,9.433,-1.75,-0.037,0.0,0.023,2494,0
1602323,2.188,9.419,-1.791,-0.035,-0.004,0.036,2494,0
1602343,2.277,9.385,-1.705,-0.013,-0.009,0.047,2495,0
1602363,2.291,9.333,-1.683,0.006,0.005,0.029,2494,0
1602383,2.229,9.388,-1.697,0.033,0.003,0.03,2495,0
1602403,2.145,9.44,-1.717,0.03,-0.002,0.049,2496,0
1602423,2.145,9.443,-1.688,0.025,-0.027,0.065,2494,0
1602443,2.184,9.345,-1.628,0.023,-0.019,0.052,2494,0
1602463,2.174,9.313,-1.633,0.025,-0.014,0.039,2495,0
1602483,2.265,9.237,-1.556,0.013,-0.029,0.047,2495,0
1602503,2.373,9.199,-1.542,0.047,-0.026,0.037,2495,0
1602523,2.332,9.249,-1.592,0.084,-0.006,0.018,2494,0
1602543,2.229,9.438,-1.669,0.106,0.002,0.01,2493,0
1602563,2.27,9.543,-1.674,0.074,-0.019,0.015,2493,0
1602583,2.26,9.498,-1.63,0.042,-0.019,0.013,2494,0
1602603,2.231,9.479,-1.595,0.045,-0.023,0.012,2492,0
1602623,2.231,9.459,-1.597,0.067,-0.022,0.009,2491,0
1602643,2.236,9.495,-1.547,0.094,-0.023,0.017,2491,0
1602663,2.239,9.476,-1.559,0.085,-0.024,0.015,2489,0
1602683,2.243,9.464,-1.547,0.057,-0.019,0.014,2490,0
1602703,2.33,9.388,-1.53,0.021,-0.029,0.003,2491,0
1602723,2.344,9.27,-1.563,0.008,-0.02,-0.005,2493,0
1602743,2.277,9.388,-1.642,0.048,-0.019,-0.006,2491,0
1602763,2.282,9.486,-1.556,0.049,-0.022,-0.006,2491,0
1602783,2.274,9.409,-1.549,0.035,-0.034,0.007,2489,0
1602803,2.279,9.392,-1.568,0.039,-0.037,-0.003,2490,0
1602823,2.2,9.388,-1.645,0.03,-0.037,-0.011,2490,0
1602843,2.136,9.424,-1.693,0.025,-0.05,-0.018,2488,0
1602863,2.195,9.304,-1.554,0.033,-0.055,-0.023,2488,0
1602883,2.308,9.206,-1.532,0.058,-0.053,-0.023,2490,0
1602903,2.325,9.294,-1.559,0.087,-0.04,-0.026,2488,0
1602923,2.296,9.459,-1.681,0.061,-0.046,-0.031,2491,0
1602943,2.313,9.409,-1.671,0.021,-0.062,-0.035,2490,0
1602963,2.404,9.4,-1.628,0.042,-0.064,-0.042,2490,0
1602983,2.322,9.416,-1.611,0.076,-0.045,-0.034,2490,0
1603003,2.205,9.541,-1.784,0.098,-0.045,-0.014,2489,0
1603023,2.145,9.646,-1.745,0.08,-0.051,-0.011,2489,0
1603043,2.164,9.536,-1.753,0.031,-0.055,-0.015,2490,0
1603063,2.255,9.366,-1.592,0.035,-0.051,-0.001,2488,0
1603083,2.274,9.333,-1.626,0.07,-0.046,0.026,2489,0
1603103,2.26,9.409,-1.638,0.081,-0.043,0.022,2489,0
1603123,2.279,9.424,-1.741,0.058,-0.057,0.001,2489,0
1603143,2.31,9.342,-1.702,0.029,-0.057,-0.035,2489,0
1603163,2.339,9.369,-1.686,0.036,-0.055,-0.006,2491,0
1603183,2.306,9.45,-1.81,0.067,-0.054,0.021,2495,0
1603203,2.21,9.469,-1.767,0.076,-0.035,0.018,2494,0
1603223,2.155,9.373,-1.784,0.065,-0.027,0.013,2494,0
1603243,2.203,9.306,-1.638,0.09,-0.041,0.039,2493,0
1603263,2.274,9.397,-1.604,0.11,-0.075,0.075,2493,0
1603283,2.337,9.433,-1.707,0.137,-0.083,0.054,2493,0
1603303,2.416,9.321,-1.745,0.136,-0.054,-0.007,2494,0
1603323,2.354,9.347,-1.891,0.097,-0.027,-0.024,2492,0
1603343,2.349,9.471,-1.832,0.07,-0.04,-0.01,2492,0
1603363,2.425,9.455,-1.733,0.082,-0.056,0.009,2491,0
1603383,2.423,9.407,-1.762,0.127,-0.054,0.018,2491,0
1603403,2.32,9.548,-1.896,0.167,-0.043,0.013,2493,0
1603423,2.243,9.687,-1.927,0.137,-0.051,0.037,2493,0
1603443,2.234,9.72,-1.908,0.111,-0.074,0.073,2492,0
1603463,2.361,9.598,-1.788,0.12,-0.084,0.088,2490,0
1603483,2.509,9.414,-1.822,0.139,-0.066,0.083,2492,0
1603503,2.535,9.412,-1.884,0.14,-0.048,0.072,2491,0
1603523,2.552,9.438,-1.894,0.098,-0.059,0.09,2490,0
1603543,2.61,9.486,-1.978,0.069,-0.073,0.104,2490,0
1603563,2.658,9.392,-2.025,0.074,-0.056,0.099,2491,0
1603583,2.614,9.366,-2.1,0.086,-0.046,0.108,2489,0
1603603,2.535,9.29,-2.052,0.077,-0.042,0.147,2489,0
1603623,2.507,9.337,-2.14,0.108,-0.052,0.174,2486,0
1603643,2.562,9.352,-1.956,0.107,-0.065,0.184,2488,0
1603663,2.581,9.23,-2.021,0.11,-0.068,0.163,2488,0
1603683,2.502,9.117,-2.184,0.148,-0.035,0.137,2487,0
1603703,2.543,9.134,-2.198,0.184,-0.03,0.126,2488,0
1603723,2.624,9.052,-2.143,0.158,-0.018,0.132,2488,0
1603743,2.636,9.009,-2.181,0.143,-0.0,0.119,2488,0
1603763,2.636,9.127,-2.186,0.137,0.034,0.07,2488,0
1603783,2.531,9.189,-2.186,0.12,0.064,0.029,2490,0
1603803,2.49,9.127,-2.136,0.076,0.064,0.037,2490,0
1603823,2.504,9.151,-2.016,0.088,0.053,0.043,2491,0
1603843,2.523,9.21,-1.894,0.067,0.046,0.016,2491,0
1603863,2.483,9.23,-1.985,0.066,0.034,-0.012,2490,0
1603883,2.461,9.225,-2.006,0.078,0.033,-0.015,2490,0
1603903,2.523,9.234,-1.968,0.071,0.021,0.004,2489,0
1603923,2.636,9.179,-1.851,0.065,0.01,0.005,2491,0
1603943,2.696,9.136,-1.834,0.033,-0.001,-0.025,2491,0
1603963,2.665,9.153,-1.975,0.03,-0.01,-0.045,2492,0
1603983,2.622,9.294,-2.033,0.022,-0.023,-0.031,2492,0
1604003,2.614,9.328,-2.085,0.008,-0.044,-0.021,2491,0
1604023,2.641,9.268,-2.021,0.012,-0.055,-0.016,2490,0
1604043,2.605,9.213,-2.054,0.032,-0.055,-0.02,2489,0
1604063,2.607,9.239,-2.143,0.024,-0.06,-0.021,2492,0
1604083,2.576,9.244,-2.203,0.015,-0.054,-0.028,2490,0
1604103,2.591,9.232,-2.107,0.021,-0.055,-0.02,2491,0
1604123,2.705,9.213,-2.095,0.05,-0.057,-0.013,2491,0
1604143,2.72,9.155,-2.145,0.071,-0.039,-0.013,2491,0
1604163,2.732,9.189,-2.184,0.058,-0.032,-0.028,2493,0
1604183,2.758,9.225,-2.186,0.031,-0.034,-0.04,2493,0
1604203,2.847,9.177,-2.107,0.019,-0.039,-0.045,2491,0
1604223,2.816,9.12,-2.119,0.027,-0.026,-0.038,2492,0
1604243,2.698,9.278,-2.2,0.055,-0.034,-0.037,2490,0
1604263,2.629,9.361,-2.212,0.044,-0.033,-0.047,2488,0
1604283,2.643,9.299,-2.176,0.032,-0.039,-0.044,2490,0
1604303,2.698,9.239,-2.097,0.052,-0.021,-0.037,2487,0
1604323,2.686,9.172,-2.181,0.087,0.004,-0.031,2489,0
1604343,2.653,9.251,-2.243,0.113,0.023,-0.035,2490,0
1604363,2.619,9.273,-2.227,0.095,0.02,-0.044,2491,0
1604383,2.622,9.206,-2.193,0.072,0.007,-0.056,2491,0
1604403,2.591,9.172,-2.164,0.081,0.017,-0.061,2492,0
1604423,2.533,9.1,-2.215,0.1,0.023,-0.047,2492,0
1604443,2.502,9.127,-2.179,0.114,0.018,-0.026,2492,0
1604463,2.502,9.096,-2.121,0.108,0.015,-0.042,2495,0
1604483,2.507,9.012,-2.143,0.096,0.007,-0.062,2494,0
1604503,2.452,8.966,-2.279,0.091,0.019,-0.076,2495,0
1604523,2.397,9.002,-2.313,0.099,0.026,-0.09,2494,0
1604543,2.435,9.074,-2.203,0.127,0.044,-0.119,2494,0
1604563,2.507,9.124,-2.114,0.158,0.053,-0.136,2493,0
1604583,2.49,9.27,-2.14,0.167,0.051,-0.153,2493,0
1604603,2.466,9.354,-2.155,0.129,0.034,-0.145,2493,0
1604623,2.49,9.464,-2.181,0.129,0.01,-0.116,2494,0
1604643,2.5,9.589,-2.148,0.132,-0.006,-0.098,2496,0
1604663,2.478,9.641,-2.167,0.123,-0.013,-0.083,2494,0
1604683,2.456,9.579,-2.191,0.091,-0.021,-0.047,2495,0
1604703,2.483,9.469,-2.188,0.056,-0.041,0.004,2494,0
1604723,2.468,9.462,-2.205,0.046,-0.046,0.013,2496,0
1604743,2.406,9.481,-2.212,0.044,-0.05,0.008,2497,0
1604763,2.356,9.436,-2.282,0.054,-0.042,0.009,2495,0
1604783,2.375,9.395,-2.277,0.041,-0.033,0.005,2499,0
1604803,2.392,9.342,-2.263,0.02,-0.033,-0.001,2498,0
1604823,2.425,9.333,-2.294,0.009,-0.034,0.001,2498,0
1604843,2.461,9.397,-2.248,0.011,-0.033,0.002,2498,0
1604863,2.471,9.424,-2.231,0.011,-0.027,-0.004,2497,0
1604883,2.468,9.325,-2.217,0.006,-0.03,0.008,2497,0
1604903,2.428,9.263,-2.255,0.002,-0.035,0.039,2496,0
1604923,2.358,9.23,-2.289,-0.003,-0.045,0.051,2496,0
1604943,2.365,9.242,-2.296,-0.005,-0.064,0.044,2496,0
1604963,2.313,9.28,-2.342,0.018,-0.07,0.042,2498,0
1604983,2.342,9.251,-2.409,0.065,-0.043,0.039,2498,0
1605003,2.339,9.278,-2.368,0.063,-0.04,0.042,2499,0
1605023,2.43,9.249,-2.277,0.043,-0.043,0.039,2496,0
1605043,2.504,9.23,-2.184,0.029,-0.043,0.025,2496,0
1605063,2.497,9.251,-2.16,0.032,-0.04,0.011,2497,0
1605083,2.476,9.282,-2.205,0.037,-0.053,0.015,2496,0
1605103,2.492,9.273,-2.234,0.044,-0.066,0.038,2497,0
1605123,2.507,9.313,-2.248,0.065,-0.072,0.052,2496,0
1605143,2.466,9.323,-2.282,0.039,-0.078,0.046,2496,0
1605163,2.466,9.28,-2.356,0.013,-0.085,0.041,2495,0
1605183,2.466,9.172,-2.342,0.017,-0.07,0.04,2495,0
1605203,2.449,9.155,-2.358,0.046,-0.056,0.052,2495,0
1605223,2.447,9.227,-2.306,0.055,-0.051,0.043,2496,0
1605243,2.507,9.184,-2.286,0.024,-0.054,0.017,2494,0
1605263,2.521,9.105,-2.286,-0.011,-0.049,-0.004,2496,0
1605283,2.504,9.05,-2.294,0.005,-0.038,-0.011,2494,0
1605303,2.476,9.155,-2.322,0.04,-0.043,0.009,2495,0
1605323,2.5,9.237,-2.298,0.068,-0.046,0.013,2495,0
1605343,2.55,9.175,-2.26,0.048,-0.048,-0.004,2494,0
1605363,2.528,9.067,-2.239,0.003,-0.055,-0.03,2494,0
1605383,2.535,9.06,-2.313,0.005,-0.05,-0.048,2494,0
1605403,2.483,9.184,-2.339,0.042,-0.036,-0.047,2494,0
1605423,2.447,9.301,-2.263,0.094,-0.022,-0.052,2495,0
1605443,2.454,9.357,-2.157,0.087,-0.018,-0.053,2493,0
1605463,2.461,9.316,-2.191,0.033,-0.029,-0.046,2494,0
1605483,2.495,9.187,-2.207,-0.008,-0.032,-0.04,2494,0
1605503,2.452,9.237,-2.27,0.016,-0.037,-0.038,2495,0
1605523,2.401,9.218,-2.298,0.047,-0.036,-0.051,2495,0
1605543,2.346,9.136,-2.272,0.06,-0.037,-0.069,2495,0
1605563,2.33,8.988,-2.198,0.036,-0.03,-0.095,2494,0
1605583,2.358,8.837,-2.097,0.003,-0.033,-0.154,2495,0
1605603,2.428,8.83,-1.7,-0.031,-0.079,-0.257,2495,0
1605623,2.751,8.526,-1.671,-0.07,-0.239,-0.382,2612,0
1605643,2.289,7.487,-2.107,-0.048,-0.305,-0.676,2757,0
1605663,1.109,7.348,-3.017,-0.148,-0.154,-0.938,2818,0
1605683,0.34,8.583,-3.026,-0.058,0.241,-1.127,2838,0
1605703,0.287,10.666,-1.566,0.091,0.312,-1.187,2863,0
1605723,0.218,11.835,-0.316,-0.309,0.01,-1.106,2898,0
1605743,-1.31,12.665,-1.274,-0.446,-0.195,-1.179,2917,0
1605763,-1.846,13.118,-2.892,-0.544,0.395,-1.362,2929,0
1605783,-2.033,15.725,-1.712,-0.626,0.805,-1.251,2932,0
1605803,-2.002,18.131,-1.571,-1.009,0.852,-0.853,2943,0
1605823,-2.466,17.344,-2.78,-1.501,0.718,-0.16,2965,0
1605843,-1.425,15.028,-2.677,-1.685,0.68,0.477,2986,0
1605863,0.129,12.79,-1.92,-1.728,0.774,0.802,2993,0
1605883,1.231,10.647,-1.132,-1.755,0.704,0.909,3001,0
1605903,2.272,8.088,-0.622,-1.768,0.545,1.002,3018,0
1605923,3.225,5.248,-0.074,-1.474,0.51,0.785,3038,0
1605943,4.178,3.168,1.178,-1.073,0.529,0.433,3046,0
1605963,4.939,1.765,1.12,-0.617,0.46,-0.066,3057,0
1605983,4.594,0.534,0.057,-0.459,0.266,-0.331,3064,0
1606003,5.835,0.271,0.232,-0.083,0.237,-0.849,3065,0
1606023,4.961,-1.338,0.079,-0.047,0.199,-1.276,3061,0
1606043,5.131,-0.407,0.824,0.43,0.41,-2.121,3052,0
1606063,2.801,-0.115,0.431,0.621,0.413,-2.678,3042,0
1606083,1.662,3.156,0.725,1.106,0.352,-3.166,3038,0
1606103,-0.543,4.398,0.687,0.903,0.072,-3.239,3040,0
1606123,-2.066,7.391,1.504,0.846,-0.083,-3.482,3039,0
1606143,-5.169,8.978,1.101,0.466,0.014,-3.69,3036,0
1606163,-8.966,15.067,0.22,0.274,-0.066,-3.549,3039,0
1606183,-11.521,18.943,-1.118,-0.511,-0.409,-2.535,3062,0
1606203,-13.422,23.636,-1.815,-1.163,-0.412,-1.389,3080,0
1606223,-13.127,21.083,-1.463,-1.509,-0.121,-0.11,3077,0
1606243,-10.302,18.895,0.508,-0.591,0.424,0.581,3064,0
1606263,-10.568,16.812,2.164,0.109,0.609,1.252,3055,0
1606283,-9.199,16.293,1.822,0.593,0.488,1.561,3047,0
1606303,-7.13,13.096,0.907,0.477,0.341,2.117,3043,0
1606323,-5.646,12.237,0.584,0.302,0.447,2.291,3042,0
1606343,-3.618,9.292,0.352,-0.287,0.466,2.258,3038,0
1606363,-2.945,7.843,0.785,-1.108,0.172,2.336,3034,0
1606383,-0.474,5.502,1.314,-1.57,-0.097,2.012,3030,0
1606403,1.568,1.925,1.611,-1.851,-0.35,1.723,3030,0
1606423,3.383,0.29,1.669,-1.505,-0.329,1.144,3027,0
1606443,4.199,-0.187,1.197,-0.561,-0.168,0.544,3026,0
1606463,4.932,0.146,1.152,-0.058,0.002,-0.046,3025,0
1606483,4.618,0.383,1.415,0.488,0.029,-0.438,3026,0
1606503,4.221,0.345,1.391,0.759,0.028,-0.893,3026,0
1606523,3.565,0.816,1.164,1.031,0.063,-1.427,3025,0
1606543,2.31,2.16,1.046,1.287,0.122,-1.915,3024,0
1606563,0.175,3.757,1.324,1.38,0.106,-2.325,3024,0
1606583,-2.509,6.065,1.29,1.295,0.017,-2.742,3022,0
1606603,-5.243,9.395,1.099,1.158,-0.099,-2.954,3024,0
1606623,-8.389,12.984,0.527,0.91,-0.162,-2.791,3023,0
1606643,-12.491,16.776,-0.235,0.24,-0.254,-2.277,3031,0
1606663,-14.952,19.879,-1.319,-0.568,-0.341,-1.529,3040,0
1606683,-13.999,20.324,-2.028,-0.651,-0.095,-0.646,3041,0
1606703,-12.043,18.342,-0.529,0.204,0.379,0.365,3035,0
1606723,-10.913,16.704,0.919,0.862,0.568,1.107,3029,0
1606743,-9.419,15.414,1.075,0.919,0.387,1.563,3024,0
1606763,-7.202,13.815,0.498,0.573,0.258,1.94,3023,0
1606783,-5.521,11.727,0.096,0.124,0.351,2.159,3023,0
1606803,-4.302,9.984,0.074,-0.32,0.308,2.278,3021,0
1606823,-3.091,8.452,0.409,-0.893,-0.012,2.371,3021,0
1606843,-1.547,6.132,0.69,-1.387,-0.385,2.339,3019,0
1606863,0.335,3.737,0.826,-1.59,-0.599,2.07,3017,0
1606883,2.21,2.119,0.939,-1.363,-0.59,1.567,3015,0
1606903,2.931,1.559,1.053,-0.8,-0.432,1.026,3010,0
1606923,2.916,1.982,0.871,-0.031,-0.285,0.512,3009,0
1606943,3.405,2.322,0.558,0.46,-0.301,0.13,3007,0
1606963,3.663,1.662,0.39,0.723,-0.218,-0.298,3007,0
1606983,2.863,1.391,0.115,0.78,-0.074,-0.701,3002,0
1607003,2.107,3.089,-0.098,0.806,-0.019,-1.179,3001,0
1607023,2.059,3.175,0.441,0.95,0.152,-1.8,3001,0
1607043,0.196,3.026,1.46,0.766,0.162,-2.221,3000,0
1607063,-2.789,5.397,1.925,0.815,0.158,-2.763,2999,0
1607083,-4.592,7.796,0.661,1.135,0.239,-3.208,3000,0
1607103,-6.304,10.01,-0.357,1.288,0.155,-2.931,2997,0
1607123,-8.607,13.855,-0.067,1.483,0.139,-2.715,2997,0
1607143,-12.0,18.517,-0.144,0.639,-0.205,-1.92,2997,0
1607163,-15.625,27.349,-3.986,0.621,-0.062,-0.933,2993,0
1607183,-10.542,22.115,-3.378,0.257,-0.356,0.935,2986,0
1607203,-8.456,15.665,-3.151,0.382,-0.341,2.055,2971,0
1607223,-6.584,14.392,1.135,0.13,-0.618,2.65,2941,0
1607243,-5.447,12.038,-0.266,-0.322,-0.276,2.239,2897,0
1607263,-4.609,12.155,-0.342,-0.402,-0.207,2.393,2854,0
1607283,-3.613,11.344,-0.52,-0.472,-0.587,2.997,2795,0
1607303,-1.774,10.637,-0.17,-0.37,-0.693,3.288,2716,0
1607323,-2.145,8.643,-0.553,-0.459,-0.721,3.449,2638,0
1607343,-0.711,7.065,-0.441,-0.642,-0.685,3.344,2569,0
1607363,0.551,6.869,-0.373,-0.583,-0.718,3.118,2527,0
1607383,0.536,6.658,-0.196,-0.412,-0.733,2.958,2496,0
1607403,1.286,6.91,-0.546,-0.3,-0.707,2.816,2481,0
1607423,1.607,5.686,-0.625,-0.472,-0.777,2.847,2482,0
1607443,2.787,5.26,-0.704,-0.365,-0.824,2.612,2510,0
1607463,3.546,5.255,-0.077,-0.1,-0.69,2.263,2496,0
1607483,4.073,5.294,0.175,-0.007,-0.603,1.833,2480,0
1607503,4.164,4.963,0.069,0.014,-0.569,1.404,2463,0
1607523,3.757,5.308,-0.22,-0.025,-0.57,1.017,2452,0
1607543,3.845,5.792,0.124,0.228,-0.478,0.591,2445,0
1607563,3.962,6.134,1.221,0.362,-0.512,0.212,2434,0
1607583,3.96,6.108,1.144,0.115,-0.697,-0.045,2432,0
1607603,3.282,6.426,-0.385,0.408,-0.54,-0.495,2444,0
1607623,2.691,8.303,-0.448,1.297,-0.023,-1.112,2451,0
1607643,2.061,10.285,0.982,1.662,0.064,-1.303,2449,0
1607663,1.884,10.918,0.587,1.349,-0.059,-1.199,2448,0
1607683,1.41,11.389,-0.666,1.255,0.095,-1.118,2445,0
1607703,0.946,12.744,-1.147,1.127,0.183,-0.936,2446,0
1607723,1.393,13.575,-1.003,0.711,0.011,-0.606,2447,0
1607743,1.99,12.517,-0.898,0.122,-0.162,-0.224,2448,0
1607763,2.265,11.236,-0.943,-0.262,-0.152,-0.003,2450,0
1607783,2.473,10.341,-0.836,-0.288,-0.039,0.003,2449,0
1607803,2.435,10.36,-0.704,-0.15,-0.018,-0.018,2448,0
1607823,2.562,10.204,-0.527,-0.029,-0.106,0.052,2450,0
1607843,2.729,9.629,-0.567,-0.019,-0.239,0.192,2454,0
1607863,2.784,9.151,-0.893,-0.047,-0.257,0.232,2459,0
1607883,2.816,8.811,-1.267,-0.036,-0.178,0.141,2461,0
1607903,2.768,8.863,-1.393,0.043,-0.129,0.047,2461,0
1607923,2.895,8.703,-1.724,0.181,-0.157,-0.059,2463,0
1607943,2.641,8.272,-1.561,0.2,-0.074,-0.079,2468,0
1607963,3.5,8.186,-1.604,0.386,0.052,-0.272,2471,0
1607983,2.121,8.475,-1.697,0.37,0.09,-0.263,2471,0
1608003,2.842,9.627,-2.138,0.388,0.096,-0.345,2473,0
1608023,1.875,9.134,-1.389,0.025,-0.069,-0.084,2474,0
1608043,3.259,9.244,-1.381,0.055,0.047,-0.163,2474,0
1608063,1.968,9.151,-1.695,0.249,0.136,-0.275,2474,0
1608083,2.574,10.058,-1.003,0.435,0.27,-0.305,2472,0
1608103,2.284,10.659,-1.805,0.6,0.156,-0.32,2475,0
1608123,1.772,10.01,-0.979,0.195,-0.042,0.067,2476,0
1608143,2.983,10.013,-1.267,0.081,-0.025,0.039,2474,0
1608163,1.923,9.589,-1.405,-0.039,-0.053,-0.008,2473,0
1608183,2.562,9.534,-0.354,-0.12,-0.026,0.038,2474,0
1608203,2.72,9.704,-1.618,0.091,-0.055,-0.123,2475,0
1608223,1.707,9.258,-1.283,-0.072,-0.155,0.066,2474,0
1608243,2.763,9.531,-1.267,-0.091,-0.095,0.03,2474,0
1608263,2.449,9.723,-1.765,0.009,-0.12,-0.095,2476,0
1608283,1.937,9.021,-1.041,-0.209,-0.136,0.073,2478,0
1608303,2.921,9.29,-1.638,-0.058,-0.022,-0.058,2479,0
1608323,1.956,9.376,-2.042,0.083,-0.046,-0.096,2480,0
1608343,2.164,9.316,-0.965,-0.036,-0.033,0.056,2480,0
1608363,2.784,9.589,-1.808,0.116,-0.022,-0.1,2481,0
1608383,2.167,9.421,-1.719,0.045,-0.088,-0.077,2482,0
1608403,2.698,8.899,-1.334,-0.059,-0.026,-0.037,2484,0
1608423,2.128,9.096,-1.104,-0.035,-0.045,-0.077,2483,0
1608443,2.339,9.165,-1.271,0.076,-0.043,-0.098,2482,0
1608463,2.332,9.093,-1.341,0.068,-0.051,-0.106,2483,0
1608483,2.315,9.196,-1.408,0.127,-0.021,-0.139,2483,0
1608503,2.339,9.503,-1.413,0.176,0.001,-0.165,2483,0
1608523,2.313,9.646,-1.621,0.192,0.009,-0.15,2484,0
1608543,2.308,9.768,-1.664,0.173,0.004,-0.114,2484,0
1608563,2.265,9.778,-1.707,0.1,0.005,-0.089,2483,0
1608583,2.21,9.692,-1.511,0.023,0.017,-0.076,2482,0
1608603,2.09,9.756,-1.506,0.026,0.035,-0.075,2484,0
1608623,2.102,9.728,-1.355,0.076,0.037,-0.06,2484,0
1608643,2.105,9.706,-1.334,0.098,0.023,0.002,2485,0
1608663,2.081,9.572,-1.338,0.095,0.027,0.02,2484,0
1608683,2.066,9.51,-1.413,0.047,0.023,0.005,2483,0
1608703,2.102,9.61,-1.379,-0.001,-0.01,-0.001,2485,0
1608723,2.241,9.486,-1.269,-0.002,-0.035,0.023,2484,0
1608743,2.203,9.342,-1.192,0.047,-0.01,0.035,2484,0
1608763,2.04,9.33,-1.262,0.08,-0.004,0.036,2486,0
1608783,1.935,9.471,-1.401,0.076,-0.032,0.033,2483,0
1608803,2.006,9.515,-1.255,0.022,-0.095,0.05,2487,0
1608823,2.097,9.268,-1.317,-0.017,-0.114,0.053,2485,0
1608843,2.085,9.108,-1.36,0.017,-0.072,0.015,2485,0
1608863,2.107,9.292,-1.506,0.116,-0.035,-0.038,2485,0
1608883,2.21,9.464,-1.549,0.152,-0.041,-0.063,2486,0
1608903,2.332,9.424,-1.571,0.127,-0.059,-0.061,2485,0
1608923,2.418,9.357,-1.607,0.103,-0.035,-0.064,2486,0
1608943,2.416,9.404,-1.652,0.101,0.007,-0.078,2485,0
1608963,2.38,9.448,-1.647,0.114,0.048,-0.091,2485,0
1608983,2.251,9.558,-1.647,0.145,0.058,-0.094,2485,0
1609003,2.081,9.704,-1.755,0.116,0.039,-0.071,2485,0
1609023,1.992,9.759,-1.836,0.042,0.019,-0.023,2486,0
1609043,1.97,9.637,-1.724,-0.01,0.021,0.014,2486,0
1609063,2.042,9.589,-1.506,0.029,0.046,0.022,2485,0
1609083,2.045,9.493,-1.482,0.07,0.054,0.017,2485,0
1609103,2.004,9.371,-1.513,0.06,0.058,0.007,2485,0
1609123,2.085,9.297,-1.444,0.033,0.026,0.003,2484,0
1609143,2.258,9.309,-1.279,0.043,-0.017,0.017,2486,0
1609163,2.301,9.421,-1.293,0.142,-0.022,-0.001,2488,0
1609183,2.186,9.383,-1.465,0.196,0.019,-0.034,2488,0
1609203,1.944,9.57,-1.676,0.158,0.026,-0.064,2490,0
1609223,1.887,9.479,-1.729,0.017,0.011,-0.062,2488,0
1609243,1.918,9.495,-1.616,-0.017,-0.029,-0.029,2490,0
1609263,1.946,9.373,-1.513,0.024,-0.011,-0.034,2489,0
1609283,1.896,9.333,-1.544,0.091,-0.004,-0.064,2490,0
1609303,1.956,9.39,-1.626,0.107,-0.028,-0.102,2490,0
1609323,2.071,9.29,-1.547,0.085,-0.02,-0.093,2490,0
1609343,2.198,9.483,-1.518,0.1,-0.029,-0.068,2491,0
1609363,2.195,9.555,-1.499,0.141,-0.005,-0.087,2491,0
1609383,2.239,9.634,-1.525,0.193,-0.003,-0.094,2490,0
1609403,2.248,9.752,-1.626,0.22,-0.004,-0.062,2490,0
1609423,2.195,9.828,-1.767,0.188,-0.006,-0.018,2490,0
1609443,2.042,9.876,-1.834,0.074,-0.014,0.002,2489,0
1609463,1.935,9.809,-1.817,-0.011,-0.013,0.013,2490,0
1609483,1.966,9.728,-1.654,-0.021,-0.027,0.048,2492,0
1609503,1.994,9.579,-1.664,0.047,-0.015,0.068,2490,0
1609523,1.999,9.469,-1.671,0.105,0.003,0.054,2491,0
1609543,1.946,9.474,-1.717,0.084,0.015,0.03,2493,0
1609563,1.97,9.428,-1.621,0.029,0.014,0.014,2491,0
1609583,1.978,9.414,-1.496,-0.022,0.004,0.003,2492,0
1609603,1.908,9.352,-1.494,-0.013,0.007,-0.022,2493,0
1609623,1.848,9.371,-1.561,0.037,0.011,-0.054,2492,0
1609643,1.939,9.474,-1.437,0.094,0.014,-0.061,2493,0
1609663,1.978,9.512,-1.312,0.083,0.011,-0.042,2495,0
1609683,1.975,9.577,-1.346,-0.004,0.009,-0.048,2499,0
1609703,1.887,9.594,-1.441,-0.153,-0.02,-0.073,2497,0
1609723,1.865,9.656,-1.542,-0.218,-0.064,-0.088,2497,0
1609743,1.93,9.646,-1.544,-0.164,-0.09,-0.063,2500,0
1609763,1.884,9.613,-1.563,-0.06,-0.076,-0.04,2500,0
1609783,1.8,9.656,-1.659,-0.021,-0.067,-0.031,2498,0
1609803,1.774,9.764,-1.647,-0.05,-0.083,-0.031,2498,0
1609823,1.887,9.615,-1.573,-0.112,-0.131,0.001,2497,0
1609843,2.035,9.436,-1.659,-0.046,-0.137,0.023,2497,0
1609863,2.069,9.38,-1.616,0.056,-0.098,0.016,2498,0
1609883,2.085,9.385,-1.623,0.068,-0.098,0.018,2499,0
1609903,2.105,9.364,-1.645,0.025,-0.101,0.011,2498,0
1609923,2.069,9.239,-1.554,-0.059,-0.115,0.013,2497,0
1609943,2.088,9.208,-1.561,-0.036,-0.108,-0.009,2498,0
1609963,1.98,9.244,-1.657,0.037,-0.07,-0.02,2498,0
1609983,1.93,9.426,-1.697,0.118,-0.051,-0.012,2500,0
1610003,1.97,9.558,-1.666,0.104,-0.046,-0.025,2499,0
1610023,2.018,9.467,-1.614,0.049,-0.046,-0.033,2497,0
1610043,2.081,9.471,-1.537,0.048,-0.035,-0.046,2500,0
1610063,2.011,9.536,-1.542,0.068,-0.017,-0.048,2500,0
1610083,1.944,9.656,-1.647,0.091,-0.035,-0.011,2499,0
1610103,1.98,9.661,-1.676,0.107,-0.052,0.016,2500,0
1610123,2.047,9.462,-1.575,0.074,-0.041,0.024,2498,0
1610143,2.011,9.361,-1.547,0.061,-0.011,-0.003,2498,0
1610163,1.906,9.507,-1.585,0.043,-0.002,-0.017,2499,0
1610183,1.827,9.555,-1.563,0.049,-0.009,-0.021,2500,0
1610203,1.856,9.45,-1.468,0.05,-0.029,-0.001,2500,0
1610223,1.906,9.392,-1.372,0.087,-0.005,-0.016,2499,0
1610243,1.829,9.443,-1.41,0.102,0.015,-0.042,2499,0
1610263,1.781,9.584,-1.496,0.076,-0.007,-0.049,2501,0
1610283,1.824,9.629,-1.549,0.05,-0.041,-0.045,2500,0
1610303,1.853,9.553,-1.496,0.047,-0.047,-0.035,2499,0
1610323,1.865,9.467,-1.47,0.079,-0.024,-0.024,2500,0
1610343,1.822,9.543,-1.441,0.058,-0.025,-0.018,2501,0
1610363,1.753,9.694,-1.52,0.018,-0.054,-0.014,2499,0
1610383,1.731,9.819,-1.559,0.002,-0.071,-0.03,2501,0
1610403,1.741,9.706,-1.477,-0.031,-0.069,-0.028,2501,0
1610423,1.755,9.586,-1.544,-0.017,-0.052,-0.017,2500,0
1610443,1.815,9.591,-1.542,-0.007,-0.055,-0.02,2501,0
1610463,1.884,9.481,-1.599,0.018,-0.057,-0.023,2501,0
1610483,1.882,9.57,-1.611,0.063,-0.051,-0.023,2502,0
1610503,1.827,9.649,-1.506,0.044,-0.047,-0.023,2502,0
1610523,1.798,9.668,-1.501,0.015,-0.057,-0.02,2502,0
1610543,1.803,9.668,-1.472,-0.016,-0.067,0.009,2501,0
1610563,1.834,9.55,-1.535,0.003,-0.072,0.019,2502,0
1610583,1.872,9.448,-1.496,0.021,-0.071,0.022,2501,0
1610603,1.908,9.373,-1.559,0.05,-0.061,0.01,2500,0
1610623,1.901,9.4,-1.506,0.033,-0.062,0.007,2501,0
1610643,1.918,9.395,-1.516,0.017,-0.056,-0.013,2500,0
1610663,1.894,9.39,-1.554,0.01,-0.043,-0.014,2500,0
1610683,1.851,9.486,-1.547,0.026,-0.037,-0.018,2501,0
1610703,1.875,9.519,-1.523,0.036,-0.037,-0.033,2501,0
1610723,1.896,9.459,-1.53,0.045,-0.034,-0.021,2502,0
1610743,1.906,9.615,-1.626,0.078,-0.027,-0.022,2502,0
1610763,1.932,9.673,-1.561,0.105,-0.013,-0.033,2502,0
1610783,1.887,9.591,-1.662,0.076,-0.004,-0.017,2504,0
1610803,1.911,9.68,-1.578,0.039,-0.017,0.017,2502,0
1610823,1.97,9.639,-1.513,-0.004,-0.018,0.016,2503,0
1610843,1.887,9.553,-1.539,-0.001,-0.0,0.021,2503,0
1610863,1.891,9.598,-1.52,0.047,0.009,0.02,2503,0
1610883,1.822,9.522,-1.537,0.031,0.004,0.004,2502,0
1610903,1.848,9.416,-1.463,0.04,-0.002,-0.014,2502,0
1610923,1.867,9.421,-1.417,0.038,-0.001,0.002,2503,0
1610943,1.817,9.591,-1.494,0.041,0.01,0.016,2501,0
1610963,1.791,9.61,-1.451,0.033,0.01,-0.006,2502,0
1610983,1.863,9.491,-1.437,0.007,-0.019,0.008,2503,0
1611003,1.966,9.364,-1.425,0.038,-0.027,0.021,2502,0
1611023,1.954,9.321,-1.434,0.066,-0.013,0.027,2503,0
1611043,1.908,9.424,-1.47,0.089,-0.014,0.007,2503,0
1611063,1.87,9.455,-1.504,0.047,-0.03,-0.014,2503,0
1611083,1.853,9.433,-1.496,0.023,-0.056,-0.023,2503,0
1611103,1.867,9.328,-1.425,0.031,-0.054,-0.009,2503,0
1611123,1.805,9.452,-1.472,0.079,-0.049,-0.006,2503,0
1611143,1.748,9.634,-1.52,0.074,-0.042,-0.031,2504,0
1611163,1.736,9.697,-1.523,0.019,-0.062,-0.042,2502,0
1611183,1.798,9.644,-1.542,-0.016,-0.067,-0.025,2502,0
1611203,1.841,9.596,-1.568,0.022,-0.044,-0.013,2502,0
1611223,1.8,9.632,-1.63,0.078,-0.02,-0.017,2504,0
1611243,1.805,9.663,-1.568,0.091,-0.026,-0.009,2504,0
1611263,1.903,9.601,-1.511,0.046,-0.058,0.025,2502,0
1611283,1.978,9.443,-1.468,0.03,-0.049,0.029,2503,0
1611303,1.923,9.474,-1.559,0.049,-0.021,0.02,2502,0
1611323,1.745,9.601,-1.614,0.075,-0.001,0.008,2502,0
1611343,1.736,9.668,-1.518,0.063,-0.015,0.011,2502,0
1611363,1.824,9.567,-1.441,0.035,-0.029,0.027,2501,0
1611383,1.822,9.424,-1.465,0.057,-0.001,0.012,2503,0
1611403,1.769,9.56,-1.46,0.073,-0.015,0.01,2503,0
1611423,1.76,9.594,-1.504,0.069,-0.035,0.001,2504,0
1611443,1.829,9.527,-1.489,0.051,-0.059,0.012,2502,0
1611463,1.932,9.443,-1.506,0.045,-0.044,0.013,2502,0
1611483,1.913,9.479,-1.547,0.066,-0.019,-0.002,2503,0
1611503,1.858,9.519,-1.623,0.054,-0.011,-0.021,2503,0
1611523,1.808,9.55,-1.573,0.047,-0.018,-0.019,2503,0
1611543,1.815,9.579,-1.568,0.034,-0.032,-0.008,2502,0
1611563,1.824,9.524,-1.532,0.032,-0.022,0.002,2502,0
1611583,1.808,9.541,-1.549,0.069,-0.006,-0.009,2502,0
1611603,1.829,9.634,-1.468,0.07,-0.013,0.009,2502,0
1611623,1.899,9.608,-1.504,0.072,-0.028,0.007,2503,0
1611643,1.958,9.541,-1.444,0.023,-0.045,0.004,2503,0
1611663,1.963,9.543,-1.46,0.028,-0.041,-0.004,2506,0
1611683,1.867,9.574,-1.583,0.01,-0.041,0.006,2503,0
1611703,1.832,9.687,-1.587,0.015,-0.056,0.017,2502,0
1611723,1.867,9.68,-1.59,0.005,-0.072,0.023,2504,0
1611743,1.939,9.4,-1.53,0.001,-0.058,0.032,2502,0
1611763,1.987,9.357,-1.482,0.04,-0.049,0.057,2501,0
1611783,1.958,9.445,-1.59,0.107,-0.015,0.02,2502,0
1611803,1.848,9.565,-1.616,0.109,-0.008,-0.002,2501,0
1611823,1.875,9.634,-1.58,0.06,-0.034,0.006,2501,0
1611843,1.927,9.538,-1.482,0.002,-0.033,0.03,2499,0
1611863,1.913,9.474,-1.532,0.013,-0.014,0.038,2500,0
1611883,1.901,9.591,-1.571,0.035,-0.012,0.04,2500,0
1611903,1.966,9.56,-1.516,0.059,-0.021,0.018,2502,0
1611923,1.925,9.395,-1.492,0.032,-0.019,-0.001,2501,0
1611943,1.887,9.349,-1.501,0.038,-0.005,-0.0,2501,0
1611963,1.903,9.479,-1.516,0.083,0.007,-0.022,2501,0
1611983,1.903,9.455,-1.568,0.123,0.038,-0.06,2502,0
1612003,1.877,9.495,-1.484,0.135,0.03,-0.076,2500,0
1612023,1.884,9.538,-1.46,0.086,-0.007,-0.048,2501,0
1612043,1.958,9.596,-1.439,-0.003,-0.039,-0.024,2500,0
1612063,1.908,9.522,-1.441,-0.0,-0.031,-0.004,2500,0
1612083,1.896,9.673,-1.535,0.05,-0.044,0.006,2499,0
1612103,1.889,9.61,-1.508,0.07,-0.05,0.02,2501,0
1612123,1.911,9.5,-1.489,0.05,-0.072,0.045,2501,0
1612143,1.954,9.464,-1.458,0.025,-0.075,0.051,2500,0
1612163,1.942,9.433,-1.587,0.023,-0.071,0.033,2501,0
1612183,1.896,9.519,-1.599,0.023,-0.069,0.022,2501,0
1612203,1.92,9.488,-1.53,0.031,-0.074,0.033,2501,0
1612223,1.985,9.416,-1.477,0.021,-0.085,0.058,2500,0
1612243,2.052,9.392,-1.477,0.044,-0.08,0.058,2500,0
1612263,2.052,9.39,-1.542,0.06,-0.068,0.04,2498,0
1612283,2.03,9.57,-1.664,0.091,-0.07,0.015,2500,0
1612303,2.033,9.615,-1.628,0.047,-0.083,0.01,2499,0
1612323,2.083,9.524,-1.638,0.025,-0.084,0.029,2500,0
1612343,2.105,9.44,-1.602,0.057,-0.064,0.03,2499,0
1612363,2.035,9.421,-1.712,0.086,-0.047,0.027,2500,0
1612383,1.994,9.495,-1.683,0.094,-0.059,0.028,2499,0
1612403,2.03,9.445,-1.595,0.047,-0.069,0.043,2501,0
1612423,2.107,9.359,-1.568,0.062,-0.065,0.055,2498,0
1612443,2.076,9.397,-1.645,0.095,-0.042,0.043,2500,0
1612463,2.004,9.438,-1.697,0.117,-0.033,0.016,2500,0
1612483,2.011,9.498,-1.719,0.082,-0.045,-0.004,2500,0
1612503,2.124,9.424,-1.657,0.069,-0.045,-0.021,2501,0
1612523,2.157,9.359,-1.623,0.087,-0.027,-0.009,2500,0
1612543,2.04,9.476,-1.743,0.12,-0.019,0.027,2502,0
1612563,2.057,9.541,-1.791,0.111,-0.024,0.029,2500,0
1612583,2.119,9.45,-1.686,0.081,-0.025,0.007,2502,0
1612603,2.16,9.333,-1.709,0.08,-0.008,-0.01,2502,0
1612623,2.093,9.335,-1.705,0.091,0.008,-0.016,2503,0
1612643,1.918,9.428,-1.755,0.08,-0.0,0.01,2501,0
1612663,1.944,9.565,-1.743,0.112,-0.009,0.011,2501,0
1612683,2.009,9.565,-1.599,0.104,-0.012,0.003,2500,0
1612703,1.949,9.503,-1.633,0.096,0.001,-0.005,2503,0
1612723,1.879,9.493,-1.659,0.082,0.007,0.025,2500,0
1612743,1.87,9.622,-1.712,0.091,-0.01,0.052,2499,0
1612763,1.966,9.495,-1.635,0.068,-0.021,0.051,2500,0
1612783,2.037,9.304,-1.626,0.046,-0.021,0.037,2499,0
1612803,2.061,9.306,-1.63,0.056,-0.001,0.013,2501,0
1612823,2.006,9.421,-1.678,0.074,0.017,0.004,2501,0
1612843,2.03,9.606,-1.642,0.091,-0.005,0.006,2500,0
1612863,2.023,9.653,-1.654,0.056,-0.018,0.005,2499,0
1612883,2.095,9.582,-1.657,0.015,-0.032,0.009,2499,0
1612903,2.093,9.594,-1.714,0.009,-0.027,0.006,2499,0
1612923,1.999,9.656,-1.757,-0.001,-0.003,-0.018,2499,0
1612943,2.045,9.61,-1.709,-0.05,-0.025,-0.004,2501,0
1612963,2.143,9.426,-1.664,-0.1,-0.034,0.034,2501,0
1612983,2.198,9.412,-1.7,-0.058,-0.033,0.039,2500,0
1613003,2.188,9.55,-1.731,-0.017,-0.023,0.027,2498,0
1613023,2.102,9.524,-1.8,-0.022,-0.026,0.034,2499,0
1613043,2.14,9.407,-1.824,-0.05,-0.045,0.046,2498,0
1613063,2.167,9.395,-1.836,-0.045,-0.017,0.032,2499,0
1613083,2.14,9.582,-1.721,-0.003,0.011,0.031,2499,0
1613103,2.081,9.622,-1.616,-0.01,0.001,0.044,2500,0
1613123,2.109,9.431,-1.633,-0.051,-0.039,0.07,2498,0
1613143,2.325,9.311,-1.678,-0.039,-0.052,0.081,2499,0
1613163,2.363,9.256,-1.616,-0.039,-0.022,0.075,2500,0
1613183,2.205,9.28,-1.657,-0.027,-0.001,0.059,2499,0
1613203,2.155,9.328,-1.772,-0.013,-0.011,0.048,2499,0
1613223,2.234,9.261,-1.729,0.026,-0.006,0.048,2499,0
1613243,2.282,9.232,-1.621,0.049,0.006,0.068,2499,0
1613263,2.169,9.234,-1.642,0.094,0.034,0.045,2500,0
1613283,2.042,9.376,-1.578,0.106,0.028,0.035,2498,0
1613303,2.09,9.457,-1.559,0.118,0.001,0.015,2500,0
1613323,2.169,9.371,-1.425,0.12,-0.014,0.015,2498,0
1613343,2.186,9.45,-1.341,0.137,-0.03,0.019,2496,0
1613363,2.164,9.615,-1.393,0.11,-0.052,0.015,2497,0
1613383,2.179,9.67,-1.381,0.072,-0.088,0.019,2497,0
1613403,2.322,9.51,-1.501,0.045,-0.138,0.052,2498,0
1613423,2.454,9.292,-1.654,0.022,-0.144,0.054,2497,0
1613443,2.514,9.33,-1.721,0.05,-0.107,0.002,2498,0
1613463,2.521,9.515,-1.719,0.086,-0.085,-0.02,2498,0
1613483,2.478,9.639,-1.901,0.115,-0.06,0.004,2497,0
1613503,2.49,9.505,-1.81,0.059,-0.048,0.048,2498,0
1613523,2.559,9.349,-1.741,-0.01,-0.043,0.064,2497,0
1613543,2.509,9.342,-1.683,-0.026,-0.009,0.052,2497,0
1613563,2.38,9.428,-1.762,0.012,-0.007,0.043,2498,0
1613583,2.207,9.373,-1.882,0.05,-0.038,0.095,2496,0
1613603,2.217,9.21,-1.942,0.104,-0.068,0.124,2498,0
1613623,2.236,9.088,-1.81,0.129,-0.083,0.073,2497,0
1613643,2.222,9.045,-1.781,0.11,-0.047,-0.009,2496,0
1613663,2.184,9.12,-1.875,0.155,-0.001,-0.056,2497,0
1613683,2.212,9.285,-1.791,0.133,0.003,-0.068,2496,0
1613703,2.296,9.239,-1.726,0.062,-0.002,-0.09,2496,0
1613723,2.404,9.143,-1.638,0.055,0.012,-0.123,2496,0
1613743,2.421,9.357,-1.686,0.087,0.04,-0.155,2497,0
1613763,2.325,9.553,-1.645,0.125,0.067,-0.19,2497,0
1613783,2.246,9.807,-1.561,0.122,0.041,-0.186,2497,0
1613803,2.167,9.941,-1.559,0.072,0.017,-0.151,2496,0
1613823,2.121,9.902,-1.516,0.019,-0.01,-0.098,2498,0
1613843,2.076,9.857,-1.647,-0.007,-0.018,-0.064,2497,0
1613863,2.114,9.752,-1.69,0.01,-0.015,-0.064,2497,0
1613883,2.066,9.68,-1.678,-0.009,-0.011,-0.069,2497,0
1613903,2.047,9.584,-1.659,-0.054,-0.011,-0.072,2497,0
1613923,2.021,9.55,-1.607,-0.073,-0.017,-0.065,2496,0
1613943,2.052,9.507,-1.623,-0.062,-0.014,-0.063,2497,0
1613963,2.047,9.519,-1.635,-0.05,-0.014,-0.058,2497,0
1613983,1.937,9.584,-1.626,-0.049,0.002,-0.079,2496,0
1614003,1.891,9.582,-1.599,-0.075,-0.017,-0.076,2496,0
1614023,1.894,9.491,-1.611,-0.071,-0.034,-0.038,2497,0
1614043,1.911,9.534,-1.563,-0.03,-0.044,-0.003,2496,0
1614063,1.932,9.543,-1.535,0.02,-0.044,-0.017,2496,0
1614083,1.896,9.538,-1.537,0.009,-0.062,-0.024,2498,0
1614103,1.891,9.512,-1.556,-0.025,-0.082,-0.025,2497,0
1614123,1.951,9.448,-1.583,-0.033,-0.086,-0.001,2497,0
1614143,1.982,9.493,-1.583,0.015,-0.065,-0.001,2496,0
1614163,1.975,9.471,-1.46,0.04,-0.052,-0.01,2497,0
1614183,1.98,9.538,-1.508,0.056,-0.065,-0.029,2496,0
1614203,1.944,9.572,-1.604,0.029,-0.078,-0.032,2497,0
1614223,2.052,9.498,-1.554,0.001,-0.104,0.004,2498,0
1614243,2.097,9.333,-1.477,0.004,-0.084,0.004,2497,0
1614263,2.049,9.237,-1.369,-0.011,-0.095,0.006,2497,0
1614283,1.985,9.483,-1.496,0.07,-0.115,-0.031,2496,0
1614303,1.901,9.536,-1.465,0.083,-0.111,-0.073,2498,0
1614323,1.815,9.495,-1.786,0.063,-0.137,-0.076,2498,0
1614343,1.815,9.555,-1.731,0.032,-0.148,-0.07,2497,0
1614363,1.822,9.711,-1.844,-0.016,-0.177,-0.059,2497,0
1614383,1.736,9.876,-1.856,-0.007,-0.173,-0.076,2497,0
1614403,1.767,9.795,-1.76,-0.039,-0.177,-0.078,2496,0
1614423,1.882,9.62,-1.705,-0.09,-0.2,-0.05,2498,0
1614443,1.832,9.567,-1.726,-0.146,-0.21,-0.042,2497,0
1614463,1.69,9.644,-1.578,-0.147,-0.216,-0.047,2497,0
1614483,1.611,9.73,-1.511,-0.133,-0.262,-0.026,2498,0
1614503,1.573,9.649,-1.573,-0.111,-0.296,-0.003,2496,0
1614523,1.659,9.416,-1.592,-0.163,-0.315,0.014,2497,0
1614543,1.769,9.361,-1.338,-0.177,-0.302,0.008,2497,0
1614563,1.793,9.527,-1.01,-0.154,-0.282,-0.013,2498,0
1614583,1.709,9.586,-0.953,-0.13,-0.315,-0.037,2496,0
1614603,1.647,9.541,-1.267,-0.113,-0.359,-0.042,2496,0
1614623,1.776,9.471,-1.403,-0.083,-0.379,-0.036,2496,0
1614643,1.961,9.419,-1.264,-0.159,-0.409,0.014,2497,0
1614663,2.004,9.352,-1.094,-0.215,-0.416,0.03,2498,0
1614683,1.889,9.402,-1.07,-0.244,-0.43,-0.019,2497,0
1614703,1.879,9.462,-1.286,-0.229,-0.444,-0.078,2497,0
1614723,1.784,9.632,-1.219,-0.15,-0.417,-0.091,2497,0
1614743,1.697,9.692,-0.905,-0.08,-0.418,-0.068,2497,0
1614763,1.578,9.697,-0.826,-0.023,-0.419,-0.047,2496,0
1614783,1.518,9.768,-1.137,-0.033,-0.441,-0.056,2497,0
1614803,1.528,9.799,-1.31,-0.059,-0.419,-0.054,2496,0
1614823,1.535,9.598,-0.912,-0.134,-0.407,-0.03,2496,0
1614843,1.652,9.285,-0.737,-0.192,-0.409,-0.016,2496,0
1614863,1.748,9.129,-0.706,-0.176,-0.396,-0.053,2498,0
1614883,1.693,9.084,-0.91,-0.159,-0.399,-0.08,2496,0
1614903,1.769,8.942,-0.996,-0.102,-0.397,-0.093,2498,0
1614923,1.93,8.851,-0.943,-0.018,-0.365,-0.109,2498,0
1614943,1.944,8.981,-0.824,0.077,-0.302,-0.148,2497,0
1614963,1.891,9.208,-0.769,0.203,-0.234,-0.19,2498,0
1614983,1.956,9.452,-0.673,0.26,-0.228,-0.169,2497,0
1615003,2.093,9.606,-0.709,0.263,-0.221,-0.127,2498,0
1615023,2.131,9.732,-0.646,0.18,-0.209,-0.08,2499,0
1615043,2.114,9.639,-0.876,0.1,-0.174,-0.044,2496,0
1615063,2.078,9.627,-1.061,0.093,-0.103,-0.014,2496,0
1615083,2.049,9.833,-1.132,0.15,-0.046,0.001,2497,0
1615103,1.997,9.855,-1.135,0.147,0.004,0.017,2497,0
1615123,1.887,9.852,-1.223,0.158,0.076,0.021,2495,0
1615143,1.844,10.003,-1.262,0.143,0.163,0.024,2495,0
1615163,1.824,10.173,-1.255,0.159,0.245,0.048,2496,0
1615183,1.75,10.242,-1.233,0.156,0.306,0.097,2496,0
1615203,1.774,10.123,-1.106,0.145,0.346,0.131,2495,0
1615223,1.899,9.843,-1.041,0.073,0.361,0.154,2495,0
1615243,1.968,9.701,-1.118,0.048,0.394,0.156,2495,0
1615263,1.906,9.697,-1.08,0.067,0.411,0.167,2497,0
1615283,1.741,9.72,-1.13,0.058,0.405,0.169,2495,0
1615303,1.623,9.582,-1.144,0.041,0.377,0.164,2495,0
1615323,1.652,9.476,-1.221,0.079,0.358,0.169,2495,0
1615343,1.63,9.438,-1.204,0.135,0.355,0.174,2495,0
1615363,1.578,9.325,-1.195,0.157,0.358,0.153,2495,0
1615383,1.645,9.318,-1.216,0.172,0.336,0.123,2496,0
1615403,1.666,9.567,-1.312,0.198,0.326,0.088,2495,0
1615423,1.733,9.639,-1.252,0.18,0.331,0.094,2495,0
1615443,1.76,9.596,-1.211,0.127,0.314,0.117,2496,0
1615463,1.927,9.495,-1.135,0.051,0.289,0.091,2495,0
1615483,2.057,9.361,-1.185,0.033,0.261,0.071,2494,0
1615503,1.992,9.404,-1.238,0.105,0.24,0.066,2494,0
1615523,1.932,9.397,-1.259,0.135,0.199,0.086,2495,0
1615543,1.966,9.366,-1.238,0.124,0.124,0.107,2494,0
1615563,1.98,9.275,-1.214,0.073,0.069,0.11,2494,0
1615583,2.004,9.045,-1.267,0.053,0.044,0.097,2493,0
1615603,2.073,9.05,-1.197,0.127,0.018,0.082,2494,0
1615623,2.21,9.086,-1.233,0.176,-0.004,0.044,2494,0
1615643,2.289,9.088,-1.247,0.222,-0.002,-0.026,2493,0
1615663,2.298,9.155,-1.3,0.211,0.022,-0.098,2765,0
1615683,2.303,9.254,-1.42,0.199,0.034,-0.165,2493,0
1615703,2.234,9.469,-1.63,0.207,0.048,-0.215,2493,0
1615723,2.128,9.67,-1.748,0.215,0.06,-0.226,2493,0
1615743,2.047,9.737,-1.872,0.203,0.064,-0.216,2494,0
1615763,1.987,9.673,-1.92,0.158,0.066,-0.193,2498,0
1615783,1.817,9.634,-1.992,0.151,0.07,-0.195,2493,0
1615803,1.719,9.591,-1.975,0.175,0.072,-0.217,2492,0
1615823,1.638,9.67,-1.942,0.278,0.059,-0.212,2493,0
1615843,1.707,9.845,-2.004,0.349,0.035,-0.195,2493,0
1615863,1.753,9.797,-1.894,0.336,0.023,-0.168,2493,0
1615883,1.693,9.618,-1.87,0.192,0.006,-0.154,2493,0
1615903,1.537,9.364,-1.942,0.056,-0.005,-0.142,2492,0
1615923,1.532,9.402,-2.035,0.005,-0.072,-0.119,2493,0
1615943,1.561,9.407,-2.184,0.001,-0.095,-0.109,2493,0
1615963,1.451,9.416,-2.301,0.019,-0.102,-0.101,2492,0
1615983,1.305,9.618,-2.306,0.013,-0.079,-0.107,2492,0
1616003,1.209,9.706,-2.248,-0.02,-0.067,-0.082,2492,0
1616023,1.128,9.833,-2.248,-0.057,-0.104,-0.041,2492,0
1616043,0.989,9.843,-2.298,-0.079,-0.125,-0.061,2492,0
1616063,1.07,9.756,-2.26,-0.031,-0.15,-0.071,2491,0
1616083,1.195,9.673,-2.1,0.082,-0.125,-0.038,2492,0
1616103,1.164,9.823,-1.958,0.168,-0.085,-0.017,2491,0
1616123,1.233,9.948,-1.832,0.163,-0.087,0.006,2491,0
1616143,1.369,9.883,-1.585,0.038,-0.122,0.051,2492,0
1616163,1.353,9.665,-1.48,-0.121,-0.138,0.065,2491,0
1616183,1.338,9.474,-1.46,-0.161,-0.157,0.044,2489,0
1616203,1.365,9.476,-1.446,-0.123,-0.201,0.049,2491,0
1616223,1.444,9.553,-1.401,-0.008,-0.259,0.058,2491,0
1616243,1.494,9.565,-1.29,0.081,-0.29,0.053,2490,0
1616263,1.52,9.565,-1.331,0.11,-0.323,0.053,2491,0
1616283,1.587,9.555,-1.346,0.102,-0.344,0.052,2491,0
1616303,1.666,9.438,-1.413,0.07,-0.357,0.056,2491,0
1616323,1.793,9.433,-1.504,0.087,-0.345,0.034,2491,0
1616343,2.025,9.414,-1.456,0.108,-0.309,0.009,2490,0
1616363,2.119,9.474,-1.425,0.097,-0.24,-0.035,2489,0
1616383,2.124,9.613,-1.381,0.031,-0.185,-0.071,2490,0
1616403,2.088,9.723,-1.305,-0.051,-0.156,-0.089,2491,0
1616423,2.069,9.783,-1.324,-0.095,-0.148,-0.101,2491,0
1616443,2.128,9.85,-1.35,-0.079,-0.137,-0.105,2491,0
1616463,2.061,9.864,-1.444,-0.043,-0.119,-0.105,2489,0
1616483,1.908,9.84,-1.568,-0.042,-0.111,-0.111,2490,0
1616503,1.834,9.79,-1.642,-0.044,-0.097,-0.111,2491,0
1616523,1.712,9.986,-1.695,0.005,-0.07,-0.114,2489,0
1616543,1.492,10.192,-1.726,0.007,-0.038,-0.1,2490,0
1616563,1.346,10.173,-1.774,-0.047,-0.051,-0.04,2491,0
1616583,1.415,9.924,-1.578,-0.115,-0.053,0.019,2489,0
1616603,1.448,9.658,-1.472,-0.131,-0.031,0.044,2488,0
1616623,1.458,9.515,-1.482,-0.094,-0.008,0.082,2488,0
1616643,1.393,9.474,-1.353,-0.07,-0.024,0.116,2491,0
1616663,1.386,9.345,-1.441,-0.091,-0.052,0.137,2487,0
1616683,1.439,9.246,-1.444,-0.065,-0.081,0.132,2489,0
1616703,1.537,9.191,-1.472,-0.045,-0.087,0.103,2490,0
1616723,1.607,9.143,-1.489,-0.007,-0.076,0.086,2490,0
1616743,1.583,9.213,-1.48,0.037,-0.054,0.068,2489,0
1616763,1.583,9.263,-1.489,0.043,-0.045,0.045,2490,0
1616783,1.561,9.354,-1.516,0.026,-0.058,0.031,2488,0
1616803,1.539,9.388,-1.487,0.003,-0.068,0.03,2490,0
1616823,1.587,9.328,-1.477,0.02,-0.066,0.03,2489,0
1616843,1.664,9.385,-1.508,0.063,-0.053,0.029,2490,0
1616863,1.745,9.608,-1.504,0.089,-0.038,0.031,2489,0
1616883,1.642,9.723,-1.477,0.059,-0.017,0.028,2488,0
1616903,1.614,9.737,-1.429,0.017,-0.029,0.053,2487,0
1616923,1.657,9.706,-1.393,-0.003,-0.05,0.079,2489,0
1616943,1.705,9.608,-1.441,0.017,-0.051,0.083,2488,0
1616963,1.705,9.572,-1.602,0.057,-0.048,0.072,2487,0
1616983,1.697,9.56,-1.487,0.056,-0.041,0.058,2487,0
1617003,1.741,9.476,-1.343,0.035,-0.037,0.057,2488,0
1617023,1.798,9.5,-1.29,0.053,-0.028,0.052,2488,0
1617043,1.808,9.572,-1.393,0.061,-0.021,0.034,2488,0
1617063,1.815,9.455,-1.492,0.033,-0.029,0.013,2487,0
1617083,1.82,9.299,-1.377,0.004,-0.017,-0.028,2489,0
1617103,1.798,9.364,-1.279,0.014,0.002,-0.048,2487,0
1617123,1.678,9.627,-1.245,0.039,0.019,-0.063,2488,0
1617143,1.535,9.764,-1.417,0.017,-0.004,-0.056,2487,0
1617163,1.501,9.828,-1.494,-0.007,-0.022,-0.042,2488,0
1617183,1.578,9.618,-1.47,-0.033,-0.04,-0.015,2491,0
1617203,1.65,9.55,-1.451,0.043,-0.017,-0.005,2488,0
1617223,1.65,9.668,-1.391,0.102,0.003,0.003,2490,0
1617243,1.592,9.783,-1.405,0.108,-0.015,0.019,2488,0
1617263,1.623,9.72,-1.372,0.046,-0.043,0.032,2489,0
1617283,1.64,9.57,-1.379,0.023,-0.044,0.026,2489,0
1617303,1.65,9.443,-1.393,0.039,-0.018,0.038,2488,0
1617323,1.626,9.594,-1.448,0.109,-0.019,0.037,2487,0
1617343,1.599,9.649,-1.448,0.1,-0.011,0.01,2487,0
1617363,1.597,9.627,-1.549,0.075,-0.014,0.014,2489,0
1617383,1.652,9.68,-1.475,0.061,0.005,0.009,2489,0
1617403,1.621,9.653,-1.398,0.018,0.033,-0.002,2488,0
1617423,1.511,9.651,-1.324,0.007,0.028,0.005,2487,0
1617443,1.585,9.522,-1.233,-0.009,0.003,0.017,2488,0
1617463,1.599,9.392,-1.384,0.022,-0.002,0.023,2488,0
1617483,1.578,9.531,-1.42,0.097,0.015,0.001,2488,0
1617503,1.58,9.474,-1.408,0.082,0.026,-0.011,2488,0
1617523,1.626,9.282,-1.35,0.055,0.038,-0.03,2489,0
1617543,1.743,9.199,-1.283,-0.008,0.056,-0.076,2488,0
1617563,1.645,9.349,-1.276,-0.035,0.084,-0.13,2487,0
1617583,1.523,9.57,-1.307,-0.011,0.086,-0.152,2488,0
1617603,1.475,9.799,-1.326,0.012,0.051,-0.128,2487,0
1617623,1.532,9.814,-1.346,0.008,0.027,-0.102,2489,0
1617643,1.607,9.723,-1.355,0.003,0.026,-0.08,2488,0
1617663,1.628,9.831,-1.307,0.023,0.021,-0.052,2489,0
1617683,1.621,9.79,-1.262,-0.005,0.011,-0.004,2487,0
1617703,1.626,9.591,-1.207,-0.033,-0.033,0.048,2488,0
1617723,1.592,9.577,-1.077,-0.058,-0.06,0.09,2486,0
1617743,1.621,9.594,-1.041,-0.025,-0.067,0.036,2488,0
1617763,1.511,9.562,-1.168,-0.023,-0.075,-0.023,2489,0
1617783,1.618,9.565,-1.185,0.069,-0.103,-0.021,2488,0
1617803,1.678,9.56,-1.334,0.097,-0.104,0.005,2487,0
1617823,1.638,9.634,-1.427,0.137,-0.073,-0.004,2487,0
1617843,1.609,9.799,-1.516,0.084,-0.067,-0.005,2488,0
1617863,1.611,9.84,-1.523,0.051,-0.065,-0.007,2487,0
1617883,1.674,9.752,-1.523,0.05,-0.061,0.006,2488,0
1617903,1.693,9.708,-1.46,0.091,-0.03,0.014,2488,0
1617923,1.674,9.718,-1.437,0.093,-0.022,0.02,2487,0
1617943,1.676,9.685,-1.305,0.063,-0.024,0.031,2485,0
1617963,1.697,9.606,-1.298,0.042,-0.026,0.05,2487,0
1617983,1.683,9.627,-1.343,0.039,-0.024,0.045,2487,0
1618003,1.676,9.582,-1.362,0.007,-0.046,0.042,2487,0
1618023,1.719,9.555,-1.31,0.009,-0.059,0.049,2485,0
1618043,1.769,9.498,-1.314,0.038,-0.052,0.041,2485,0
1618063,1.714,9.601,-1.381,0.065,-0.037,0.031,2486,0
1618083,1.662,9.644,-1.377,0.054,-0.035,0.03,2487,0
1618103,1.662,9.577,-1.331,0.008,-0.046,0.048,2485,0
1618123,1.647,9.517,-1.334,-0.017,-0.029,0.05,2486,0
1618143,1.621,9.536,-1.389,-0.006,-0.016,0.05,2486,0
1618163,1.595,9.613,-1.324,0.029,-0.002,0.021,2485,0
1618183,1.561,9.572,-1.305,0.026,-0.023,0.015,2485,0
1618203,1.65,9.543,-1.334,0.043,-0.039,0.019,2484,0
1618223,1.688,9.517,-1.355,0.033,-0.035,0.023,2486,0
1618243,1.674,9.601,-1.405,0.041,-0.015,0.024,2487,0
1618263,1.664,9.677,-1.348,0.027,-0.005,0.029,2485,0
1618283,1.642,9.661,-1.314,0.015,-0.016,0.029,2486,0
1618303,1.652,9.531,-1.288,-0.003,-0.034,0.029,2486,0
1618323,1.721,9.5,-1.314,0.032,-0.056,0.033,2486,0
1618343,1.822,9.479,-1.295,0.057,-0.052,0.047,2485,0
1618363,1.824,9.505,-1.286,0.091,-0.038,0.033,2484,0
1618383,1.774,9.541,-1.223,0.065,-0.035,0.008,2487,0
1618403,1.765,9.56,-1.147,0.037,-0.059,0.01,2484,0
1618423,1.817,9.527,-1.097,0.047,-0.07,0.034,2484,0
1618443,1.844,9.555,-1.188,0.084,-0.079,0.036,2486,0
1618463,1.8,9.594,-1.317,0.086,-0.076,0.013,2485,0
1618483,1.822,9.62,-1.417,0.061,-0.077,0.002,2486,0
1618503,1.844,9.548,-1.348,0.034,-0.064,0.019,2485,0
1618523,1.824,9.55,-1.322,0.056,-0.039,0.024,2485,0
1618543,1.796,9.531,-1.286,0.063,-0.028,0.01,2486,0
1618563,1.765,9.512,-1.415,0.059,-0.049,0.005,2484,0
1618583,1.719,9.606,-1.489,0.094,-0.055,0.01,2485,0
1618603,1.707,9.72,-1.494,0.073,-0.056,0.017,2485,0
1618623,1.733,9.656,-1.525,0.036,-0.053,0.022,2485,0
1618643,1.774,9.574,-1.42,0.028,-0.03,0.037,2486,0
1618663,1.724,9.665,-1.439,0.065,-0.008,0.034,2486,0
1618683,1.678,9.677,-1.369,0.056,-0.016,0.038,2484,0
1618703,1.702,9.651,-1.346,0.047,-0.035,0.048,2486,0
1618723,1.798,9.586,-1.274,0.06,-0.034,0.051,2485,0
1618743,1.786,9.749,-1.276,0.066,-0.023,0.07,2485,0
1618763,1.781,9.713,-1.221,0.034,-0.031,0.076,2484,0
1618783,1.788,9.72,-1.259,-0.015,-0.029,0.05,2487,0
1618803,1.808,9.632,-1.195,-0.067,-0.063,0.056,2486,0
1618823,1.872,9.479,-1.192,-0.041,-0.083,0.077,2486,0
1618843,1.856,9.39,-1.228,0.019,-0.072,0.069,2484,0
1618863,1.815,9.486,-1.336,0.052,-0.079,0.057,2485,0
1618883,1.844,9.591,-1.393,0.06,-0.078,0.037,2486,0
1618903,1.863,9.653,-1.384,0.031,-0.084,0.029,2484,0
1618923,1.903,9.519,-1.396,-0.023,-0.083,0.035,2487,0
1618943,1.949,9.459,-1.36,-0.03,-0.071,0.036,2485,0
1618963,1.956,9.483,-1.36,-0.01,-0.058,0.033,2484,0
1618983,1.968,9.584,-1.374,0.013,-0.066,0.034,2485,0
1619003,2.004,9.589,-1.355,0.007,-0.08,0.036,2483,0
1619023,2.09,9.507,-1.326,0.013,-0.065,0.052,2485,0
1619043,2.124,9.565,-1.274,0.043,-0.054,0.059,2485,0
1619063,2.095,9.562,-1.267,0.017,-0.053,0.047,2485,0
1619083,2.09,9.488,-1.235,-0.004,-0.08,0.056,2486,0
1619103,2.148,9.448,-1.173,0.002,-0.095,0.075,2484,0
1619123,2.169,9.361,-1.166,0.02,-0.088,0.082,2484,0
1619143,2.078,9.395,-1.288,0.026,-0.083,0.054,2483,0
1619163,2.064,9.376,-1.374,-0.006,-0.106,0.032,2485,0
1619183,2.128,9.304,-1.381,-0.003,-0.104,0.014,2484,0
1619203,2.112,9.292,-1.377,0.019,-0.072,0.002,2484,0
1619223,2.105,9.407,-1.329,0.051,-0.046,0.004,2486,0
1619243,2.097,9.522,-1.36,0.047,-0.038,-0.003,2485,0
1619263,2.131,9.438,-1.331,0.015,-0.048,-0.018,2484,0
1619283,2.181,9.433,-1.286,0.015,-0.047,-0.036,2484,0
1619303,2.162,9.462,-1.25,0.027,-0.029,-0.05,2485,0
1619323,2.148,9.584,-1.255,0.048,-0.024,-0.043,2485,0
1619343,2.116,9.584,-1.154,0.037,-0.03,-0.048,2485,0
1619363,2.136,9.488,-0.989,0.011,-0.057,-0.057,2485,0
1619383,2.14,9.297,-0.903,-0.009,-0.076,-0.065,2485,0
1619403,2.066,9.299,-0.965,0.01,-0.091,-0.047,2486,0
1619423,1.944,9.534,-1.25,0.075,-0.1,-0.059,2484,0
1619443,1.827,9.68,-1.513,0.08,-0.106,-0.059,2485,0
1619463,1.836,9.73,-1.542,0.063,-0.109,-0.035,2485,0
1619483,1.92,9.543,-1.523,0.011,-0.078,-0.019,2485,0
1619503,1.992,9.488,-1.41,0.024,-0.052,-0.015,2484,0
1619523,1.98,9.524,-1.429,0.043,-0.034,-0.037,2485,0
1619543,1.896,9.634,-1.391,0.062,-0.041,-0.046,2484,0
1619563,1.896,9.699,-1.396,0.079,-0.035,-0.037,2484,0
1619583,1.923,9.72,-1.439,0.075,-0.014,-0.02,2483,0
1619603,1.968,9.773,-1.405,0.081,0.003,0.012,2485,0
1619623,1.98,9.728,-1.367,0.069,0.012,0.019,2483,0
1619643,2.035,9.62,-1.326,0.038,0.006,0.016,2485,0
1619663,2.04,9.57,-1.197,0.013,0.009,0.022,2484,0
1619683,1.98,9.515,-1.211,0.012,0.026,0.026,2485,0
1619703,1.887,9.632,-1.209,0.027,0.018,0.041,2483,0
1619723,1.891,9.677,-1.238,0.014,0.002,0.034,2483,0
1619743,1.982,9.586,-1.235,-0.019,-0.02,0.037,2485,0
1619763,1.961,9.543,-1.199,-0.047,-0.011,0.04,2485,0
1619783,1.932,9.613,-1.137,-0.083,-0.003,0.055,2484,0
1619803,2.002,9.536,-1.087,-0.073,-0.001,0.057,2483,0
1619823,1.923,9.402,-0.984,-0.048,-0.003,0.084,2484,0
1619843,1.915,9.479,-0.919,0.052,-0.026,0.077,2484,0
1619863,1.939,9.527,-0.986,0.062,-0.057,0.051,2483,0
1619883,1.994,9.476,-1.111,0.072,-0.075,0.033,2483,0
1619903,2.064,9.416,-1.233,0.031,-0.059,0.013,2484,0
1619923,2.054,9.491,-1.245,0.013,-0.035,-0.007,2484,0
1619943,2.018,9.596,-1.207,-0.004,-0.027,-0.019,2483,0
1619963,2.057,9.527,-1.178,-0.015,-0.034,-0.019,2484,0
1619983,2.097,9.452,-1.08,-0.011,-0.033,-0.017,2483,0
1620003,2.133,9.44,-1.085,0.023,-0.039,-0.006,2484,0
1620023,2.102,9.536,-1.147,0.034,-0.044,0.002,2483,0
1620043,2.114,9.567,-1.149,0.034,-0.064,0.004,2484,0
1620063,2.157,9.538,-1.18,0.007,-0.074,0.001,2483,0
1620083,2.138,9.421,-1.097,0.004,-0.062,0.008,2484,0
1620103,2.083,9.44,-1.156,0.042,-0.043,0.024,2484,0
1620123,2.057,9.488,-1.161,0.068,-0.043,0.02,2483,0
1620143,2.1,9.436,-1.164,0.053,-0.064,0.004,2484,0
1620163,2.124,9.359,-1.154,0.051,-0.057,-0.017,2483,0
1620183,2.126,9.407,-1.183,0.07,-0.032,-0.03,2484,0
1620203,2.066,9.524,-1.24,0.067,-0.011,-0.042,2484,0
1620223,2.069,9.538,-1.245,0.052,-0.008,-0.046,2483,0
1620243,2.071,9.591,-1.204,0.046,-0.006,-0.052,2483,0
1620263,2.088,9.584,-1.152,0.029,0.001,-0.048,2483,0
1620283,2.093,9.498,-1.144,0.029,0.003,-0.043,2483,0
1620303,2.052,9.644,-1.144,0.049,-0.006,-0.042,2482,0
1620323,2.045,9.639,-1.109,0.054,-0.014,-0.035,2481,0
1620343,2.047,9.644,-1.118,0.048,-0.029,-0.013,2483,0
1620363,2.085,9.589,-1.053,0.039,-0.019,-0.005,2483,0
1620383,2.035,9.555,-1.089,0.047,-0.022,0.007,2483,0
1620403,1.98,9.598,-1.056,0.048,-0.024,-0.005,2484,0
1620423,1.985,9.517,-1.065,0.047,-0.04,0.006,2483,0
1620443,2.021,9.498,-1.015,0.06,-0.045,-0.005,2482,0
1620463,1.966,9.476,-1.101,0.037,-0.049,-0.024,2483,0
1620483,2.047,9.448,-1.07,0.037,-0.054,-0.022,2483,0
1620503,2.014,9.409,-1.097,0.028,-0.047,-0.039,2483,0
1620523,2.025,9.349,-0.967,0.033,-0.044,-0.06,2483,0
1620543,1.987,9.419,-1.013,0.07,-0.053,-0.075,2483,0
1620563,1.891,9.582,-1.125,0.07,-0.068,-0.07,2482,0
1620583,1.841,9.663,-1.324,0.056,-0.08,-0.058,2487,0
1620603,1.872,9.639,-1.41,0.041,-0.073,-0.047,2484,0
1620623,1.903,9.618,-1.389,0.043,-0.052,-0.045,2483,0
1620643,1.889,9.62,-1.317,0.062,-0.034,-0.034,2482,0
1620663,1.872,9.749,-1.286,0.079,-0.03,-0.033,2482,0
1620683,1.865,9.771,-1.252,0.025,-0.046,-0.017,2484,0
1620703,1.949,9.723,-1.173,-0.002,-0.054,0.003,2483,0
1620723,2.052,9.615,-1.065,-0.006,-0.045,0.005,2483,0
1620743,2.054,9.565,-1.073,0.041,-0.022,-0.003,2483,0
1620763,2.002,9.622,-1.113,0.079,-0.026,0.007,2483,0
1620783,1.951,9.637,-1.147,0.065,-0.028,0.014,2482,0
1620803,1.901,9.627,-1.176,0.031,-0.026,0.019,2484,0
1620823,1.879,9.598,-1.19,0.016,-0.021,0.017,2483,0
1620843,1.87,9.562,-1.24,0.026,-0.019,0.034,2485,0
1620863,1.848,9.586,-1.281,0.042,-0.019,0.015,2484,0
1620883,1.879,9.531,-1.262,0.019,-0.02,0.003,2484,0
1620903,1.884,9.515,-1.188,0.025,-0.005,-0.009,2484,0
1620923,1.927,9.457,-1.068,0.019,0.017,-0.01,2483,0
1620943,1.932,9.493,-0.977,0.042,0.017,-0.018,2484,0
1620963,1.927,9.488,-0.955,0.031,-0.005,-0.018,2484,0
1620983,1.935,9.488,-0.984,0.04,-0.031,-0.024,2484,0
1621003,1.875,9.517,-1.077,0.047,-0.037,-0.028,2482,0
1621023,1.856,9.658,-1.144,0.059,-0.037,-0.025,2484,0
1621043,1.915,9.708,-1.147,0.044,-0.036,-0.026,2484,0
1621063,1.889,9.594,-1.171,0.015,-0.022,-0.014,2483,0
1621083,1.889,9.658,-1.099,0.035,-0.015,-0.011,2484,0
1621103,1.903,9.622,-1.094,0.015,-0.015,-0.004,2484,0
1621123,1.932,9.625,-1.046,0.024,-0.037,0.015,2483,0
1621143,1.97,9.519,-1.03,0.016,-0.043,0.023,2482,0
1621163,1.92,9.44,-1.113,0.043,-0.044,0.023,2484,0
1621183,1.927,9.469,-1.164,0.066,-0.041,0.021,2484,0
1621203,1.942,9.577,-1.214,0.085,-0.039,0.021,2484,0
1621223,1.961,9.62,-1.137,0.059,-0.034,0.0,2482,0
1621243,1.925,9.586,-1.116,0.022,-0.028,-0.013,2483,0
1621263,1.913,9.579,-1.07,0.013,-0.03,0.002,2484,0
1621283,1.937,9.641,-1.132,0.046,-0.037,0.022,2484,0
1621303,1.942,9.728,-1.037,0.064,-0.042,0.032,2482,0
1621323,1.982,9.737,-0.903,0.028,-0.061,0.028,2484,0
1621343,1.985,9.646,-0.869,-0.018,-0.073,0.034,2482,0
1621363,1.937,9.651,-0.91,-0.01,-0.072,0.052,2483,0
1621383,1.891,9.701,-1.006,0.028,-0.073,0.066,2483,0
1621403,1.911,9.598,-1.044,0.011,-0.088,0.066,2483,0
1621423,1.98,9.378,-1.161,-0.005,-0.096,0.05,2484,0
1621443,2.03,9.282,-1.195,0.01,-0.08,0.032,2482,0
1621463,1.997,9.404,-1.288,0.05,-0.051,0.017,2484,0
1621483,1.994,9.519,-1.269,0.066,-0.031,0.003,2485,0
1621503,2.066,9.524,-1.152,0.049,-0.033,-0.011,2482,0
1621523,2.081,9.414,-1.104,0.009,-0.029,-0.025,2484,0
1621543,2.052,9.464,-1.106,0.006,-0.036,-0.032,2485,0
1621563,2.028,9.474,-1.19,0.013,-0.042,-0.023,2482,0
1621583,2.014,9.488,-1.204,0.063,-0.046,-0.011,2483,0
1621603,2.073,9.515,-1.144,0.098,-0.037,-0.008,2483,0
1621623,2.025,9.572,-1.183,0.108,-0.024,-0.021,2482,0
1621643,1.99,9.622,-1.204,0.07,-0.026,-0.025,2485,0
1621663,1.992,9.57,-1.152,0.045,-0.029,-0.007,2483,0
1621683,1.997,9.56,-1.152,0.064,-0.017,-0.001,2483,0
1621703,1.99,9.613,-1.18,0.067,-0.012,-0.007,2483,0
1621723,2.009,9.62,-1.149,0.052,-0.027,-0.009,2484,0
1621743,2.035,9.481,-1.077,0.038,-0.027,-0.008,2482,0
1621763,1.994,9.471,-1.061,0.054,-0.021,0.006,2482,0
1621783,1.961,9.653,-1.039,0.088,-0.023,0.0,2483,0
1621803,1.973,9.594,-1.097,0.065,-0.043,0.002,2484,0
1621823,1.978,9.577,-1.159,0.054,-0.049,-0.006,2483,0
1621843,2.004,9.51,-1.178,0.019,-0.043,-0.019,2483,0
1621863,2.009,9.486,-1.185,0.027,-0.022,-0.027,2482,0
1621883,1.97,9.527,-1.211,0.043,-0.002,-0.01,2483,0
1621903,1.958,9.701,-1.211,0.081,0.003,-0.014,2483,0
1621923,1.918,9.682,-1.12,0.048,-0.004,-0.015,2484,0
1621943,1.951,9.55,-1.044,0.035,-0.015,-0.01,2484,0
1621963,1.999,9.414,-1.001,0.018,-0.021,0.004,2484,0
1621983,1.951,9.481,-1.106,0.05,-0.029,-0.003,2481,0
1622003,1.987,9.553,-1.152,0.056,-0.046,-0.012,2481,0
1622023,2.014,9.495,-1.226,0.064,-0.031,-0.022,2483,0
1622043,2.006,9.55,-1.152,0.076,-0.003,-0.03,2482,0
1622063,1.918,9.613,-1.132,0.046,0.006,-0.035,2483,0
1622083,1.896,9.522,-1.106,0.027,-0.016,-0.024,2483,0
1622103,1.925,9.488,-1.154,0.063,-0.03,-0.018,2483,0
1622123,1.896,9.651,-1.199,0.067,-0.034,-0.013,2483,0
1622143,1.923,9.613,-1.209,0.044,-0.038,-0.006,2483,0
1622163,1.942,9.517,-1.188,0.045,-0.009,-0.01,2481,0
1622183,1.927,9.524,-1.159,0.054,0.002,-0.02,2481,0
1622203,1.901,9.522,-1.113,0.046,-0.009,-0.015,2483,0
1622223,1.963,9.522,-1.087,0.052,-0.015,-0.008,2481,0
1622243,1.966,9.51,-1.082,0.061,-0.011,-0.02,2482,0
1622263,1.944,9.56,-1.142,0.065,-0.011,-0.026,2482,0
1622283,1.937,9.651,-1.18,0.062,-0.015,-0.019,2481,0
1622303,1.944,9.663,-1.185,0.062,-0.013,-0.023,2482,0
1622323,1.853,9.704,-1.211,0.046,-0.004,-0.025,2483,0
1622343,1.879,9.797,-1.147,0.055,-0.014,-0.013,2484,0
1622363,1.932,9.735,-1.149,0.042,-0.027,0.003,2482,0
1622383,1.98,9.675,-1.068,0.051,-0.028,0.015,2483,0
1622403,1.98,9.661,-1.092,0.039,-0.034,0.013,2481,0
1622423,1.973,9.572,-1.101,0.019,-0.036,0.019,2481,0
1622443,1.949,9.495,-1.125,0.011,-0.043,0.014,2481,0
1622463,1.992,9.459,-1.164,0.037,-0.046,0.009,2484,0
1622483,1.978,9.467,-1.156,0.042,-0.05,0.007,2483,0
1622503,1.985,9.512,-1.178,0.054,-0.049,0.009,2481,0
1622523,2.03,9.424,-1.111,0.015,-0.062,0.009,2482,0
1622543,1.958,9.34,-1.24,0.016,-0.046,-0.007,2482,0
1622563,1.992,9.438,-1.257,0.048,-0.058,-0.019,2482,0
1622583,2.006,9.385,-1.302,0.066,-0.026,-0.027,2482,0
1622603,1.999,9.457,-1.259,0.101,-0.009,-0.031,2484,0
1622623,1.963,9.553,-1.12,0.072,0.007,-0.052,2482,0
1622643,1.836,9.646,-1.156,0.04,-0.007,-0.043,2482,0
1622663,1.858,9.773,-1.116,0.043,-0.034,-0.025,2482,0
1622683,1.918,9.661,-1.173,0.06,-0.035,-0.004,2482,0
1622703,1.906,9.641,-1.156,0.084,-0.027,-0.005,2483,0
1622723,1.896,9.603,-1.147,0.046,-0.02,-0.014,2482,0
1622743,1.899,9.517,-1.092,0.005,-0.027,-0.022,2483,0
1622763,1.944,9.416,-1.022,-0.001,-0.03,-0.027,2483,0
1622783,1.858,9.392,-1.049,0.035,-0.022,-0.048,2482,0
1622803,1.772,9.495,-1.144,0.041,-0.039,-0.057,2481,0
1622823,1.853,9.567,-1.176,0.052,-0.042,-0.068,2482,0
1622843,1.858,9.67,-1.195,0.058,-0.04,-0.062,2481,0
1622863,1.836,9.708,-1.223,0.048,-0.035,-0.046,2482,0
1622883,1.781,9.761,-1.173,0.033,-0.044,-0.026,2482,0
1622903,1.791,9.718,-1.149,0.03,-0.056,-0.007,2482,0
1622923,1.848,9.596,-1.204,0.047,-0.061,0.015,2482,0
1622943,1.865,9.56,-1.197,0.079,-0.057,0.019,2483,0
1622963,1.817,9.608,-1.281,0.066,-0.048,0.006,2483,0
1622983,1.822,9.629,-1.199,0.047,-0.05,-0.001,2482,0
1623003,1.875,9.613,-1.173,0.019,-0.055,-0.002,2483,0
1623023,1.848,9.536,-1.111,0.012,-0.048,-0.008,2481,0
1623043,1.805,9.495,-1.13,0.027,-0.05,0.004,2483,0
1623063,1.812,9.553,-1.164,0.046,-0.064,0.012,2483,0
1623083,1.791,9.503,-1.226,0.033,-0.074,0.001,2482,0
1623103,1.832,9.534,-1.3,0.04,-0.082,-0.016,2481,0
1623123,1.877,9.491,-1.319,0.037,-0.063,-0.024,2481,0
1623143,1.841,9.613,-1.343,0.059,-0.034,-0.015,2482,0
1623163,1.827,9.771,-1.288,0.063,-0.019,-0.017,2483,0
1623183,1.81,9.74,-1.219,0.036,-0.018,0.009,2484,0
1623203,1.824,9.73,-1.171,0.052,-0.029,0.026,2482,0
1623223,1.836,9.646,-1.164,0.034,-0.026,0.029,2483,0
1623243,1.856,9.582,-1.123,0.042,-0.032,0.032,2482,0
1623263,1.901,9.56,-1.111,0.039,-0.033,0.03,2481,0
1623283,1.896,9.491,-1.12,0.048,-0.024,0.032,2482,0
1623303,1.877,9.591,-1.149,0.067,-0.022,0.027,2482,0
1623323,1.846,9.603,-1.171,0.03,-0.025,0.017,2483,0
1623343,1.82,9.586,-1.276,0.02,-0.035,0.021,2482,0
1623363,1.887,9.574,-1.29,0.038,-0.034,0.021,2481,0
1623383,1.908,9.589,-1.226,0.067,-0.021,0.017,2483,0
1623403,1.884,9.62,-1.259,0.067,-0.024,0.022,2481,0
1623423,1.903,9.627,-1.209,0.06,-0.035,0.026,2482,0
1623443,1.992,9.519,-1.152,0.054,-0.035,0.034,2481,0
1623463,1.985,9.503,-1.132,0.058,-0.032,0.035,2481,0
1623483,1.951,9.572,-1.168,0.047,-0.045,0.03,2482,0
1623503,1.99,9.555,-1.223,0.027,-0.069,0.026,2481,0
1623523,2.028,9.479,-1.197,0.031,-0.067,0.025,2483,0
1623543,1.99,9.493,-1.192,0.051,-0.05,0.026,2483,0
1623563,1.958,9.531,-1.14,0.05,-0.045,0.036,2482,0
1623583,1.966,9.529,-1.128,0.055,-0.056,0.04,2483,0
1623603,1.997,9.519,-1.142,0.051,-0.071,0.031,2482,0
1623623,1.997,9.409,-1.219,0.039,-0.081,0.017,2484,0
1623643,1.985,9.443,-1.377,0.051,-0.068,0.005,2482,0
1623663,1.956,9.534,-1.365,0.056,-0.043,-0.01,2483,0
1623683,1.968,9.591,-1.358,0.047,-0.026,-0.019,2483,0
1623703,2.021,9.594,-1.257,0.027,-0.018,-0.018,2482,0
1623723,1.999,9.541,-1.247,0.021,-0.003,-0.019,2483,0
1623743,1.939,9.56,-1.247,0.018,0.002,-0.01,2482,0
1623763,1.882,9.663,-1.247,0.037,-0.005,-0.002,2481,0
1623783,1.913,9.644,-1.326,0.035,-0.021,0.006,2482,0
1623803,1.915,9.668,-1.372,0.059,-0.018,0.003,2481,0
1623823,1.937,9.658,-1.324,0.052,-0.009,0.011,2482,0
1623843,1.923,9.632,-1.252,0.054,0.005,0.02,2483,0
1623863,1.987,9.603,-1.207,0.043,0.007,0.03,2482,0
1623883,2.03,9.55,-1.142,0.032,0.003,0.036,2483,0
1623903,2.093,9.455,-1.123,0.039,-0.003,0.02,2482,0
1623923,2.069,9.388,-1.106,0.031,-0.007,0.006,2483,0
1623943,2.042,9.404,-1.077,0.037,-0.017,0.003,2482,0
1623963,1.99,9.424,-1.118,0.041,-0.026,0.008,2482,0
1623983,2.066,9.436,-1.156,0.053,-0.035,0.006,2481,0
1624003,2.076,9.445,-1.207,0.051,-0.039,-0.005,2482,0
1624023,2.04,9.503,-1.25,0.038,-0.031,-0.023,2483,0
1624043,1.992,9.503,-1.305,0.027,-0.022,-0.031,2481,0
1624063,1.954,9.596,-1.283,0.05,-0.012,-0.018,2482,0
1624083,1.944,9.632,-1.269,0.069,-0.005,-0.005,2481,0
1624103,1.966,9.677,-1.219,0.073,-0.006,-0.004,2483,0
1624123,1.975,9.651,-1.137,0.051,-0.011,-0.003,2482,0
1624143,2.028,9.577,-1.041,0.046,-0.007,0.006,2482,0
1624163,1.997,9.565,-1.065,0.033,-0.026,-0.001,2483,0
1624183,1.992,9.503,-1.188,0.022,-0.036,-0.005,2482,0
1624203,2.143,9.565,-1.176,0.066,-0.055,0.007,2482,0
1624223,2.045,9.584,-1.271,0.033,-0.01,-0.009,2482,0
1624243,2.021,9.608,-1.226,0.027,-0.024,0.003,2482,0
1624263,2.002,9.577,-1.235,-0.018,-0.019,0.001,2483,0
1624283,1.961,9.483,-1.259,0.019,-0.024,0.009,2482,0
1624303,1.961,9.598,-1.279,0.048,-0.028,0.011,2482,0
1624323,1.911,9.567,-1.302,0.046,-0.025,0.018,2483,0
1624343,1.923,9.541,-1.252,0.054,-0.021,0.017,2481,0
1624363,1.958,9.5,-1.164,0.049,-0.013,0.006,2482,0
1624383,1.942,9.414,-1.101,0.059,-0.025,0.017,2482,0
1624403,2.009,9.409,-1.039,0.09,-0.047,0.041,2481,0
1624423,2.085,9.457,-1.125,0.103,-0.049,0.042,2481,0
1624443,2.128,9.436,-1.192,0.09,-0.052,0.021,2482,0
1624463,2.114,9.443,-1.207,0.048,-0.05,-0.009,2482,0
1624483,2.03,9.481,-1.329,0.027,-0.041,-0.025,2483,0
1624503,1.982,9.589,-1.362,0.04,-0.033,-0.015,2482,0
1624523,1.975,9.582,-1.372,0.07,-0.018,0.004,2483,0
1624543,1.992,9.572,-1.314,0.106,-0.013,0.013,2482,0
1624563,2.035,9.56,-1.219,0.095,-0.0,-0.006,2482,0
1624583,2.021,9.603,-1.137,0.061,-0.002,-0.018,2482,0
1624603,1.97,9.663,-1.097,0.048,-0.008,-0.015,2481,0
1624623,1.966,9.661,-1.065,0.04,-0.018,-0.002,2481,0
1624643,1.985,9.586,-1.085,0.058,-0.039,0.011,2482,0
1624663,2.042,9.51,-1.08,0.056,-0.055,0.002,2482,0
1624683,2.073,9.428,-1.152,0.039,-0.071,-0.014,2484,0
1624703,2.085,9.342,-1.259,0.002,-0.07,-0.027,2483,0
1624723,1.992,9.493,-1.384,0.016,-0.064,-0.037,2482,0
1624743,1.99,9.641,-1.508,0.001,-0.06,-0.043,2482,0
1624763,2.009,9.589,-1.434,0.015,-0.046,-0.04,2482,0
1624783,2.004,9.589,-1.374,0.044,-0.013,-0.039,2481,0
1624803,1.985,9.629,-1.307,0.041,-0.001,-0.027,2483,0
1624823,1.954,9.582,-1.228,0.026,-0.01,-0.006,2481,0
1624843,1.968,9.574,-1.132,0.043,-0.032,0.013,2482,0
1624863,1.994,9.598,-1.149,0.066,-0.032,0.001,2483,0
1624883,1.999,9.618,-1.202,0.072,-0.028,-0.005,2482,0
1624903,2.011,9.558,-1.19,0.033,-0.031,-0.003,2482,0
1624923,2.025,9.491,-1.18,0.006,-0.032,-0.015,2482,0
1624943,2.025,9.505,-1.185,-0.001,-0.035,-0.033,2482,0
1624963,2.009,9.55,-1.267,0.006,-0.04,-0.042,2482,0
1624983,1.975,9.536,-1.252,0.023,-0.033,-0.039,2482,0
1625003,1.889,9.536,-1.314,0.028,-0.015,-0.025,2482,0
1625023,1.853,9.598,-1.324,0.032,-0.014,0.003,2481,0
1625043,1.887,9.62,-1.243,0.044,-0.019,0.01,2481,0
1625063,1.93,9.57,-1.199,0.048,-0.023,-0.009,2481,0
1625083,1.935,9.555,-1.152,0.035,-0.037,-0.021,2481,0
1625103,1.949,9.555,-1.142,0.006,-0.042,-0.017,2480,0
1625123,1.999,9.61,-1.08,0.009,-0.047,0.011,2483,0
1625143,2.028,9.608,-1.128,0.024,-0.045,0.01,2481,0
1625163,2.04,9.493,-1.226,0.016,-0.059,-0.003,2481,0
1625183,2.069,9.44,-1.245,-0.006,-0.064,-0.018,2480,0
1625203,2.021,9.414,-1.298,-0.011,-0.044,-0.013,2482,0
1625223,1.935,9.586,-1.369,0.02,-0.03,-0.005,2481,0
1625243,1.913,9.658,-1.252,0.044,-0.024,-0.009,2481,0
1625263,1.896,9.57,-1.293,0.049,-0.029,-0.006,2484,0
1625283,1.994,9.553,-1.173,0.061,-0.033,-0.02,2481,0
1625303,2.03,9.527,-1.183,0.043,-0.021,-0.021,2481,0
1625323,2.035,9.4,-1.111,0.017,-0.016,-0.006,2481,0
1625343,2.018,9.402,-1.07,0.036,-0.006,-0.012,2482,0
1625363,1.966,9.527,-1.08,0.05,-0.009,-0.022,2482,0
1625383,1.951,9.613,-1.183,0.054,-0.044,-0.011,2480,0
1625403,1.999,9.476,-1.302,0.038,-0.055,-0.004,2480,0
1625423,1.98,9.55,-1.288,0.077,-0.025,-0.021,2481,0
1625443,1.911,9.555,-1.314,0.05,-0.007,-0.007,2481,0
1625463,1.882,9.639,-1.233,0.055,-0.001,0.009,2481,0
1625483,1.901,9.649,-1.154,0.066,-0.002,0.012,2481,0
1625503,1.906,9.673,-1.149,0.082,-0.013,0.01,2481,0
1625523,1.894,9.558,-1.128,0.044,-0.018,0.008,2481,0
1625543,1.932,9.491,-1.111,0.035,-0.025,0.007,2481,0
1625563,1.946,9.577,-1.077,0.039,-0.021,-0.013,2482,0
1625583,1.932,9.567,-1.109,0.034,-0.042,-0.012,2481,0
1625603,1.908,9.517,-1.111,0.043,-0.046,-0.02,2483,0
1625623,1.949,9.421,-1.123,0.034,-0.035,-0.019,2481,0
1625643,1.927,9.486,-1.185,0.054,-0.031,0.024,2480,0
1625663,1.935,9.694,-1.257,0.074,-0.03,0.023,2480,0
1625683,1.946,9.601,-1.259,0.031,-0.036,-0.009,2481,0
1625703,1.942,9.483,-1.267,0.011,-0.047,-0.022,2481,0
1625723,1.915,9.481,-1.264,0.012,-0.032,-0.037,2482,0
1625743,1.839,9.469,-1.271,0.019,-0.024,-0.025,2481,0
1625763,1.846,9.601,-1.195,0.079,-0.03,0.012,2481,0
1625783,1.867,9.586,-1.176,0.09,-0.029,-0.001,2481,0
1625803,1.889,9.56,-1.202,0.072,-0.042,-0.023,2481,0
1625823,1.992,9.495,-1.147,0.019,-0.05,-0.019,2481,0
1625843,1.987,9.5,-1.13,0.039,-0.029,0.004,2480,0
1625863,1.944,9.694,-1.13,0.091,-0.017,-0.016,2481,0
1625883,1.937,9.701,-1.132,0.059,-0.047,-0.013,2480,0
1625903,2.016,9.61,-1.188,0.03,-0.073,0.001,2480,0
1625923,2.009,9.483,-1.257,0.011,-0.061,-0.011,2480,0
1625943,1.896,9.476,-1.369,0.015,-0.035,-0.003,2480,0
1625963,1.875,9.67,-1.336,0.067,-0.036,0.016,2480,0
1625983,1.887,9.653,-1.36,0.063,-0.032,0.008,2479,0
1626003,1.858,9.591,-1.334,0.066,-0.034,0.0,2481,0
1626023,1.86,9.574,-1.264,0.05,-0.015,-0.002,2480,0
1626043,1.851,9.51,-1.144,0.048,-0.003,0.015,2480,0
1626063,1.899,9.627,-1.075,0.072,-0.017,0.026,2482,0
1626083,1.927,9.61,-1.03,0.05,-0.033,0.01,2481,0
1626103,1.985,9.541,-1.046,0.045,-0.063,0.007,2480,0
1626123,2.03,9.467,-1.109,0.011,-0.066,0.005,2481,0
1626143,2.025,9.529,-1.214,0.025,-0.062,0.008,2480,0
1626163,2.03,9.584,-1.281,0.031,-0.055,0.001,2480,0
1626183,1.997,9.538,-1.362,0.021,-0.063,-0.01,2480,0
1626203,2.016,9.481,-1.377,0.005,-0.062,-0.02,2481,0
1626223,1.951,9.426,-1.401,0.026,-0.035,-0.014,2481,0
1626243,1.884,9.534,-1.391,0.071,-0.011,0.008,2482,0
1626263,1.824,9.682,-1.329,0.096,0.002,0.009,2482,0
1626283,1.827,9.661,-1.202,0.08,-0.011,0.008,2481,0
1626303,1.949,9.491,-1.039,0.06,-0.03,0.013,2481,0
1626323,2.014,9.354,-1.013,0.048,-0.038,-0.002,2481,0
1626343,2.004,9.491,-1.049,0.059,-0.046,-0.029,2481,0
1626363,1.987,9.646,-1.111,0.049,-0.054,-0.03,2481,0
1626383,1.966,9.697,-1.197,0.033,-0.052,-0.017,2481,0
1626403,2.004,9.67,-1.211,0.018,-0.047,0.003,2481,0
1626423,2.059,9.586,-1.267,0.01,-0.044,0.007,2480,0
1626443,2.011,9.507,-1.358,-0.002,-0.045,0.002,2481,0
1626463,1.973,9.486,-1.453,0.02,-0.042,-0.011,2480,0
1626483,1.851,9.548,-1.523,0.042,-0.019,-0.017,2481,0
1626503,1.853,9.553,-1.42,0.068,0.003,-0.002,2479,0
1626523,1.834,9.538,-1.293,0.081,0.022,0.004,2480,0
1626543,1.815,9.594,-1.099,0.078,0.016,-0.008,2482,0
1626563,1.865,9.567,-1.01,0.051,-0.011,-0.006,2481,0
1626583,1.956,9.495,-0.967,0.037,-0.038,-0.01,2480,0
1626603,1.975,9.462,-0.991,0.037,-0.043,-0.023,2480,0
1626623,1.913,9.584,-1.104,0.05,-0.051,-0.02,2480,0
1626643,1.918,9.584,-1.173,0.03,-0.066,-0.015,2481,0
1626663,1.978,9.531,-1.238,0.02,-0.08,-0.012,2480,0
1626683,2.025,9.562,-1.271,0.024,-0.07,-0.024,2480,0
1626703,1.949,9.596,-1.365,0.019,-0.059,-0.023,2481,0
1626723,1.899,9.574,-1.403,0.036,-0.059,-0.002,2481,0
1626743,1.856,9.639,-1.391,0.07,-0.058,0.014,2482,0
1626763,1.908,9.534,-1.341,0.076,-0.047,0.022,2482,0
1626783,1.999,9.488,-1.216,0.086,-0.044,0.013,2481,0
1626803,2.037,9.433,-1.118,0.056,-0.028,-0.009,2481,0
1626823,2.045,9.505,-1.183,0.044,-0.039,-0.016,2481,0
1626843,2.09,9.467,-1.166,-0.007,-0.045,-0.028,2482,0
1626863,2.014,9.462,-1.31,0.009,-0.044,-0.048,2480,0
1626883,1.97,9.584,-1.314,0.031,-0.031,-0.048,2481,0
1626903,1.927,9.665,-1.336,0.06,-0.029,-0.022,2480,0
1626923,1.987,9.661,-1.355,0.085,-0.013,-0.02,2480,0
1626943,1.913,9.665,-1.31,0.051,0.004,-0.026,2480,0
1626963,1.817,9.692,-1.228,0.035,0.024,-0.025,2481,0
1626983,1.736,9.744,-1.221,0.019,0.015,-0.009,2480,0
1627003,1.75,9.673,-1.221,0.017,-0.004,0.01,2480,0
1627023,1.824,9.529,-1.185,0.032,-0.025,0.019,2482,0
1627043,1.918,9.388,-1.149,0.049,-0.022,0.026,2480,0
1627063,1.875,9.431,-1.116,0.062,-0.008,0.003,2480,0
1627083,1.822,9.56,-1.171,0.039,-0.023,-0.015,2481,0
1627103,1.839,9.51,-1.192,0.002,-0.042,-0.028,2480,0
1627123,1.851,9.452,-1.223,0.004,-0.043,-0.035,2480,0
1627143,1.851,9.479,-1.24,0.02,-0.033,-0.038,2480,0
1627163,1.851,9.577,-1.269,0.046,-0.031,-0.029,2480,0
1627183,1.822,9.625,-1.25,0.046,-0.028,-0.02,2482,0
1627203,1.812,9.685,-1.255,0.059,-0.03,-0.01,2481,0
1627223,1.851,9.632,-1.137,0.038,-0.031,-0.003,2481,0
1627243,1.887,9.625,-1.132,0.05,-0.041,0.003,2482,0
1627263,1.899,9.641,-1.132,0.045,-0.043,0.005,2480,0
1627283,1.87,9.613,-1.183,0.043,-0.049,0.011,2480,0
1627303,1.872,9.594,-1.192,0.039,-0.055,0.02,2480,0
1627323,1.903,9.55,-1.216,0.032,-0.048,0.011,2480,0
1627343,1.925,9.522,-1.183,0.019,-0.048,0.004,2480,0
1627363,1.944,9.459,-1.094,0.024,-0.038,0.01,2480,0
1627383,1.846,9.567,-1.176,0.035,-0.036,0.01,2480,0
1627403,1.829,9.687,-1.247,0.035,-0.059,0.013,2480,0
1627423,1.896,9.591,-1.31,0.034,-0.067,0.018,2480,0
1627443,1.997,9.459,-1.281,0.048,-0.051,0.013,2479,0
1627463,1.918,9.462,-1.31,0.044,-0.024,0.005,2480,0
1627483,1.911,9.515,-1.25,0.051,-0.021,0.01,2480,0
1627503,1.918,9.464,-1.283,0.047,-0.031,0.02,2480,0
1627523,1.932,9.469,-1.288,0.078,-0.028,0.022,2481,0
1627543,1.942,9.555,-1.353,0.094,-0.022,0.011,2481,0
1627563,1.927,9.536,-1.362,0.075,-0.007,0.005,2481,0
1627583,1.942,9.538,-1.317,0.065,-0.005,-0.003,2481,0
1627603,1.913,9.486,-1.286,0.051,0.003,-0.014,2480,0
1627623,1.894,9.586,-1.233,0.075,-0.009,-0.005,2482,0
1627643,1.946,9.565,-1.173,0.084,-0.005,0.012,2480,0
1627663,1.894,9.627,-1.245,0.098,-0.006,0.016,2481,0
1627683,1.889,9.687,-1.247,0.062,-0.015,0.007,2481,0
1627703,1.903,9.689,-1.274,0.049,-0.026,0.011,2481,0
1627723,1.925,9.658,-1.279,0.052,-0.017,0.017,2480,0
1627743,1.975,9.651,-1.223,0.08,-0.015,0.039,2480,0
1627763,1.963,9.668,-1.19,0.068,-0.021,0.048,2481,0
1627783,1.949,9.538,-1.211,0.029,-0.042,0.038,2481,0
1627803,1.963,9.471,-1.197,0.017,-0.053,0.021,2481,0
1627823,1.932,9.462,-1.235,0.018,-0.046,0.018,2481,0
1627843,1.92,9.481,-1.295,0.033,-0.039,0.014,2480,0
1627863,1.877,9.534,-1.334,0.044,-0.034,0.01,2481,0
1627883,1.956,9.483,-1.283,0.058,-0.024,0.014,2480,0
1627903,1.982,9.527,-1.233,0.056,-0.025,0.006,2481,0
1627923,1.942,9.464,-1.197,0.023,-0.038,-0.003,2479,0
1627943,1.987,9.515,-1.211,0.028,-0.056,-0.005,2481,0
1627963,2.028,9.519,-1.259,0.035,-0.047,-0.007,2481,0
1627983,2.014,9.596,-1.31,0.05,-0.034,-0.013,2480,0
1628003,1.975,9.653,-1.305,0.03,-0.031,-0.011,2480,0
1628023,1.97,9.603,-1.324,0.017,-0.032,-0.011,2480,0
1628043,1.946,9.567,-1.307,0.017,-0.033,-0.008,2480,0
1628063,1.954,9.622,-1.286,0.05,-0.028,0.006,2481,0
1628083,1.913,9.737,-1.271,0.064,-0.016,0.011,2480,0
1628103,1.918,9.704,-1.202,0.042,-0.023,0.019,2480,0
1628123,1.966,9.565,-1.106,0.014,-0.036,0.02,2481,0
1628143,1.968,9.469,-1.08,0.003,-0.044,0.009,2481,0
1628163,1.987,9.373,-1.12,0.011,-0.052,0.027,2479,0
1628183,1.954,9.45,-1.204,0.047,-0.061,0.03,2481,0
1628203,1.949,9.505,-1.255,0.039,-0.067,0.012,2480,0
1628223,1.93,9.476,-1.245,0.021,-0.078,0.002,2480,0
1628243,1.961,9.459,-1.283,0.023,-0.074,0.004,2480,0
1628263,1.963,9.448,-1.29,0.032,-0.062,0.01,2480,0
1628283,1.973,9.567,-1.312,0.061,-0.06,0.007,2480,0
1628303,1.978,9.584,-1.231,0.046,-0.065,-0.002,2480,0
1628323,2.023,9.474,-1.25,0.032,-0.074,-0.006,2480,0
1628343,2.057,9.433,-1.283,0.03,-0.07,0.006,2480,0
1628363,2.04,9.462,-1.322,0.057,-0.063,-0.001,2481,0
1628383,1.994,9.479,-1.374,0.06,-0.057,-0.02,2480,0
1628403,1.963,9.51,-1.269,0.059,-0.05,-0.037,2481,0
1628423,1.937,9.596,-1.221,0.056,-0.043,-0.033,2480,0
1628443,1.935,9.634,-1.168,0.05,-0.043,-0.022,2481,0
1628463,1.932,9.634,-1.233,0.056,-0.056,-0.013,2479,0
1628483,1.999,9.692,-1.283,0.065,-0.068,-0.007,2480,0
1628503,2.085,9.637,-1.214,0.041,-0.066,-0.011,2480,0
1628523,2.121,9.546,-1.188,0.01,-0.062,0.002,2480,0
1628543,2.09,9.558,-1.228,0.004,-0.059,0.003,2481,0
1628563,1.992,9.553,-1.312,-0.011,-0.067,-0.003,2480,0
1628583,1.906,9.531,-1.475,0.017,-0.074,0.005,2480,0
1628603,1.891,9.56,-1.513,0.042,-0.056,0.01,2480,0
1628623,1.877,9.641,-1.518,0.068,-0.03,0.014,2480,0
1628643,1.927,9.661,-1.353,0.065,-0.011,0.029,2480,0
1628663,1.923,9.589,-1.231,0.058,-0.005,0.03,2480,0
1628683,1.958,9.512,-1.051,0.042,-0.027,0.025,2480,0
1628703,1.968,9.481,-1.077,0.035,-0.05,0.023,2480,0
1628723,2.054,9.479,-1.049,0.04,-0.068,0.023,2480,0
1628743,2.066,9.491,-1.137,0.053,-0.069,0.026,2480,0
1628763,2.054,9.517,-1.233,0.049,-0.067,0.011,2480,0
1628783,2.083,9.469,-1.329,0.024,-0.076,-0.001,2480,0
1628803,2.109,9.431,-1.372,0.011,-0.071,-0.008,2480,0
1628823,2.04,9.503,-1.372,0.017,-0.052,-0.015,2480,0
1628843,1.944,9.591,-1.369,0.035,-0.054,-0.006,2480,0
1628863,1.946,9.646,-1.358,0.068,-0.058,0.016,2479,0
1628883,2.011,9.637,-1.312,0.106,-0.056,0.023,2480,0
1628903,2.093,9.529,-1.24,0.083,-0.049,0.024,2479,0
1628923,2.136,9.512,-1.209,0.047,-0.048,0.007,2480,0
1628943,2.093,9.534,-1.188,-0.001,-0.044,-0.003,2481,0
1628963,2.042,9.555,-1.24,0.003,-0.047,0.002,2480,0
1628983,2.081,9.488,-1.305,0.008,-0.059,0.017,2480,0
1629003,2.081,9.412,-1.393,0.031,-0.054,-0.003,2481,0
1629023,2.088,9.498,-1.477,0.047,-0.051,-0.021,2480,0
1629043,2.054,9.522,-1.463,0.041,-0.017,-0.02,2480,0
1629063,2.014,9.637,-1.42,0.066,0.008,-0.013,2479,0
1629083,1.973,9.697,-1.271,0.038,0.014,-0.003,2480,0
1629103,1.968,9.61,-1.197,0.026,-0.011,0.008,2480,0
1629123,1.99,9.486,-1.154,0.015,-0.031,0.01,2480,0
1629143,1.982,9.455,-1.19,0.035,-0.046,0.005,2480,0
1629163,1.997,9.479,-1.267,0.046,-0.05,0.01,2480,0
1629183,1.987,9.519,-1.355,0.059,-0.043,0.019,2479,0
1629203,2.004,9.522,-1.36,0.045,-0.03,-0.005,2480,0
1629223,2.042,9.412,-1.35,0.015,-0.03,-0.015,2480,0
1629243,2.081,9.369,-1.267,0.036,-0.015,-0.009,2480,0
1629263,1.978,9.527,-1.276,0.063,0.0,-0.022,2481,0
1629283,1.942,9.596,-1.269,0.048,-0.012,-0.026,2480,0
1629303,1.963,9.543,-1.226,0.027,-0.026,-0.02,2480,0
1629323,2.004,9.512,-1.209,0.03,-0.026,-0.012,2479,0
1629343,1.994,9.562,-1.245,0.051,-0.025,-0.017,2480,0
1629363,1.99,9.577,-1.312,0.041,-0.032,-0.025,2480,0
1629383,2.016,9.529,-1.314,0.035,-0.033,-0.031,2480,0
1629403,1.999,9.572,-1.293,0.035,-0.011,-0.044,2480,0
1629423,1.949,9.673,-1.276,0.026,-0.004,-0.035,2479,0
1629443,1.97,9.68,-1.233,0.021,-0.009,-0.014,2480,0
1629463,2.033,9.555,-1.176,0.028,-0.015,-0.005,2480,0
1629483,1.994,9.512,-1.154,0.033,-0.023,-0.006,2480,0
1629503,1.961,9.536,-1.109,0.033,-0.043,-0.008,2480,0
1629523,2.009,9.424,-1.171,0.005,-0.063,-0.002,2480,0
1629543,2.016,9.378,-1.293,0.032,-0.065,-0.016,2480,0
1629563,2.057,9.443,-1.353,0.051,-0.042,-0.033,2479,0
1629583,1.997,9.55,-1.355,0.047,-0.017,-0.05,2479,0
1629603,1.997,9.603,-1.245,0.021,-0.008,-0.046,2480,0
1629623,1.997,9.579,-1.195,0.002,-0.007,-0.034,2480,0
1629643,1.961,9.562,-1.199,0.021,-0.006,-0.018,2480,0
1629663,1.923,9.651,-1.259,0.054,-0.015,-0.026,2480,0
1629683,1.884,9.639,-1.286,0.046,-0.015,-0.02,2480,0
1629703,1.908,9.658,-1.267,0.05,-0.012,-0.013,2480,0
1629723,1.937,9.651,-1.192,0.035,-0.002,-0.008,2480,0
1629743,1.918,9.661,-1.123,0.031,-0.007,-0.007,2479,0
1629763,1.942,9.579,-1.077,0.026,-0.012,0.01,2480,0
1629783,1.913,9.596,-1.092,0.038,-0.029,0.014,2480,0
1629803,1.882,9.541,-1.156,0.008,-0.046,0.019,2480,0
1629823,1.915,9.433,-1.238,0.01,-0.07,0.024,2480,0
1629843,1.966,9.333,-1.29,0.034,-0.063,0.019,2480,0
1629863,1.973,9.311,-1.348,0.072,-0.046,0.01,2480,0
1629883,1.939,9.443,-1.417,0.088,-0.037,0.003,2479,0
1629903,1.927,9.51,-1.362,0.084,-0.03,0.002,2479,0
1629923,1.915,9.572,-1.295,0.086,-0.012,-0.013,2479,0
1629943,1.908,9.634,-1.192,0.071,-0.013,-0.014,2479,0
1629963,1.939,9.687,-1.144,0.066,-0.016,-0.01,2480,0
1629983,1.942,9.668,-1.132,0.057,-0.017,0.006,2480,0
1630003,1.954,9.744,-1.125,0.068,-0.014,-0.003,2479,0
1630023,1.966,9.725,-1.106,0.034,-0.03,0.011,2480,0
1630043,1.973,9.706,-1.046,0.028,-0.043,0.023,2478,0
1630063,1.973,9.608,-1.12,0.013,-0.049,0.036,2479,0
1630083,1.935,9.629,-1.283,0.033,-0.058,0.025,2479,0
1630103,1.985,9.579,-1.343,0.019,-0.057,0.025,2480,0
1630123,2.035,9.541,-1.276,0.035,-0.041,0.023,2480,0
1630143,1.985,9.517,-1.147,0.02,-0.026,0.024,2480,0
1630163,1.923,9.524,-1.173,0.01,-0.041,0.028,2480,0
1630183,1.911,9.462,-1.223,0.016,-0.065,0.041,2480,0
1630203,1.98,9.404,-1.264,0.048,-0.066,0.025,2479,0
1630223,1.99,9.421,-1.31,0.054,-0.062,0.009,2482,0
1630243,1.982,9.471,-1.276,0.044,-0.053,-0.001,2480,0
1630263,1.994,9.448,-1.281,0.035,-0.054,0.002,2480,0
1630283,1.987,9.498,-1.267,0.044,-0.047,0.002,2479,0
1630303,2.03,9.555,-1.295,0.054,-0.049,-0.001,2480,0
1630323,2.083,9.5,-1.295,0.048,-0.052,0.0,2480,0
1630343,2.095,9.488,-1.264,0.044,-0.047,-0.008,2480,0
1630363,2.069,9.517,-1.276,0.043,-0.035,-0.009,2480,0
1630383,2.04,9.579,-1.31,0.056,-0.038,-0.007,2480,0
1630403,2.081,9.584,-1.276,0.069,-0.035,0.008,2480,0
1630423,2.059,9.608,-1.276,0.083,-0.028,0.005,2479,0
1630443,2.059,9.61,-1.221,0.056,-0.031,0.005,2480,0
1630463,2.045,9.582,-1.214,0.034,-0.026,0.0,2480,0
1630483,2.023,9.589,-1.161,0.031,-0.023,0.007,2480,0
1630503,1.99,9.606,-1.161,0.038,-0.026,0.016,2480,0
1630523,2.011,9.579,-1.209,0.043,-0.044,0.022,2479,0
1630543,2.03,9.515,-1.209,0.04,-0.039,0.007,2480,0
1630563,2.047,9.558,-1.188,0.035,-0.044,0.005,2480,0
1630583,2.025,9.574,-1.195,0.018,-0.044,0.006,2480,0
1630603,2.016,9.491,-1.243,0.006,-0.059,0.021,2480,0
1630623,2.052,9.498,-1.302,0.031,-0.064,0.012,2477,0
1630643,2.112,9.464,-1.396,0.037,-0.055,0.007,2480,0
1630663,2.107,9.457,-1.386,0.043,-0.026,-0.005,2480,0
1630683,2.002,9.579,-1.398,0.037,-0.004,-0.014,2480,0
1630703,2.064,9.567,-1.341,0.037,-0.002,0.001,2480,0
1630723,2.03,9.555,-1.295,0.042,-0.01,0.018,2480,0
1630743,2.061,9.438,-1.226,0.048,-0.007,0.017,2480,0
1630763,2.021,9.467,-1.243,0.072,-0.013,0.01,2481,0
1630783,2.042,9.5,-1.204,0.066,-0.01,0.003,2480,0
1630803,2.023,9.495,-1.214,0.06,-0.014,0.006,2479,0
1630823,2.028,9.531,-1.209,0.058,-0.01,0.006,2480,0
1630843,2.03,9.503,-1.231,0.047,-0.016,0.001,2480,0
1630863,2.088,9.45,-1.25,0.042,-0.019,-0.006,2480,0
1630883,2.097,9.452,-1.25,0.052,-0.016,-0.012,2480,0
1630903,2.045,9.553,-1.255,0.072,-0.013,-0.012,2480,0
1630923,2.018,9.675,-1.293,0.067,-0.018,-0.008,2480,0
1630943,1.992,9.653,-1.286,0.052,-0.025,0.002,2480,0
1630963,2.009,9.598,-1.269,0.058,-0.025,0.006,2479,0
1630983,2.054,9.61,-1.233,0.06,-0.021,0.002,2480,0
1631003,2.047,9.541,-1.173,0.043,-0.02,0.001,2480,0
1631023,2.033,9.529,-1.125,0.041,-0.02,0.001,2480,0
1631043,1.992,9.577,-1.111,0.019,-0.03,-0.001,2479,0
1631063,2.009,9.574,-1.125,0.019,-0.052,0.0,2480,0
1631083,2.035,9.56,-1.144,0.03,-0.058,0.005,2480,0
1631103,2.011,9.579,-1.238,0.034,-0.052,0.007,2480,0
1631123,2.052,9.517,-1.247,0.015,-0.059,0.009,2480,0
1631143,2.095,9.404,-1.305,0.007,-0.058,-0.002,2480,0
1631163,2.107,9.397,-1.329,0.019,-0.052,-0.023,2480,0
1631183,2.102,9.457,-1.334,0.033,-0.042,-0.024,2479,0
1631203,2.081,9.538,-1.3,0.044,-0.036,-0.019,2480,0
1631223,2.054,9.503,-1.245,0.031,-0.038,-0.012,2480,0
1631243,2.059,9.443,-1.283,0.031,-0.038,-0.005,2480,0
1631263,2.033,9.479,-1.317,0.051,-0.04,-0.006,2480,0
1631283,2.054,9.505,-1.324,0.057,-0.035,-0.014,2480,0
1631303,2.037,9.584,-1.343,0.071,-0.03,-0.016,2481,0
1631323,2.073,9.629,-1.252,0.077,-0.012,-0.011,2481,0
1631343,2.047,9.596,-1.176,0.052,-0.011,-0.01,2480,0
1631363,2.076,9.536,-1.152,0.022,-0.025,-0.008,2480,0
1631383,2.1,9.491,-1.168,0.018,-0.029,-0.013,2480,0
1631403,2.09,9.529,-1.164,0.039,-0.024,-0.022,2480,0
1631423,2.033,9.641,-1.171,0.037,-0.024,-0.007,2480,0
1631443,2.018,9.629,-1.228,0.044,-0.029,-0.002,2480,0
1631463,2.095,9.538,-1.228,0.034,-0.036,0.002,2480,0
1631483,2.109,9.45,-1.231,0.032,-0.029,-0.002,2480,0
1631503,2.047,9.476,-1.276,0.028,-0.023,-0.015,2480,0
1631523,2.002,9.522,-1.326,0.007,-0.024,-0.019,2480,0
1631543,1.985,9.495,-1.36,0.016,-0.032,-0.014,2480,0
1631563,2.049,9.505,-1.322,0.049,-0.025,-0.009,2479,0
1631583,2.064,9.488,-1.25,0.066,-0.015,-0.005,2480,0
1631603,2.071,9.562,-1.231,0.068,-0.017,-0.009,2480,0
1631623,2.045,9.606,-1.274,0.038,-0.019,-0.005,2480,0
1631643,2.045,9.663,-1.267,0.033,-0.026,0.003,2480,0
1631663,2.057,9.562,-1.31,0.011,-0.022,0.006,2480,0
1631683,2.059,9.491,-1.293,0.05,-0.016,0.005,2480,0
1631703,2.071,9.488,-1.31,0.063,-0.003,-0.005,2480,0
1631723,2.049,9.562,-1.226,0.066,0.007,-0.019,2480,0
1631743,2.018,9.651,-1.178,0.027,0.01,-0.026,2480,0
1631763,1.949,9.677,-1.137,0.01,0.007,-0.013,2480,0
1631783,1.923,9.653,-1.176,0.014,-0.003,0.007,2480,0
1631803,1.935,9.572,-1.168,0.029,-0.02,0.023,2479,0
1631823,1.99,9.507,-1.178,0.053,-0.027,0.01,2480,0
1631843,1.994,9.538,-1.188,0.039,-0.026,-0.004,2479,0
1631863,1.987,9.579,-1.166,0.023,-0.026,-0.002,2479,0
1631883,1.975,9.598,-1.123,0.016,-0.027,0.011,2480,0
1631903,2.028,9.574,-1.132,0.028,-0.038,0.024,2479,0
1631923,2.04,9.527,-1.135,0.025,-0.052,0.026,2480,0
1631943,2.037,9.421,-1.097,0.017,-0.064,0.024,2479,0
1631963,2.033,9.431,-1.178,0.017,-0.071,0.013,2479,0
1631983,2.021,9.457,-1.286,0.019,-0.07,0.007,2479,0
1632003,2.049,9.445,-1.36,0.043,-0.059,0.001,2480,0
1632023,2.085,9.483,-1.319,0.056,-0.038,-0.007,2479,0
1632043,2.064,9.522,-1.235,0.041,-0.026,-0.017,2480,0
1632063,2.049,9.546,-1.18,0.02,-0.029,-0.015,2480,0
1632083,2.057,9.57,-1.123,0.026,-0.034,-0.015,2480,0
1632103,2.047,9.567,-1.176,0.037,-0.028,-0.006,2479,0
1632123,2.033,9.606,-1.195,0.042,-0.032,0.003,2480,0
1632143,2.009,9.639,-1.147,0.039,-0.034,0.007,2481,0
1632163,2.03,9.608,-1.12,0.031,-0.041,0.008,2479,0
1632183,2.047,9.555,-1.101,0.029,-0.041,0.012,2480,0
1632203,2.002,9.515,-1.118,0.013,-0.048,0.007,2480,0
1632223,1.968,9.488,-1.202,0.016,-0.057,0.006,2480,0
1632243,2.004,9.476,-1.204,0.031,-0.055,0.008,2480,0
1632263,2.025,9.457,-1.202,0.043,-0.037,-0.008,2480,0
1632283,2.042,9.483,-1.154,0.022,-0.041,-0.014,2480,0
1632303,2.047,9.443,-1.142,0.019,-0.051,-0.011,2479,0
1632323,2.03,9.445,-1.19,0.03,-0.057,-0.013,2480,0
1632343,2.033,9.445,-1.24,0.047,-0.06,-0.019,2480,0
1632363,2.025,9.522,-1.293,0.064,-0.057,-0.017,2480,0
1632383,1.99,9.589,-1.264,0.071,-0.043,-0.015,2479,0
1632403,1.982,9.582,-1.252,0.054,-0.039,-0.016,2480,0
1632423,1.973,9.582,-1.211,0.05,-0.034,-0.015,2480,0
1632443,2.011,9.538,-1.14,0.047,-0.033,-0.006,2481,0
1632463,1.999,9.534,-1.111,0.063,-0.034,0.0,2479,0
1632483,2.011,9.534,-1.092,0.064,-0.05,0.005,2479,0
1632503,2.011,9.55,-1.132,0.069,-0.061,0.001,2480,0
1632523,2.023,9.622,-1.116,0.081,-0.072,0.001,2480,0
1632543,2.03,9.656,-1.135,0.066,-0.075,0.003,2479,0
1632563,2.073,9.637,-1.082,0.051,-0.072,0.001,2480,0
1632583,2.004,9.634,-1.12,0.02,-0.07,-0.005,2479,0
1632603,1.978,9.747,-1.039,0.027,-0.072,0.011,2480,0
1632623,1.956,9.823,-1.058,0.045,-0.084,0.032,2480,0
1632643,1.987,9.756,-1.137,0.029,-0.099,0.043,2480,0
1632663,2.1,9.649,-1.161,0.01,-0.11,0.046,2479,0
1632683,2.14,9.562,-1.202,-0.003,-0.092,0.043,2480,0
1632703,2.107,9.529,-1.197,-0.003,-0.081,0.046,2479,0
1632723,2.145,9.476,-1.171,-0.005,-0.086,0.052,2480,0
1632743,2.145,9.395,-1.271,0.002,-0.091,0.035,2480,0
1632763,2.179,9.349,-1.281,0.017,-0.09,0.013,2478,0
1632783,2.191,9.359,-1.341,0.021,-0.068,-0.009,2482,0
1632803,2.188,9.378,-1.302,0.012,-0.034,-0.021,2480,0
1632823,2.116,9.481,-1.286,0.018,-0.013,-0.011,2480,0
1632843,2.1,9.512,-1.257,0.016,-0.011,-0.018,2479,0
1632863,2.128,9.373,-1.279,0.001,-0.032,-0.027,2479,0
1632883,2.193,9.251,-1.276,0.011,-0.027,-0.044,2480,0
1632903,2.14,9.357,-1.307,0.054,-0.001,-0.055,2479,0
1632923,2.069,9.529,-1.31,0.069,0.014,-0.066,2479,0
1632943,2.066,9.531,-1.221,0.038,0.011,-0.064,2481,0
1632963,2.073,9.579,-1.152,0.024,0.008,-0.067,2480,0
1632983,2.057,9.697,-1.111,0.018,0.005,-0.057,2478,0
1633003,1.949,9.802,-1.159,0.024,-0.007,-0.032,2480,0
1633023,1.911,9.835,-1.142,0.038,-0.018,-0.009,2480,0
1633043,1.937,9.687,-1.12,0.031,-0.035,0.016,2479,0
1633063,1.987,9.553,-1.085,0.032,-0.036,0.013,2479,0
1633083,1.968,9.433,-1.001,0.016,-0.033,-0.001,2480,0
1633103,1.887,9.565,-0.936,0.03,-0.043,-0.005,2479,0
1633123,1.956,9.682,-0.895,0.017,-0.073,-0.007,2480,0
1633143,2.023,9.486,-0.965,-0.018,-0.094,-0.006,2480,0
1633163,2.052,9.328,-1.058,-0.025,-0.095,-0.026,2481,0
1633183,2.033,9.39,-1.264,0.009,-0.061,-0.046,2480,0
1633203,2.064,9.668,-1.389,0.029,-0.039,-0.043,2479,0
1633223,2.14,9.641,-1.453,-0.004,-0.034,-0.035,2480,0
1633243,2.207,9.546,-1.334,-0.027,-0.009,-0.054,2480,0
1633263,2.222,9.469,-1.243,-0.026,0.014,-0.049,2480,0
1633283,2.248,9.476,-1.128,0.018,0.019,-0.016,2480,0
1633303,2.203,9.519,-1.125,0.05,0.024,-0.003,2480,0
1633323,2.164,9.536,-1.082,0.082,0.033,-0.014,2480,0
1633343,2.076,9.663,-1.109,0.082,0.03,-0.009,2480,0
1633363,1.999,9.708,-1.075,0.06,0.034,0.008,2479,0
1633383,1.93,9.629,-1.092,0.049,0.031,0.033,2481,0
1633403,1.896,9.589,-1.053,0.06,0.031,0.041,2480,0
1633423,1.913,9.57,-1.032,0.064,0.016,0.036,2480,0
1633443,1.882,9.546,-0.996,0.074,0.011,0.032,2480,0
1633463,1.903,9.565,-1.003,0.075,0.01,0.019,2480,0
1633483,1.903,9.524,-0.97,0.058,0.011,0.016,2480,0
1633503,1.956,9.474,-0.912,0.049,0.004,0.004,2480,0
1633523,1.935,9.486,-0.977,0.033,-0.011,-0.003,2480,0
1633543,1.877,9.572,-0.984,0.044,-0.022,-0.007,2480,0
1633563,1.896,9.519,-1.089,0.049,-0.028,-0.01,2479,0
1633583,2.006,9.38,-1.056,0.046,-0.024,-0.017,2479,0
1633603,2.04,9.342,-1.049,0.051,-0.013,-0.038,2479,0
1633623,1.968,9.436,-1.101,0.046,-0.013,-0.06,2480,0
1633643,1.925,9.596,-1.077,0.052,-0.015,-0.066,2480,0
1633663,1.908,9.622,-1.075,0.052,-0.013,-0.054,2480,0
1633683,1.879,9.661,-1.077,0.06,-0.012,-0.041,2480,0
1633703,1.834,9.699,-1.087,0.059,-0.017,-0.034,2479,0
1633723,1.877,9.615,-1.113,0.054,-0.027,-0.026,2480,0
1633743,1.946,9.579,-1.101,0.076,-0.025,-0.033,2479,0
1633763,1.935,9.574,-1.025,0.063,-0.013,-0.031,2480,0
1633783,1.856,9.629,-0.994,0.062,-0.011,-0.032,2479,0
1633803,1.848,9.601,-1.018,0.014,-0.022,-0.035,2480,0
1633823,1.875,9.555,-1.07,0.023,-0.045,-0.046,2479,0
1633843,1.944,9.594,-1.14,0.043,-0.048,-0.052,2480,0
1633863,1.978,9.67,-1.116,0.069,-0.027,-0.049,2479,0
1633883,1.942,9.699,-1.104,0.043,-0.009,-0.04,2480,0
1633903,1.908,9.73,-1.018,0.007,-0.015,-0.022,2480,0
1633923,1.911,9.697,-1.022,-0.007,-0.033,-0.005,2479,0
1633943,1.903,9.55,-1.006,0.008,-0.051,0.011,2480,0
1633963,1.899,9.505,-1.106,0.051,-0.058,0.021,2480,0
1633983,1.882,9.524,-1.202,0.07,-0.049,0.011,2480,0
1634003,1.923,9.483,-1.19,0.05,-0.035,0.002,2480,0
1634023,1.925,9.404,-1.147,0.025,-0.015,-0.013,2480,0
1634043,1.925,9.323,-1.015,0.025,-0.008,-0.03,2480,0
1634063,1.894,9.27,-0.967,0.037,-0.019,-0.031,2479,0
1634083,1.927,9.189,-0.891,0.073,-0.039,-0.045,2480,0
1634103,1.906,9.108,-0.84,0.076,-0.062,-0.091,2479,0
1634123,1.657,9.084,-0.905,0.074,-0.083,-0.114,2480,0
1634143,1.688,9.21,-0.584,-0.026,-0.274,-0.017,2480,0
1634163,1.748,9.471,-0.826,0.065,-0.312,-0.032,2480,0
1634183,1.98,10.113,-0.601,0.305,-0.201,-0.223,2484,0
1634203,1.906,10.271,-0.271,0.256,-0.224,-0.348,2502,0
1634223,1.607,10.783,-0.795,0.102,-0.268,-0.388,2529,0
1634243,1.322,11.509,-1.092,0.022,-0.181,-0.408,2557,0
1634263,0.977,12.194,-1.113,-0.165,-0.174,-0.332,2607,0
1634283,0.601,12.615,-1.458,-0.402,-0.125,-0.236,2641,0
1634303,0.699,12.586,-1.456,-0.625,0.001,-0.152,2676,0
1634323,0.934,12.328,-0.819,-0.808,0.12,-0.084,2700,0
1634343,1.008,11.782,-0.692,-0.976,0.239,-0.046,2737,0
1634363,0.812,11.219,-0.68,-1.052,0.305,-0.042,2768,0
1634383,0.678,10.688,-0.658,-0.968,0.376,-0.105,2799,0
1634403,0.812,10.171,-0.352,-0.734,0.425,-0.153,2817,0
1634423,0.955,9.934,-0.237,-0.667,0.351,-0.116,2834,0
1634443,1.068,9.397,-0.4,-0.656,0.363,-0.077,2861,0
1634463,1.247,8.691,0.005,-0.859,0.348,-0.077,2885,0
1634483,1.472,8.102,0.163,-0.974,0.318,-0.201,2905,0
1634503,1.958,7.25,0.215,-0.827,0.346,-0.386,2922,0
1634523,2.375,6.294,0.412,-0.61,0.349,-0.604,2942,0
1634543,2.279,5.514,0.299,-0.275,0.442,-0.722,2967,0
1634563,2.054,5.507,0.302,0.009,0.488,-0.888,2974,0
1634583,2.045,5.674,0.115,0.07,0.54,-1.139,2986,0
1634603,2.332,5.339,0.156,0.02,0.444,-1.346,2991,0
1634623,2.33,4.697,0.074,-0.049,0.354,-1.562,3002,0
1634643,1.59,4.113,-0.201,-0.011,0.416,-1.752,3008,0
1634663,0.869,4.551,-0.086,0.198,0.511,-2.113,3019,0
1634683,0.472,5.986,0.414,0.364,0.502,-2.487,3020,0
1634703,-0.302,7.209,0.828,0.553,0.58,-2.763,3026,0
1634723,-2.155,8.547,1.185,0.415,0.501,-2.707,3032,0
1634743,-3.61,9.787,1.25,0.179,0.422,-2.544,3048,0
1634763,-5.174,11.885,-0.007,-0.03,0.311,-2.402,3057,0
1634783,-5.734,11.516,-0.804,-0.45,0.284,-2.14,3065,0
1634803,-5.638,12.112,0.412,-0.447,0.45,-1.905,3060,0
1634823,-7.185,11.959,2.143,-0.663,0.424,-1.475,3059,0
1634843,-7.903,11.863,2.919,-0.808,0.288,-1.239,3064,0
1634863,-8.772,12.682,2.042,-0.64,0.268,-1.086,3069,0
1634883,-8.88,11.693,1.307,-0.449,0.326,-0.742,3065,0
1634903,-8.636,13.103,1.937,-0.148,0.345,-0.392,3055,0
1634923,-9.397,12.007,2.126,-0.352,0.232,0.16,3055,0
1634943,-8.38,11.937,2.454,-0.469,0.102,0.391,3057,0
1634963,-8.744,10.712,1.975,-0.654,0.017,0.642,3056,0
1634983,-7.015,9.754,1.463,-0.49,0.1,0.606,3056,0
1635003,-6.574,10.944,1.762,-0.196,0.073,0.804,3055,0
1635023,-6.201,9.682,1.769,-0.377,-0.078,1.063,3054,0
1635043,-5.555,9.998,1.865,-0.458,-0.222,1.164,3053,0
1635063,-4.348,7.551,1.362,-0.695,-0.227,1.159,3054,0
1635083,-2.88,8.001,1.566,-0.432,-0.191,1.046,3050,0
1635103,-2.614,6.44,1.437,-0.606,-0.283,1.151,3048,0
1635123,-1.173,6.354,1.846,-0.427,-0.301,0.971,3047,0
1635143,-0.498,4.784,2.014,-0.535,-0.386,0.813,3049,0
1635163,0.407,4.254,2.04,-0.352,-0.345,0.5,3046,0
1635183,1.293,4.314,1.724,-0.005,-0.316,0.215,3041,0
1635203,1.628,4.199,1.501,0.257,-0.222,0.046,3041,0
1635223,1.451,3.895,1.59,0.337,-0.207,-0.157,3039,0
1635243,1.094,3.91,1.705,0.424,-0.242,-0.414,3038,0
1635263,0.563,4.594,1.506,0.637,-0.127,-0.781,3036,0
1635283,-0.718,5.708,1.058,0.901,0.123,-1.12,3033,0
1635303,-2.215,7.017,0.972,1.015,0.22,-1.276,3034,0
1635323,-3.833,8.095,1.276,0.842,0.173,-1.397,3030,0
1635343,-5.207,9.292,1.223,0.599,0.136,-1.479,3028,0
1635363,-6.912,10.671,0.766,0.404,0.302,-1.531,3025,0
1635383,-8.636,11.799,0.836,0.194,0.379,-1.281,3024,0
1635403,-9.673,12.273,1.568,-0.096,0.308,-0.939,3024,0
1635423,-9.816,12.503,2.454,-0.263,0.199,-0.699,3022,0
1635443,-9.416,12.5,3.141,-0.163,0.167,-0.426,3019,0
1635463,-9.014,12.081,3.728,0.064,0.131,-0.071,3017,0
1635483,-8.882,11.653,3.852,0.152,-0.018,0.247,3014,0
1635503,-8.633,11.195,3.196,0.111,-0.252,0.491,3014,0
1635523,-7.963,11.095,2.253,0.078,-0.38,0.648,3014,0
1635543,-7.396,10.927,1.578,0.083,-0.388,0.841,3012,0
1635563,-6.862,10.23,1.087,0.055,-0.382,1.021,3012,0
1635583,-5.993,9.313,0.876,0.004,-0.449,1.209,3011,0
1635603,-4.889,8.892,0.953,-0.115,-0.532,1.294,3013,0
1635623,-3.745,8.119,1.111,-0.291,-0.565,1.31,3011,0
1635643,-2.739,7.197,1.085,-0.411,-0.572,1.225,3010,0
1635663,-2.143,6.685,0.769,-0.34,-0.524,0.986,3009,0
1635683,-1.338,6.91,1.286,-0.329,-0.508,0.829,3007,0
1635703,-0.385,6.448,1.506,-0.265,-0.482,0.644,3008,0
1635723,-0.081,5.48,1.381,-0.331,-0.44,0.564,3009,0
1635743,0.156,6.462,1.358,-0.063,-0.296,0.378,3007,0
1635763,0.314,5.928,1.41,0.089,-0.147,0.194,3007,0
1635783,0.232,6.057,1.135,0.026,-0.225,0.211,3006,6
1635803,1.164,5.971,1.686,0.262,-0.067,-0.064,3006,0
1635823,0.304,5.365,1.537,0.211,0.005,-0.225,3006,0
1635843,0.292,5.988,1.954,0.561,0.242,-0.596,3006,0
1635863,-1.037,6.069,1.82,0.43,0.183,-0.684,3005,0
1635883,-0.962,7.338,1.683,0.707,0.291,-1.033,3004,0
1635903,-1.937,7.424,0.977,0.632,0.291,-1.016,3003,0
1635923,-2.296,8.612,1.355,0.793,0.435,-1.175,2999,0
1635943,-4.063,7.937,1.484,0.373,0.309,-1.107,3003,0
1635963,-4.42,8.672,1.113,0.384,0.384,-1.426,2999,0
1635983,-5.631,9.309,0.249,0.43,0.436,-1.397,2996,0
1636003,-6.218,10.487,0.505,0.47,0.548,-1.29,2995,0
1636023,-8.033,11.473,1.223,0.264,0.422,-0.984,2995,0
1636043,-8.195,9.845,1.92,-0.416,0.17,-0.759,2994,0
1636063,-7.954,10.113,1.925,-0.436,0.186,-0.805,2993,0
1636083,-8.224,8.844,1.444,-0.264,0.389,-0.712,2992,0
1636103,-8.341,11.226,1.726,0.331,0.397,-0.566,2993,0
1636123,-9.222,11.049,1.736,0.298,0.099,-0.021,2992,0
1636143,-8.135,12.057,1.839,0.374,-0.084,0.303,2995,0
1636163,-7.36,11.703,2.152,0.153,-0.157,0.702,2996,0
1636183,-7.214,11.382,1.693,0.052,-0.245,0.993,2992,0
1636203,-6.754,11.346,1.233,0.115,-0.361,1.325,2990,0
1636223,-5.954,11.159,1.082,0.265,-0.482,1.842,2992,0
1636243,-5.119,10.786,1.039,0.261,-0.58,2.228,2990,0
1636263,-4.154,10.305,0.936,0.068,-0.628,2.287,2962,0
1636283,-3.479,10.005,0.982,-0.282,-0.678,2.329,2903,0
1636303,-2.873,9.974,0.692,-0.645,-0.888,2.722,2798,0
1636323,-1.853,9.024,0.725,-0.837,-1.135,3.086,2676,0
1636343,-0.548,7.815,1.065,-0.691,-1.127,3.009,2592,0
1636363,-0.012,7.017,0.907,-0.342,-0.94,2.697,2547,0
1636383,0.455,6.438,1.398,-0.12,-0.923,2.584,2522,0
1636403,0.958,6.347,1.487,0.281,-0.99,2.559,2503,0
1636423,1.753,6.685,1.058,0.707,-0.994,2.372,2504,0
1636443,1.956,6.634,1.238,0.845,-0.844,2.001,2484,0
1636463,1.867,6.689,1.417,0.698,-0.767,1.663,2453,0
1636483,1.867,6.9,0.725,0.61,-0.748,1.382,2442,0
1636503,1.949,7.685,0.577,0.868,-0.671,1.124,2440,0
1636523,1.92,8.43,0.91,1.185,-0.49,0.893,2432,0
1636543,2.152,8.763,1.044,1.253,-0.419,0.743,2418,0
1636563,2.133,8.777,0.572,0.976,-0.5,0.734,2408,0
1636583,2.025,8.543,-0.014,0.79,-0.462,0.662,2399,0
1636603,2.289,9.057,0.294,0.836,-0.406,0.508,2395,0
1636623,2.459,9.201,0.697,0.719,-0.364,0.331,2397,0
1636643,2.437,8.928,0.491,0.408,-0.363,0.249,2395,0
1636663,2.203,8.918,0.407,0.28,-0.256,0.181,2396,0
1636683,2.653,9.428,0.601,0.425,-0.187,0.013,2400,0
1636703,1.585,9.795,0.062,0.416,-0.264,-0.04,2404,0
1636723,3.117,9.697,0.285,0.316,-0.185,-0.134,2406,0
1636743,1.664,9.517,-0.524,0.217,-0.196,-0.135,2407,0
1636763,2.303,9.869,0.184,0.111,-0.092,-0.123,2411,0
1636783,2.476,10.314,-0.558,0.284,-0.193,-0.224,2412,0
1636803,1.738,9.867,0.0,0.132,-0.305,-0.037,2416,0
1636823,2.94,9.548,0.201,0.08,-0.281,-0.009,2415,0
1636843,2.722,9.701,-0.958,0.315,-0.219,-0.167,2416,0
1636863,1.69,9.986,-0.364,0.26,-0.191,-0.128,2417,0
1636883,3.103,10.441,-0.141,0.292,-0.16,-0.143,2418,0
1636903,3.213,10.513,-1.03,0.347,-0.215,-0.173,2420,0
1636923,2.081,10.013,-0.919,0.054,-0.243,-0.001,2420,0
1636943,2.897,10.092,-0.611,-0.039,-0.14,0.005,2420,0
1636963,3.27,9.804,-1.465,0.071,-0.095,-0.102,2423,0
1636983,2.727,9.57,-1.537,0.013,-0.132,-0.018,2424,0
1637003,2.753,9.505,-0.453,-0.197,-0.086,0.127,2425,0
1637023,3.357,9.096,-1.396,-0.096,0.02,-0.049,2427,0
1637043,2.801,8.794,-1.817,-0.068,0.066,-0.16,2428,0
1637063,2.114,9.072,-0.613,-0.222,0.077,-0.037,2428,0
1637083,2.691,9.052,-0.522,-0.171,0.111,-0.064,2431,0
1637103,3.002,8.95,-1.374,0.078,0.17,-0.216,2430,0
1637123,1.93,9.112,-1.156,0.146,0.155,-0.222,2431,0
1637143,2.591,9.328,-0.484,0.099,0.218,-0.182,2435,0
1637163,2.274,9.787,-0.393,0.107,0.092,-0.195,2432,0
1637183,2.274,9.869,-0.45,0.126,0.145,-0.173,2433,0
1637203,2.296,9.867,-0.472,0.092,0.105,-0.162,2436,0
1637223,2.267,9.809,-0.455,0.115,0.073,-0.125,2437,0
1637243,2.236,9.831,-0.529,0.105,0.035,-0.051,2437,0
1637263,2.322,9.79,-0.51,0.046,-0.022,0.009,2438,0
1637283,2.433,9.579,-0.532,-0.003,-0.054,0.039,2436,0
1637303,2.418,9.448,-0.532,0.005,-0.048,0.013,2437,0
1637323,2.382,9.39,-0.577,0.045,-0.046,-0.02,2438,0
1637343,2.401,9.416,-0.642,0.092,-0.062,-0.025,2438,0
1637363,2.418,9.38,-0.713,0.106,-0.059,-0.019,2441,0
1637383,2.421,9.428,-0.74,0.115,-0.064,-0.031,2440,0
1637403,2.318,9.57,-0.792,0.055,-0.043,-0.058,2439,0
1637423,2.365,9.589,-0.63,0.017,-0.061,-0.048,2439,0
1637443,2.433,9.651,-0.62,0.03,-0.043,-0.06,2441,0
1637463,2.392,9.5,-0.591,-0.003,-0.023,-0.051,2440,0
1637483,2.277,9.572,-0.728,0.039,-0.015,-0.042,2443,0
