2785565,2.904,9.275,-1.887,0.051,0.076,0.03,2531,0
2785585,3.115,9.366,-1.822,0.131,0.088,0.021,2529,0
2785605,3.077,9.395,-1.437,0.139,0.104,0.058,2530,0
2785625,2.557,9.39,-1.92,0.225,0.094,0.067,2527,0
2785645,3.0,9.388,-1.338,0.059,0.106,0.085,2527,0
2785665,3.017,9.433,-1.518,-0.031,0.113,0.062,2528,0
2785685,2.964,9.206,-1.681,0.029,0.128,0.043,2527,0
2785705,2.988,9.227,-1.492,0.125,0.143,0.036,2527,0
2785725,2.928,9.323,-1.652,0.192,0.123,0.077,2526,0
2785745,3.041,9.203,-1.75,0.169,0.107,0.102,2525,0
2785765,3.259,9.165,-1.647,0.121,0.106,0.078,2525,0
2785785,3.081,9.151,-1.501,0.044,0.057,0.089,2525,0
2785805,3.151,9.304,-1.413,0.078,0.128,0.036,2525,0
2785825,2.971,9.292,-1.286,0.085,0.129,0.022,2524,0
2785845,2.923,9.345,-1.341,0.061,0.1,0.035,2524,0
2785865,2.842,9.285,-1.384,0.038,0.097,0.033,2523,0
2785885,2.904,9.093,-1.525,0.067,0.119,-0.004,2522,0
2785905,3.055,9.27,-1.156,0.058,0.058,0.003,2522,0
2785925,3.079,9.311,-1.386,-0.07,0.01,0.02,2521,0
2785945,3.043,9.096,-1.628,-0.13,0.01,-0.007,2522,0
2785965,3.151,9.05,-1.664,-0.026,0.055,-0.059,2521,0
2785985,3.043,9.177,-1.305,0.135,0.036,-0.049,2522,0
2786005,3.017,9.17,-1.355,0.181,-0.025,0.025,2521,0
2786025,3.103,9.366,-1.437,0.099,-0.052,0.052,2522,0
2786045,3.17,9.148,-1.532,-0.126,-0.062,0.015,2522,0
2786065,3.17,9.079,-1.42,-0.166,-0.038,-0.042,2521,0
2786085,3.179,9.031,-1.36,-0.165,-0.023,-0.069,2520,0
2786105,3.031,9.062,-1.444,0.002,0.001,-0.066,2520,0
2786125,3.089,9.318,-1.633,0.163,-0.022,-0.007,2521,0
2786145,3.163,9.562,-1.884,0.177,-0.008,0.01,2521,0
2786165,3.196,9.325,-1.92,0.085,0.03,-0.002,2521,0
2786185,3.191,9.208,-1.834,0.105,0.046,-0.002,2520,0
2786205,3.12,9.352,-1.731,0.234,0.062,0.021,2522,0
2786225,3.103,9.364,-1.774,0.294,0.064,0.053,2523,0
2786245,2.931,9.294,-1.906,0.302,0.082,0.07,2522,0
2786265,3.01,9.275,-1.659,0.285,0.102,0.098,2520,0
2786285,2.792,9.055,-1.53,0.245,0.092,0.105,2518,0
2786305,2.804,8.89,-1.506,0.249,0.204,0.038,2511,0
2786325,2.88,8.868,-1.156,0.287,0.253,0.006,2502,0
2786345,3.108,8.741,-1.238,0.373,0.168,0.031,2491,0
2786365,3.053,8.665,-1.269,0.419,0.136,0.079,2480,0
2786385,2.899,9.266,-1.846,0.496,0.127,0.11,2466,0
2786405,3.395,8.885,-1.156,0.214,0.093,0.067,2444,0
2786425,3.634,8.887,-1.398,0.142,-0.013,0.029,2419,0
2786445,3.256,8.514,-1.604,0.092,-0.137,-0.039,2398,0
2786465,3.254,8.562,-2.069,0.181,-0.216,-0.003,2374,0
2786485,3.378,8.365,-1.867,0.32,-0.297,-0.013,2353,0
2786505,2.923,8.188,-2.097,0.365,-0.28,-0.137,2335,0
2786525,2.976,8.533,-2.531,0.463,-0.233,-0.2,2319,0
2786545,2.818,9.199,-3.079,0.524,-0.262,-0.187,2304,0
2786565,2.89,9.371,-3.029,0.497,-0.289,-0.14,2293,0
2786585,2.957,9.361,-3.033,0.353,-0.319,-0.095,2285,0
2786605,3.012,9.309,-3.127,0.225,-0.299,-0.089,2272,0
2786625,2.993,9.328,-3.053,0.066,-0.222,-0.058,2260,0
2786645,3.079,9.426,-2.945,-0.099,-0.161,-0.018,2252,0
2786665,3.199,9.637,-2.957,-0.167,-0.131,0.018,2240,0
2786685,3.421,9.55,-2.885,-0.278,-0.104,0.003,2233,0
2786705,3.476,9.565,-2.753,-0.27,-0.096,0.014,2226,0
2786725,3.548,9.431,-2.555,-0.301,-0.112,0.023,2221,0
2786745,3.649,9.361,-2.239,-0.332,-0.15,0.093,2211,0
2786765,3.936,9.675,-1.927,-0.346,-0.134,0.153,2207,0
2786785,3.998,9.778,-2.138,-0.224,-0.055,0.158,2208,0
2786805,3.491,9.661,-2.418,-0.115,-0.09,0.202,2209,0
2786825,3.249,9.711,-2.55,-0.251,-0.13,0.232,2210,0
2786845,3.103,9.419,-1.966,-0.399,-0.201,0.256,2208,0
2786865,3.165,9.0,-2.674,-0.202,-0.106,0.196,2210,0
2786885,3.256,8.799,-2.102,-0.095,-0.07,0.143,2209,0
2786905,4.025,8.894,-1.724,-0.095,-0.159,0.0,2209,0
2786925,2.413,7.944,-2.569,-0.261,-0.132,-0.007,2214,0
2786945,2.89,8.837,-2.121,-0.308,0.1,0.073,2211,0
2786965,3.05,8.712,-1.666,-0.252,0.041,0.037,2213,0
2786985,2.854,8.859,-1.738,-0.266,0.055,-0.009,2215,0
2787005,2.907,8.902,-1.592,-0.166,0.108,-0.079,2217,0
2787025,3.01,8.844,-1.482,-0.144,0.074,-0.05,2220,0
2787045,3.065,8.959,-1.563,-0.068,0.042,-0.019,2224,0
2787065,2.998,9.098,-1.415,-0.009,0.031,-0.042,2236,0
2787085,2.952,9.043,-1.63,0.008,0.023,-0.066,2239,0
2787105,2.971,9.041,-1.738,-0.005,0.007,-0.07,2241,0
2787125,3.05,8.957,-1.769,0.003,-0.007,-0.073,2250,0
2787145,3.103,8.918,-1.731,0.033,-0.015,-0.109,2269,0
2787165,3.072,9.021,-1.63,0.088,0.0,-0.129,2290,0
2787185,3.057,8.985,-1.65,0.026,-0.067,-0.093,2300,0
2787205,3.067,9.079,-1.784,0.027,-0.029,-0.112,2304,0
2787225,3.144,9.048,-1.693,0.055,-0.015,-0.135,2306,0
2787245,3.144,9.129,-1.822,0.115,0.01,-0.149,2317,0
2787265,3.168,9.266,-1.731,0.181,0.026,-0.145,2330,0
2787285,3.165,9.261,-1.714,0.146,-0.033,-0.106,2338,0
2787305,3.175,9.093,-1.779,0.065,-0.054,-0.079,2341,0
2787325,3.187,9.151,-1.776,0.033,-0.042,-0.088,2339,0
2787345,3.069,9.244,-1.899,0.023,-0.046,-0.099,2343,0
2787365,2.935,9.342,-1.915,0.081,-0.029,-0.109,2348,0
2787385,2.873,9.323,-1.951,0.095,-0.012,-0.074,2347,0
2787405,2.947,9.282,-1.891,0.112,-0.007,-0.029,2347,0
2787425,2.962,9.275,-1.829,0.123,0.025,-0.027,2346,0
2787445,2.907,9.301,-1.846,0.123,0.056,-0.056,2345,0
2787465,2.82,9.244,-1.848,0.085,0.073,-0.069,2347,0
2787485,2.861,9.246,-1.887,0.075,0.067,-0.048,2347,0
2787505,2.904,9.287,-1.757,0.079,0.057,-0.027,2350,0
2787525,2.928,9.244,-1.863,0.087,0.054,-0.026,2350,0
2787545,2.861,9.163,-1.92,0.071,0.065,-0.027,2350,0
2787565,2.823,9.155,-1.894,0.057,0.069,-0.019,2352,0
2787585,2.88,9.273,-1.841,0.092,0.075,-0.035,2354,0
2787605,2.928,9.199,-1.705,0.152,0.099,-0.064,2357,0
2787625,2.983,9.143,-1.695,0.146,0.093,-0.045,2358,0
2787645,3.017,9.213,-1.647,0.058,0.085,-0.041,2358,0
2787665,3.019,9.275,-1.654,-0.046,0.072,-0.07,2360,0
2787685,2.952,9.299,-1.681,-0.086,0.078,-0.11,2359,0
2787705,2.832,9.335,-1.705,-0.041,0.092,-0.11,2360,0
2787725,2.825,9.287,-1.618,-0.004,0.064,-0.059,2359,0
2787745,2.844,9.222,-1.58,-0.015,0.034,-0.013,2360,0
2787765,2.854,9.187,-1.595,-0.01,0.009,-0.025,2361,0
2787785,2.832,9.136,-1.628,-0.005,-0.001,-0.057,2362,0
2787805,2.758,9.072,-1.645,-0.013,-0.017,-0.059,2364,0
2787825,2.837,9.069,-1.626,0.004,-0.046,-0.046,2361,0
2787845,2.904,9.045,-1.635,-0.013,-0.047,-0.074,2364,0
2787865,2.873,9.052,-1.755,-0.014,-0.044,-0.105,2364,0
2787885,2.782,9.187,-1.81,-0.018,-0.007,-0.122,2366,0
2787905,2.751,9.263,-1.844,-0.029,0.001,-0.095,2364,0
2787925,2.792,9.333,-1.748,-0.019,0.009,-0.071,2364,0
2787945,2.772,9.33,-1.717,0.003,0.021,-0.078,2366,0
2787965,2.708,9.328,-1.745,0.017,0.016,-0.077,2367,0
2787985,2.626,9.378,-1.762,0.005,-0.001,-0.056,2369,0
2788005,2.631,9.357,-1.812,-0.003,0.009,-0.044,2368,0
2788025,2.612,9.397,-1.741,0.027,0.027,-0.049,2367,0
2788045,2.581,9.479,-1.724,0.071,0.045,-0.054,2367,0
2788065,2.583,9.455,-1.599,0.083,0.051,-0.029,2368,0
2788085,2.61,9.342,-1.496,0.035,0.038,-0.013,2368,0
2788105,2.658,9.294,-1.501,0.008,0.028,-0.021,2367,0
2788125,2.684,9.261,-1.487,0.022,0.021,-0.033,2367,0
2788145,2.703,9.254,-1.484,0.056,0.021,-0.034,2368,0
2788165,2.698,9.309,-1.472,0.073,0.031,-0.031,2368,0
2788185,2.619,9.371,-1.437,0.041,0.036,-0.029,2368,0
2788205,2.533,9.474,-1.621,0.093,-0.009,-0.009,2367,0
2788225,2.504,9.448,-1.444,0.013,-0.014,-0.006,2369,0
2788245,2.528,9.431,-1.513,0.051,-0.025,0.008,2368,0
2788265,2.591,9.316,-1.477,0.066,-0.031,0.021,2367,0
2788285,2.648,9.184,-1.506,0.066,-0.031,0.02,2369,0
2788305,2.674,9.158,-1.451,0.034,-0.014,0.002,2369,0
2788325,2.684,9.155,-1.492,0.026,-0.014,-0.016,2369,0
2788345,2.686,9.172,-1.484,0.038,-0.008,-0.038,2369,0
2788365,2.691,9.151,-1.523,0.039,-0.019,-0.033,2369,0
2788385,2.722,9.22,-1.58,0.071,-0.018,-0.031,2369,0
2788405,2.636,9.306,-1.7,0.088,-0.009,-0.037,2371,0
2788425,2.55,9.436,-1.666,0.129,-0.013,-0.032,2370,0
2788445,2.488,9.543,-1.607,0.151,-0.02,-0.017,2369,0
2788465,2.466,9.567,-1.623,0.156,-0.025,-0.008,2370,0
2788485,2.543,9.495,-1.599,0.139,-0.041,0.008,2371,0
2788505,2.598,9.498,-1.609,0.132,-0.042,0.013,2371,0
2788525,2.607,9.452,-1.638,0.111,-0.024,0.011,2371,0
2788545,2.665,9.383,-1.583,0.091,-0.018,0.021,2370,0
2788565,2.653,9.366,-1.563,0.065,0.007,0.018,2372,0
2788585,2.591,9.369,-1.573,0.058,0.016,0.021,2371,0
2788605,2.528,9.318,-1.595,0.05,-0.003,0.044,2371,0
2788625,2.488,9.234,-1.65,0.072,-0.023,0.054,2372,0
2788645,2.349,9.266,-1.808,0.121,-0.04,0.064,2372,0
2788665,2.176,9.287,-1.92,0.147,-0.071,0.096,2374,0
2788685,2.157,9.227,-2.052,0.156,-0.109,0.122,2375,0
2788705,2.291,9.199,-2.061,0.189,-0.131,0.11,2373,0
2788725,2.617,9.06,-1.982,0.216,-0.142,0.079,2373,0
2788745,2.897,9.038,-1.882,0.271,-0.119,0.059,2372,0
2788765,3.01,9.12,-1.738,0.277,-0.086,0.028,2370,0
2788785,3.024,9.234,-1.738,0.204,-0.062,-0.004,2371,0
2788805,3.05,9.337,-1.745,0.079,-0.056,-0.021,2368,0
2788825,3.091,9.239,-1.676,-0.039,-0.039,-0.037,2370,0
2788845,3.029,9.213,-1.597,-0.117,-0.029,-0.051,2368,0
2788865,2.966,9.292,-1.523,-0.102,-0.032,-0.072,2369,0
2788885,2.84,9.431,-1.566,-0.048,-0.025,-0.101,2369,0
2788905,2.71,9.448,-1.657,-0.014,-0.037,-0.11,2372,0
2788925,2.66,9.529,-1.671,-0.024,-0.054,-0.08,2387,0
2788945,2.595,9.646,-1.571,-0.031,-0.09,-0.052,2396,0
2788965,2.528,9.574,-1.585,-0.04,-0.127,-0.019,2398,0
2788985,2.521,9.622,-1.695,-0.009,-0.137,-0.009,2395,0
2789005,2.523,9.507,-1.697,-0.023,-0.123,-0.013,2395,0
2789025,2.567,9.342,-1.65,-0.056,-0.134,0.017,2394,0
2789045,2.648,9.239,-1.618,-0.082,-0.136,0.026,2392,0
2789065,2.744,9.153,-1.611,-0.112,-0.135,0.004,2393,0
2789085,2.801,9.124,-1.642,-0.098,-0.151,-0.019,2392,0
2789105,2.777,9.203,-1.714,-0.058,-0.156,-0.039,2393,0
2789125,2.744,9.177,-1.791,-0.03,-0.148,-0.026,2393,0
2789145,2.739,9.311,-1.812,0.015,-0.171,-0.002,2394,0
2789165,2.705,9.474,-1.798,0.042,-0.171,-0.026,2394,0
2789185,2.686,9.51,-1.86,0.077,-0.194,-0.054,2394,0
2789205,2.784,9.515,-1.944,0.082,-0.179,-0.062,2395,0
2789225,2.825,9.488,-2.069,0.052,-0.15,-0.012,2395,0
2789245,2.954,9.481,-2.006,0.07,-0.132,0.033,2397,0
2789265,2.835,9.507,-1.997,0.081,-0.086,0.066,2397,0
2789285,2.818,9.541,-2.198,0.169,-0.077,0.096,2397,0
2789305,2.708,9.364,-2.021,0.041,0.005,0.111,2397,0
2789325,2.739,9.141,-2.018,0.021,0.001,0.137,2397,0
2789345,2.756,8.921,-1.887,-0.005,0.004,0.138,2398,0
2789365,2.686,8.875,-1.863,0.044,0.012,0.119,2397,0
2789385,2.636,8.94,-1.827,0.1,0.011,0.099,2397,0
2789405,2.571,9.019,-1.98,0.124,0.003,0.085,2396,0
2789425,2.617,9.115,-1.92,0.158,0.019,0.05,2398,0
2789445,2.622,9.151,-1.841,0.138,0.045,0.009,2398,0
2789465,2.636,9.131,-1.736,0.106,0.044,-0.016,2398,0
2789485,2.65,9.112,-1.583,0.051,0.033,-0.026,2399,0
2789505,2.665,9.179,-1.508,0.057,0.02,-0.042,2397,0
2789525,2.648,9.266,-1.597,0.064,0.009,-0.065,2398,0
2789545,2.612,9.23,-1.602,0.042,-0.001,-0.068,2399,0
2789565,2.665,9.201,-1.618,0.017,-0.024,-0.064,2398,0
2789585,2.67,9.163,-1.65,0.004,-0.022,-0.076,2400,0
2789605,2.612,9.199,-1.743,0.019,-0.053,-0.066,2400,0
2789625,2.569,9.395,-1.812,0.06,-0.071,-0.064,2399,0
2789645,2.509,9.421,-1.889,0.07,-0.081,-0.056,2398,0
2789665,2.547,9.426,-1.994,0.104,-0.11,-0.041,2399,0
2789685,2.595,9.354,-2.037,0.094,-0.092,-0.035,2399,0
2789705,2.677,9.402,-2.04,0.118,-0.097,-0.009,2402,0
2789725,2.796,9.51,-1.846,0.141,-0.064,-0.031,2401,0
2789745,2.818,9.483,-1.894,0.114,-0.055,-0.035,2400,0
2789765,2.909,9.407,-1.791,0.058,-0.045,-0.026,2401,0
2789785,2.887,9.316,-1.841,-0.033,-0.022,-0.033,2400,0
2789805,2.782,9.282,-1.875,-0.05,-0.009,-0.013,2399,0
2789825,2.71,9.369,-1.841,-0.034,-0.001,-0.005,2399,0
2789845,2.631,9.27,-1.8,-0.002,-0.011,0.015,2399,0
2789865,2.605,9.234,-1.817,0.03,-0.029,0.025,2399,0
2789885,2.567,9.261,-1.911,0.019,-0.046,0.018,2398,0
2789905,2.538,9.282,-1.963,0.036,-0.066,0.061,2400,0
2789925,2.55,9.467,-1.997,0.102,-0.052,0.064,2398,0
2789945,2.49,9.452,-1.923,0.106,-0.047,0.06,2399,0
2789965,2.454,9.527,-1.884,0.101,-0.062,0.096,2399,0
2789985,2.538,9.562,-1.729,0.082,-0.061,0.108,2400,0
2790005,2.579,9.371,-1.686,0.039,-0.078,0.097,2399,0
2790025,2.67,9.175,-1.642,0.003,-0.108,0.084,2399,0
2790045,2.761,9.093,-1.688,0.015,-0.112,0.058,2400,0
2790065,2.693,9.184,-1.729,0.037,-0.099,0.035,2399,0
2790085,2.622,9.28,-1.765,0.036,-0.095,0.048,2400,0
2790105,2.588,9.443,-1.69,0.034,-0.1,0.053,2399,0
2790125,2.428,9.665,-1.657,0.016,-0.101,0.048,2399,0
2790145,2.291,9.74,-1.623,0.007,-0.134,0.074,2400,0
2790165,2.33,9.641,-1.678,-0.029,-0.16,0.098,2399,0
2790185,2.435,9.428,-1.628,-0.074,-0.17,0.089,2398,0
2790205,2.682,9.141,-1.549,-0.139,-0.169,0.069,2398,0
2790225,2.981,8.799,-1.489,-0.175,-0.175,0.048,2397,0
2790245,3.294,8.6,-1.408,-0.207,-0.166,-0.014,2397,0
2790265,3.369,8.693,-1.472,-0.242,-0.157,-0.087,2398,0
2790285,3.354,8.89,-1.563,-0.249,-0.144,-0.123,2397,0
2790305,3.297,9.005,-1.657,-0.219,-0.126,-0.116,2395,0
2790325,3.1,9.177,-1.709,-0.205,-0.096,-0.107,2396,0
2790345,2.942,9.515,-1.798,-0.169,-0.096,-0.086,2397,0
2790365,2.751,9.756,-1.791,-0.118,-0.088,-0.024,2397,0
2790385,2.614,9.711,-1.846,-0.096,-0.092,0.041,2397,0
2790405,2.569,9.687,-1.846,-0.05,-0.107,0.079,2397,0
2790425,2.538,9.594,-1.863,-0.048,-0.114,0.117,2398,0
2790445,2.696,9.452,-1.894,-0.01,-0.137,0.137,2399,0
2790465,2.835,9.359,-1.844,-0.008,-0.116,0.115,2397,0
2790485,2.856,9.244,-1.793,-0.008,-0.109,0.094,2397,0
2790505,2.947,9.184,-1.745,-0.023,-0.101,0.087,2397,0
2790525,3.072,8.978,-1.702,-0.03,-0.077,0.076,2397,0
2790545,3.144,8.859,-1.69,-0.029,-0.062,0.066,2398,0
2790565,3.182,8.882,-1.721,-0.003,-0.047,0.032,2397,0
2790585,3.096,9.036,-1.745,0.031,-0.024,0.004,2396,0
2790605,3.024,9.163,-1.757,0.048,-0.001,0.0,2398,0
2790625,2.911,9.297,-1.707,0.045,0.033,0.0,2395,0
2790645,2.792,9.321,-1.638,0.023,0.051,0.02,2396,0
2790665,2.684,9.424,-1.568,0.056,0.057,0.03,2396,0
2790685,2.61,9.448,-1.429,0.052,0.039,0.033,2396,0
2790705,2.591,9.474,-1.341,0.069,0.006,0.035,2397,0
2790725,2.516,9.572,-1.274,0.064,-0.018,0.031,2396,0
2790745,2.476,9.517,-1.29,0.063,-0.046,0.04,2395,0
2790765,2.552,9.402,-1.257,0.052,-0.064,0.053,2396,0
2790785,2.658,9.196,-1.19,0.043,-0.077,0.047,2398,0
2790805,2.849,9.012,-1.183,0.024,-0.098,0.032,2393,0
2790825,2.935,8.923,-1.164,0.001,-0.103,-0.013,2395,0
2790845,2.935,9.041,-1.269,-0.015,-0.106,-0.052,2394,0
2790865,2.938,9.213,-1.29,-0.002,-0.106,-0.067,2395,0
2790885,2.947,9.323,-1.326,0.006,-0.104,-0.069,2395,0
2790905,2.945,9.337,-1.343,-0.008,-0.091,-0.07,2394,0
2790925,2.969,9.361,-1.429,-0.022,-0.086,-0.048,2396,0
2790945,2.966,9.392,-1.355,-0.011,-0.066,-0.05,2396,0
2790965,2.911,9.424,-1.42,-0.006,-0.074,-0.044,2396,0
2790985,2.84,9.481,-1.458,-0.004,-0.067,-0.032,2396,0
2791005,2.849,9.479,-1.451,-0.006,-0.066,-0.01,2396,0
2791025,2.911,9.347,-1.46,-0.005,-0.055,0.004,2396,0
2791045,2.921,9.227,-1.444,0.002,-0.049,0.011,2396,0
2791065,2.895,9.187,-1.381,0.016,-0.041,0.006,2395,0
2791085,2.828,9.242,-1.408,0.027,-0.041,0.001,2396,0
2791105,2.749,9.328,-1.379,0.03,-0.048,0.008,2397,0
2791125,2.744,9.297,-1.393,0.032,-0.067,0.029,2395,0
2791145,2.708,9.278,-1.401,0.054,-0.062,0.023,2395,0
2791165,2.684,9.297,-1.458,0.069,-0.068,0.018,2395,0
2791185,2.739,9.215,-1.439,0.062,-0.075,0.02,2396,0
2791205,2.818,9.242,-1.456,0.069,-0.054,-0.008,2394,0
2791225,2.883,9.23,-1.381,0.033,-0.044,-0.026,2394,0
2791245,2.94,9.062,-1.425,0.006,-0.042,-0.041,2395,0
2791265,2.988,9.009,-1.434,-0.014,-0.028,-0.078,2394,0
2791285,2.921,9.155,-1.535,-0.03,-0.013,-0.102,2392,0
2791305,2.88,9.354,-1.547,-0.004,-0.014,-0.094,2393,0
2791325,2.787,9.51,-1.578,0.034,-0.005,-0.068,2396,0
2791345,2.818,9.558,-1.477,0.095,-0.004,-0.033,2394,0
2791365,2.799,9.5,-1.429,0.122,0.015,0.014,2396,0
2791385,2.804,9.385,-1.307,0.133,0.011,0.05,2394,0
2791405,2.84,9.301,-1.231,0.13,0.004,0.054,2394,0
2791425,2.801,9.278,-1.178,0.129,-0.005,0.037,2395,0
2791445,2.751,9.333,-1.154,0.126,-0.026,0.029,2394,0
2791465,2.698,9.445,-1.214,0.136,-0.028,0.039,2395,0
2791485,2.684,9.503,-1.219,0.114,-0.033,0.044,2395,0
2791505,2.729,9.505,-1.288,0.102,-0.046,0.051,2394,0
2791525,2.777,9.412,-1.36,0.066,-0.052,0.036,2395,0
2791545,2.787,9.29,-1.405,0.042,-0.049,0.016,2395,0
2791565,2.832,9.206,-1.441,0.01,-0.046,0.003,2396,0
2791585,2.796,9.17,-1.506,-0.008,-0.026,-0.01,2396,0
2791605,2.715,9.189,-1.544,-0.013,-0.022,-0.03,2395,0
2791625,2.646,9.199,-1.597,-0.035,-0.025,-0.042,2394,0
2791645,2.674,9.17,-1.578,-0.011,-0.034,-0.041,2394,0
2791665,2.787,9.194,-1.439,0.042,-0.039,-0.032,2394,0
2791685,2.844,9.141,-1.415,0.078,-0.047,-0.015,2394,0
2791705,2.897,9.16,-1.348,0.081,-0.071,-0.007,2395,0
2791725,2.921,9.21,-1.362,0.072,-0.095,-0.024,2395,0
2791745,2.916,9.328,-1.456,0.094,-0.117,-0.022,2395,0
2791765,2.916,9.414,-1.535,0.145,-0.113,-0.009,2394,0
2791785,2.919,9.483,-1.595,0.162,-0.101,-0.003,2395,0
2791805,2.909,9.57,-1.628,0.121,-0.072,-0.002,2395,0
2791825,2.931,9.517,-1.592,0.059,-0.049,0.004,2395,0
2791845,2.883,9.479,-1.499,0.023,-0.026,0.008,2395,0
2791865,2.84,9.462,-1.448,0.025,-0.016,0.008,2394,0
2791885,2.832,9.471,-1.393,0.037,-0.019,0.007,2394,0
2791905,2.851,9.4,-1.338,0.022,-0.02,0.019,2394,0
2791925,2.919,9.318,-1.271,0.011,-0.034,0.026,2394,0
2791945,2.871,9.27,-1.393,-0.004,-0.034,0.023,2395,0
2791965,2.837,9.234,-1.575,0.017,-0.032,0.029,2395,0
2791985,2.878,9.189,-1.616,0.033,-0.014,0.022,2394,0
2792005,2.875,9.172,-1.52,0.022,0.003,0.006,2395,0
2792025,2.847,9.208,-1.441,-0.011,0.0,0.003,2394,0
2792045,2.796,9.232,-1.475,-0.005,0.0,0.013,2394,0
2792065,2.739,9.29,-1.482,0.04,-0.009,0.021,2395,0
2792085,2.708,9.239,-1.525,0.077,-0.016,0.025,2394,0
2792105,2.741,9.268,-1.508,0.087,-0.032,0.019,2394,0
2792125,2.756,9.29,-1.528,0.043,-0.037,0.006,2394,0
2792145,2.751,9.301,-1.508,0.041,-0.037,0.012,2394,0
2792165,2.749,9.366,-1.563,0.064,-0.026,0.011,2395,0
2792185,2.67,9.361,-1.592,0.089,-0.03,0.013,2395,0
2792205,2.67,9.29,-1.501,0.087,-0.031,0.018,2395,0
2792225,2.696,9.201,-1.451,0.059,-0.031,0.011,2396,0
2792245,2.708,9.062,-1.482,0.02,-0.033,-0.022,2394,0
2792265,2.71,9.012,-1.494,0.023,-0.044,-0.044,2395,0
2792285,2.82,9.112,-1.408,0.071,-0.052,-0.065,2394,0
2792305,2.847,9.187,-1.331,0.087,-0.062,-0.071,2394,0
2792325,2.89,9.246,-1.355,0.075,-0.07,-0.072,2396,0
2792345,2.863,9.333,-1.377,0.038,-0.084,-0.067,2395,0
2792365,2.883,9.426,-1.539,0.036,-0.09,-0.048,2395,0
2792385,2.897,9.512,-1.587,0.07,-0.082,-0.038,2396,0
2792405,2.875,9.534,-1.628,0.088,-0.072,-0.018,2394,0
2792425,2.904,9.531,-1.621,0.083,-0.063,-0.003,2395,0
2792445,2.842,9.498,-1.58,0.04,-0.047,-0.0,2395,0
2792465,2.851,9.443,-1.556,0.034,-0.039,0.009,2395,0
2792485,2.823,9.438,-1.518,0.041,-0.029,0.019,2394,0
2792505,2.77,9.419,-1.465,0.037,-0.033,0.034,2394,0
2792525,2.804,9.373,-1.389,0.026,-0.041,0.04,2395,0
2792545,2.782,9.325,-1.434,0.007,-0.049,0.037,2395,0
2792565,2.78,9.254,-1.458,0.0,-0.056,0.027,2395,0
2792585,2.775,9.234,-1.516,0.006,-0.058,0.02,2395,0
2792605,2.787,9.206,-1.513,0.013,-0.06,0.029,2394,0
2792625,2.784,9.244,-1.523,0.03,-0.047,0.011,2393,0
2792645,2.758,9.199,-1.523,0.018,-0.052,0.003,2393,0
2792665,2.768,9.208,-1.501,0.02,-0.047,-0.003,2394,0
2792685,2.789,9.17,-1.468,0.018,-0.062,-0.001,2395,0
2792705,2.825,9.194,-1.439,0.032,-0.068,-0.012,2393,0
2792725,2.835,9.232,-1.465,0.048,-0.083,-0.015,2395,0
2792745,2.823,9.306,-1.48,0.057,-0.074,-0.015,2394,0
2792765,2.811,9.38,-1.578,0.044,-0.07,-0.018,2393,0
2792785,2.796,9.45,-1.618,0.022,-0.067,-0.012,2392,0
2792805,2.847,9.486,-1.599,0.033,-0.067,-0.001,2394,0
2792825,2.842,9.493,-1.585,0.041,-0.053,0.006,2394,0
2792845,2.883,9.421,-1.549,0.052,-0.057,0.026,2394,0
2792865,2.89,9.364,-1.499,0.041,-0.046,0.031,2394,0
2792885,2.866,9.357,-1.484,0.026,-0.047,0.041,2394,0
2792905,2.859,9.266,-1.468,0.011,-0.053,0.046,2395,0
2792925,2.842,9.103,-1.528,0.006,-0.047,0.035,2394,0
2792945,2.772,9.088,-1.607,0.015,-0.05,0.011,2395,0
2792965,2.717,9.12,-1.602,0.021,-0.047,-0.004,2394,0
2792985,2.749,9.179,-1.609,0.044,-0.053,-0.02,2396,0
2793005,2.806,9.215,-1.504,0.038,-0.045,-0.029,2394,0
2793025,2.875,9.155,-1.477,0.037,-0.056,-0.026,2394,0
2793045,2.921,9.127,-1.468,0.03,-0.049,-0.032,2395,0
2793065,2.919,9.139,-1.53,0.049,-0.054,-0.045,2394,0
2793085,2.868,9.203,-1.592,0.054,-0.051,-0.051,2394,0
2793105,2.835,9.328,-1.662,0.064,-0.05,-0.037,2395,0
2793125,2.842,9.407,-1.676,0.057,-0.037,-0.026,2395,0
2793145,2.844,9.38,-1.709,0.04,-0.036,-0.018,2395,0
2793165,2.854,9.34,-1.712,0.06,-0.027,-0.025,2396,0
2793185,2.825,9.347,-1.693,0.078,-0.011,-0.025,2395,0
2793205,2.832,9.345,-1.633,0.102,-0.004,-0.003,2395,0
2793225,2.851,9.385,-1.551,0.102,0.014,-0.011,2394,0
2793245,2.818,9.474,-1.551,0.084,0.015,-0.026,2394,0
2793265,2.784,9.483,-1.504,0.072,0.025,-0.01,2394,0
2793285,2.794,9.486,-1.42,0.07,0.029,0.011,2396,0
2793305,2.825,9.426,-1.362,0.025,0.021,0.004,2394,0
2793325,2.835,9.359,-1.413,-0.012,0.002,-0.01,2394,0
2793345,2.746,9.325,-1.489,-0.021,0.01,-0.012,2395,0
2793365,2.717,9.409,-1.52,0.033,0.004,0.007,2394,0
2793385,2.705,9.402,-1.506,0.039,0.011,0.01,2394,0
2793405,2.708,9.304,-1.496,0.01,0.001,0.02,2394,0
2793425,2.713,9.22,-1.532,-0.027,-0.005,0.01,2396,0
2793445,2.648,9.203,-1.573,-0.002,-0.011,-0.001,2395,0
2793465,2.629,9.234,-1.614,0.059,-0.006,0.013,2394,0
2793485,2.653,9.23,-1.568,0.104,0.004,0.012,2394,0
2793505,2.717,9.215,-1.422,0.089,0.014,0.002,2394,0
2793525,2.78,9.21,-1.36,0.063,0.009,-0.018,2395,0
2793545,2.818,9.194,-1.245,0.03,-0.007,-0.029,2394,0
2793565,2.875,9.256,-1.305,0.04,-0.02,-0.038,2394,0
2793585,2.832,9.395,-1.353,0.035,-0.022,-0.043,2394,0
2793605,2.746,9.548,-1.456,0.014,-0.032,-0.035,2395,0
2793625,2.744,9.572,-1.523,-0.007,-0.04,-0.017,2396,0
2793645,2.772,9.553,-1.508,0.002,-0.031,0.005,2395,0
2793665,2.828,9.44,-1.489,0.004,-0.024,0.015,2393,0
2793685,2.856,9.292,-1.494,-0.01,-0.031,0.015,2395,0
2793705,2.851,9.175,-1.415,-0.008,-0.03,0.013,2394,0
2793725,2.816,9.196,-1.42,0.003,-0.032,0.013,2393,0
2793745,2.789,9.225,-1.42,0.021,-0.03,0.014,2394,0
2793765,2.713,9.369,-1.444,0.034,-0.026,0.007,2395,0
2793785,2.641,9.536,-1.484,0.041,-0.027,0.02,2395,0
2793805,2.614,9.522,-1.405,0.013,-0.042,0.057,2394,0
2793825,2.66,9.426,-1.286,0.021,-0.06,0.076,2394,0
2793845,2.763,9.263,-1.326,0.037,-0.081,0.091,2395,0
2793865,2.808,9.268,-1.317,0.071,-0.079,0.083,2394,0
2793885,2.84,9.206,-1.389,0.058,-0.081,0.079,2393,0
2793905,2.847,9.232,-1.422,0.045,-0.064,0.068,2396,0
2793925,2.871,9.213,-1.441,0.031,-0.048,0.06,2393,0
2793945,2.926,9.06,-1.353,0.011,-0.031,0.036,2395,0
2793965,2.945,9.048,-1.353,-0.005,-0.033,0.012,2395,0
2793985,2.928,9.122,-1.343,-0.024,-0.039,-0.015,2394,0
2794005,2.895,9.194,-1.441,-0.011,-0.056,-0.029,2393,0
2794025,2.873,9.321,-1.513,0.015,-0.055,-0.034,2395,0
2794045,2.789,9.433,-1.599,0.026,-0.054,-0.024,2395,0
2794065,2.818,9.455,-1.602,0.04,-0.051,-0.008,2394,0
2794085,2.887,9.349,-1.542,0.047,-0.044,0.009,2395,0
2794105,2.986,9.254,-1.453,0.068,-0.037,0.018,2395,0
2794125,3.026,9.143,-1.358,0.05,-0.024,0.015,2395,0
2794145,2.971,9.139,-1.341,0.04,-0.025,0.005,2395,0
2794165,2.897,9.16,-1.386,0.021,-0.035,0.003,2395,0
2794185,2.828,9.203,-1.453,0.034,-0.037,0.005,2396,0
2794205,2.763,9.325,-1.528,0.064,-0.048,0.003,2395,0
2794225,2.77,9.39,-1.587,0.094,-0.051,0.009,2394,0
2794245,2.837,9.354,-1.551,0.113,-0.04,0.014,2395,0
2794265,2.916,9.278,-1.513,0.098,-0.025,0.004,2394,0
2794285,2.94,9.258,-1.348,0.075,-0.01,-0.011,2396,0
2794305,2.983,9.29,-1.281,0.076,-0.012,-0.015,2396,0
2794325,2.983,9.278,-1.161,0.05,-0.007,-0.024,2396,0
2794345,2.986,9.335,-1.223,0.028,-0.014,-0.034,2396,0
2794365,2.94,9.404,-1.238,0.001,-0.019,-0.032,2395,0
2794385,2.849,9.462,-1.372,0.006,-0.025,-0.016,2395,0
2794405,2.825,9.519,-1.314,0.007,-0.034,0.002,2395,0
2794425,2.777,9.436,-1.384,0.009,-0.037,0.03,2396,0
2794445,2.801,9.337,-1.403,0.001,-0.054,0.046,2396,0
2794465,2.83,9.187,-1.446,0.01,-0.065,0.045,2396,0
2794485,2.794,9.177,-1.52,0.044,-0.066,0.038,2395,0
2794505,2.842,9.201,-1.547,0.073,-0.066,0.031,2397,0
2794525,2.919,9.172,-1.458,0.06,-0.058,0.015,2394,0
2794545,2.919,9.067,-1.444,0.011,-0.046,0.004,2396,0
2794565,2.933,9.117,-1.432,0.021,-0.047,-0.004,2395,0
2794585,2.907,9.139,-1.446,0.04,-0.037,-0.013,2395,0
2794605,2.899,9.182,-1.463,0.076,-0.046,-0.023,2396,0
2794625,2.916,9.287,-1.429,0.067,-0.041,-0.033,2396,0
2794645,2.897,9.333,-1.408,0.048,-0.041,-0.029,2397,0
2794665,2.89,9.421,-1.453,0.039,-0.042,-0.016,2396,0
2794685,2.854,9.373,-1.52,0.04,-0.034,-0.003,2397,0
2794705,2.897,9.383,-1.477,0.076,-0.035,0.002,2396,0
2794725,2.909,9.354,-1.432,0.064,-0.027,0.0,2397,0
2794745,2.907,9.321,-1.386,0.05,-0.038,0.003,2397,0
2794765,2.909,9.297,-1.362,0.025,-0.038,0.004,2396,0
2794785,2.923,9.294,-1.408,0.044,-0.047,-0.002,2397,0
2794805,2.904,9.275,-1.494,0.056,-0.038,0.003,2396,0
2794825,2.871,9.29,-1.482,0.054,-0.027,-0.002,2397,0
2794845,2.885,9.256,-1.425,0.005,-0.03,-0.008,2396,0
2794865,2.873,9.254,-1.403,0.007,-0.038,-0.021,2396,0
2794885,2.859,9.261,-1.417,0.046,-0.046,-0.017,2396,0
2794905,2.847,9.282,-1.42,0.09,-0.044,-0.007,2397,0
2794925,2.916,9.325,-1.468,0.08,-0.041,-0.001,2396,0
2794945,2.945,9.311,-1.393,0.03,-0.034,-0.005,2396,0
2794965,2.923,9.268,-1.386,-0.005,-0.041,-0.008,2396,0
2794985,2.887,9.206,-1.386,0.012,-0.047,-0.004,2397,0
2795005,2.828,9.335,-1.484,0.084,-0.048,0.006,2395,0
2795025,2.813,9.471,-1.539,0.095,-0.041,0.008,2396,0
2795045,2.847,9.397,-1.523,0.059,-0.042,0.013,2397,0
2795065,2.873,9.316,-1.408,0.033,-0.023,0.019,2397,0
2795085,2.842,9.256,-1.36,0.018,-0.022,0.007,2398,0
2795105,2.883,9.189,-1.353,0.026,-0.049,0.002,2396,0
2795125,2.873,9.175,-1.36,0.034,-0.058,-0.003,2396,0
2795145,2.873,9.321,-1.372,0.062,-0.068,-0.003,2396,0
2795165,2.825,9.402,-1.441,0.041,-0.065,0.005,2395,0
2795185,2.806,9.335,-1.465,0.031,-0.071,0.008,2396,0
2795205,2.818,9.33,-1.463,0.031,-0.071,0.015,2397,0
2795225,2.861,9.352,-1.432,0.052,-0.069,0.015,2396,0
2795245,2.957,9.251,-1.472,0.05,-0.067,0.014,2396,0
2795265,2.974,9.179,-1.446,0.047,-0.056,0.008,2395,0
2795285,2.988,9.213,-1.458,0.024,-0.053,-0.009,2395,0
2795305,2.995,9.199,-1.427,0.004,-0.057,-0.017,2396,0
2795325,2.969,9.285,-1.458,0.035,-0.052,-0.005,2396,0
2795345,2.866,9.407,-1.532,0.051,-0.045,0.006,2396,0
2795365,2.895,9.421,-1.595,0.041,-0.057,0.009,2396,0
2795385,2.921,9.306,-1.549,0.015,-0.059,0.006,2396,0
2795405,2.95,9.268,-1.532,0.04,-0.058,0.013,2396,0
2795425,2.926,9.292,-1.475,0.062,-0.046,0.017,2397,0
2795445,2.904,9.313,-1.539,0.074,-0.039,0.018,2396,0
2795465,2.907,9.309,-1.499,0.056,-0.025,0.018,2397,0
2795485,2.875,9.215,-1.468,0.021,-0.016,0.017,2397,0
2795505,2.904,9.088,-1.329,0.011,-0.019,0.013,2396,0
2795525,2.861,9.143,-1.355,0.03,-0.024,0.002,2397,0
2795545,2.856,9.148,-1.429,0.05,-0.039,-0.003,2397,0
2795565,2.866,9.208,-1.559,0.067,-0.044,-0.011,2395,0
2795585,2.832,9.306,-1.556,0.075,-0.042,-0.016,2396,0
2795605,2.825,9.361,-1.559,0.079,-0.042,-0.004,2396,0
2795625,2.88,9.342,-1.537,0.103,-0.046,0.005,2398,0
2795645,2.911,9.301,-1.422,0.084,-0.04,-0.007,2392,0
2795665,2.904,9.196,-1.372,0.057,-0.05,-0.014,2398,0
2795685,2.935,9.187,-1.35,0.041,-0.048,-0.025,2396,0
2795705,2.921,9.239,-1.331,0.04,-0.053,-0.026,2397,0
2795725,2.921,9.287,-1.405,0.034,-0.058,-0.023,2397,0
2795745,2.895,9.292,-1.458,0.008,-0.058,-0.029,2396,0
2795765,2.887,9.282,-1.542,-0.008,-0.06,-0.03,2396,0
2795785,2.859,9.266,-1.609,0.003,-0.053,-0.022,2397,0
2795805,2.863,9.249,-1.659,0.034,-0.046,-0.015,2398,0
2795825,2.847,9.299,-1.647,0.062,-0.042,-0.011,2396,0
2795845,2.861,9.347,-1.604,0.073,-0.038,-0.01,2396,0
2795865,2.863,9.371,-1.525,0.084,-0.039,-0.005,2397,0
2795885,2.895,9.287,-1.439,0.067,-0.05,-0.006,2398,0
2795905,2.919,9.285,-1.377,0.07,-0.06,-0.01,2397,0
2795925,2.921,9.323,-1.336,0.071,-0.066,-0.01,2396,0
2795945,2.926,9.373,-1.384,0.071,-0.066,-0.007,2397,0
2795965,2.89,9.462,-1.448,0.038,-0.063,0.002,2396,0
2795985,2.871,9.388,-1.465,0.01,-0.057,0.018,2396,0
2796005,2.844,9.311,-1.501,0.005,-0.058,0.033,2398,0
2796025,2.849,9.261,-1.535,0.015,-0.066,0.034,2396,0
2796045,2.899,9.225,-1.535,0.043,-0.077,0.034,2397,0
2796065,2.856,9.222,-1.59,0.052,-0.067,0.033,2397,0
2796085,2.847,9.237,-1.659,0.051,-0.067,0.023,2397,0
2796105,2.823,9.206,-1.683,0.042,-0.066,0.015,2397,0
2796125,2.837,9.206,-1.623,0.082,-0.068,0.01,2397,0
2796145,2.902,9.232,-1.592,0.09,-0.058,0.003,2398,0
2796165,2.861,9.354,-1.609,0.075,-0.05,-0.01,2397,0
2796185,2.921,9.38,-1.587,0.056,-0.049,0.001,2397,0
2796205,2.964,9.278,-1.609,0.025,-0.041,0.021,2396,0
2796225,3.002,9.184,-1.511,0.039,-0.022,0.02,2395,0
2796245,2.964,9.242,-1.496,0.044,-0.019,0.017,2397,0
2796265,2.907,9.22,-1.508,0.051,-0.034,0.021,2397,0
2796285,2.899,9.225,-1.537,0.048,-0.042,0.022,2397,0
2796305,2.847,9.316,-1.587,0.068,-0.048,0.025,2397,0
2796325,2.823,9.316,-1.628,0.072,-0.055,0.021,2396,0
2796345,2.856,9.28,-1.638,0.112,-0.054,0.016,2396,0
2796365,2.883,9.287,-1.547,0.107,-0.044,0.005,2397,0
2796385,2.926,9.239,-1.444,0.059,-0.054,0.001,2398,0
2796405,3.038,9.16,-1.417,0.015,-0.062,-0.013,2397,0
2796425,3.065,9.256,-1.511,0.01,-0.05,-0.034,2397,0
2796445,2.993,9.369,-1.609,0.029,-0.053,-0.031,2396,0
2796465,2.959,9.414,-1.726,0.03,-0.039,-0.014,2397,0
2796485,2.856,9.476,-1.757,0.01,-0.029,0.011,2397,0
2796505,2.873,9.27,-1.678,-0.001,-0.017,0.028,2397,0
2796525,2.792,9.323,-1.719,0.06,-0.017,0.05,2397,0
2796545,2.792,9.23,-1.659,0.068,-0.043,0.07,2397,0
2796565,2.816,9.122,-1.568,0.09,-0.044,0.066,2395,0
2796585,2.806,9.213,-1.614,0.111,-0.041,0.052,2397,0
2796605,2.82,9.22,-1.607,0.106,-0.039,0.043,2397,0
2796625,2.907,9.208,-1.599,0.085,-0.038,0.023,2396,0
2796645,2.957,9.227,-1.559,0.052,-0.024,0.001,2397,0
2796665,2.983,9.273,-1.532,0.033,-0.021,-0.009,2397,0
2796685,2.998,9.361,-1.53,0.024,-0.019,-0.015,2397,0
2796705,2.976,9.395,-1.535,0.027,-0.022,-0.013,2397,0
2796725,2.94,9.414,-1.549,0.032,-0.023,-0.005,2397,0
2796745,2.952,9.4,-1.559,0.007,-0.017,0.002,2397,0
2796765,2.947,9.357,-1.523,-0.033,-0.021,0.019,2398,0
2796785,2.89,9.256,-1.513,-0.045,-0.023,0.036,2398,0
2796805,2.926,9.11,-1.413,-0.018,-0.034,0.039,2396,0
2796825,2.964,9.029,-1.41,-0.024,-0.036,0.031,2398,0
2796845,3.045,8.942,-1.362,-0.071,-0.063,0.014,2397,0
2796865,3.179,8.854,-1.336,-0.093,-0.091,-0.025,2398,0
2796885,3.201,8.906,-1.413,-0.071,-0.103,-0.054,2396,0
2796905,3.254,8.99,-1.415,-0.02,-0.123,-0.057,2397,0
2796925,3.261,9.096,-1.525,0.003,-0.13,-0.072,2398,0
2796945,3.196,9.285,-1.571,0.008,-0.135,-0.082,2397,0
2796965,3.115,9.428,-1.652,0.003,-0.136,-0.065,2397,0
2796985,3.089,9.452,-1.717,0.023,-0.125,-0.028,2396,0
2797005,3.081,9.469,-1.705,0.03,-0.099,0.002,2398,0
2797025,3.026,9.392,-1.762,0.028,-0.081,0.035,2398,0
2797045,3.014,9.309,-1.681,0.031,-0.066,0.048,2398,0
2797065,2.998,9.225,-1.702,0.038,-0.05,0.046,2397,0
2797085,2.978,9.251,-1.626,0.059,-0.045,0.045,2397,0
2797105,2.933,9.21,-1.628,0.079,-0.041,0.055,2398,0
2797125,2.926,9.167,-1.65,0.099,-0.026,0.057,2398,0
2797145,2.931,9.136,-1.681,0.083,-0.013,0.036,2397,0
2797165,2.94,9.1,-1.65,0.067,0.009,0.007,2397,0
2797185,2.904,9.124,-1.535,0.064,0.022,-0.011,2398,0
2797205,2.835,9.234,-1.472,0.063,0.032,-0.018,2397,0
2797225,2.813,9.225,-1.401,0.076,0.021,0.0,2398,0
2797245,2.844,9.191,-1.384,0.08,0.015,0.013,2398,0
2797265,2.811,9.227,-1.396,0.085,-0.003,0.01,2397,0
2797285,2.78,9.268,-1.417,0.079,-0.031,0.009,2398,0
2797305,2.739,9.316,-1.489,0.114,-0.047,0.013,2397,0
2797325,2.739,9.34,-1.623,0.135,-0.05,0.014,2397,0
2797345,2.765,9.39,-1.626,0.13,-0.049,0.014,2399,0
2797365,2.863,9.361,-1.571,0.09,-0.037,0.001,2397,0
2797385,2.923,9.301,-1.53,0.07,-0.027,-0.021,2399,0
2797405,2.971,9.22,-1.48,0.032,-0.021,-0.037,2397,0
2797425,3.017,9.189,-1.422,0.041,-0.027,-0.038,2397,0
2797445,3.033,9.266,-1.355,0.034,-0.028,-0.044,2397,0
2797465,3.031,9.354,-1.403,0.028,-0.051,-0.05,2397,0
2797485,3.077,9.424,-1.422,0.013,-0.069,-0.044,2398,0
2797505,3.041,9.464,-1.437,0.023,-0.077,-0.023,2398,0
2797525,3.002,9.486,-1.535,0.016,-0.08,0.0,2397,0
2797545,3.012,9.459,-1.535,0.016,-0.089,0.035,2398,0
2797565,3.012,9.4,-1.58,0.017,-0.087,0.055,2398,0
2797585,3.005,9.321,-1.551,0.016,-0.096,0.062,2397,0
2797605,2.983,9.218,-1.563,0.007,-0.105,0.064,2398,0
2797625,2.981,9.16,-1.595,0.022,-0.105,0.066,2397,0
2797645,2.964,9.177,-1.719,0.026,-0.094,0.059,2399,0
2797665,2.995,9.098,-1.7,0.009,-0.089,0.037,2397,0
2797685,3.041,9.081,-1.638,-0.006,-0.079,0.011,2398,0
2797705,3.048,9.072,-1.566,-0.006,-0.071,0.001,2397,0
2797725,3.043,9.179,-1.585,0.01,-0.068,-0.006,2396,0
2797745,3.038,9.232,-1.587,0.015,-0.063,-0.007,2397,0
2797765,3.007,9.261,-1.64,0.05,-0.043,-0.025,2398,0
2797785,2.911,9.443,-1.659,0.059,-0.028,-0.023,2398,0
2797805,2.909,9.397,-1.662,0.013,-0.02,-0.012,2398,0
2797825,2.954,9.175,-1.46,-0.053,-0.015,-0.007,2398,0
2797845,2.923,9.127,-1.429,-0.073,-0.009,-0.018,2397,0
2797865,2.909,9.189,-1.415,-0.021,-0.034,-0.006,2397,0
2797885,2.938,9.158,-1.46,0.034,-0.042,0.009,2398,0
2797905,2.954,9.165,-1.544,0.05,-0.048,0.009,2398,0
2797925,3.005,9.177,-1.547,0.02,-0.061,0.003,2397,0
2797945,3.06,9.143,-1.566,0.006,-0.07,-0.004,2396,0
2797965,3.098,9.033,-1.585,0.015,-0.059,-0.009,2397,0
2797985,3.146,9.057,-1.642,0.043,-0.053,-0.02,2398,0
2798005,3.139,9.155,-1.671,0.052,-0.041,-0.034,2397,0
2798025,3.084,9.292,-1.662,0.065,-0.029,-0.034,2395,0
2798045,3.069,9.404,-1.645,0.065,-0.016,-0.029,2398,0
2798065,3.053,9.392,-1.578,0.053,-0.009,-0.01,2397,0
2798085,3.06,9.306,-1.571,0.046,0.001,0.003,2397,0
2798105,3.057,9.146,-1.551,0.037,0.007,0.011,2395,0
2798125,3.007,9.11,-1.537,0.053,0.006,-0.0,2396,0
2798145,2.99,9.146,-1.499,0.079,-0.002,-0.01,2397,0
2798165,2.964,9.249,-1.506,0.087,0.0,-0.012,2397,0
2798185,2.916,9.337,-1.559,0.065,-0.0,-0.011,2398,0
2798205,2.909,9.304,-1.597,0.043,0.002,-0.006,2397,0
2798225,2.904,9.263,-1.597,0.048,0.011,-0.01,2399,0
2798245,2.931,9.213,-1.609,0.066,0.008,-0.005,2396,0
2798265,2.921,9.275,-1.571,0.084,0.026,-0.02,2396,0
2798285,2.911,9.278,-1.425,0.066,0.024,-0.021,2396,0
2798305,2.909,9.239,-1.355,0.025,0.016,-0.016,2397,0
2798325,2.914,9.234,-1.343,0.027,-0.008,-0.013,2397,0
2798345,2.911,9.268,-1.36,0.044,-0.029,-0.01,2396,0
2798365,2.928,9.256,-1.386,0.053,-0.046,-0.011,2397,0
2798385,2.94,9.203,-1.463,0.046,-0.055,-0.017,2397,0
2798405,2.952,9.215,-1.532,0.03,-0.05,-0.022,2398,0
2798425,2.966,9.261,-1.592,0.033,-0.049,-0.03,2397,0
2798445,3.017,9.242,-1.566,0.032,-0.044,-0.04,2398,0
2798465,3.048,9.244,-1.583,0.053,-0.031,-0.04,2397,0
2798485,2.998,9.275,-1.513,0.04,-0.012,-0.041,2396,0
2798505,2.952,9.333,-1.549,0.018,-0.013,-0.04,2397,0
2798525,2.974,9.402,-1.518,0.012,-0.017,-0.032,2398,0
2798545,2.995,9.404,-1.451,0.029,-0.015,-0.022,2397,0
2798565,2.971,9.364,-1.477,0.033,-0.016,-0.003,2397,0
2798585,2.978,9.354,-1.434,0.029,-0.021,0.009,2398,0
2798605,2.928,9.325,-1.494,0.017,-0.022,0.025,2398,0
2798625,2.878,9.285,-1.46,0.015,-0.026,0.042,2396,0
2798645,2.861,9.28,-1.501,0.046,-0.027,0.044,2397,0
2798665,2.861,9.258,-1.494,0.058,-0.025,0.045,2398,0
2798685,2.878,9.155,-1.46,0.059,-0.021,0.047,2398,0
2798705,2.875,9.268,-1.379,0.046,-0.021,0.043,2398,0
2798725,2.854,9.409,-1.197,0.043,-0.037,0.063,2397,0
2798745,2.873,9.345,-1.154,0.05,-0.067,0.102,2397,0
2798765,2.978,9.167,-1.094,0.048,-0.103,0.118,2398,0
2798785,3.117,8.954,-1.216,0.017,-0.148,0.119,2396,0
2798805,3.247,8.894,-1.451,-0.013,-0.167,0.061,2396,0
2798825,3.318,8.995,-1.587,-0.004,-0.177,-0.007,2398,0
2798845,3.294,9.151,-1.647,0.025,-0.141,-0.035,2396,0
2798865,3.172,9.33,-1.654,0.024,-0.098,-0.048,2397,0
2798885,2.923,9.656,-1.585,-0.017,-0.062,-0.057,2396,0
2798905,2.804,9.749,-1.518,-0.047,-0.058,-0.022,2397,0
2798925,2.804,9.661,-1.355,-0.046,-0.045,0.016,2399,0
2798945,2.804,9.44,-1.185,-0.062,-0.056,0.035,2397,0
2798965,2.832,9.254,-1.144,-0.061,-0.083,0.057,2397,0
2798985,2.971,8.985,-1.166,-0.055,-0.115,0.08,2398,0
2799005,3.096,8.842,-1.259,-0.023,-0.126,0.069,2398,0
2799025,3.163,8.741,-1.353,-0.039,-0.143,0.042,2398,0
2799045,3.206,8.729,-1.463,-0.025,-0.156,0.002,2397,0
2799065,3.215,8.775,-1.52,-0.012,-0.154,-0.025,2396,0
2799085,3.184,8.94,-1.547,0.03,-0.136,-0.048,2398,0
2799105,3.17,9.103,-1.583,0.046,-0.126,-0.055,2397,0
2799125,3.179,9.177,-1.597,0.063,-0.11,-0.057,2397,0
2799145,3.117,9.201,-1.616,0.056,-0.09,-0.064,2397,0
2799165,3.086,9.189,-1.578,0.046,-0.082,-0.067,2395,0
2799185,3.089,9.208,-1.518,0.034,-0.071,-0.076,2397,0
2799205,2.986,9.424,-1.568,0.034,-0.066,-0.083,2397,0
2799225,2.907,9.598,-1.518,0.054,-0.068,-0.071,2398,0
2799245,2.871,9.574,-1.516,0.06,-0.061,-0.036,2398,0
2799265,2.909,9.522,-1.386,0.057,-0.055,-0.015,2397,0
2799285,2.883,9.436,-1.403,0.005,-0.06,-0.021,2398,0
2799305,2.892,9.359,-1.432,-0.013,-0.09,-0.027,2397,0
2799325,2.868,9.371,-1.458,0.013,-0.091,-0.033,2395,0
2799345,2.842,9.438,-1.47,0.047,-0.083,-0.02,2398,0
2799365,2.825,9.471,-1.46,0.039,-0.075,-0.008,2398,0
2799385,2.811,9.383,-1.427,-0.008,-0.072,-0.002,2398,0
2799405,2.84,9.246,-1.456,-0.049,-0.08,-0.006,2397,0
2799425,2.868,9.208,-1.398,-0.027,-0.086,-0.021,2398,0
2799445,2.856,9.261,-1.437,0.009,-0.091,-0.026,2395,0
2799465,2.842,9.316,-1.422,0.04,-0.082,-0.028,2398,0
2799485,2.842,9.285,-1.453,0.006,-0.077,-0.033,2398,0
2799505,2.885,9.278,-1.381,-0.013,-0.078,-0.039,2399,0
2799525,2.957,9.175,-1.362,-0.056,-0.08,-0.046,2398,0
2799545,2.921,9.184,-1.35,-0.047,-0.074,-0.058,2398,0
2799565,2.871,9.287,-1.484,-0.029,-0.067,-0.057,2397,0
2799585,2.818,9.38,-1.525,0.007,-0.061,-0.046,2398,0
2799605,2.801,9.352,-1.575,0.014,-0.056,-0.034,2398,0
2799625,2.789,9.364,-1.549,0.023,-0.042,-0.03,2397,0
2799645,2.777,9.325,-1.508,0.029,-0.034,-0.014,2397,0
2799665,2.787,9.294,-1.468,0.063,-0.026,-0.004,2397,0
2799685,2.768,9.309,-1.365,0.074,-0.017,-0.001,2398,0
2799705,2.782,9.333,-1.379,0.085,-0.018,0.001,2399,0
2799725,2.796,9.318,-1.346,0.07,-0.013,-0.003,2397,0
2799745,2.737,9.333,-1.369,0.061,-0.003,-0.02,2397,0
2799765,2.71,9.376,-1.348,0.047,0.002,-0.016,2398,0
2799785,2.761,9.385,-1.31,0.069,0.014,-0.024,2397,0
2799805,2.775,9.301,-1.281,0.038,0.013,-0.017,2397,0
2799825,2.777,9.328,-1.235,0.036,0.009,-0.031,2399,0
2799845,2.765,9.306,-1.25,0.017,-0.001,-0.033,2399,0
2799865,2.765,9.309,-1.24,0.043,-0.01,-0.034,2399,0
2799885,2.741,9.201,-1.269,0.045,-0.014,-0.022,2398,0
2799905,2.739,9.29,-1.3,0.066,-0.019,-0.028,2399,0
2799925,2.772,9.266,-1.348,0.052,-0.034,-0.03,2399,0
2799945,2.792,9.304,-1.386,0.066,-0.021,-0.04,2400,0
2799965,2.749,9.359,-1.472,0.07,-0.01,-0.041,2397,0
2799985,2.765,9.455,-1.494,0.065,-0.001,-0.039,2398,0
2800005,2.772,9.459,-1.46,0.071,0.017,-0.032,2398,0
2800025,2.789,9.464,-1.338,0.083,0.022,-0.014,2398,0
2800045,2.825,9.438,-1.262,0.069,0.026,-0.011,2397,0
2800065,2.837,9.359,-1.247,0.034,0.014,-0.017,2398,0
2800085,2.842,9.347,-1.211,0.025,0.005,-0.025,2399,0
2800105,2.794,9.373,-1.235,0.053,-0.0,-0.019,2398,0
2800125,2.765,9.457,-1.228,0.077,-0.006,-0.009,2398,0
2800145,2.77,9.469,-1.322,0.053,-0.014,0.001,2399,0
2800165,2.772,9.459,-1.341,0.023,-0.015,0.003,2399,0
2800185,2.734,9.467,-1.46,0.014,-0.006,0.01,2399,0
2800205,2.753,9.395,-1.432,0.018,0.001,0.023,2399,0
2800225,2.789,9.273,-1.401,0.024,0.01,0.02,2399,0
2800245,2.801,9.196,-1.377,0.033,0.008,0.015,2399,0
2800265,2.818,9.246,-1.386,0.042,0.012,-0.004,2398,0
2800285,2.828,9.278,-1.379,0.052,0.013,-0.01,2399,0
2800305,2.796,9.29,-1.295,0.033,0.023,-0.01,2398,0
2800325,2.749,9.275,-1.269,0.026,0.019,-0.002,2399,0
2800345,2.78,9.352,-1.221,0.025,0.012,-0.003,2399,0
2800365,2.763,9.357,-1.302,0.047,0.011,0.003,2400,0
2800385,2.72,9.45,-1.24,0.051,0.006,0.011,2399,0
2800405,2.696,9.361,-1.319,0.03,-0.013,0.026,2399,0
2800425,2.737,9.321,-1.329,0.038,-0.013,0.022,2399,0
2800445,2.737,9.306,-1.379,0.048,-0.011,0.02,2400,0
2800465,2.761,9.349,-1.338,0.044,-0.007,0.009,2399,0
2800485,2.732,9.373,-1.346,0.032,-0.007,0.004,2399,0
2800505,2.749,9.299,-1.324,0.03,-0.004,0.01,2400,0
2800525,2.763,9.294,-1.252,0.052,0.005,0.005,2399,0
2800545,2.749,9.287,-1.202,0.058,-0.001,0.003,2399,0
2800565,2.753,9.364,-1.166,0.075,-0.004,0.004,2399,0
2800585,2.772,9.45,-1.116,0.059,-0.019,0.002,2400,0
2800605,2.813,9.39,-1.061,0.015,-0.033,0.01,2400,0
2800625,2.909,9.316,-1.159,0.016,-0.046,0.017,2398,0
2800645,2.897,9.371,-1.235,0.024,-0.033,0.017,2399,0
2800665,2.84,9.443,-1.391,0.04,-0.025,0.021,2399,0
2800685,2.825,9.421,-1.408,0.013,-0.012,0.031,2398,0
2800705,2.796,9.325,-1.403,-0.006,0.008,0.026,2399,0
2800725,2.794,9.278,-1.343,-0.009,0.011,0.023,2399,0
2800745,2.813,9.251,-1.255,0.013,0.009,0.018,2399,0
2800765,2.808,9.316,-1.207,0.045,0.001,0.011,2398,0
2800785,2.823,9.325,-1.144,0.05,-0.009,0.015,2400,0
2800805,2.837,9.321,-1.192,0.039,-0.013,0.02,2400,0
2800825,2.828,9.278,-1.132,0.022,-0.023,0.021,2399,0
2800845,2.82,9.21,-1.164,0.014,-0.036,0.023,2399,0
2800865,2.837,9.222,-1.19,0.048,-0.052,0.014,2399,0
2800885,2.842,9.244,-1.262,0.052,-0.052,0.009,2399,0
2800905,2.842,9.301,-1.271,0.06,-0.053,0.006,2399,0
2800925,2.806,9.292,-1.298,0.028,-0.04,0.016,2399,0
2800945,2.818,9.278,-1.283,0.041,-0.046,0.009,2399,0
2800965,2.828,9.249,-1.295,0.042,-0.046,0.002,2399,0
2800985,2.847,9.335,-1.24,0.074,-0.052,-0.007,2398,0
2801005,2.83,9.321,-1.245,0.046,-0.045,-0.007,2398,0
2801025,2.868,9.292,-1.223,0.044,-0.049,-0.01,2398,0
2801045,2.863,9.266,-1.238,0.037,-0.035,-0.009,2399,0
2801065,2.892,9.352,-1.238,0.067,-0.044,-0.007,2398,0
2801085,2.847,9.443,-1.168,0.052,-0.039,-0.006,2398,0
2801105,2.832,9.44,-1.199,0.038,-0.047,0.011,2400,0
2801125,2.837,9.407,-1.226,0.007,-0.04,0.011,2399,0
2801145,2.851,9.38,-1.223,0.015,-0.051,0.012,2400,0
2801165,2.866,9.366,-1.195,0.034,-0.053,0.011,2398,0
2801185,2.868,9.373,-1.255,0.056,-0.053,0.006,2398,0
2801205,2.892,9.44,-1.24,0.046,-0.046,0.01,2399,0
2801225,2.849,9.424,-1.247,0.011,-0.047,0.017,2398,0
2801245,2.863,9.333,-1.235,-0.01,-0.047,0.025,2399,0
2801265,2.89,9.232,-1.235,0.003,-0.051,0.019,2402,0
2801285,2.868,9.242,-1.252,0.027,-0.053,0.013,2400,0
2801305,2.892,9.28,-1.293,0.037,-0.055,0.008,2399,0
2801325,2.89,9.254,-1.322,0.022,-0.049,0.005,2398,0
2801345,2.911,9.251,-1.331,0.026,-0.041,0.005,2399,0
2801365,2.921,9.256,-1.286,0.022,-0.035,0.006,2399,0
2801385,2.931,9.234,-1.259,0.046,-0.035,0.004,2400,0
2801405,2.902,9.282,-1.238,0.055,-0.035,0.002,2400,0
2801425,2.871,9.361,-1.25,0.051,-0.039,0.005,2398,0
2801445,2.873,9.357,-1.276,0.042,-0.05,0.018,2399,0
2801465,2.887,9.321,-1.283,0.041,-0.048,0.019,2399,0
2801485,2.911,9.275,-1.329,0.053,-0.041,0.017,2398,0
2801505,2.923,9.251,-1.336,0.059,-0.036,0.009,2399,0
2801525,2.914,9.328,-1.305,0.053,-0.022,-0.008,2396,0
2801545,2.897,9.388,-1.24,0.052,-0.018,-0.002,2399,0
2801565,2.875,9.424,-1.178,0.048,-0.017,0.011,2398,0
2801585,2.904,9.402,-1.12,0.045,-0.026,0.016,2400,0
2801605,2.885,9.297,-1.144,0.027,-0.038,0.019,2400,0
2801625,2.902,9.321,-1.195,0.031,-0.046,0.025,2399,0
2801645,2.916,9.285,-1.216,0.037,-0.046,0.023,2400,0
2801665,2.919,9.294,-1.281,0.044,-0.033,0.007,2400,0
2801685,2.916,9.376,-1.221,0.047,-0.042,0.005,2399,0
2801705,2.919,9.323,-1.207,0.044,-0.031,0.008,2398,0
2801725,2.926,9.33,-1.13,0.043,-0.037,0.02,2399,0
2801745,2.933,9.323,-1.111,0.031,-0.039,0.02,2399,0
2801765,2.957,9.28,-1.166,0.025,-0.055,0.031,2399,0
2801785,2.976,9.251,-1.219,0.035,-0.054,0.031,2399,0
2801805,2.947,9.263,-1.252,0.038,-0.054,0.019,2399,0
2801825,2.95,9.261,-1.29,0.028,-0.056,0.022,2399,0
2801845,2.966,9.244,-1.36,0.027,-0.045,0.018,2399,0
2801865,2.969,9.239,-1.312,0.036,-0.035,0.011,2399,0
2801885,3.01,9.268,-1.295,0.037,-0.03,0.009,2400,0
2801905,2.981,9.273,-1.267,0.037,-0.023,0.003,2398,0
2801925,2.933,9.335,-1.288,0.029,-0.023,-0.0,2399,0
2801945,2.911,9.402,-1.319,0.039,-0.026,0.004,2398,0
2801965,2.897,9.414,-1.298,0.047,-0.019,0.014,2399,0
2801985,2.904,9.361,-1.264,0.048,-0.021,0.03,2399,0
2802005,2.921,9.294,-1.18,0.038,-0.022,0.034,2398,0
2802025,2.911,9.21,-1.178,0.038,-0.038,0.034,2398,0
2802045,2.962,9.234,-1.223,0.071,-0.049,0.042,2399,0
2802065,2.998,9.311,-1.231,0.117,-0.049,0.042,2399,0
2802085,2.954,9.448,-1.331,0.124,-0.044,0.059,2399,0
2802105,2.964,9.498,-1.211,0.114,-0.042,0.073,2399,0
2802125,2.998,9.404,-1.209,0.081,-0.038,0.08,2400,0
2802145,3.086,9.249,-1.171,0.079,-0.038,0.085,2399,0
2802165,3.168,9.163,-1.199,0.063,-0.036,0.078,2398,0
2802185,3.189,9.115,-1.211,0.027,-0.033,0.064,2397,0
2802205,3.215,9.139,-1.231,0.008,-0.032,0.038,2399,0
2802225,3.16,9.206,-1.247,0.016,-0.035,0.025,2398,0
2802245,3.122,9.239,-1.302,0.032,-0.039,0.019,2399,0
2802265,3.105,9.275,-1.317,0.022,-0.039,0.022,2398,0
2802285,3.144,9.237,-1.341,0.007,-0.035,0.024,2400,0
2802305,3.098,9.179,-1.259,-0.01,-0.033,0.021,2399,0
2802325,3.062,9.199,-1.247,0.024,-0.047,0.03,2399,0
2802345,3.048,9.254,-1.255,0.068,-0.053,0.033,2400,0
2802365,3.014,9.306,-1.295,0.08,-0.056,0.037,2400,0
2802385,3.048,9.194,-1.286,0.053,-0.061,0.046,2399,0
2802405,3.089,9.148,-1.235,0.034,-0.056,0.034,2398,0
2802425,3.077,9.227,-1.204,0.042,-0.059,0.027,2399,0
2802445,3.117,9.28,-1.202,0.072,-0.076,0.035,2400,0
2802465,3.17,9.203,-1.159,0.077,-0.069,0.033,2399,0
2802485,3.22,9.112,-1.235,0.025,-0.072,0.019,2399,0
2802505,3.244,9.033,-1.255,-0.017,-0.076,0.001,2398,0
2802525,3.218,9.06,-1.331,-0.005,-0.064,-0.021,2397,0
2802545,3.199,9.127,-1.317,0.03,-0.057,-0.025,2398,0
2802565,3.163,9.22,-1.322,0.033,-0.04,-0.027,2399,0
2802585,3.122,9.196,-1.358,0.007,-0.037,-0.012,2400,0
2802605,3.144,9.222,-1.3,0.013,-0.04,-0.007,2398,0
2802625,3.129,9.213,-1.314,0.025,-0.04,-0.009,2399,0
2802645,3.139,9.189,-1.257,0.05,-0.049,-0.003,2399,0
2802665,3.139,9.139,-1.231,0.054,-0.054,0.006,2398,0
2802685,3.163,9.163,-1.24,0.062,-0.062,0.005,2399,0
2802705,3.156,9.242,-1.264,0.084,-0.07,0.006,2398,0
2802725,3.081,9.325,-1.271,0.095,-0.068,0.016,2398,0
2802745,3.093,9.313,-1.252,0.085,-0.081,0.022,2398,0
2802765,3.144,9.246,-1.286,0.048,-0.075,0.009,2398,0
2802785,3.179,9.23,-1.276,0.045,-0.08,0.003,2399,0
2802805,3.187,9.208,-1.322,0.047,-0.071,-0.003,2398,0
2802825,3.211,9.227,-1.348,0.055,-0.072,-0.011,2398,0
2802845,3.211,9.29,-1.365,0.036,-0.058,-0.018,2400,0
2802865,3.201,9.306,-1.367,0.017,-0.046,-0.014,2398,0
2802885,3.163,9.333,-1.346,0.005,-0.036,-0.008,2399,0
2802905,3.156,9.244,-1.341,0.007,-0.037,0.0,2399,0
2802925,3.191,9.196,-1.259,0.017,-0.037,0.008,2398,0
2802945,3.194,9.155,-1.24,0.029,-0.044,0.013,2399,0
2802965,3.189,9.134,-1.271,0.021,-0.05,0.011,2399,0
2802985,3.165,9.108,-1.322,0.013,-0.058,0.002,2401,0
2803005,3.117,9.189,-1.369,0.028,-0.062,0.001,2398,0
2803025,3.103,9.244,-1.372,0.051,-0.062,0.002,2399,0
2803045,3.103,9.28,-1.372,0.067,-0.056,0.008,2398,0
2803065,3.117,9.294,-1.374,0.062,-0.049,0.014,2399,0
2803085,3.163,9.22,-1.3,0.052,-0.048,0.02,2399,0
2803105,3.211,9.175,-1.281,0.063,-0.046,0.023,2399,0
2803125,3.213,9.143,-1.238,0.074,-0.045,0.016,2400,0
2803145,3.211,9.208,-1.211,0.078,-0.05,0.012,2399,0
2803165,3.175,9.263,-1.283,0.06,-0.056,0.012,2400,0
2803185,3.196,9.306,-1.288,0.054,-0.06,0.021,2397,0
2803205,3.242,9.304,-1.329,0.044,-0.065,0.023,2399,0
2803225,3.254,9.23,-1.36,0.043,-0.069,0.021,2398,0
2803245,3.247,9.187,-1.348,0.041,-0.066,0.022,2400,0
2803265,3.237,9.191,-1.405,0.045,-0.056,0.022,2399,0
2803285,3.194,9.261,-1.379,0.041,-0.055,0.026,2400,0
2803305,3.182,9.285,-1.346,0.052,-0.057,0.04,2399,0
2803325,3.211,9.155,-1.269,0.039,-0.06,0.046,2400,0
2803345,3.206,9.009,-1.293,0.023,-0.066,0.031,2402,0
2803365,3.223,9.041,-1.314,0.026,-0.081,0.018,2399,0
2803385,3.139,9.191,-1.434,0.058,-0.072,0.009,2400,0
2803405,3.112,9.373,-1.448,0.081,-0.074,0.013,2399,0
2803425,3.091,9.51,-1.446,0.072,-0.067,0.014,2399,0
2803445,3.031,9.529,-1.408,0.025,-0.063,0.029,2399,0
2803465,3.024,9.445,-1.36,0.007,-0.071,0.047,2400,0
2803485,3.108,9.266,-1.276,0.012,-0.079,0.043,2399,0
2803505,3.218,9.165,-1.178,0.028,-0.09,0.034,2399,0
2803525,3.287,9.124,-1.164,0.015,-0.098,0.022,2400,0
2803545,3.359,9.002,-1.19,-0.032,-0.107,0.008,2398,0
2803565,3.359,8.983,-1.238,-0.052,-0.106,-0.007,2399,0
2803585,3.359,8.978,-1.279,-0.051,-0.108,-0.014,2399,0
2803605,3.345,9.017,-1.415,-0.035,-0.107,-0.018,2398,0
2803625,3.321,9.024,-1.494,-0.032,-0.096,-0.023,2397,0
2803645,3.268,9.093,-1.551,-0.024,-0.087,-0.014,2398,0
2803665,3.223,9.124,-1.614,0.003,-0.064,-0.006,2399,0
2803685,3.218,9.129,-1.595,0.051,-0.059,0.005,2400,0
2803705,3.249,9.127,-1.475,0.078,-0.041,0.003,2398,0
2803725,3.282,9.084,-1.41,0.073,-0.033,0.003,2398,0
2803745,3.335,9.036,-1.271,0.056,-0.022,-0.006,2400,0
2803765,3.357,9.017,-1.276,0.051,-0.016,-0.013,2399,0
2803785,3.347,9.081,-1.262,0.069,-0.009,-0.017,2398,0
2803805,3.29,9.167,-1.283,0.062,-0.007,-0.028,2400,0
2803825,3.232,9.222,-1.324,0.062,-0.017,-0.029,2400,0
2803845,3.172,9.287,-1.391,0.05,-0.017,-0.023,2399,0
2803865,3.151,9.388,-1.437,0.079,-0.022,-0.005,2401,0
2803885,3.151,9.457,-1.451,0.076,-0.01,0.005,2398,0
2803905,3.203,9.345,-1.358,0.06,-0.015,0.012,2399,0
2803925,3.261,9.237,-1.305,0.039,-0.004,0.007,2399,0
2803945,3.273,9.175,-1.202,0.039,-0.012,0.004,2399,0
2803965,3.282,9.148,-1.149,0.06,-0.023,0.012,2399,0
2803985,3.244,9.163,-1.178,0.047,-0.03,0.004,2400,0
2804005,3.244,9.184,-1.204,0.023,-0.039,0.005,2399,0
2804025,3.191,9.122,-1.264,0.0,-0.044,0.01,2400,0
2804045,3.117,9.062,-1.35,0.023,-0.054,0.015,2400,0
2804065,3.129,9.158,-1.413,0.064,-0.053,0.017,2399,0
2804085,3.103,9.246,-1.475,0.081,-0.045,0.006,2399,0
2804105,3.117,9.273,-1.482,0.07,-0.041,-0.003,2400,0
2804125,3.168,9.227,-1.355,0.04,-0.033,-0.014,2400,0
2804145,3.148,9.232,-1.247,0.029,-0.04,-0.022,2399,0
2804165,3.158,9.258,-1.214,0.034,-0.062,-0.019,2400,0
2804185,3.196,9.337,-1.207,0.054,-0.083,-0.007,2399,0
2804205,3.206,9.412,-1.298,0.039,-0.085,0.006,2399,0
2804225,3.282,9.258,-1.341,-0.006,-0.088,0.012,2400,0
2804245,3.33,9.129,-1.353,-0.046,-0.079,0.009,2399,0
2804265,3.349,9.041,-1.403,-0.049,-0.067,0.011,2400,0
2804285,3.378,9.086,-1.403,-0.014,-0.06,0.009,2400,0
2804305,3.364,9.093,-1.429,-0.007,-0.054,0.002,2399,0
2804325,3.359,9.091,-1.429,-0.009,-0.052,-0.014,2398,0
2804345,3.297,9.093,-1.444,-0.018,-0.04,-0.014,2400,0
2804365,3.316,9.112,-1.439,0.005,-0.034,-0.006,2400,0
2804385,3.342,9.1,-1.432,0.038,-0.016,-0.008,2399,0
2804405,3.378,9.076,-1.427,0.054,-0.004,-0.012,2399,0
2804425,3.395,9.088,-1.343,0.059,0.01,-0.027,2398,0
2804445,3.378,9.172,-1.381,0.064,0.028,-0.037,2399,0
2804465,3.309,9.304,-1.398,0.069,0.051,-0.031,2398,0
2804485,3.287,9.349,-1.343,0.049,0.069,-0.022,2400,0
2804505,3.278,9.335,-1.262,0.024,0.09,-0.019,2400,0
2804525,3.266,9.244,-1.255,0.024,0.096,-0.017,2399,0
2804545,3.249,9.251,-1.228,0.04,0.099,-0.02,2399,0
2804565,3.206,9.251,-1.156,0.048,0.093,-0.014,2399,0
2804585,3.141,9.282,-1.144,0.032,0.079,-0.011,2399,0
2804605,3.1,9.254,-1.185,0.016,0.058,-0.002,2399,0
2804625,3.103,9.225,-1.12,0.029,0.041,0.008,2400,0
2804645,3.115,9.155,-1.152,0.047,0.032,0.013,2400,0
2804665,3.153,9.086,-1.051,0.067,0.019,0.012,2398,0
2804685,3.172,9.036,-1.061,0.051,0.004,0.008,2400,0
2804705,3.17,9.057,-1.087,0.044,-0.013,-0.011,2399,0
2804725,3.182,9.151,-1.188,0.048,-0.017,-0.018,2399,0
2804745,3.148,9.246,-1.269,0.068,-0.007,-0.013,2399,0
2804765,3.16,9.258,-1.269,0.064,-0.002,-0.009,2399,0
2804785,3.175,9.215,-1.211,0.044,0.009,-0.017,2399,0
2804805,3.208,9.088,-1.137,0.029,0.002,-0.018,2399,0
2804825,3.23,9.088,-1.034,0.047,0.0,-0.031,2398,0
2804845,3.175,9.153,-1.085,0.046,-0.007,-0.036,2400,0
2804865,3.151,9.246,-1.144,0.04,-0.014,-0.036,2399,0
2804885,3.129,9.246,-1.209,0.025,-0.012,-0.03,2398,0
2804905,3.141,9.234,-1.223,0.041,-0.011,-0.027,2399,0
2804925,3.132,9.244,-1.192,0.058,-0.014,-0.026,2399,0
2804945,3.151,9.237,-1.197,0.065,-0.019,-0.02,2400,0
2804965,3.215,9.244,-1.183,0.07,-0.023,-0.019,2400,0
2804985,3.194,9.249,-1.243,0.054,-0.013,-0.019,2400,0
2805005,3.196,9.23,-1.3,0.057,-0.009,-0.018,2400,0
2805025,3.223,9.189,-1.3,0.048,0.002,-0.028,2399,0
2805045,3.223,9.179,-1.238,0.064,0.004,-0.033,2399,0
2805065,3.242,9.258,-1.152,0.081,0.001,-0.029,2397,0
2805085,3.208,9.361,-1.135,0.082,-0.006,-0.02,2399,0
2805105,3.213,9.357,-1.219,0.071,-0.013,0.001,2399,0
2805125,3.22,9.309,-1.281,0.06,-0.005,0.017,2399,0
2805145,3.206,9.237,-1.276,0.067,0.006,0.021,2399,0
2805165,3.223,9.16,-1.221,0.065,0.01,0.023,2398,0
2805185,3.184,9.234,-1.144,0.085,0.015,0.015,2399,0
2805205,3.074,9.297,-1.144,0.07,0.011,0.023,2400,0
2805225,3.072,9.268,-1.094,0.064,-0.001,0.032,2398,0
2805245,3.086,9.22,-1.113,0.05,-0.012,0.031,2398,0
2805265,3.093,9.148,-1.099,0.058,-0.02,0.02,2398,0
2805285,3.115,9.108,-1.161,0.056,-0.027,0.013,2400,0
2805305,3.108,9.093,-1.132,0.053,-0.031,0.002,2400,0
2805325,3.081,9.11,-1.185,0.046,-0.028,-0.009,2399,0
2805345,3.134,9.1,-1.204,0.027,-0.037,-0.02,2398,0
2805365,3.206,9.067,-1.197,0.034,-0.054,-0.036,2399,0
2805385,3.27,9.12,-1.259,0.047,-0.053,-0.05,2399,0
2805405,3.239,9.261,-1.343,0.076,-0.047,-0.043,2399,0
2805425,3.227,9.428,-1.434,0.083,-0.034,-0.036,2399,0
2805445,3.213,9.522,-1.398,0.075,-0.025,-0.025,2399,0
2805465,3.206,9.498,-1.341,0.05,-0.004,-0.004,2399,0
2805485,3.175,9.409,-1.243,0.037,-0.001,0.021,2399,0
2805505,3.179,9.299,-1.185,0.026,-0.009,0.028,2399,0
2805525,3.179,9.215,-1.19,0.047,-0.017,0.034,2399,0
2805545,3.148,9.232,-1.192,0.059,-0.016,0.038,2400,0
2805565,3.124,9.201,-1.233,0.046,-0.011,0.04,2399,0
2805585,3.12,9.199,-1.25,0.022,-0.015,0.023,2399,0
2805605,3.141,9.184,-1.156,0.024,-0.023,0.005,2399,0
2805625,3.127,9.153,-1.161,0.029,-0.024,-0.002,2399,0
2805645,3.132,9.177,-1.147,0.031,-0.037,-0.005,2399,0
2805665,3.134,9.213,-1.226,0.023,-0.035,0.0,2399,0
2805685,3.127,9.208,-1.123,0.02,-0.04,0.012,2399,0
2805705,3.139,9.163,-1.111,0.003,-0.049,0.002,2399,0
2805725,3.139,9.136,-1.118,-0.005,-0.077,-0.003,2398,0
2805745,3.16,9.155,-1.156,0.024,-0.087,-0.004,2398,0
2805765,3.141,9.177,-1.262,0.048,-0.084,0.007,2399,0
2805785,3.177,9.234,-1.276,0.054,-0.083,0.009,2397,0
2805805,3.215,9.167,-1.293,0.023,-0.078,-0.001,2400,0
2805825,3.282,9.081,-1.269,0.018,-0.079,-0.01,2400,0
2805845,3.266,9.096,-1.326,0.03,-0.066,-0.02,2398,0
2805865,3.218,9.172,-1.336,0.062,-0.061,-0.017,2399,0
2805885,3.227,9.242,-1.343,0.071,-0.046,-0.007,2399,0
2805905,3.225,9.304,-1.355,0.066,-0.034,-0.008,2399,0
2805925,3.218,9.294,-1.31,0.048,-0.035,-0.007,2398,0
2805945,3.225,9.239,-1.336,0.053,-0.034,0.001,2399,0
2805965,3.213,9.275,-1.322,0.067,-0.022,0.006,2400,0
2805985,3.22,9.33,-1.271,0.073,-0.02,0.012,2400,0
2806005,3.235,9.28,-1.154,0.052,-0.017,0.019,2400,0
2806025,3.239,9.172,-1.044,0.039,-0.033,0.011,2400,0
2806045,3.278,9.067,-1.092,0.025,-0.05,0.007,2399,0
2806065,3.23,9.117,-1.164,0.047,-0.056,0.006,2399,0
2806085,3.165,9.251,-1.283,0.048,-0.053,0.001,2399,0
2806105,3.156,9.294,-1.386,0.032,-0.053,0.002,2398,0
2806125,3.182,9.256,-1.35,0.012,-0.035,-0.011,2399,0
2806145,3.206,9.172,-1.334,0.012,-0.034,-0.007,2399,0
2806165,3.239,9.17,-1.221,0.041,-0.026,-0.004,2400,0
2806185,3.237,9.165,-1.185,0.048,-0.021,-0.01,2400,0
2806205,3.254,9.141,-1.199,0.045,-0.029,-0.009,2397,0
2806225,3.201,9.163,-1.171,0.029,-0.028,-0.011,2398,0
2806245,3.141,9.23,-1.19,0.025,-0.04,-0.008,2398,0
2806265,3.134,9.23,-1.216,0.034,-0.059,-0.0,2398,0
2806285,3.158,9.227,-1.271,0.06,-0.059,-0.001,2399,0
2806305,3.239,9.196,-1.228,0.06,-0.062,-0.002,2399,0
2806325,3.259,9.11,-1.252,0.029,-0.054,-0.012,2398,0
2806345,3.22,9.165,-1.305,0.034,-0.045,-0.013,2398,0
2806365,3.196,9.304,-1.362,0.048,-0.027,-0.01,2399,0
2806385,3.182,9.318,-1.295,0.044,-0.018,-0.013,2399,0
2806405,3.184,9.285,-1.156,0.026,-0.025,-0.01,2398,0
2806425,3.168,9.246,-1.109,0.021,-0.033,0.001,2399,0
2806445,3.108,9.239,-1.173,0.049,-0.049,0.012,2398,0
2806465,3.057,9.28,-1.235,0.064,-0.058,0.024,2399,0
2806485,3.1,9.275,-1.24,0.062,-0.071,0.029,2399,0
2806505,3.179,9.155,-1.243,0.044,-0.056,0.018,2398,0
2806525,3.223,9.139,-1.223,0.034,-0.05,0.002,2399,0
2806545,3.239,9.079,-1.219,0.015,-0.039,-0.018,2398,0
2806565,3.239,9.093,-1.247,0.011,-0.032,-0.029,2399,0
2806585,3.215,9.165,-1.199,0.025,-0.022,-0.034,2400,0
2806605,3.168,9.287,-1.228,0.034,-0.016,-0.031,2401,0
2806625,3.139,9.333,-1.152,0.035,-0.03,-0.014,2399,0
2806645,3.141,9.249,-1.132,0.015,-0.045,-0.003,2399,0
2806665,3.158,9.246,-1.132,0.028,-0.07,0.001,2400,0
2806685,3.168,9.313,-1.161,0.052,-0.086,0.009,2399,0
2806705,3.139,9.361,-1.221,0.071,-0.094,0.026,2398,0
2806725,3.163,9.371,-1.235,0.068,-0.092,0.028,2400,0
2806745,3.172,9.256,-1.231,0.025,-0.085,0.035,2399,0
2806765,3.206,9.129,-1.199,0.014,-0.081,0.04,2400,0
2806785,3.232,9.057,-1.178,0.002,-0.08,0.031,2398,0
2806805,3.218,9.072,-1.214,0.019,-0.087,0.02,2399,0
2806825,3.168,9.122,-1.326,0.026,-0.091,0.009,2400,0
2806845,3.105,9.203,-1.42,0.054,-0.091,0.012,2399,0
2806865,3.072,9.316,-1.453,0.056,-0.078,0.006,2399,0
2806885,3.115,9.239,-1.439,0.049,-0.074,0.007,2399,0
2806905,3.218,9.155,-1.334,0.06,-0.062,0.009,2399,0
2806925,3.256,9.153,-1.214,0.072,-0.049,-0.003,2400,0
2806945,3.316,9.17,-1.173,0.059,-0.049,-0.011,2399,0
2806965,3.364,9.175,-1.106,0.028,-0.049,-0.022,2399,0
2806985,3.304,9.199,-1.113,0.017,-0.048,-0.015,2399,0
2807005,3.235,9.297,-1.152,0.019,-0.056,-0.008,2398,0
2807025,3.151,9.342,-1.202,0.013,-0.078,0.01,2397,0
2807045,3.134,9.337,-1.279,0.021,-0.092,0.033,2397,0
2807065,3.141,9.369,-1.35,0.035,-0.096,0.038,2398,0
2807085,3.151,9.292,-1.372,0.037,-0.102,0.048,2398,0
2807105,3.237,9.153,-1.389,0.046,-0.098,0.052,2398,0
2807125,3.304,9.064,-1.329,0.048,-0.074,0.034,2398,0
2807145,3.287,8.995,-1.269,0.037,-0.069,0.022,2399,0
2807165,3.349,8.981,-1.197,0.033,-0.055,0.003,2399,0
2807185,3.34,8.983,-1.276,0.009,-0.048,-0.017,2399,0
2807205,3.266,9.069,-1.312,-0.005,-0.043,-0.037,2400,0
2807225,3.223,9.21,-1.379,0.005,-0.043,-0.042,2399,0
2807245,3.163,9.29,-1.422,0.037,-0.039,-0.025,2399,0
2807265,3.146,9.421,-1.401,0.059,-0.038,-0.003,2398,0
2807285,3.187,9.376,-1.369,0.057,-0.042,0.014,2398,0
2807305,3.203,9.175,-1.279,0.049,-0.047,0.024,2399,0
2807325,3.273,9.076,-1.204,0.069,-0.055,0.025,2399,0
2807345,3.273,9.105,-1.152,0.088,-0.058,0.019,2398,0
2807365,3.254,9.143,-1.231,0.083,-0.059,0.015,2400,0
2807385,3.275,9.148,-1.231,0.043,-0.054,-0.003,2399,0
2807405,3.239,9.172,-1.231,0.012,-0.044,-0.012,2400,0
2807425,3.194,9.153,-1.209,0.01,-0.044,-0.016,2399,0
2807445,3.148,9.167,-1.154,0.029,-0.05,-0.021,2401,0
2807465,3.062,9.191,-1.211,0.022,-0.064,-0.006,2400,0
2807485,3.093,9.282,-1.255,0.046,-0.087,0.002,2399,0
2807505,3.153,9.297,-1.322,0.044,-0.084,-0.002,2400,0
2807525,3.187,9.213,-1.336,0.052,-0.085,-0.006,2398,0
2807545,3.239,9.158,-1.336,0.038,-0.074,-0.012,2399,0
2807565,3.244,9.208,-1.274,0.041,-0.065,-0.02,2399,0
2807585,3.232,9.184,-1.305,0.022,-0.07,-0.015,2399,0
2807605,3.22,9.244,-1.223,0.029,-0.07,-0.009,2399,0
2807625,3.218,9.258,-1.283,0.023,-0.083,0.002,2399,0
2807645,3.213,9.222,-1.31,0.025,-0.083,0.001,2399,0
2807665,3.249,9.122,-1.367,0.008,-0.082,-0.004,2399,0
2807685,3.247,9.12,-1.453,0.021,-0.07,-0.008,2400,0
2807705,3.225,9.206,-1.513,0.046,-0.049,-0.013,2399,0
2807725,3.244,9.232,-1.463,0.055,-0.041,-0.007,2400,0
2807745,3.278,9.203,-1.326,0.047,-0.027,-0.023,2399,0
2807765,3.268,9.187,-1.269,0.028,-0.034,-0.028,2397,0
2807785,3.273,9.115,-1.245,0.027,-0.039,-0.021,2400,0
2807805,3.261,9.129,-1.276,0.058,-0.033,-0.012,2398,0
2807825,3.189,9.16,-1.319,0.05,-0.031,-0.004,2398,0
2807845,3.156,9.124,-1.322,0.05,-0.039,-0.007,2398,0
2807865,3.148,9.007,-1.398,0.048,-0.039,-0.007,2399,0
2807885,3.184,9.067,-1.362,0.092,-0.044,-0.017,2400,0
2807905,3.196,9.062,-1.355,0.097,-0.048,-0.02,2400,0
2807925,3.211,9.134,-1.374,0.094,-0.043,-0.032,2399,0
2807945,3.177,9.246,-1.425,0.068,-0.037,-0.044,2398,0
2807965,3.163,9.361,-1.451,0.068,-0.028,-0.05,2399,0
2807985,3.189,9.388,-1.403,0.083,-0.015,-0.04,2399,0
2808005,3.218,9.409,-1.288,0.066,-0.004,-0.033,2400,0
2808025,3.244,9.333,-1.25,0.041,-0.009,-0.015,2400,0
2808045,3.259,9.318,-1.238,0.02,-0.015,-0.011,2399,0
2808065,3.184,9.34,-1.29,0.03,-0.026,-0.003,2398,0
2808085,3.168,9.392,-1.346,0.042,-0.031,0.012,2399,0
2808105,3.132,9.335,-1.393,0.037,-0.024,0.024,2399,0
2808125,3.129,9.287,-1.405,0.036,-0.023,0.032,2400,0
2808145,3.16,9.234,-1.35,0.038,-0.022,0.033,2400,0
2808165,3.175,9.127,-1.329,0.041,-0.021,0.031,2399,0
2808185,3.168,9.11,-1.36,0.033,-0.013,0.011,2398,0
2808205,3.179,9.115,-1.367,0.022,-0.008,0.0,2399,0
2808225,3.168,9.196,-1.279,0.027,-0.001,-0.005,2398,0
2808245,3.108,9.23,-1.226,0.035,0.0,0.0,2398,0
2808265,3.069,9.201,-1.199,0.035,-0.015,0.013,2401,0
2808285,3.096,9.21,-1.185,0.038,-0.034,0.01,2400,0
2808305,3.117,9.167,-1.286,0.036,-0.052,0.004,2400,0
2808325,3.182,9.182,-1.319,0.05,-0.058,-0.006,2398,0
2808345,3.194,9.222,-1.389,0.043,-0.043,-0.01,2400,0
2808365,3.165,9.244,-1.358,0.026,-0.029,-0.007,2400,0
2808385,3.144,9.206,-1.338,0.011,-0.024,-0.009,2400,0
2808405,3.129,9.184,-1.267,0.023,-0.03,-0.011,2398,0
2808425,3.144,9.153,-1.228,0.052,-0.042,-0.002,2400,0
2808445,3.153,9.194,-1.274,0.058,-0.049,0.007,2399,0
2808465,3.168,9.199,-1.307,0.048,-0.054,0.002,2399,0
2808485,3.177,9.16,-1.372,0.033,-0.056,-0.002,2400,0
2808505,3.156,9.146,-1.372,0.039,-0.054,-0.006,2399,0
2808525,3.156,9.16,-1.346,0.052,-0.052,-0.01,2400,0
2808545,3.141,9.17,-1.348,0.056,-0.046,-0.017,2399,0
2808565,3.146,9.17,-1.334,0.056,-0.048,-0.014,2400,0
2808585,3.187,9.163,-1.322,0.045,-0.042,-0.013,2398,0
2808605,3.16,9.201,-1.348,0.048,-0.036,-0.019,2399,0
2808625,3.163,9.242,-1.3,0.05,-0.041,-0.018,2399,0
2808645,3.151,9.266,-1.331,0.051,-0.037,-0.019,2399,0
2808665,3.139,9.28,-1.353,0.047,-0.046,-0.016,2400,0
2808685,3.177,9.275,-1.341,0.05,-0.044,-0.016,2399,0
2808705,3.211,9.316,-1.353,0.059,-0.042,-0.015,2401,0
2808725,3.175,9.306,-1.369,0.041,-0.036,-0.011,2399,0
2808745,3.151,9.325,-1.358,0.046,-0.038,-0.006,2400,0
2808765,3.089,9.318,-1.312,0.043,-0.036,0.01,2398,0
2808785,3.146,9.266,-1.329,0.053,-0.049,0.021,2400,0
2808805,3.175,9.213,-1.348,0.024,-0.043,0.006,2399,0
2808825,3.215,9.136,-1.317,0.023,-0.042,-0.003,2400,0
2808845,3.196,9.134,-1.355,0.018,-0.023,-0.011,2399,0
2808865,3.146,9.201,-1.329,0.022,-0.017,-0.01,2399,0
2808885,3.139,9.27,-1.35,0.015,-0.016,-0.01,2400,0
2808905,3.108,9.237,-1.274,0.001,-0.028,-0.005,2399,0
2808925,3.127,9.203,-1.286,0.02,-0.04,0.01,2399,0
2808945,3.16,9.244,-1.365,0.047,-0.048,0.017,2400,0
2808965,3.115,9.268,-1.35,0.064,-0.059,0.026,2398,0
2808985,3.12,9.294,-1.46,0.075,-0.064,0.031,2400,0
2809005,3.086,9.333,-1.456,0.068,-0.056,0.032,2399,0
2809025,3.069,9.263,-1.422,0.066,-0.045,0.039,2398,0
2809045,3.12,9.139,-1.377,0.051,-0.033,0.029,2399,0
2809065,3.098,9.052,-1.444,0.046,-0.016,0.013,2398,0
2809085,3.156,9.041,-1.489,0.047,0.013,0.006,2398,0
2809105,3.227,9.012,-1.358,0.043,0.028,-0.002,2398,0
2809125,3.215,9.05,-1.192,0.037,0.031,-0.025,2398,0
2809145,3.148,9.199,-1.111,0.044,-0.003,-0.027,2399,0
2809165,3.122,9.304,-1.12,0.08,-0.034,-0.009,2399,0
2809185,3.1,9.395,-1.195,0.098,-0.066,0.007,2398,0
2809205,3.132,9.462,-1.329,0.1,-0.087,0.023,2398,0
2809225,3.189,9.409,-1.393,0.072,-0.09,0.028,2399,0
2809245,3.259,9.311,-1.372,0.051,-0.081,0.031,2398,0
2809265,3.292,9.234,-1.331,0.038,-0.06,0.027,2399,0
2809285,3.278,9.187,-1.365,0.032,-0.045,0.029,2399,0
2809305,3.285,9.175,-1.314,0.008,-0.031,0.013,2398,0
2809325,3.28,9.124,-1.338,-0.035,-0.032,-0.001,2399,0
2809345,3.28,9.112,-1.319,-0.03,-0.025,-0.007,2399,0
2809365,3.203,9.122,-1.384,-0.014,-0.022,-0.002,2400,0
2809385,3.127,9.203,-1.434,0.015,-0.024,0.011,2399,0
2809405,3.12,9.242,-1.472,0.032,-0.027,0.022,2399,0
2809425,3.112,9.191,-1.482,0.048,-0.024,0.027,2399,0
2809445,3.124,9.194,-1.417,0.066,-0.032,0.025,2400,0
2809465,3.156,9.201,-1.381,0.071,-0.042,0.029,2400,0
2809485,3.184,9.249,-1.298,0.094,-0.046,0.038,2399,0
2809505,3.211,9.222,-1.35,0.09,-0.047,0.038,2399,0
2809525,3.275,9.158,-1.314,0.07,-0.041,0.023,2398,0
2809545,3.33,9.05,-1.302,0.043,-0.032,0.007,2399,0
2809565,3.352,9.0,-1.235,0.018,-0.021,-0.005,2400,0
2809585,3.302,9.007,-1.216,0.014,-0.021,-0.019,2399,0
2809605,3.249,9.067,-1.271,0.006,-0.029,-0.021,2399,0
2809625,3.189,9.194,-1.355,0.022,-0.035,-0.016,2399,0
2809645,3.122,9.316,-1.408,0.033,-0.037,-0.009,2400,0
2809665,3.086,9.34,-1.391,0.045,-0.052,0.006,2400,0
2809685,3.124,9.294,-1.353,0.068,-0.067,0.023,2397,0
2809705,3.201,9.263,-1.362,0.095,-0.08,0.029,2400,0
2809725,3.278,9.199,-1.307,0.091,-0.079,0.021,2399,0
2809745,3.349,9.098,-1.279,0.059,-0.07,0.002,2399,0
2809765,3.412,9.081,-1.298,0.029,-0.055,-0.021,2398,0
2809785,3.381,9.124,-1.338,0.017,-0.038,-0.034,2399,0
2809805,3.33,9.129,-1.319,0.017,-0.02,-0.023,2400,0
2809825,3.297,9.17,-1.329,0.01,-0.021,-0.01,2399,0
2809845,3.275,9.268,-1.324,0.001,-0.035,-0.014,2399,0
2809865,3.223,9.244,-1.369,-0.012,-0.062,-0.009,2399,0
2809885,3.168,9.263,-1.437,0.029,-0.063,-0.002,2398,0
2809905,3.148,9.318,-1.516,0.062,-0.06,0.019,2398,0
2809925,3.194,9.266,-1.42,0.077,-0.054,0.038,2399,0
2809945,3.22,9.17,-1.415,0.037,-0.048,0.033,2398,0
2809965,3.232,9.122,-1.379,0.025,-0.042,0.023,2400,0
2809985,3.294,9.007,-1.389,0.019,-0.032,0.012,2399,0
2810005,3.338,8.88,-1.401,0.026,-0.013,0.007,2398,0
2810025,3.366,8.945,-1.326,0.039,0.005,-0.019,2398,0
2810045,3.278,9.033,-1.338,0.023,0.008,-0.048,2400,0
2810065,3.237,9.108,-1.324,0.035,-0.004,-0.057,2400,0
2810085,3.191,9.213,-1.341,0.039,-0.011,-0.056,2399,0
2810105,3.153,9.325,-1.401,0.059,-0.014,-0.035,2398,0
2810125,3.156,9.412,-1.42,0.072,-0.016,-0.015,2399,0
2810145,3.146,9.39,-1.405,0.082,-0.022,0.001,2399,0
2810165,3.215,9.311,-1.302,0.071,-0.024,0.009,2399,0
2810185,3.27,9.153,-1.259,0.048,-0.031,0.007,2399,0
2810205,3.29,9.067,-1.24,0.038,-0.027,-0.009,2398,0
2810225,3.28,9.117,-1.288,0.037,-0.025,-0.019,2400,0
2810245,3.256,9.201,-1.331,0.038,-0.011,-0.029,2398,0
2810265,3.213,9.242,-1.377,0.026,-0.007,-0.034,2399,0
2810285,3.177,9.278,-1.401,0.015,0.002,-0.036,2399,0
2810305,3.141,9.225,-1.369,0.028,0.005,-0.026,2398,0
2810325,3.163,9.155,-1.358,0.06,-0.002,-0.026,2398,0
2810345,3.156,9.131,-1.365,0.088,0.001,-0.034,2399,0
2810365,3.129,9.266,-1.437,0.092,-0.019,-0.025,2399,0
2810385,3.189,9.263,-1.367,0.07,-0.037,-0.025,2398,0
2810405,3.225,9.134,-1.35,0.058,-0.022,-0.028,2400,0
2810425,3.239,9.153,-1.346,0.049,-0.002,-0.029,2399,0
2810445,3.225,9.127,-1.317,0.021,0.0,-0.022,2399,0
2810465,3.215,9.098,-1.324,0.018,0.009,-0.015,2400,0
2810485,3.206,9.206,-1.314,0.037,0.017,-0.019,2399,0
2810505,3.12,9.304,-1.341,0.034,0.01,-0.018,2397,0
2810525,3.115,9.34,-1.379,0.047,-0.006,0.001,2398,0
2810545,3.093,9.299,-1.374,0.053,-0.001,0.018,2399,0
2810565,3.081,9.301,-1.403,0.08,-0.021,0.03,2399,0
2810585,3.105,9.246,-1.355,0.086,-0.027,0.029,2399,0
2810605,3.089,9.306,-1.343,0.121,-0.025,0.02,2398,0
2810625,3.093,9.34,-1.302,0.099,-0.023,0.022,2399,0
2810645,3.134,9.268,-1.164,0.071,-0.03,0.028,2398,0
2810665,3.213,9.1,-1.113,0.039,-0.037,0.035,2400,0
2810685,3.249,9.069,-1.147,0.031,-0.032,0.014,2399,0
2810705,3.244,9.029,-1.209,0.022,-0.037,0.003,2398,0
2810725,3.213,9.062,-1.235,0.021,-0.034,-0.009,2399,0
2810745,3.146,9.115,-1.3,0.01,-0.039,-0.012,2399,0
2810765,3.089,9.218,-1.384,0.036,-0.058,-0.001,2399,0
2810785,3.048,9.397,-1.477,0.075,-0.056,0.014,2399,0
2810805,3.06,9.402,-1.463,0.08,-0.063,0.024,2399,0
2810825,3.146,9.266,-1.398,0.069,-0.071,0.02,2399,0
2810845,3.165,9.182,-1.279,0.056,-0.075,0.017,2399,0
2810865,3.208,9.227,-1.259,0.08,-0.09,0.014,2398,0
2810885,3.268,9.254,-1.216,0.075,-0.099,0.011,2399,0
2810905,3.345,9.179,-1.295,0.042,-0.092,-0.001,2398,0
2810925,3.318,9.143,-1.355,-0.025,-0.072,-0.008,2399,0
2810945,3.302,9.074,-1.346,-0.051,-0.059,0.001,2398,0
2810965,3.227,9.129,-1.408,-0.02,-0.056,-0.004,2398,0
2810985,3.146,9.268,-1.477,0.014,-0.065,0.003,2399,0
2811005,3.158,9.352,-1.537,0.043,-0.074,0.028,2398,0
2811025,3.172,9.39,-1.542,0.06,-0.065,0.052,2401,0
2811045,3.191,9.323,-1.525,0.042,-0.075,0.066,2401,0
2811065,3.254,9.246,-1.475,0.046,-0.08,0.057,2400,0
2811085,3.259,9.254,-1.444,0.058,-0.087,0.046,2400,0
2811105,3.299,9.158,-1.403,0.049,-0.081,0.04,2399,0
2811125,3.321,9.108,-1.46,0.029,-0.062,0.035,2399,0
2811145,3.306,9.103,-1.434,0.006,-0.039,0.034,2400,0
2811165,3.333,9.036,-1.425,-0.018,-0.02,0.027,2400,0
2811185,3.335,8.959,-1.401,-0.011,-0.009,0.011,2399,0
2811205,3.311,9.0,-1.362,-0.001,-0.009,-0.004,2399,0
2811225,3.259,9.041,-1.353,-0.002,-0.022,-0.008,2399,0
2811245,3.251,9.043,-1.393,0.021,-0.037,-0.005,2398,0
2811265,3.244,9.151,-1.472,0.062,-0.033,-0.01,2399,0
2811285,3.196,9.232,-1.48,0.084,-0.044,-0.006,2398,0
2811305,3.232,9.208,-1.456,0.087,-0.043,0.002,2399,0
2811325,3.263,9.146,-1.427,0.064,-0.033,-0.014,2399,0
2811345,3.328,9.086,-1.384,0.052,-0.037,-0.021,2399,0
2811365,3.371,9.069,-1.341,0.063,-0.025,-0.031,2399,0
2811385,3.381,9.098,-1.324,0.066,-0.009,-0.043,2398,0
2811405,3.364,9.155,-1.367,0.046,0.005,-0.05,2400,0
2811425,3.328,9.16,-1.389,0.005,0.016,-0.04,2398,0
2811445,3.29,9.201,-1.401,0.003,0.025,-0.033,2400,0
2811465,3.249,9.199,-1.42,0.019,0.019,-0.03,2400,0
2811485,3.218,9.225,-1.372,0.062,0.011,-0.032,2401,0
2811505,3.168,9.27,-1.408,0.072,0.005,-0.023,2400,0
2811525,3.11,9.359,-1.405,0.079,-0.007,-0.011,2400,0
2811545,3.187,9.321,-1.401,0.073,-0.012,0.003,2399,0
2811565,3.259,9.184,-1.377,0.073,-0.012,0.011,2400,0
2811585,3.33,9.129,-1.374,0.081,-0.004,0.001,2399,0
2811605,3.349,9.088,-1.298,0.051,0.002,-0.012,2398,0
2811625,3.314,9.057,-1.302,0.028,0.009,-0.022,2399,0
2811645,3.249,9.112,-1.326,0.023,0.009,-0.022,2399,0
2811665,3.218,9.143,-1.374,0.041,0.012,-0.017,2399,0
2811685,3.189,9.131,-1.379,0.044,0.011,-0.011,2399,0
2811705,3.132,9.146,-1.341,0.042,0.011,-0.015,2400,0
2811725,3.081,9.266,-1.396,0.045,-0.006,-0.019,2399,0
2811745,3.12,9.263,-1.439,0.07,-0.016,-0.008,2400,0
2811765,3.206,9.21,-1.475,0.102,-0.001,-0.008,2399,0
2811785,3.196,9.237,-1.432,0.092,0.02,-0.012,2399,0
2811805,3.199,9.225,-1.331,0.069,0.026,-0.022,2400,0
2811825,3.27,9.117,-1.271,0.042,0.014,-0.028,2399,0
2811845,3.309,9.131,-1.164,0.054,0.009,-0.042,2399,0
2811865,3.287,9.187,-1.247,0.053,-0.001,-0.045,2399,0
2811885,3.259,9.318,-1.3,0.056,0.003,-0.043,2399,0
2811905,3.242,9.412,-1.317,0.032,0.01,-0.033,2399,0
2811925,3.187,9.369,-1.319,0.007,0.006,-0.014,2402,0
2811945,3.151,9.203,-1.307,-0.011,-0.006,0.003,2397,0
2811965,3.175,9.172,-1.36,0.018,-0.023,0.007,2398,0
2811985,3.172,9.146,-1.439,0.038,-0.019,0.011,2399,0
2812005,3.168,9.163,-1.42,0.063,-0.011,0.012,2398,0
2812025,3.158,9.139,-1.41,0.043,0.001,0.001,2399,0
2812045,3.124,9.031,-1.348,0.031,-0.003,0.006,2399,0
2812065,3.189,8.961,-1.262,0.06,-0.012,0.003,2399,0
2812085,3.189,8.978,-1.252,0.09,-0.014,-0.005,2399,0
2812105,3.213,9.076,-1.262,0.096,-0.024,-0.016,2400,0
2812125,3.218,9.086,-1.322,0.06,-0.026,-0.025,2400,0
2812145,3.206,9.136,-1.334,0.055,-0.035,-0.041,2399,0
2812165,3.199,9.256,-1.358,0.036,-0.044,-0.06,2399,0
2812185,3.146,9.443,-1.389,0.047,-0.047,-0.068,2400,0
2812205,3.055,9.615,-1.444,0.046,-0.036,-0.052,2399,0
2812225,3.017,9.711,-1.499,0.03,-0.028,-0.017,2399,0
2812245,3.072,9.591,-1.355,0.013,-0.022,0.015,2399,0
2812265,3.093,9.495,-1.257,0.016,-0.018,0.031,2400,0
2812285,3.091,9.397,-1.147,0.021,-0.026,0.047,2398,0
2812305,3.096,9.23,-1.087,0.006,-0.035,0.06,2400,0
2812325,3.148,9.048,-1.111,-0.004,-0.058,0.054,2399,0
2812345,3.16,8.94,-1.195,-0.019,-0.067,0.026,2400,0
2812365,3.177,8.871,-1.264,0.005,-0.069,0.007,2399,0
2812385,3.196,8.966,-1.288,0.023,-0.061,-0.01,2399,0
2812405,3.136,9.045,-1.319,0.008,-0.054,-0.017,2398,0
2812425,3.153,9.112,-1.348,0.004,-0.056,-0.021,2399,0
2812445,3.177,9.096,-1.35,-0.002,-0.063,-0.023,2400,0
2812465,3.201,9.129,-1.377,0.038,-0.058,-0.023,2400,0
2812485,3.16,9.225,-1.444,0.06,-0.05,-0.015,2400,0
2812505,3.201,9.29,-1.422,0.068,-0.049,-0.013,2400,0
2812525,3.196,9.313,-1.42,0.047,-0.03,-0.011,2399,0
2812545,3.153,9.38,-1.283,0.047,-0.028,0.005,2400,0
2812565,3.158,9.431,-1.245,0.06,-0.035,0.026,2399,0
2812585,3.134,9.462,-1.152,0.07,-0.057,0.051,2400,0
2812605,3.136,9.397,-1.156,0.063,-0.074,0.073,2400,0
2812625,3.17,9.285,-1.19,0.041,-0.098,0.089,2400,0
2812645,3.211,9.189,-1.281,0.031,-0.103,0.084,2398,0
2812665,3.201,9.146,-1.415,0.038,-0.105,0.07,2399,0
2812685,3.242,9.122,-1.484,0.049,-0.095,0.058,2397,0
2812705,3.266,9.155,-1.465,0.042,-0.074,0.04,2399,0
2812725,3.268,9.191,-1.439,0.027,-0.055,0.027,2399,0
2812745,3.256,9.23,-1.377,0.03,-0.035,0.024,2400,0
2812765,3.227,9.237,-1.264,0.037,-0.029,0.026,2399,0
2812785,3.208,9.254,-1.209,0.042,-0.027,0.034,2399,0
2812805,3.196,9.175,-1.101,0.032,-0.034,0.046,2399,0
2812825,3.215,9.06,-1.058,-0.003,-0.052,0.038,2399,0
2812845,3.232,9.048,-1.073,-0.01,-0.087,0.025,2399,0
2812865,3.266,9.103,-1.171,-0.005,-0.106,0.011,2399,0
2812885,3.244,9.191,-1.286,0.006,-0.107,0.005,2398,0
2812905,3.206,9.213,-1.415,-0.024,-0.102,0.016,2399,0
2812925,3.225,9.131,-1.463,-0.018,-0.089,0.021,2398,0
2812945,3.287,8.916,-1.475,-0.009,-0.088,0.024,2399,0
2812965,3.345,8.904,-1.437,0.033,-0.074,0.003,2398,0
2812985,3.342,8.971,-1.468,0.063,-0.064,-0.007,2400,0
2813005,3.33,9.165,-1.386,0.093,-0.058,-0.007,2399,0
2813025,3.266,9.285,-1.393,0.07,-0.055,0.0,2399,0
2813045,3.285,9.335,-1.343,0.063,-0.06,0.013,2397,0
2813065,3.306,9.227,-1.374,0.05,-0.054,0.025,2399,0
2813085,3.373,9.124,-1.298,0.068,-0.056,0.024,2399,0
2813105,3.376,9.136,-1.29,0.059,-0.051,0.01,2399,0
2813125,3.347,9.206,-1.29,0.045,-0.056,0.007,2399,0
2813145,3.302,9.292,-1.243,0.042,-0.056,0.015,2399,0
2813165,3.287,9.309,-1.269,0.039,-0.063,0.033,2399,0
2813185,3.299,9.218,-1.257,0.039,-0.072,0.046,2399,0
2813205,3.385,9.091,-1.334,0.025,-0.078,0.037,2399,0
2813225,3.388,9.017,-1.358,0.0,-0.072,0.013,2399,0
2813245,3.359,9.005,-1.472,-0.008,-0.068,-0.006,2398,0
2813265,3.361,9.076,-1.506,0.003,-0.052,-0.019,2398,0
2813285,3.349,9.194,-1.563,-0.001,-0.034,-0.038,2398,0
2813305,3.275,9.227,-1.475,-0.022,-0.019,-0.03,2399,0
2813325,3.311,9.165,-1.386,-0.022,-0.021,-0.012,2398,0
2813345,3.359,9.067,-1.334,-0.007,-0.031,-0.009,2398,0
2813365,3.421,9.005,-1.298,0.029,-0.048,-0.005,2397,0
2813385,3.445,9.06,-1.29,0.09,-0.048,0.001,2399,0
2813405,3.378,9.182,-1.36,0.122,-0.042,0.014,2398,0
2813425,3.323,9.254,-1.377,0.123,-0.042,0.032,2400,0
2813445,3.297,9.309,-1.329,0.108,-0.036,0.045,2400,0
2813465,3.316,9.325,-1.279,0.105,-0.033,0.055,2399,0
2813485,3.342,9.17,-1.274,0.073,-0.037,0.055,2399,0
2813505,3.376,8.995,-1.288,0.039,-0.036,0.046,2400,0
2813525,3.395,8.904,-1.324,0.031,-0.025,0.025,2397,0
2813545,3.385,8.885,-1.355,0.023,-0.017,-0.01,2401,0
2813565,3.345,9.033,-1.369,0.029,-0.008,-0.039,2399,0
2813585,3.316,9.232,-1.353,0.046,-0.008,-0.041,2399,0
2813605,3.309,9.301,-1.36,0.041,-0.009,-0.029,2399,0
2813625,3.314,9.282,-1.293,0.037,-0.018,-0.01,2399,0
2813645,3.361,9.136,-1.269,0.035,-0.028,-0.002,2400,0
2813665,3.395,9.041,-1.233,0.037,-0.026,-0.005,2399,0
2813685,3.371,9.062,-1.267,0.04,-0.036,-0.01,2399,0
2813705,3.294,9.189,-1.317,0.033,-0.04,-0.007,2398,0
2813725,3.247,9.333,-1.324,0.052,-0.049,-0.001,2399,0
2813745,3.206,9.366,-1.389,0.049,-0.047,0.012,2400,0
2813765,3.235,9.256,-1.338,0.038,-0.051,0.023,2400,0
2813785,3.34,9.062,-1.312,0.033,-0.055,0.019,2398,0
2813805,3.438,8.961,-1.269,0.024,-0.054,0.004,2398,0
2813825,3.476,8.911,-1.228,0.029,-0.046,-0.022,2398,0
2813845,3.445,8.868,-1.267,-0.006,-0.035,-0.038,2400,0
2813865,3.426,8.983,-1.307,-0.011,-0.035,-0.068,2400,0
2813885,3.395,9.11,-1.405,-0.011,-0.034,-0.078,2397,0
2813905,3.371,9.268,-1.391,0.031,-0.024,-0.07,2399,0
2813925,3.29,9.371,-1.377,0.032,-0.02,-0.049,2399,0
2813945,3.261,9.424,-1.312,0.03,-0.031,-0.016,2399,0
2813965,3.239,9.335,-1.269,0.025,-0.035,0.014,2400,0
2813985,3.223,9.196,-1.24,0.05,-0.05,0.048,2399,0
2814005,3.259,9.127,-1.252,0.074,-0.057,0.044,2399,0
2814025,3.311,9.014,-1.274,0.066,-0.062,0.033,2400,0
2814045,3.345,8.918,-1.279,0.053,-0.053,0.011,2399,0
2814065,3.299,8.952,-1.317,0.045,-0.033,-0.015,2399,0
2814085,3.237,9.084,-1.283,0.047,-0.029,-0.03,2399,0
2814105,3.199,9.074,-1.276,0.047,-0.028,-0.039,2400,0
2814125,3.191,9.074,-1.336,0.063,-0.039,-0.038,2400,0
2814145,3.213,9.16,-1.36,0.067,-0.04,-0.049,2400,0
2814165,3.27,9.191,-1.36,0.076,-0.05,-0.051,2401,0
2814185,3.318,9.23,-1.247,0.071,-0.046,-0.054,2401,0
2814205,3.297,9.266,-1.231,0.066,-0.061,-0.047,2400,0
2814225,3.314,9.378,-1.231,0.055,-0.07,-0.029,2400,0
2814245,3.287,9.44,-1.334,0.06,-0.078,-0.014,2399,0
2814265,3.294,9.388,-1.413,0.045,-0.076,0.006,2400,0
2814285,3.294,9.292,-1.448,0.015,-0.06,0.01,2400,0
2814305,3.321,9.167,-1.444,0.017,-0.043,0.017,2399,0
2814325,3.314,9.041,-1.391,0.005,-0.025,0.013,2400,0
2814345,3.273,9.122,-1.324,0.034,-0.026,0.01,2400,0
2814365,3.187,9.191,-1.362,0.042,-0.026,0.016,2400,0
2814385,3.134,9.172,-1.355,0.06,-0.04,0.022,2399,0
2814405,3.153,9.165,-1.401,0.047,-0.052,0.012,2400,0
2814425,3.225,9.122,-1.374,0.066,-0.06,0.002,2399,0
2814445,3.273,9.148,-1.331,0.091,-0.056,-0.007,2399,0
2814465,3.342,9.177,-1.302,0.089,-0.053,-0.021,2398,0
2814485,3.366,9.177,-1.35,0.057,-0.049,-0.027,2399,0
2814505,3.381,9.225,-1.358,0.035,-0.033,-0.028,2400,0
2814525,3.338,9.258,-1.338,0.025,-0.026,-0.015,2400,0
2814545,3.282,9.328,-1.341,0.028,-0.026,-0.009,2400,0
2814565,3.237,9.342,-1.369,0.028,-0.033,0.007,2400,0
2814585,3.249,9.318,-1.353,0.037,-0.043,0.027,2400,0
2814605,3.251,9.215,-1.324,0.027,-0.042,0.031,2399,0
2814625,3.297,9.158,-1.302,0.025,-0.051,0.031,2399,0
2814645,3.316,9.026,-1.367,0.015,-0.053,0.023,2400,0
2814665,3.345,9.005,-1.401,0.021,-0.053,0.009,2401,0
2814685,3.311,9.031,-1.453,0.03,-0.042,0.005,2399,0
2814705,3.347,9.084,-1.489,0.038,-0.038,0.009,2399,0
2814725,3.364,9.105,-1.499,0.042,-0.031,0.004,2399,0
2814745,3.335,9.21,-1.499,0.053,-0.028,0.01,2400,0
2814765,3.292,9.337,-1.513,0.079,-0.028,0.019,2400,0
2814785,3.239,9.357,-1.587,0.086,-0.03,0.032,2399,0
2814805,3.249,9.321,-1.575,0.082,-0.024,0.052,2400,0
2814825,3.29,9.21,-1.525,0.079,-0.001,0.05,2399,0
2814845,3.297,9.06,-1.425,0.07,0.015,0.046,2399,0
2814865,3.33,8.983,-1.274,0.073,0.033,0.033,2399,0
2814885,3.323,8.947,-1.183,0.058,0.045,0.022,2400,0
2814905,3.333,8.906,-1.053,0.038,0.031,0.014,2399,0
2814925,3.335,8.777,-1.073,0.031,0.014,0.005,2400,0
2814945,3.366,8.806,-1.106,0.057,-0.025,-0.008,2400,0
2814965,3.414,8.952,-1.358,0.082,-0.082,-0.018,2398,0
2814985,3.409,9.333,-1.595,0.154,-0.117,-0.003,2398,0
2815005,3.378,9.656,-1.765,0.216,-0.119,0.052,2398,0
2815025,3.342,9.754,-1.954,0.253,-0.092,0.118,2399,0
2815045,3.428,9.627,-1.901,0.216,-0.052,0.161,2399,0
2815065,3.534,9.258,-1.772,0.142,-0.01,0.166,2399,0
2815085,3.584,8.923,-1.496,0.083,0.031,0.141,2400,0
2815105,3.546,8.792,-1.341,0.052,0.051,0.102,2399,0
2815125,3.534,8.77,-1.331,0.06,0.06,0.06,2399,0
2815145,3.567,8.756,-1.317,0.027,0.056,0.018,2399,0
2815165,3.563,8.777,-1.336,-0.036,0.044,-0.027,2398,0
2815185,3.484,8.851,-1.439,-0.063,0.011,-0.047,2399,0
2815205,3.448,9.014,-1.614,0.007,-0.02,-0.032,2399,0
2815225,3.417,9.141,-1.731,0.117,-0.033,0.006,2399,0
2815245,3.383,9.337,-1.81,0.173,-0.024,0.042,2399,0
2815265,3.361,9.45,-1.803,0.163,-0.021,0.072,2399,0
2815285,3.433,9.309,-1.693,0.131,-0.019,0.091,2400,0
2815305,3.582,9.076,-1.59,0.121,-0.009,0.091,2399,0
2815325,3.67,8.873,-1.47,0.123,0.003,0.078,2399,0
2815345,3.745,8.751,-1.408,0.097,0.017,0.043,2398,0
2815365,3.733,8.72,-1.377,0.047,0.03,-0.001,2398,0
2815385,3.637,8.753,-1.384,-0.001,0.042,-0.034,2400,0
2815405,3.579,8.839,-1.384,-0.002,0.041,-0.048,2400,0
2815425,3.503,8.911,-1.499,0.006,0.046,-0.054,2401,0
2815445,3.438,8.976,-1.554,0.018,0.041,-0.051,2395,0
2815465,3.371,9.06,-1.64,0.023,0.033,-0.054,2399,0
2815485,3.287,9.177,-1.616,0.039,0.024,-0.044,2402,0
2815505,3.247,9.299,-1.618,0.097,0.014,-0.027,2399,0
2815525,3.232,9.261,-1.592,0.108,0.013,-0.014,2400,0
2815545,3.328,9.136,-1.537,0.097,-0.002,-0.027,2399,0
2815565,3.46,8.911,-1.448,0.047,-0.007,-0.052,2402,0
2815585,3.551,8.873,-1.372,0.064,0.01,-0.085,2399,0
2815605,3.543,8.93,-1.346,0.049,0.017,-0.092,2399,0
2815625,3.536,9.012,-1.334,0.042,0.028,-0.096,2399,0
2815645,3.515,9.055,-1.391,-0.005,0.035,-0.099,2400,0
2815665,3.472,9.038,-1.358,-0.023,0.035,-0.097,2399,0
2815685,3.445,9.002,-1.369,-0.021,0.021,-0.086,2400,0
2815705,3.347,9.206,-1.494,0.04,-0.013,-0.06,2399,0
2815725,3.29,9.366,-1.528,0.071,-0.043,-0.035,2399,0
2815745,3.287,9.436,-1.599,0.09,-0.058,-0.015,2399,0
2815765,3.321,9.402,-1.595,0.086,-0.067,0.011,2398,0
2815785,3.419,9.337,-1.535,0.115,-0.063,0.034,2400,0
2815805,3.474,9.263,-1.427,0.113,-0.053,0.037,2398,0
2815825,3.481,9.155,-1.319,0.078,-0.053,0.047,2400,0
2815845,3.452,9.103,-1.329,0.03,-0.056,0.049,2399,0
2815865,3.347,8.957,-1.36,-0.007,-0.063,0.042,2400,0
2815885,3.4,8.811,-1.415,-0.015,-0.079,0.034,2400,0
2815905,3.479,8.705,-1.489,-0.004,-0.073,0.006,2399,0
2815925,3.519,8.72,-1.52,0.002,-0.076,-0.031,2400,0
2815945,3.481,8.871,-1.65,0.013,-0.082,-0.061,2401,0
2815965,3.388,9.131,-1.7,0.046,-0.08,-0.075,2398,0
2815985,3.352,9.313,-1.765,0.057,-0.069,-0.064,2398,0
2816005,3.328,9.397,-1.676,0.055,-0.059,-0.042,2400,0
2816025,3.385,9.311,-1.669,0.023,-0.049,-0.016,2399,0
2816045,3.493,9.165,-1.554,0.038,-0.056,0.004,2400,0
2816065,3.567,9.021,-1.544,0.062,-0.054,0.008,2399,0
2816085,3.615,8.985,-1.571,0.069,-0.053,0.008,2399,0
2816105,3.579,9.064,-1.609,0.055,-0.042,-0.002,2399,0
2816125,3.476,9.131,-1.597,0.048,-0.029,-0.004,2399,0
2816145,3.385,9.256,-1.616,0.051,-0.027,-0.007,2400,0
2816165,3.273,9.388,-1.623,0.052,-0.021,0.011,2400,0
2816185,3.184,9.491,-1.583,0.064,-0.019,0.044,2399,0
2816205,3.11,9.383,-1.489,0.033,-0.009,0.069,2399,0
2816225,3.223,9.041,-1.372,-0.015,-0.025,0.079,2399,0
2816245,3.383,8.655,-1.374,-0.047,-0.03,0.054,2399,0
2816265,3.512,8.502,-1.391,-0.009,-0.041,0.015,2399,0
2816285,3.529,8.552,-1.437,0.034,-0.045,-0.033,2400,0
2816305,3.476,8.78,-1.537,0.047,-0.057,-0.073,2400,0
2816325,3.431,9.002,-1.618,0.034,-0.064,-0.083,2399,0
2816345,3.409,9.134,-1.714,0.049,-0.055,-0.066,2399,0
2816365,3.378,9.266,-1.614,0.087,-0.048,-0.052,2399,0
2816385,3.354,9.299,-1.642,0.102,-0.053,-0.031,2399,0
2816405,3.34,9.328,-1.578,0.103,-0.054,-0.008,2399,0
2816425,3.335,9.297,-1.573,0.076,-0.055,-0.003,2399,0
2816445,3.345,9.244,-1.585,0.054,-0.042,-0.007,2399,0
2816465,3.371,9.206,-1.504,0.049,-0.026,-0.007,2400,0
2816485,3.385,9.084,-1.513,0.031,-0.022,-0.009,2397,0
2816505,3.414,9.036,-1.544,0.006,-0.013,-0.029,2399,0
2816525,3.405,9.021,-1.597,-0.018,-0.005,-0.041,2400,0
2816545,3.359,9.11,-1.662,-0.004,0.005,-0.037,2399,0
2816565,3.321,9.141,-1.602,-0.002,-0.002,-0.028,2399,0
2816585,3.352,9.134,-1.611,0.036,-0.005,-0.014,2399,0
2816605,3.357,9.136,-1.542,0.054,-0.014,0.001,2399,0
2816625,3.342,9.139,-1.518,0.073,-0.022,0.01,2400,0
2816645,3.378,9.139,-1.405,0.065,-0.039,0.011,2400,0
2816665,3.393,9.105,-1.465,0.057,-0.047,-0.002,2399,0
2816685,3.364,9.196,-1.468,0.05,-0.056,-0.004,2400,0
2816705,3.357,9.227,-1.516,0.05,-0.049,-0.004,2398,0
2816725,3.39,9.165,-1.547,0.038,-0.04,-0.005,2399,0
2816745,3.395,9.12,-1.566,0.004,-0.016,-0.007,2398,0
2816765,3.388,9.048,-1.573,-0.03,-0.015,-0.01,2398,0
2816785,3.333,9.06,-1.618,-0.013,-0.017,-0.009,2398,0
2816805,3.278,9.122,-1.609,0.03,-0.015,-0.004,2399,0
2816825,3.256,9.201,-1.621,0.068,-0.032,0.013,2399,0
2816845,3.314,9.155,-1.587,0.067,-0.038,0.014,2399,0
2816865,3.371,9.076,-1.52,0.058,-0.045,0.01,2400,0
2816885,3.414,9.062,-1.511,0.059,-0.05,0.001,2399,0
2816905,3.438,9.076,-1.511,0.082,-0.047,-0.007,2399,0
2816925,3.479,9.084,-1.528,0.071,-0.033,-0.015,2400,0
2816945,3.479,9.098,-1.525,0.035,-0.02,-0.021,2399,0
2816965,3.46,9.069,-1.453,-0.01,-0.004,-0.03,2400,0
2816985,3.397,9.019,-1.403,-0.033,-0.004,-0.028,2400,0
2817005,3.345,9.033,-1.398,-0.005,-0.016,-0.009,2401,0
2817025,3.285,9.129,-1.52,0.025,-0.017,-0.003,2399,0
2817045,3.218,9.177,-1.59,0.035,-0.035,0.007,2398,0
2817065,3.165,9.172,-1.635,0.031,-0.04,0.003,2399,0
2817085,3.16,9.088,-1.63,0.033,-0.047,0.006,2399,0
2817105,3.191,9.029,-1.547,0.083,-0.058,0.011,2400,0
2817125,3.29,8.997,-1.52,0.128,-0.067,-0.003,2399,0
2817145,3.328,9.038,-1.58,0.114,-0.063,-0.035,2398,0
2817165,3.412,9.131,-1.607,0.085,-0.046,-0.055,2399,0
2817185,3.419,9.199,-1.578,0.045,-0.01,-0.06,2398,0
2817205,3.469,9.177,-1.465,0.036,0.006,-0.047,2399,0
2817225,3.426,9.258,-1.432,0.032,0.011,-0.039,2398,0
2817245,3.376,9.297,-1.42,0.035,-0.005,-0.022,2400,0
2817265,3.342,9.282,-1.48,0.047,-0.014,-0.002,2399,0
2817285,3.302,9.299,-1.516,0.051,-0.011,0.013,2399,0
2817305,3.294,9.301,-1.568,0.051,-0.015,0.038,2399,0
2817325,3.275,9.244,-1.537,0.044,-0.017,0.047,2400,0
2817345,3.256,9.143,-1.556,0.043,-0.029,0.046,2400,0
2817365,3.309,9.057,-1.542,0.046,-0.033,0.036,2399,0
2817385,3.323,9.105,-1.592,0.054,-0.028,0.029,2400,0
2817405,3.345,9.127,-1.58,0.038,-0.02,0.018,2399,0
2817425,3.314,9.165,-1.544,0.052,-0.016,0.006,2400,0
2817445,3.28,9.261,-1.578,0.045,0.005,-0.005,2399,0
2817465,3.282,9.246,-1.492,0.039,0.007,0.005,2399,0
2817485,3.239,9.208,-1.41,0.009,0.021,0.009,2398,0
2817505,3.278,9.167,-1.346,-0.018,0.002,0.023,2399,0
2817525,3.316,9.079,-1.324,-0.007,-0.007,0.022,2399,0
2817545,3.326,9.021,-1.384,-0.005,-0.022,0.014,2399,0
2817565,3.323,9.043,-1.439,0.006,-0.029,0.006,2398,0
2817585,3.335,9.048,-1.417,0.011,-0.029,0.003,2400,0
2817605,3.34,9.029,-1.389,0.005,-0.032,0.005,2399,0
2817625,3.378,8.978,-1.305,0.0,-0.052,0.002,2399,0
2817645,3.433,8.871,-1.307,-0.007,-0.069,-0.003,2400,0
2817665,3.443,8.878,-1.365,0.018,-0.079,-0.007,2399,0
2817685,3.428,8.94,-1.504,0.044,-0.077,-0.017,2399,0
2817705,3.405,9.021,-1.587,0.054,-0.071,-0.025,2399,0
2817725,3.4,9.084,-1.628,0.052,-0.063,-0.032,2398,0
2817745,3.395,9.086,-1.597,0.042,-0.053,-0.029,2398,0
2817765,3.407,9.115,-1.535,0.052,-0.052,-0.025,2398,0
2817785,3.443,9.103,-1.504,0.056,-0.044,-0.031,2398,0
2817805,3.519,9.141,-1.492,0.077,-0.048,-0.034,2399,0
2817825,3.5,9.143,-1.53,0.056,-0.04,-0.043,2397,0
2817845,3.481,9.182,-1.568,0.036,-0.032,-0.033,2400,0
2817865,3.438,9.225,-1.585,0.03,-0.014,-0.022,2399,0
2817885,3.378,9.191,-1.549,0.039,-0.005,-0.008,2398,0
2817905,3.39,9.108,-1.523,0.034,0.002,-0.004,2399,0
2817925,3.369,9.029,-1.513,0.025,0.001,-0.01,2399,0
2817945,3.333,9.093,-1.511,0.038,-0.001,-0.011,2399,0
2817965,3.29,9.139,-1.547,0.064,0.002,-0.011,2399,0
2817985,3.239,9.206,-1.504,0.079,0.005,-0.004,2400,0
2818005,3.266,9.206,-1.451,0.079,0.003,0.005,2399,0
2818025,3.27,9.108,-1.417,0.061,0.003,0.007,2398,0
2818045,3.33,9.007,-1.365,0.046,-0.009,-0.005,2399,0
2818065,3.34,8.969,-1.384,0.044,-0.008,-0.025,2399,0
2818085,3.33,9.12,-1.425,0.05,-0.007,-0.039,2400,0
2818105,3.251,9.165,-1.441,0.036,-0.006,-0.035,2399,0
2818125,3.235,9.251,-1.41,0.044,-0.014,-0.026,2399,0
2818145,3.206,9.28,-1.346,0.029,-0.026,-0.018,2399,0
2818165,3.266,9.213,-1.341,0.037,-0.042,-0.006,2399,0
2818185,3.33,9.117,-1.384,0.036,-0.045,-0.009,2396,0
2818205,3.34,9.088,-1.439,0.034,-0.043,-0.017,2398,0
2818225,3.323,9.129,-1.408,0.035,-0.044,-0.015,2399,0
2818245,3.285,9.187,-1.425,0.041,-0.031,-0.023,2399,0
2818265,3.239,9.275,-1.374,0.039,-0.031,-0.016,2398,0
2818285,3.225,9.297,-1.369,0.028,-0.036,-0.006,2398,0
2818305,3.235,9.218,-1.317,0.015,-0.046,0.002,2399,0
2818325,3.287,9.096,-1.367,0.013,-0.055,0.003,2398,0
2818345,3.287,9.112,-1.362,0.013,-0.055,-0.013,2400,0
2818365,3.29,9.143,-1.422,0.029,-0.061,-0.019,2399,0
2818385,3.254,9.256,-1.42,0.034,-0.052,-0.017,2399,0
2818405,3.215,9.294,-1.463,0.027,-0.048,-0.005,2398,0
2818425,3.244,9.196,-1.425,0.003,-0.047,0.009,2399,0
2818445,3.239,9.055,-1.46,0.022,-0.042,0.011,2399,0
2818465,3.251,9.0,-1.465,0.043,-0.043,0.005,2402,0
2818485,3.237,9.045,-1.489,0.055,-0.045,-0.009,2398,0
2818505,3.242,9.103,-1.444,0.061,-0.042,-0.013,2398,0
2818525,3.256,9.203,-1.391,0.05,-0.043,-0.011,2398,0
2818545,3.23,9.194,-1.41,0.033,-0.048,-0.012,2398,0
2818565,3.251,9.134,-1.405,0.029,-0.062,-0.011,2399,0
2818585,3.282,9.105,-1.46,0.043,-0.064,-0.022,2399,0
2818605,3.273,9.194,-1.539,0.056,-0.063,-0.043,2399,0
2818625,3.261,9.299,-1.547,0.048,-0.054,-0.054,2399,0
2818645,3.256,9.426,-1.532,0.022,-0.032,-0.062,2400,0
2818665,3.251,9.421,-1.499,-0.021,-0.012,-0.058,2400,0
2818685,3.27,9.325,-1.369,-0.05,0.007,-0.058,2400,0
2818705,3.302,9.256,-1.255,-0.063,0.003,-0.06,2398,0
2818725,3.266,9.354,-1.29,-0.055,-0.008,-0.062,2399,0
2818745,3.201,9.512,-1.314,-0.047,-0.018,-0.049,2399,0
2818765,3.184,9.57,-1.331,-0.041,-0.014,-0.019,2399,0
2818785,3.206,9.503,-1.317,-0.055,-0.006,0.019,2400,0
2818805,3.213,9.414,-1.223,-0.06,-0.007,0.038,2399,0
2818825,3.244,9.21,-1.128,-0.078,-0.018,0.056,2399,0
2818845,3.268,9.043,-1.065,-0.057,-0.028,0.074,2397,0
2818865,3.263,9.014,-1.063,-0.046,-0.039,0.076,2399,0
2818885,3.239,8.993,-1.188,-0.051,-0.051,0.066,2399,0
2818905,3.218,9.024,-1.252,-0.06,-0.059,0.051,2396,0
2818925,3.191,9.079,-1.295,-0.041,-0.052,0.04,2398,0
2818945,3.201,9.033,-1.31,-0.036,-0.051,0.045,2400,0
2818965,3.22,8.99,-1.31,-0.017,-0.045,0.051,2399,0
2818985,3.227,9.019,-1.283,0.007,-0.047,0.055,2397,0
2819005,3.199,9.093,-1.374,0.035,-0.044,0.045,2400,0
2819025,3.227,9.024,-1.307,0.055,-0.06,0.039,2398,0
2819045,3.261,8.969,-1.252,0.064,-0.056,0.028,2399,0
2819065,3.237,8.99,-1.176,0.092,-0.059,0.031,2398,0
2819085,3.266,9.067,-1.176,0.12,-0.055,0.027,2399,0
2819105,3.304,9.064,-1.156,0.1,-0.063,0.009,2396,0
2819125,3.335,9.103,-1.19,0.085,-0.06,-0.011,2397,0
2819145,3.349,9.177,-1.216,0.071,-0.048,-0.011,2398,0
2819165,3.342,9.251,-1.188,0.08,-0.041,-0.009,2398,0
2819185,3.287,9.352,-1.161,0.075,-0.033,-0.006,2399,0
2819205,3.278,9.436,-1.185,0.071,-0.045,0.005,2398,0
2819225,3.247,9.452,-1.13,0.058,-0.042,0.021,2398,0
2819245,3.237,9.445,-1.094,0.071,-0.052,0.047,2398,0
2819265,3.287,9.369,-1.003,0.06,-0.056,0.057,2398,0
2819285,3.311,9.203,-1.039,0.034,-0.074,0.054,2399,0
2819305,3.321,9.12,-1.087,-0.006,-0.078,0.035,2399,0
2819325,3.338,9.06,-1.195,-0.017,-0.078,0.021,2399,0
2819345,3.373,8.926,-1.202,-0.036,-0.064,0.012,2397,0
2819365,3.388,8.863,-1.142,-0.037,-0.061,-0.013,2397,0
2819385,3.345,8.909,-1.25,-0.04,-0.072,-0.022,2398,0
2819405,3.397,8.959,-1.264,-0.002,-0.086,-0.03,2398,0
2819425,3.45,8.947,-1.381,0.017,-0.095,-0.032,2399,0
2819445,3.476,8.997,-1.386,0.034,-0.096,-0.036,2398,0
2819465,3.452,9.067,-1.432,0.057,-0.093,-0.027,2397,0
2819485,3.457,9.172,-1.446,0.096,-0.084,-0.015,2399,0
2819505,3.469,9.213,-1.472,0.109,-0.072,-0.005,2400,0
2819525,3.474,9.23,-1.451,0.117,-0.047,-0.0,2401,0
2819545,3.421,9.251,-1.494,0.092,-0.021,0.013,2398,0
2819565,3.364,9.306,-1.391,0.101,-0.002,0.025,2400,0
2819585,3.335,9.304,-1.393,0.098,0.009,0.029,2399,0
2819605,3.318,9.347,-1.276,0.109,0.015,0.026,2399,0
2819625,3.285,9.304,-1.176,0.081,0.014,0.029,2398,0
2819645,3.244,9.278,-1.068,0.063,-0.001,0.032,2399,0
2819665,3.273,9.263,-1.049,0.045,-0.027,0.039,2400,0
2819685,3.297,9.203,-1.049,0.052,-0.046,0.047,2399,0
2819705,3.278,9.172,-1.099,0.046,-0.059,0.043,2400,0
2819725,3.297,9.115,-1.116,0.033,-0.078,0.041,2398,0
2819745,3.309,9.091,-1.092,0.026,-0.085,0.031,2398,0
2819765,3.318,9.014,-1.14,-0.005,-0.098,0.019,2400,0
2819785,3.369,8.969,-1.178,-0.014,-0.112,0.001,2398,0
2819805,3.419,8.969,-1.281,-0.009,-0.118,-0.016,2398,0
2819825,3.424,9.055,-1.355,0.024,-0.105,-0.025,2399,0
2819845,3.424,9.246,-1.377,0.027,-0.092,-0.032,2399,0
2819865,3.393,9.309,-1.398,0.019,-0.083,-0.026,2398,0
2819885,3.407,9.299,-1.3,0.003,-0.078,-0.012,2398,0
2819905,3.436,9.17,-1.276,-0.004,-0.075,0.002,2399,0
2819925,3.455,9.112,-1.223,-0.001,-0.078,-0.002,2397,0
2819945,3.464,9.048,-1.3,-0.003,-0.081,-0.004,2399,0
2819965,3.464,9.079,-1.334,0.008,-0.076,-0.002,2399,0
2819985,3.383,9.167,-1.439,0.007,-0.058,-0.014,2399,0
2820005,3.359,9.158,-1.439,-0.0,-0.062,-0.015,2399,0
2820025,3.436,9.069,-1.331,0.01,-0.05,-0.015,2399,0
2820045,3.44,9.081,-1.283,0.026,-0.041,-0.015,2399,0
2820065,3.428,9.072,-1.281,0.019,-0.044,-0.009,2399,0
2820085,3.405,9.017,-1.348,0.018,-0.04,-0.004,2398,0
2820105,3.412,8.954,-1.295,0.025,-0.039,-0.002,2400,0
2820125,3.395,8.957,-1.358,0.031,-0.04,-0.008,2400,0
2820145,3.424,9.002,-1.367,0.061,-0.05,-0.021,2400,0
2820165,3.436,9.052,-1.451,0.081,-0.038,-0.03,2397,0
2820185,3.472,9.179,-1.463,0.082,-0.023,-0.031,2398,0
2820205,3.417,9.234,-1.492,0.063,-0.003,-0.02,2399,0
2820225,3.431,9.268,-1.463,0.076,0.013,-0.013,2400,0
2820245,3.407,9.249,-1.494,0.07,0.03,-0.011,2399,0
2820265,3.438,9.175,-1.393,0.082,0.041,-0.006,2400,0
2820285,3.419,9.234,-1.298,0.101,0.06,-0.005,2400,0
2820305,3.318,9.352,-1.231,0.086,0.064,-0.004,2398,0
2820325,3.304,9.333,-1.204,0.043,0.044,0.004,2398,0
2820345,3.297,9.301,-1.166,0.033,0.046,0.005,2399,0
2820365,3.254,9.23,-1.159,0.037,0.037,0.013,2399,0
2820385,3.256,9.23,-1.159,0.053,0.022,0.019,2399,0
2820405,3.278,9.244,-1.176,0.058,0.019,0.021,2398,0
2820425,3.225,9.333,-1.24,0.048,0.012,0.02,2399,0
2820445,3.211,9.301,-1.211,0.019,0.004,0.026,2399,0
2820465,3.261,9.213,-1.18,0.027,0.007,0.024,2399,0
2820485,3.29,9.139,-1.053,0.021,0.009,0.018,2399,0
2820505,3.328,9.122,-0.915,0.021,-0.013,0.015,2400,0
2820525,3.357,9.021,-0.857,-0.027,-0.03,0.004,2399,0
2820545,3.371,8.973,-0.953,-0.03,-0.054,-0.008,2399,0
2820565,3.371,9.005,-1.039,-0.044,-0.063,-0.026,2398,0
2820585,3.345,8.973,-1.161,-0.024,-0.066,-0.027,2398,0
2820605,3.369,9.019,-1.214,-0.005,-0.055,-0.03,2399,0
2820625,3.316,9.139,-1.219,0.005,-0.046,-0.026,2400,0
2820645,3.333,9.112,-1.128,0.014,-0.055,-0.008,2398,0
2820665,3.335,9.036,-1.099,0.041,-0.06,-0.002,2400,0
2820685,3.338,9.041,-1.14,0.064,-0.069,0.004,2399,0
2820705,3.364,9.06,-1.185,0.082,-0.08,0.003,2399,0
2820725,3.352,9.11,-1.204,0.083,-0.078,-0.005,2399,0
2820745,3.33,9.218,-1.204,0.08,-0.08,-0.01,2399,0
2820765,3.287,9.361,-1.24,0.078,-0.08,-0.011,2400,0
2820785,3.302,9.337,-1.226,0.077,-0.08,0.011,2399,0
2820805,3.345,9.278,-1.211,0.086,-0.062,0.021,2399,0
2820825,3.395,9.134,-1.137,0.065,-0.06,0.025,2399,0
2820845,3.426,9.014,-1.051,0.054,-0.059,0.011,2400,0
2820865,3.414,9.014,-1.128,0.044,-0.065,-0.002,2399,0
2820885,3.357,9.167,-1.118,0.057,-0.073,-0.011,2398,0
2820905,3.292,9.263,-1.233,0.058,-0.076,-0.006,2400,0
2820925,3.244,9.275,-1.262,0.053,-0.075,0.01,2399,0
2820945,3.297,9.199,-1.247,0.048,-0.082,0.014,2399,0
2820965,3.373,9.1,-1.214,0.041,-0.095,0.006,2400,0
2820985,3.431,9.033,-1.252,0.046,-0.1,-0.006,2400,0
2821005,3.448,9.064,-1.271,0.033,-0.096,-0.02,2398,0
2821025,3.397,9.172,-1.374,0.023,-0.094,-0.032,2399,0
2821045,3.376,9.275,-1.42,0.006,-0.081,-0.036,2400,0
2821065,3.405,9.282,-1.441,0.007,-0.067,-0.023,2400,0
2821085,3.443,9.134,-1.389,-0.023,-0.056,-0.023,2399,0
2821105,3.452,9.084,-1.35,-0.026,-0.056,-0.033,2400,0
2821125,3.484,9.11,-1.286,0.002,-0.056,-0.037,2400,0
2821145,3.455,9.151,-1.295,0.029,-0.053,-0.03,2399,0
2821165,3.479,9.23,-1.338,0.017,-0.055,-0.026,2399,0
2821185,3.476,9.23,-1.42,-0.012,-0.048,-0.021,2400,0
2821205,3.448,9.227,-1.446,-0.0,-0.037,-0.01,2399,0
2821225,3.378,9.299,-1.472,0.012,-0.024,0.001,2398,0
2821245,3.366,9.285,-1.468,0.037,-0.019,0.023,2399,0
2821265,3.39,9.287,-1.41,0.047,-0.005,0.033,2399,0
2821285,3.378,9.244,-1.355,0.046,0.005,0.036,2399,0
2821305,3.304,9.249,-1.31,0.023,0.008,0.032,2400,0
2821325,3.261,9.323,-1.31,0.031,0.004,0.038,2400,0
2821345,3.275,9.304,-1.274,0.055,0.004,0.05,2400,0
2821365,3.278,9.208,-1.264,0.068,0.015,0.055,2398,0
2821385,3.326,9.175,-1.152,0.058,0.011,0.052,2398,0
2821405,3.335,9.124,-1.104,0.024,0.01,0.048,2398,0
2821425,3.376,9.1,-1.022,0.018,0.001,0.05,2398,0
2821445,3.371,9.067,-0.924,0.012,-0.004,0.048,2399,0
2821465,3.323,8.985,-0.905,-0.008,-0.02,0.04,2399,0
2821485,3.33,8.985,-0.974,-0.005,-0.044,0.038,2399,0
2821505,3.357,9.024,-1.025,0.017,-0.059,0.025,2398,0
2821525,3.383,9.076,-1.08,0.025,-0.063,0.012,2399,0
2821545,3.402,9.057,-1.142,0.016,-0.062,0.005,2399,0
2821565,3.381,9.033,-1.209,0.0,-0.041,-0.005,2398,0
2821585,3.431,9.069,-1.197,0.014,-0.027,-0.01,2397,0
2821605,3.45,9.091,-1.142,0.036,-0.004,-0.013,2397,0
2821625,3.505,9.079,-1.073,0.039,0.01,-0.01,2400,0
2821645,3.448,9.091,-1.006,0.012,0.016,-0.018,2400,0
2821665,3.385,9.12,-1.003,0.013,0.005,-0.028,2399,0
2821685,3.354,9.196,-1.061,0.083,0.016,-0.028,2399,0
2821705,3.275,9.342,-1.092,0.176,0.047,-0.025,2400,0
2821725,3.376,9.258,-1.089,0.219,0.075,-0.034,2403,0
2821745,3.349,9.146,-1.07,0.113,0.015,0.002,2406,0
2821765,3.412,9.11,-1.056,0.036,-0.039,0.034,2405,0
2821785,3.385,9.079,-1.037,0.003,-0.039,0.02,2404,0
2821805,3.366,9.141,-1.051,0.033,-0.067,0.023,2405,0
2821825,3.397,9.196,-1.073,0.029,-0.073,0.022,2404,0
2821845,3.479,9.1,-1.128,0.015,-0.077,0.014,2404,0
2821865,3.467,9.143,-1.142,-0.018,-0.07,0.004,2404,0
2821885,3.452,9.141,-1.183,-0.006,-0.059,-0.004,2404,0
2821905,3.486,9.153,-1.132,0.009,-0.072,0.011,2403,0
2821925,3.505,9.203,-1.211,0.027,-0.047,0.003,2404,0
2821945,3.486,9.177,-1.118,0.0,-0.038,-0.004,2404,0
2821965,3.469,9.163,-1.073,-0.011,-0.035,0.006,2402,0
2821985,3.438,9.146,-1.068,0.025,-0.025,0.012,2403,0
2822005,3.397,9.155,-1.094,0.06,-0.043,0.027,2402,0
2822025,3.421,9.148,-1.092,0.075,-0.058,0.031,2403,0
2822045,3.397,9.079,-1.183,0.042,-0.071,0.04,2401,0
2822065,3.431,9.122,-1.188,0.04,-0.068,0.035,2403,0
2822085,3.464,9.076,-1.214,0.039,-0.062,0.031,2403,0
2822105,3.493,8.961,-1.142,0.041,-0.046,0.017,2401,0
2822125,3.493,8.942,-1.137,0.042,-0.044,0.001,2401,0
2822145,3.443,8.993,-1.156,0.036,-0.032,-0.021,2402,0
2822165,3.366,9.081,-1.152,0.037,-0.043,-0.009,2402,0
2822185,3.388,9.151,-1.08,0.052,-0.054,-0.003,2401,0
2822205,3.357,9.112,-1.152,0.048,-0.051,-0.019,2401,0
2822225,3.369,9.134,-1.19,0.048,-0.062,-0.019,2402,0
2822245,3.421,9.153,-1.214,0.055,-0.054,-0.021,2403,0
2822265,3.457,9.177,-1.185,0.07,-0.045,-0.022,2402,0
2822285,3.491,9.165,-1.142,0.051,-0.034,-0.023,2402,0
2822305,3.448,9.184,-1.099,0.021,-0.027,-0.021,2404,0
2822325,3.417,9.175,-1.125,0.009,-0.038,-0.024,2402,0
2822345,3.419,9.167,-1.159,0.025,-0.047,-0.017,2401,0
2822365,3.409,9.254,-1.211,0.066,-0.047,-0.009,2401,0
2822385,3.376,9.304,-1.142,0.055,-0.053,0.004,2399,0
2822405,3.364,9.299,-1.159,0.025,-0.063,0.012,2401,0
2822425,3.395,9.278,-1.14,0.031,-0.068,0.025,2402,0
2822445,3.438,9.191,-1.116,0.048,-0.066,0.037,2401,0
2822465,3.452,9.072,-1.104,0.047,-0.064,0.031,2400,0
2822485,3.512,8.954,-1.061,0.029,-0.057,0.018,2401,0
2822505,3.503,8.978,-1.099,0.013,-0.05,0.005,2402,0
2822525,3.498,9.06,-1.08,0.013,-0.054,-0.009,2400,0
2822545,3.493,9.041,-1.118,0.005,-0.054,-0.014,2401,0
2822565,3.462,9.072,-1.219,0.024,-0.052,-0.012,2401,0
2822585,3.417,9.17,-1.276,0.027,-0.044,-0.006,2401,0
2822605,3.407,9.215,-1.279,0.04,-0.055,0.003,2400,0
2822625,3.405,9.218,-1.247,0.044,-0.055,0.012,2401,0
2822645,3.419,9.184,-1.168,0.077,-0.058,0.02,2401,0
2822665,3.44,9.105,-1.164,0.069,-0.056,0.021,2401,0
2822685,3.503,8.995,-1.08,0.059,-0.058,0.007,2401,0
2822705,3.548,8.95,-1.128,0.047,-0.047,-0.009,2402,0
2822725,3.548,8.981,-1.061,0.03,-0.033,-0.019,2401,0
2822745,3.567,8.933,-1.106,0.012,-0.029,-0.027,2402,0
2822765,3.51,9.0,-1.19,-0.007,-0.026,-0.055,2401,0
2822785,3.44,9.103,-1.274,0.008,-0.036,-0.056,2401,0
2822805,3.4,9.23,-1.305,0.05,-0.03,-0.042,2401,0
2822825,3.352,9.345,-1.295,0.08,-0.034,-0.015,2401,0
2822845,3.34,9.428,-1.216,0.08,-0.041,0.004,2402,0
2822865,3.352,9.297,-1.192,0.065,-0.059,0.024,2401,0
2822885,3.443,9.146,-1.149,0.086,-0.067,0.035,2401,0
2822905,3.498,9.117,-1.197,0.103,-0.055,0.026,2401,0
2822925,3.534,9.115,-1.14,0.083,-0.042,0.015,2400,0
2822945,3.582,8.993,-1.087,0.029,-0.027,0.0,2401,0
2822965,3.582,8.933,-1.063,-0.019,-0.016,-0.027,2401,0
2822985,3.529,8.945,-1.116,-0.01,-0.016,-0.037,2402,0
2823005,3.46,9.084,-1.204,0.015,-0.011,-0.035,2401,0
2823025,3.376,9.246,-1.252,0.028,-0.012,-0.027,2401,0
2823045,3.338,9.323,-1.274,0.022,-0.023,-0.011,2401,0
2823065,3.306,9.309,-1.24,0.036,-0.035,0.005,2401,0
2823085,3.29,9.28,-1.228,0.076,-0.05,0.025,2400,0
2823105,3.328,9.237,-1.231,0.101,-0.056,0.039,2401,0
2823125,3.407,9.141,-1.137,0.092,-0.057,0.041,2402,0
2823145,3.476,8.985,-1.109,0.057,-0.051,0.028,2400,0
2823165,3.558,8.861,-1.068,0.035,-0.042,0.003,2400,0
2823185,3.567,8.882,-1.104,0.04,-0.027,-0.022,2399,0
2823205,3.505,8.914,-1.195,0.033,-0.014,-0.037,2400,0
2823225,3.44,8.942,-1.195,0.017,-0.005,-0.041,2400,0
2823245,3.405,8.952,-1.238,0.014,-0.001,-0.05,2400,0
2823265,3.376,9.009,-1.271,0.035,-0.007,-0.054,2400,0
2823285,3.323,9.074,-1.338,0.061,-0.02,-0.063,2400,0
2823305,3.292,9.179,-1.393,0.099,-0.03,-0.065,2400,0
2823325,3.294,9.28,-1.432,0.126,-0.033,-0.059,2401,0
2823345,3.273,9.278,-1.489,0.149,-0.015,-0.044,2401,0
2823365,3.278,9.227,-1.458,0.142,0.005,-0.043,2400,0
2823385,3.338,9.108,-1.374,0.13,0.018,-0.044,2401,0
2823405,3.364,8.995,-1.276,0.094,0.037,-0.065,2401,0
2823425,3.357,8.945,-1.183,0.093,0.051,-0.086,2399,0
2823445,3.34,9.148,-1.046,0.102,0.059,-0.084,2399,0
2823465,3.242,9.39,-0.996,0.09,0.044,-0.073,2398,0
2823485,3.194,9.512,-1.085,0.071,0.005,-0.047,2399,0
2823505,3.172,9.438,-1.12,0.068,-0.013,-0.021,2398,0
2823525,3.208,9.407,-1.197,0.056,-0.025,-0.016,2400,0
2823545,3.275,9.373,-1.164,0.059,-0.042,-0.017,2399,0
2823565,3.335,9.28,-1.14,0.062,-0.041,-0.014,2400,0
2823585,3.359,9.266,-1.135,0.073,-0.035,-0.015,2399,0
2823605,3.383,9.175,-1.097,0.035,-0.03,-0.017,2398,0
2823625,3.366,9.139,-1.113,0.004,-0.022,-0.029,2398,0
2823645,3.316,9.189,-1.13,-0.005,-0.017,-0.033,2399,0
2823665,3.28,9.242,-1.176,-0.01,-0.019,-0.021,2399,0
2823685,3.273,9.177,-1.223,-0.006,-0.023,-0.009,2399,0
2823705,3.268,9.136,-1.276,0.007,-0.026,-0.004,2399,0
2823725,3.201,9.177,-1.334,0.023,-0.03,-0.011,2398,0
2823745,3.196,9.237,-1.346,0.04,-0.04,-0.01,2399,0
2823765,3.244,9.27,-1.348,0.059,-0.041,-0.003,2398,0
2823785,3.275,9.287,-1.362,0.057,-0.031,0.003,2399,0
2823805,3.349,9.184,-1.305,0.038,-0.017,0.005,2399,0
2823825,3.361,9.127,-1.312,0.019,-0.004,-0.006,2401,0
2823845,3.352,9.105,-1.199,0.005,0.003,-0.019,2400,0
2823865,3.328,9.088,-1.144,0.01,-0.004,-0.014,2399,0
2823885,3.28,9.143,-1.106,0.028,-0.009,-0.01,2398,0
2823905,3.208,9.122,-1.185,0.025,-0.021,-0.003,2400,0
2823925,3.223,9.151,-1.223,0.028,-0.033,0.001,2399,0
2823945,3.196,9.153,-1.336,0.035,-0.026,0.006,2399,0
2823965,3.211,9.175,-1.341,0.061,-0.023,0.011,2400,0
2823985,3.211,9.153,-1.31,0.068,-0.019,0.001,2401,0
2824005,3.23,9.117,-1.317,0.073,-0.017,-0.008,2399,0
2824025,3.268,9.122,-1.219,0.084,0.0,-0.01,2398,0
2824045,3.273,9.136,-1.228,0.076,0.005,-0.03,2400,0
2824065,3.287,9.163,-1.171,0.058,0.0,-0.045,2399,0
2824085,3.29,9.189,-1.147,0.055,-0.001,-0.051,2398,0
2824105,3.278,9.273,-1.18,0.066,-0.0,-0.046,2400,0
2824125,3.259,9.347,-1.197,0.048,0.002,-0.038,2399,0
2824145,3.256,9.297,-1.152,0.034,-0.008,-0.022,2399,0
2824165,3.278,9.275,-1.077,0.018,-0.011,-0.018,2400,0
2824185,3.244,9.165,-1.14,0.023,-0.029,-0.01,2399,0
2824205,3.242,9.206,-1.185,0.042,-0.038,-0.003,2400,0
2824225,3.17,9.297,-1.247,0.047,-0.038,0.004,2399,0
2824245,3.168,9.258,-1.334,0.03,-0.038,0.011,2398,0
2824265,3.158,9.227,-1.293,0.02,-0.031,0.005,2400,0
2824285,3.17,9.12,-1.219,0.025,-0.028,0.005,2399,0
2824305,3.182,9.036,-1.18,0.032,-0.03,-0.006,2400,0
2824325,3.191,9.057,-1.207,0.047,-0.036,-0.02,2399,0
2824345,3.194,9.153,-1.271,0.06,-0.029,-0.026,2399,0
2824365,3.179,9.187,-1.168,0.051,-0.019,-0.035,2399,0
2824385,3.153,9.208,-1.171,0.03,-0.031,-0.043,2399,0
2824405,3.196,9.227,-1.137,0.023,-0.043,-0.047,2399,0
2824425,3.211,9.213,-1.171,0.051,-0.049,-0.025,2397,0
2824445,3.247,9.285,-1.188,0.075,-0.043,-0.023,2399,0
2824465,3.22,9.366,-1.219,0.059,-0.039,-0.019,2399,0
2824485,3.189,9.323,-1.197,0.028,-0.038,-0.012,2400,0
2824505,3.165,9.251,-1.211,0.012,-0.042,-0.003,2400,0
2824525,3.208,9.187,-1.199,0.035,-0.049,0.003,2399,0
2824545,3.237,9.108,-1.238,0.059,-0.049,-0.012,2399,0
2824565,3.232,9.002,-1.216,0.052,-0.046,-0.032,2401,0
2824585,3.168,8.952,-1.367,0.02,-0.033,-0.05,2400,0
2824605,3.124,9.17,-1.386,0.049,-0.011,-0.07,2399,0
2824625,3.072,9.33,-1.322,0.041,0.006,-0.061,2399,0
2824645,3.074,9.385,-1.259,0.066,0.008,-0.044,2400,0
2824665,3.132,9.33,-1.214,0.052,0.003,-0.035,2400,0
2824685,3.17,9.187,-1.171,0.055,-0.008,-0.02,2400,0
2824705,3.203,9.165,-1.135,0.064,-0.011,-0.023,2400,0
2824725,3.151,9.22,-1.128,0.069,-0.018,-0.022,2399,0
2824745,3.141,9.301,-1.19,0.087,-0.026,-0.01,2399,0
2824765,3.086,9.416,-1.216,0.086,-0.027,-0.013,2399,0
2824785,3.11,9.414,-1.235,0.065,-0.033,-0.004,2399,0
2824805,3.124,9.323,-1.235,0.051,-0.031,0.005,2400,0
2824825,3.091,9.292,-1.209,0.05,-0.023,0.012,2399,0
2824845,3.077,9.306,-1.235,0.063,-0.025,0.015,2400,0
2824865,3.089,9.304,-1.223,0.062,-0.029,0.018,2399,0
2824885,3.093,9.28,-1.279,0.053,-0.019,0.01,2399,0
2824905,3.129,9.218,-1.25,0.026,-0.015,0.008,2400,0
2824925,3.172,9.12,-1.176,0.025,-0.011,-0.004,2399,0
2824945,3.17,9.105,-1.144,0.035,-0.014,-0.011,2400,0
2824965,3.177,9.165,-1.125,0.051,-0.017,-0.022,2400,0
2824985,3.11,9.251,-1.18,0.041,-0.022,-0.02,2399,0
2825005,3.098,9.278,-1.243,0.043,-0.023,-0.009,2399,0
2825025,3.089,9.28,-1.295,0.045,-0.025,0.001,2400,0
2825045,3.089,9.304,-1.293,0.058,-0.029,0.009,2400,0
2825065,3.108,9.34,-1.312,0.069,-0.035,0.012,2400,0
2825085,3.103,9.357,-1.322,0.074,-0.032,0.017,2399,0
2825105,3.115,9.313,-1.262,0.077,-0.028,0.029,2399,0
2825125,3.112,9.251,-1.219,0.059,-0.023,0.023,2400,0
2825145,3.151,9.182,-1.144,0.048,-0.034,0.022,2399,0
2825165,3.182,9.062,-1.137,0.044,-0.037,0.012,2400,0
2825185,3.172,9.029,-1.164,0.054,-0.045,0.01,2399,0
2825205,3.163,9.108,-1.211,0.067,-0.044,-0.005,2399,0
2825225,3.093,9.105,-1.338,0.051,-0.055,-0.015,2399,0
2825245,3.091,9.191,-1.334,0.07,-0.062,-0.018,2398,0
2825265,3.074,9.275,-1.377,0.071,-0.051,-0.014,2397,0
2825285,3.096,9.318,-1.391,0.079,-0.05,-0.007,2399,0
2825305,3.129,9.337,-1.389,0.073,-0.041,-0.003,2399,0
2825325,3.163,9.416,-1.305,0.081,-0.035,-0.006,2399,0
2825345,3.16,9.335,-1.216,0.055,-0.032,0.001,2399,0
2825365,3.199,9.297,-1.144,0.047,-0.038,-0.003,2400,0
2825385,3.191,9.256,-1.147,0.022,-0.036,-0.005,2400,0
2825405,3.179,9.266,-1.168,0.022,-0.033,-0.009,2399,0
2825425,3.175,9.222,-1.173,-0.015,-0.027,-0.011,2400,0
2825445,3.182,9.165,-1.209,-0.038,-0.031,-0.019,2399,0
2825465,3.177,9.184,-1.276,-0.03,-0.038,-0.017,2400,0
2825485,3.122,9.177,-1.343,-0.01,-0.027,-0.015,2399,0
2825505,3.089,9.299,-1.403,0.017,-0.028,-0.011,2401,0
2825525,3.081,9.357,-1.336,0.019,-0.019,-0.009,2400,0
2825545,3.077,9.294,-1.305,0.034,-0.023,0.003,2398,0
2825565,3.11,9.254,-1.188,0.041,-0.035,0.008,2399,0
2825585,3.132,9.151,-1.13,0.045,-0.057,0.014,2400,0
2825605,3.179,9.098,-1.192,0.053,-0.062,0.012,2399,0
2825625,3.127,9.182,-1.336,0.06,-0.051,-0.004,2400,0
2825645,3.12,9.203,-1.439,0.037,-0.034,-0.007,2399,0
2825665,3.189,9.143,-1.369,0.022,0.0,-0.019,2400,0
2825685,3.172,9.062,-1.231,0.002,0.018,-0.023,2399,0
2825705,3.163,9.045,-1.128,0.02,0.006,-0.03,2401,0
2825725,3.127,9.103,-1.223,0.041,-0.0,-0.033,2400,0
2825745,3.072,9.27,-1.348,0.085,-0.007,-0.034,2400,0
2825765,3.024,9.388,-1.417,0.072,-0.005,-0.03,2401,0
2825785,3.002,9.428,-1.381,0.067,-0.007,-0.017,2400,0
2825805,3.0,9.376,-1.255,0.063,-0.009,-0.009,2400,0
2825825,3.05,9.268,-1.262,0.086,-0.02,-0.001,2400,0
2825845,3.084,9.266,-1.288,0.09,-0.021,-0.012,2401,0
2825865,3.096,9.227,-1.207,0.087,-0.019,-0.016,2400,0
2825885,3.168,9.167,-1.092,0.06,-0.01,-0.015,2401,0
2825905,3.189,9.175,-1.025,0.046,-0.012,-0.019,2400,0
2825925,3.168,9.21,-1.053,0.042,-0.023,-0.013,2401,0
2825945,3.136,9.189,-1.118,0.038,-0.036,-0.016,2400,0
2825965,3.12,9.222,-1.19,0.026,-0.05,-0.015,2401,0
2825985,3.069,9.395,-1.3,0.044,-0.051,-0.018,2401,0
2826005,3.019,9.495,-1.377,0.04,-0.051,-0.009,2402,0
2826025,3.014,9.481,-1.346,0.044,-0.053,0.006,2400,0
2826045,3.084,9.404,-1.286,0.04,-0.051,0.019,2401,0
2826065,3.148,9.28,-1.231,0.043,-0.048,0.022,2400,0
2826085,3.172,9.239,-1.195,0.032,-0.05,0.013,2400,0
2826105,3.16,9.21,-1.185,0.025,-0.047,0.003,2400,0
2826125,3.144,9.249,-1.219,0.02,-0.036,-0.002,2400,0
2826145,3.11,9.22,-1.262,-0.006,-0.028,0.001,2401,0
2826165,3.132,9.206,-1.185,-0.014,-0.027,0.003,2401,0
2826185,3.065,9.194,-1.18,-0.017,-0.028,0.012,2401,0
2826205,3.041,9.206,-1.214,0.009,-0.047,0.017,2402,0
2826225,3.012,9.187,-1.3,0.025,-0.061,0.014,2400,0
2826245,2.986,9.172,-1.29,0.053,-0.067,0.011,2399,0
2826265,3.021,9.172,-1.29,0.063,-0.073,0.014,2399,0
2826285,3.055,9.139,-1.226,0.066,-0.07,0.008,2400,0
2826305,3.029,9.208,-1.257,0.052,-0.076,-0.014,2401,0
2826325,3.081,9.273,-1.188,0.059,-0.085,-0.019,2399,0
2826345,3.117,9.237,-1.267,0.066,-0.064,-0.013,2400,0
2826365,3.146,9.294,-1.255,0.058,-0.06,-0.008,2401,0
2826385,3.179,9.234,-1.312,0.03,-0.056,-0.008,2399,0
2826405,3.175,9.167,-1.274,0.031,-0.044,-0.019,2400,0
2826425,3.127,9.237,-1.298,0.037,-0.039,-0.023,2400,0
2826445,3.077,9.333,-1.324,0.048,-0.039,-0.013,2400,0
2826465,3.062,9.388,-1.348,0.06,-0.041,0.002,2400,0
2826485,3.079,9.4,-1.331,0.054,-0.037,-0.004,2400,0
2826505,3.11,9.342,-1.343,0.047,-0.043,-0.003,2401,0
2826525,3.124,9.325,-1.24,0.049,-0.032,0.006,2401,0
2826545,3.117,9.361,-1.209,0.055,-0.025,0.005,2400,0
2826565,3.148,9.304,-1.171,0.029,-0.025,0.019,2400,0
2826585,3.134,9.184,-1.197,0.013,-0.015,0.022,2400,0
2826605,3.1,9.103,-1.228,0.003,-0.02,0.019,2400,0
2826625,3.06,9.136,-1.269,0.013,-0.025,0.008,2400,0
2826645,3.036,9.187,-1.262,0.029,-0.028,0.003,2401,0
2826665,3.041,9.22,-1.25,0.043,-0.035,0.013,2401,0
2826685,3.036,9.232,-1.219,0.02,-0.043,0.011,2399,0
2826705,3.112,9.17,-1.276,0.032,-0.058,0.011,2401,0
2826725,3.175,9.112,-1.281,0.046,-0.043,0.001,2398,0
2826745,3.156,9.139,-1.31,0.063,-0.027,-0.011,2400,0
2826765,3.16,9.21,-1.281,0.041,-0.017,-0.01,2400,0
2826785,3.103,9.246,-1.298,0.013,-0.006,-0.017,2399,0
2826805,3.072,9.268,-1.252,0.024,-0.018,-0.005,2401,0
2826825,3.05,9.254,-1.269,0.04,-0.017,-0.002,2400,0
2826845,3.072,9.266,-1.252,0.079,-0.033,0.01,2400,0
2826865,3.033,9.385,-1.281,0.06,-0.036,0.009,2400,0
2826885,3.055,9.388,-1.247,0.054,-0.058,0.021,2400,0
2826905,3.055,9.361,-1.293,0.04,-0.055,0.026,2400,0
2826925,3.086,9.316,-1.262,0.061,-0.066,0.027,2401,0
2826945,3.168,9.184,-1.267,0.057,-0.06,0.021,2399,0
2826965,3.165,9.12,-1.274,0.046,-0.044,0.003,2399,0
2826985,3.175,9.069,-1.221,0.025,-0.033,-0.006,2398,0
2827005,3.117,9.062,-1.25,0.004,-0.019,-0.026,2400,0
2827025,3.163,9.098,-1.214,0.026,-0.031,-0.025,2399,0
2827045,3.141,9.23,-1.252,0.047,-0.014,-0.032,2401,0
2827065,3.105,9.376,-1.264,0.055,-0.026,-0.024,2401,0
2827085,3.065,9.436,-1.233,0.04,-0.022,-0.007,2400,0
2827105,2.998,9.491,-1.279,0.041,-0.032,0.011,2400,0
2827125,3.021,9.459,-1.233,0.051,-0.05,0.035,2399,0
2827145,3.098,9.347,-1.214,0.06,-0.056,0.037,2399,0
2827165,3.122,9.249,-1.192,0.067,-0.063,0.036,2399,0
2827185,3.175,9.203,-1.144,0.046,-0.055,0.03,2400,0
2827205,3.17,9.136,-1.144,0.012,-0.047,0.016,2401,0
2827225,3.17,9.069,-1.14,-0.01,-0.044,0.011,2398,0
2827245,3.179,9.069,-1.142,-0.007,-0.04,0.0,2399,0
2827265,3.146,9.112,-1.199,-0.002,-0.042,-0.007,2398,0
2827285,3.105,9.179,-1.252,0.002,-0.046,-0.009,2400,0
2827305,3.05,9.22,-1.348,0.013,-0.051,0.0,2400,0
2827325,3.065,9.256,-1.35,0.045,-0.05,0.009,2398,0
2827345,3.089,9.306,-1.331,0.072,-0.056,0.011,2399,0
2827365,3.06,9.323,-1.271,0.059,-0.07,0.014,2401,0
2827385,3.096,9.287,-1.279,0.066,-0.078,0.02,2400,0
2827405,3.127,9.285,-1.319,0.07,-0.072,0.018,2400,0
2827425,3.17,9.139,-1.312,0.059,-0.062,0.008,2401,0
2827445,3.273,9.017,-1.312,0.053,-0.04,-0.01,2401,0
2827465,3.314,9.029,-1.161,0.031,-0.006,-0.03,2400,0
2827485,3.242,9.091,-1.082,0.005,0.004,-0.037,2401,0
2827505,3.196,9.12,-1.068,-0.019,-0.001,-0.036,2402,0
2827525,3.153,9.146,-1.209,0.002,-0.018,-0.034,2400,0
2827545,3.139,9.27,-1.274,0.033,-0.031,-0.034,2400,0
2827565,3.072,9.443,-1.374,0.064,-0.043,-0.022,2400,0
2827585,3.05,9.546,-1.372,0.076,-0.045,0.003,2400,0
2827605,3.038,9.543,-1.386,0.09,-0.042,0.029,2402,0
2827625,3.108,9.421,-1.317,0.102,-0.042,0.052,2401,0
2827645,3.182,9.258,-1.223,0.097,-0.041,0.046,2400,0
2827665,3.244,9.124,-1.144,0.076,-0.035,0.026,2400,0
2827685,3.278,9.007,-1.08,0.037,-0.026,0.011,2401,0
2827705,3.251,8.993,-1.106,0.016,-0.012,-0.008,2400,0
2827725,3.17,9.012,-1.166,-0.008,-0.006,-0.016,2401,0
2827745,3.136,9.105,-1.221,0.0,-0.01,-0.027,2400,0
2827765,3.062,9.254,-1.302,0.02,-0.01,-0.031,2400,0
2827785,3.0,9.361,-1.314,0.038,-0.021,-0.015,2401,0
2827805,2.971,9.378,-1.334,0.046,-0.035,-0.001,2400,0
2827825,3.0,9.369,-1.343,0.056,-0.045,0.008,2400,0
2827845,3.115,9.237,-1.365,0.071,-0.048,0.019,2399,0
2827865,3.22,9.184,-1.305,0.088,-0.038,0.014,2400,0
2827885,3.215,9.17,-1.221,0.071,-0.026,0.001,2403,0
2827905,3.218,9.201,-1.132,0.049,-0.034,-0.01,2400,0
2827925,3.184,9.182,-1.149,0.031,-0.033,-0.022,2400,0
2827945,3.136,9.227,-1.25,0.018,-0.036,-0.018,2401,0
2827965,3.1,9.258,-1.314,0.022,-0.03,-0.003,2399,0
2827985,3.098,9.266,-1.288,0.026,-0.023,-0.003,2400,0
2828005,3.055,9.254,-1.283,0.029,-0.025,0.002,2400,0
2828025,3.045,9.225,-1.267,0.05,-0.033,0.008,2400,0
2828045,3.072,9.16,-1.235,0.055,-0.04,0.009,2399,0
2828065,3.105,9.131,-1.298,0.064,-0.053,-0.002,2400,0
2828085,3.12,9.22,-1.31,0.068,-0.052,-0.019,2400,0
2828105,3.153,9.239,-1.319,0.075,-0.044,-0.028,2400,0
2828125,3.177,9.266,-1.267,0.064,-0.031,-0.025,2402,0
2828145,3.199,9.335,-1.214,0.048,-0.023,-0.026,2400,0
2828165,3.194,9.335,-1.144,0.023,-0.026,-0.017,2400,0
2828185,3.199,9.333,-1.111,0.023,-0.031,-0.012,2402,0
2828205,3.172,9.297,-1.154,0.013,-0.044,-0.006,2400,0
2828225,3.16,9.306,-1.199,0.024,-0.06,0.006,2400,0
2828245,3.11,9.287,-1.326,0.027,-0.056,0.012,2400,0
2828265,3.072,9.318,-1.358,0.043,-0.06,0.019,2400,0
2828285,3.084,9.301,-1.41,0.033,-0.059,0.019,2399,0
2828305,3.122,9.17,-1.362,0.029,-0.052,0.02,2399,0
2828325,3.144,9.084,-1.326,0.037,-0.039,0.017,2400,0
2828345,3.129,9.117,-1.274,0.045,-0.031,0.01,2400,0
2828365,3.134,9.129,-1.235,0.054,-0.034,0.004,2400,0
2828385,3.141,9.131,-1.302,0.048,-0.033,-0.003,2401,0
2828405,3.12,9.189,-1.264,0.038,-0.028,-0.014,2400,0
2828425,3.1,9.244,-1.283,0.034,-0.031,-0.016,2397,0
2828445,3.072,9.237,-1.231,0.04,-0.04,-0.014,2400,0
2828465,3.045,9.287,-1.279,0.071,-0.048,-0.003,2398,0
2828485,3.06,9.371,-1.243,0.078,-0.048,0.001,2400,0
2828505,3.081,9.318,-1.233,0.06,-0.052,0.006,2398,0
2828525,3.153,9.187,-1.195,0.044,-0.046,0.003,2399,0
2828545,3.168,9.194,-1.166,0.047,-0.043,-0.005,2399,0
2828565,3.151,9.234,-1.188,0.05,-0.04,-0.008,2398,0
2828585,3.148,9.237,-1.231,0.033,-0.037,-0.015,2399,0
2828605,3.136,9.187,-1.281,0.001,-0.035,-0.025,2400,0
2828625,3.139,9.23,-1.262,-0.01,-0.036,-0.03,2400,0
2828645,3.117,9.287,-1.245,0.027,-0.032,-0.018,2399,0
2828665,3.103,9.407,-1.233,0.052,-0.041,-0.01,2399,0
2828685,3.12,9.4,-1.226,0.031,-0.06,0.004,2400,0
2828705,3.091,9.29,-1.257,0.019,-0.069,0.02,2401,0
2828725,3.067,9.189,-1.283,0.032,-0.071,0.027,2400,0
2828745,3.136,9.136,-1.319,0.071,-0.075,0.031,2399,0
2828765,3.189,9.105,-1.346,0.07,-0.067,0.018,2399,0
2828785,3.179,9.103,-1.358,0.05,-0.05,-0.001,2399,0
2828805,3.163,9.093,-1.36,0.012,-0.035,-0.013,2400,0
2828825,3.141,9.069,-1.334,0.021,-0.016,-0.018,2399,0
2828845,3.089,9.108,-1.312,0.058,-0.006,-0.021,2400,0
2828865,3.055,9.258,-1.314,0.076,-0.017,-0.02,2400,0
2828885,3.019,9.371,-1.295,0.072,-0.029,-0.018,2400,0
2828905,3.017,9.45,-1.269,0.067,-0.04,-0.007,2400,0
2828925,3.062,9.402,-1.221,0.074,-0.051,0.011,2400,0
2828945,3.17,9.239,-1.176,0.073,-0.062,0.015,2402,0
2828965,3.244,9.179,-1.211,0.066,-0.068,0.0,2399,0
2828985,3.268,9.184,-1.25,0.026,-0.058,-0.019,2401,0
2829005,3.261,9.23,-1.295,0.006,-0.044,-0.033,2400,0
2829025,3.175,9.246,-1.343,-0.009,-0.027,-0.027,2400,0
2829045,3.144,9.282,-1.341,0.012,-0.016,-0.009,2399,0
2829065,3.139,9.287,-1.269,0.026,-0.019,0.004,2400,0
2829085,3.151,9.23,-1.233,0.017,-0.028,0.002,2400,0
2829105,3.124,9.242,-1.267,0.002,-0.041,0.001,2400,0
2829125,3.06,9.292,-1.331,0.013,-0.046,0.007,2402,0
2829145,3.041,9.258,-1.393,0.025,-0.047,0.02,2401,0
2829165,3.033,9.273,-1.415,0.051,-0.037,0.013,2401,0
2829185,3.093,9.273,-1.362,0.069,-0.036,0.01,2401,0
2829205,3.127,9.234,-1.295,0.052,-0.024,-0.001,2400,0
2829225,3.136,9.22,-1.274,0.029,-0.023,-0.005,2401,0
2829245,3.112,9.239,-1.24,0.02,-0.011,0.0,2401,0
2829265,3.069,9.246,-1.226,0.041,-0.009,0.003,2401,0
2829285,3.06,9.194,-1.18,0.047,-0.016,0.008,2400,0
2829305,3.06,9.175,-1.164,0.041,-0.024,-0.003,2401,0
2829325,3.06,9.196,-1.137,0.024,-0.039,-0.006,2401,0
2829345,3.002,9.234,-1.19,0.032,-0.046,-0.002,2400,0
2829365,3.014,9.22,-1.29,0.048,-0.05,-0.002,2402,0
2829385,3.096,9.187,-1.341,0.053,-0.052,-0.013,2401,0
2829405,3.11,9.146,-1.305,0.035,-0.047,-0.029,2400,0
2829425,3.108,9.127,-1.29,0.015,-0.042,-0.041,2400,0
2829445,3.089,9.194,-1.3,0.009,-0.041,-0.049,2402,0
2829465,3.084,9.309,-1.264,0.026,-0.04,-0.048,2402,0
2829485,3.081,9.325,-1.298,0.022,-0.04,-0.042,2400,0
2829505,3.103,9.304,-1.245,0.026,-0.043,-0.036,2402,0
2829525,3.129,9.258,-1.264,0.02,-0.04,-0.028,2401,0
2829545,3.136,9.261,-1.231,0.026,-0.043,-0.021,2401,0
2829565,3.117,9.268,-1.24,0.026,-0.04,-0.028,2401,0
2829585,3.098,9.292,-1.25,0.033,-0.045,-0.028,2401,0
2829605,3.084,9.311,-1.25,0.032,-0.038,-0.028,2401,0
2829625,3.021,9.282,-1.267,0.015,-0.036,-0.027,2401,0
2829645,3.026,9.227,-1.355,-0.01,-0.033,-0.033,2403,0
2829665,3.06,9.299,-1.42,0.004,-0.024,-0.038,2402,0
2829685,3.093,9.301,-1.365,0.034,-0.007,-0.029,2403,0
2829705,3.117,9.301,-1.298,0.048,0.008,-0.012,2403,0
2829725,3.089,9.287,-1.159,0.032,0.007,-0.012,2402,0
2829745,3.062,9.285,-1.089,0.025,-0.013,-0.005,2403,0
2829765,3.086,9.301,-1.039,0.052,-0.034,0.007,2401,0
2829785,3.053,9.333,-1.116,0.063,-0.042,0.011,2402,0
2829805,3.053,9.318,-1.178,0.047,-0.055,0.013,2401,0
2829825,3.067,9.263,-1.238,0.017,-0.046,0.012,2401,0
2829845,3.019,9.203,-1.262,0.014,-0.029,0.009,2401,0
2829865,2.99,9.263,-1.245,0.022,-0.017,0.006,2401,0
2829885,2.947,9.287,-1.207,0.041,-0.007,0.003,2403,0
2829905,2.942,9.28,-1.14,0.05,-0.01,0.002,2402,0
2829925,3.014,9.153,-1.073,0.047,-0.019,0.002,2402,0
2829945,3.031,9.143,-1.006,0.064,-0.029,-0.005,2402,0
2829965,2.983,9.263,-1.065,0.067,-0.033,-0.003,2402,0
2829985,2.959,9.328,-1.039,0.068,-0.046,0.005,2402,0
2830005,2.966,9.333,-1.109,0.048,-0.048,0.006,2403,0
2830025,3.005,9.251,-1.147,0.044,-0.051,0.011,2401,0
2830045,3.045,9.232,-1.161,0.054,-0.046,0.005,2401,0
2830065,3.055,9.325,-1.149,0.045,-0.051,-0.01,2403,0
2830085,3.01,9.438,-1.156,0.031,-0.055,-0.016,2403,0
2830105,2.976,9.541,-1.137,0.011,-0.058,-0.012,2402,0
2830125,2.974,9.507,-1.109,-0.01,-0.066,-0.002,2402,0
2830145,3.019,9.424,-1.144,-0.028,-0.073,-0.002,2402,0
2830165,3.041,9.361,-1.106,-0.05,-0.074,-0.013,2401,0
2830185,3.084,9.285,-1.142,-0.071,-0.076,-0.011,2402,0
2830205,3.098,9.258,-1.111,-0.064,-0.07,-0.008,2402,0
2830225,3.065,9.246,-1.161,-0.056,-0.069,-0.007,2402,0
2830245,3.048,9.218,-1.142,-0.048,-0.076,0.001,2403,0
2830265,3.043,9.16,-1.176,-0.034,-0.082,0.023,2401,0
2830285,3.029,9.187,-1.192,-0.002,-0.084,0.029,2403,0
2830305,3.026,9.184,-1.243,0.036,-0.1,0.039,2401,0
2830325,3.077,9.206,-1.231,0.056,-0.099,0.033,2401,0
2830345,3.096,9.175,-1.214,0.054,-0.091,0.029,2400,0
2830365,3.124,9.12,-1.19,0.053,-0.081,0.03,2401,0
2830385,3.148,9.055,-1.207,0.051,-0.063,0.012,2402,0
2830405,3.141,9.05,-1.228,0.058,-0.05,-0.003,2401,0
2830425,3.12,9.136,-1.24,0.065,-0.026,-0.022,2402,0
2830445,3.093,9.208,-1.252,0.069,-0.006,-0.036,2402,0
2830465,3.041,9.232,-1.164,0.051,0.007,-0.033,2403,0
2830485,3.019,9.287,-1.116,0.052,0.002,-0.03,2402,0
2830505,3.007,9.364,-1.104,0.075,0.002,-0.017,2402,0
2830525,3.002,9.448,-1.075,0.107,-0.01,-0.005,2402,0
2830545,2.988,9.455,-1.046,0.083,-0.016,0.005,2401,0
2830565,2.993,9.397,-1.008,0.057,-0.034,0.012,2402,0
2830585,3.026,9.273,-1.049,0.046,-0.048,0.014,2402,0
2830605,3.031,9.213,-1.049,0.055,-0.051,0.012,2403,0
2830625,2.998,9.292,-1.176,0.076,-0.046,0.002,2402,0
2830645,2.976,9.39,-1.257,0.059,-0.039,-0.004,2402,0
2830665,2.976,9.385,-1.245,0.037,-0.027,-0.006,2403,0
2830685,2.99,9.316,-1.18,0.006,-0.022,-0.001,2402,0
2830705,3.002,9.21,-1.132,0.021,-0.026,-0.002,2404,0
2830725,3.036,9.141,-1.094,0.042,-0.031,0.001,2402,0
2830745,3.031,9.191,-1.144,0.063,-0.03,-0.003,2404,0
2830765,3.019,9.256,-1.147,0.052,-0.038,-0.01,2402,0
2830785,3.019,9.268,-1.137,0.035,-0.037,-0.02,2402,0
2830805,3.012,9.297,-1.211,0.028,-0.035,-0.023,2403,0
2830825,3.021,9.33,-1.144,0.046,-0.026,-0.014,2405,0
2830845,3.067,9.321,-1.087,0.047,-0.017,-0.019,2403,0
2830865,3.05,9.282,-1.051,0.018,-0.024,-0.019,2401,0
2830885,3.031,9.258,-1.02,0.006,-0.03,-0.019,2402,0
2830905,3.017,9.249,-1.094,0.013,-0.044,-0.013,2403,0
2830925,3.012,9.306,-1.142,0.038,-0.049,-0.011,2403,0
2830945,3.045,9.371,-1.219,0.044,-0.053,-0.009,2403,0
2830965,3.036,9.388,-1.219,0.038,-0.053,-0.006,2403,0
2830985,3.043,9.383,-1.207,0.031,-0.05,-0.002,2401,0
2831005,3.029,9.354,-1.171,0.034,-0.042,0.014,2402,0
2831025,3.021,9.323,-1.12,0.046,-0.035,0.034,2403,0
2831045,3.067,9.254,-1.087,0.046,-0.045,0.038,2403,0
2831065,3.093,9.134,-1.041,0.043,-0.049,0.03,2403,0
2831085,3.081,9.093,-1.116,0.04,-0.055,0.018,2403,0
2831105,3.091,9.103,-1.166,0.063,-0.057,0.015,2404,0
2831125,3.06,9.208,-1.226,0.064,-0.047,0.004,2404,0
2831145,3.074,9.294,-1.211,0.07,-0.045,0.007,2403,0
2831165,3.089,9.304,-1.214,0.053,-0.03,0.011,2403,0
2831185,3.045,9.282,-1.207,0.058,-0.034,0.016,2404,0
2831205,3.084,9.254,-1.221,0.068,-0.038,0.022,2404,0
2831225,3.043,9.251,-1.197,0.088,-0.029,0.017,2404,0
2831245,3.029,9.321,-1.238,0.096,-0.021,0.013,2403,0
2831265,2.998,9.378,-1.204,0.067,-0.011,0.017,2403,0
2831285,3.041,9.373,-1.149,0.057,-0.013,0.014,2403,0
2831305,3.048,9.347,-1.147,0.044,-0.016,0.013,2403,0
2831325,3.089,9.292,-1.118,0.049,-0.018,0.014,2403,0
2831345,3.089,9.287,-1.082,0.055,-0.018,0.016,2402,0
2831365,3.043,9.342,-1.144,0.063,-0.024,0.024,2402,0
2831385,3.033,9.345,-1.147,0.048,-0.034,0.036,2403,0
2831405,3.053,9.304,-1.18,0.047,-0.048,0.039,2403,0
2831425,3.05,9.278,-1.164,0.049,-0.046,0.046,2403,0
2831445,3.074,9.179,-1.164,0.063,-0.049,0.053,2403,0
2831465,3.093,9.141,-1.106,0.064,-0.052,0.047,2404,0
2831485,3.098,9.122,-1.132,0.058,-0.061,0.032,2404,0
2831505,3.103,9.12,-1.18,0.048,-0.063,0.019,2403,0
2831525,3.1,9.1,-1.243,0.034,-0.056,-0.0,2404,0
2831545,3.132,9.129,-1.288,0.031,-0.05,-0.016,2402,0
2831565,3.148,9.158,-1.29,0.046,-0.038,-0.031,2403,0
2831585,3.17,9.177,-1.274,0.046,-0.028,-0.04,2403,0
2831605,3.179,9.266,-1.226,0.031,-0.025,-0.047,2404,0
2831625,3.132,9.256,-1.209,0.017,-0.024,-0.035,2403,0
2831645,3.093,9.301,-1.195,0.042,-0.03,-0.014,2403,0
2831665,3.05,9.361,-1.214,0.06,-0.031,-0.006,2402,0
2831685,3.065,9.287,-1.235,0.078,-0.046,0.003,2403,0
2831705,3.06,9.313,-1.233,0.076,-0.044,0.01,2403,0
2831725,3.06,9.301,-1.238,0.072,-0.047,0.011,2403,0
2831745,3.067,9.22,-1.223,0.058,-0.055,0.01,2404,0
2831765,3.117,9.136,-1.221,0.044,-0.053,-0.0,2402,0
2831785,3.132,9.131,-1.223,0.038,-0.046,-0.009,2402,0
2831805,3.108,9.131,-1.211,0.026,-0.039,-0.025,2402,0
2831825,3.077,9.16,-1.238,0.028,-0.043,-0.034,2403,0
2831845,3.038,9.213,-1.214,0.026,-0.046,-0.036,2402,0
2831865,3.055,9.275,-1.288,0.057,-0.052,-0.034,2402,0
2831885,3.05,9.287,-1.302,0.04,-0.05,-0.033,2403,0
2831905,3.091,9.232,-1.326,0.044,-0.052,-0.027,2402,0
2831925,3.132,9.172,-1.283,0.055,-0.041,-0.033,2402,0
2831945,3.134,9.175,-1.274,0.06,-0.038,-0.043,2403,0
2831965,3.134,9.191,-1.243,0.051,-0.035,-0.052,2404,0
2831985,3.144,9.27,-1.276,0.039,-0.024,-0.059,2403,0
2832005,3.151,9.361,-1.25,0.027,-0.026,-0.06,2403,0
2832025,3.11,9.39,-1.281,0.026,-0.017,-0.057,2403,0
2832045,3.115,9.392,-1.389,0.029,-0.016,-0.039,2403,0
2832065,3.16,9.378,-1.331,0.045,-0.008,-0.028,2402,0
2832085,3.12,9.376,-1.31,0.029,0.003,-0.015,2403,0
2832105,3.072,9.416,-1.307,0.051,0.005,0.009,2403,0
2832125,2.99,9.426,-1.25,0.054,0.014,0.023,2404,0
2832145,2.947,9.364,-1.176,0.073,0.0,0.038,2403,0
2832165,2.964,9.29,-1.101,0.09,-0.009,0.051,2403,0
2832185,2.983,9.222,-1.065,0.099,-0.013,0.048,2402,0
2832205,2.995,9.141,-1.065,0.079,-0.019,0.037,2404,0
2832225,3.002,9.103,-1.077,0.041,-0.025,0.022,2403,0
2832245,2.998,9.1,-1.152,0.03,-0.023,-0.003,2404,0
2832265,3.007,9.127,-1.257,0.027,-0.022,-0.023,2404,0
2832285,3.0,9.163,-1.298,0.036,-0.014,-0.04,2404,0
2832305,2.974,9.254,-1.334,0.036,-0.003,-0.054,2403,0
2832325,2.966,9.287,-1.295,0.034,-0.003,-0.048,2403,0
2832345,2.986,9.328,-1.271,0.047,-0.005,-0.038,2403,0
2832365,3.005,9.342,-1.24,0.058,-0.008,-0.029,2406,0
2832385,3.029,9.34,-1.207,0.072,-0.016,-0.019,2403,0
2832405,3.045,9.342,-1.195,0.076,-0.021,-0.009,2404,0
2832425,3.053,9.359,-1.144,0.07,-0.031,0.005,2403,0
2832445,3.012,9.335,-1.164,0.061,-0.039,0.012,2404,0
2832465,2.99,9.313,-1.24,0.059,-0.052,0.017,2403,0
2832485,2.995,9.301,-1.279,0.057,-0.057,0.022,2404,0
2832505,2.983,9.301,-1.362,0.054,-0.052,0.018,2404,0
2832525,2.983,9.313,-1.353,0.051,-0.049,0.023,2403,0
2832545,2.993,9.33,-1.336,0.052,-0.038,0.022,2403,0
2832565,3.007,9.268,-1.247,0.042,-0.031,0.02,2403,0
2832585,3.045,9.215,-1.159,0.041,-0.027,0.011,2402,0
2832605,3.036,9.201,-1.164,0.044,-0.033,0.002,2403,0
2832625,3.031,9.225,-1.144,0.034,-0.041,-0.008,2404,0
2832645,3.033,9.21,-1.183,0.014,-0.055,-0.011,2403,0
2832665,3.007,9.258,-1.247,0.016,-0.053,-0.023,2404,0
2832685,2.969,9.287,-1.322,0.021,-0.048,-0.01,2403,0
2832705,2.976,9.285,-1.319,0.035,-0.043,0.0,2404,0
2832725,2.998,9.218,-1.271,0.02,-0.05,-0.013,2403,0
2832745,3.05,9.189,-1.279,0.028,-0.064,-0.017,2403,0
2832765,3.077,9.206,-1.247,0.05,-0.061,-0.023,2403,0
2832785,3.086,9.203,-1.281,0.053,-0.056,-0.013,2404,0
2832805,3.077,9.278,-1.267,0.052,-0.047,-0.019,2403,0
2832825,3.029,9.299,-1.262,0.033,-0.054,-0.015,2403,0
2832845,3.06,9.301,-1.257,0.044,-0.058,-0.014,2404,0
2832865,3.033,9.292,-1.283,0.043,-0.055,-0.012,2403,0
2832885,3.021,9.318,-1.3,0.051,-0.054,-0.001,2403,0
2832905,3.041,9.34,-1.324,0.054,-0.055,0.002,2404,0
2832925,3.033,9.34,-1.403,0.051,-0.045,-0.002,2402,0
2832945,3.036,9.325,-1.331,0.037,-0.039,-0.002,2403,0
2832965,3.036,9.321,-1.29,0.028,-0.024,0.002,2403,0
2832985,3.0,9.299,-1.235,0.033,-0.025,0.002,2404,0
2833005,2.99,9.23,-1.211,0.024,-0.03,0.012,2403,0
2833025,3.026,9.249,-1.185,0.046,-0.039,0.017,2403,0
2833045,2.954,9.256,-1.269,0.041,-0.04,0.01,2402,0
2833065,2.933,9.239,-1.262,0.05,-0.056,0.012,2403,0
2833085,2.957,9.218,-1.279,0.058,-0.056,0.012,2402,0
2833105,2.964,9.237,-1.298,0.057,-0.058,0.011,2402,0
2833125,2.986,9.242,-1.281,0.064,-0.057,0.01,2403,0
2833145,3.014,9.244,-1.288,0.044,-0.049,-0.003,2405,0
2833165,3.017,9.218,-1.226,0.044,-0.054,-0.01,2402,0
2833185,3.038,9.213,-1.211,0.038,-0.053,-0.01,2404,0
2833205,3.007,9.299,-1.24,0.054,-0.057,-0.001,2404,0
2833225,3.053,9.33,-1.29,0.047,-0.053,0.0,2403,0
2833245,3.084,9.325,-1.326,0.044,-0.048,-0.002,2402,0
2833265,3.057,9.383,-1.341,0.041,-0.041,0.001,2404,0
2833285,3.043,9.34,-1.307,0.036,-0.037,0.013,2403,0
2833305,3.041,9.311,-1.274,0.025,-0.039,0.014,2402,0
2833325,3.069,9.28,-1.312,0.026,-0.047,0.011,2405,0
2833345,3.096,9.29,-1.302,0.03,-0.043,0.004,2404,0
2833365,3.089,9.256,-1.31,0.032,-0.037,0.003,2402,0
2833385,3.1,9.249,-1.281,0.018,-0.033,0.004,2403,0
2833405,3.06,9.27,-1.286,0.011,-0.029,0.008,2403,0
2833425,3.026,9.239,-1.283,0.012,-0.031,0.012,2403,0
2833445,2.995,9.225,-1.31,0.042,-0.039,0.018,2404,0
2833465,2.998,9.27,-1.338,0.048,-0.043,0.018,2403,0
2833485,3.029,9.282,-1.324,0.056,-0.05,0.021,2404,0
2833505,3.084,9.23,-1.322,0.047,-0.035,0.026,2403,0
2833525,3.091,9.266,-1.288,0.048,-0.034,0.023,2404,0
2833545,3.093,9.206,-1.271,0.035,-0.03,0.019,2404,0
2833565,3.108,9.141,-1.271,0.035,-0.03,0.005,2405,0
2833585,3.06,9.163,-1.286,0.03,-0.026,-0.006,2403,0
2833605,3.048,9.244,-1.317,0.038,-0.028,-0.004,2404,0
2833625,3.029,9.251,-1.317,0.048,-0.019,-0.005,2405,0
2833645,3.026,9.304,-1.271,0.048,-0.023,0.0,2402,0
2833665,3.017,9.275,-1.257,0.042,-0.028,0.005,2402,0
2833685,3.019,9.239,-1.281,0.048,-0.033,0.005,2403,0
2833705,3.036,9.23,-1.257,0.053,-0.038,0.004,2402,0
2833725,3.074,9.199,-1.231,0.058,-0.039,0.002,2403,0
2833745,3.077,9.254,-1.221,0.056,-0.039,-0.002,2402,0
2833765,3.072,9.268,-1.176,0.056,-0.041,-0.004,2404,0
2833785,3.105,9.242,-1.197,0.043,-0.043,-0.009,2403,0
2833805,3.103,9.222,-1.197,0.033,-0.055,-0.008,2404,0
2833825,3.069,9.268,-1.247,0.043,-0.059,-0.004,2404,0
2833845,3.007,9.409,-1.348,0.052,-0.053,0.003,2404,0
2833865,3.005,9.445,-1.369,0.051,-0.049,0.022,2402,0
2833885,3.033,9.275,-1.393,0.022,-0.032,0.022,2403,0
2833905,3.096,9.146,-1.336,0.006,-0.034,0.004,2404,0
2833925,3.089,9.105,-1.279,0.029,-0.033,-0.011,2404,0
2833945,3.048,9.158,-1.264,0.061,-0.037,-0.011,2404,0
2833965,3.05,9.297,-1.271,0.067,-0.042,-0.012,2405,0
2833985,3.024,9.335,-1.269,0.044,-0.039,-0.01,2404,0
2834005,3.043,9.275,-1.247,0.021,-0.042,-0.001,2405,0
2834025,3.045,9.237,-1.252,0.035,-0.039,0.005,2403,0
2834045,3.048,9.239,-1.255,0.062,-0.05,0.01,2404,0
2834065,3.081,9.263,-1.29,0.063,-0.052,0.005,2404,0
2834085,3.081,9.254,-1.317,0.05,-0.05,0.002,2403,0
2834105,3.05,9.328,-1.331,0.036,-0.038,-0.002,2403,0
2834125,3.06,9.306,-1.281,0.033,-0.034,-0.0,2403,0
2834145,3.072,9.239,-1.298,0.041,-0.027,0.005,2405,0
2834165,3.053,9.256,-1.238,0.05,-0.031,-0.001,2404,0
2834185,3.074,9.22,-1.255,0.037,-0.04,0.002,2403,0
2834205,3.062,9.215,-1.25,0.027,-0.042,0.001,2404,0
2834225,3.014,9.227,-1.288,0.017,-0.043,0.007,2404,0
2834283,3.033,9.208,-1.398,0.052,-0.047,-0.002,2405,0
2834292,3.045,9.206,-1.381,0.051,-0.045,-0.002,2404,0
2834302,3.065,9.234,-1.386,0.048,-0.043,-0.002,2405,0
2834312,3.067,9.263,-1.377,0.048,-0.035,-0.006,2407,0
2834325,3.084,9.285,-1.329,0.046,-0.028,-0.011,2405,0
2834345,3.081,9.27,-1.281,0.047,-0.026,-0.008,2404,0
2834365,3.086,9.258,-1.24,0.043,-0.019,-0.011,2404,0
2834385,3.103,9.213,-1.197,0.034,-0.031,-0.009,2404,0
2834405,3.105,9.237,-1.214,0.03,-0.031,-0.019,2404,0
2834425,3.084,9.285,-1.231,0.03,-0.041,-0.015,2404,0
2834445,3.048,9.325,-1.245,0.039,-0.042,0.003,2404,0
2834465,2.998,9.313,-1.353,0.034,-0.043,0.009,2404,0
2834485,3.031,9.292,-1.432,0.03,-0.05,0.003,2403,0
2834505,3.1,9.218,-1.465,0.034,-0.038,-0.006,2405,0
2834525,3.129,9.17,-1.413,0.051,-0.008,-0.011,2406,0
2834545,3.112,9.246,-1.331,0.041,0.002,-0.022,2404,0
2834565,3.115,9.213,-1.235,0.013,-0.007,-0.027,2405,0
2834585,3.065,9.201,-1.183,0.014,-0.018,-0.024,2403,0
2834605,3.038,9.287,-1.195,0.034,-0.028,-0.019,2405,0
2834625,3.045,9.321,-1.269,0.052,-0.043,-0.002,2404,0
2834645,3.084,9.328,-1.305,0.048,-0.047,0.004,2403,0
2834665,3.084,9.333,-1.274,0.054,-0.039,0.011,2405,0
2834685,3.084,9.266,-1.264,0.033,-0.046,0.019,2403,0
2834705,3.112,9.232,-1.295,0.052,-0.046,0.015,2404,0
2834725,3.117,9.215,-1.283,0.041,-0.038,0.014,2404,0
2834745,3.057,9.237,-1.319,0.059,-0.023,0.009,2403,0
2834765,3.043,9.268,-1.353,0.029,-0.021,0.007,2403,0
2834785,3.045,9.225,-1.317,0.037,-0.016,0.004,2403,0
2834805,3.048,9.182,-1.322,0.028,-0.01,-0.004,2403,0
2834825,3.026,9.239,-1.3,0.041,-0.009,-0.006,2404,0
2834845,3.017,9.287,-1.252,0.038,-0.011,-0.001,2403,0
2834865,3.024,9.249,-1.25,0.037,-0.016,0.001,2404,0
2834885,3.043,9.237,-1.245,0.048,-0.02,0.001,2405,0
2834905,3.06,9.222,-1.226,0.048,-0.019,-0.003,2402,0
2834925,3.069,9.218,-1.24,0.051,-0.023,-0.002,2402,0
2834945,3.069,9.196,-1.197,0.055,-0.025,-0.007,2404,0
2834965,3.089,9.165,-1.216,0.051,-0.03,-0.013,2405,0
2834985,3.091,9.167,-1.238,0.044,-0.033,-0.022,2403,0
2835005,3.053,9.258,-1.271,0.047,-0.029,-0.023,2403,0
2835025,3.002,9.371,-1.283,0.06,-0.023,-0.016,2405,0
2835045,2.969,9.366,-1.307,0.035,-0.029,-0.009,2404,0
2835065,3.012,9.294,-1.25,0.027,-0.038,-0.014,2404,0
2835085,3.062,9.234,-1.29,0.042,-0.039,-0.011,2404,0
2835105,3.077,9.227,-1.293,0.053,-0.03,-0.009,2404,0
2835125,3.05,9.318,-1.271,0.048,-0.023,-0.011,2404,0
2835145,3.05,9.316,-1.286,0.028,-0.021,-0.007,2404,0
2835165,3.041,9.321,-1.211,0.035,-0.028,-0.005,2405,0
2835185,3.033,9.297,-1.226,0.038,-0.033,0.001,2404,0
2835205,3.029,9.28,-1.243,0.039,-0.044,0.015,2404,0
2835225,3.043,9.27,-1.245,0.044,-0.044,0.009,2404,0
2835245,3.041,9.232,-1.25,0.041,-0.051,0.013,2403,0
2835265,3.072,9.246,-1.231,0.047,-0.053,0.005,2404,0
2835285,3.055,9.282,-1.3,0.033,-0.047,-0.003,2403,0
2835305,3.06,9.258,-1.365,0.022,-0.04,-0.004,2405,0
2835325,3.062,9.222,-1.281,0.016,-0.035,-0.0,2404,0
2835345,3.045,9.222,-1.267,0.025,-0.03,-0.01,2405,0
2835365,3.031,9.232,-1.262,0.033,-0.046,0.007,2404,0
2835385,3.014,9.285,-1.279,0.08,-0.047,0.023,2411,0
2835405,2.921,9.529,-1.305,0.094,-0.068,0.046,2408,0
2835425,2.763,9.764,-1.279,-0.014,-0.226,0.116,2405,0
2835445,3.242,9.515,-1.305,-0.151,-0.294,0.126,2457,0
2835465,3.347,8.813,-0.96,-0.268,-0.495,0.201,2559,0
2835485,3.496,8.815,-0.718,-0.19,-0.567,0.273,2737,0
2835505,3.256,9.155,-0.804,0.006,-0.636,0.306,2833,0
2835525,3.081,9.95,-1.341,0.247,-0.529,0.236,2913,0
2835545,2.926,10.084,-1.243,0.094,-0.657,0.3,2977,0
2835565,3.259,9.668,-0.979,-0.359,-1.007,0.339,3963,0
2835585,3.5,8.674,-0.929,-0.693,-0.972,0.21,3157,0
2835605,3.299,8.519,-1.719,-0.22,-0.852,0.31,3095,0
2835625,3.479,9.562,-1.154,-0.212,-0.836,0.388,3121,0
2835645,3.081,8.839,-1.664,-0.126,-0.67,0.424,3135,0
2835665,4.41,8.595,-2.392,0.077,-0.466,0.184,3151,0
2835685,3.333,8.305,-1.753,0.093,-0.251,0.028,3177,0
2835705,3.168,8.581,-1.554,0.002,-0.116,-0.047,3202,0
2835725,3.62,9.297,-1.279,0.052,-0.164,0.01,3213,0
2835745,3.215,8.868,-1.573,0.059,-0.187,0.073,3216,0
2835765,4.13,8.712,-1.681,0.225,-0.051,-0.096,3217,0
2835785,3.519,9.232,-1.42,0.162,0.017,-0.133,3219,0
2835805,3.026,8.933,-1.664,-0.036,-0.035,0.007,3218,0
2835825,4.041,8.729,-1.867,0.111,0.031,-0.052,3216,32
2835845,3.158,9.196,-1.58,0.184,0.076,-0.085,3216,1268
2835865,3.108,8.844,-1.666,0.036,0.091,-0.076,3213,1920
2835885,3.915,9.493,-1.492,0.17,0.077,-0.084,3212,2180
2835905,3.01,9.153,-1.432,0.042,0.059,0.026,3206,2288
2835925,3.634,8.859,-1.647,0.092,0.074,0.002,3205,2336
2835945,3.8,9.407,-1.233,0.125,0.063,-0.066,3202,2218
2835965,3.132,9.086,-1.13,0.011,0.015,-0.01,3198,2174
2835985,3.452,8.717,-1.487,0.028,0.017,-0.005,3196,2203
2836005,4.161,9.469,-1.453,0.217,0.03,-0.081,3191,2278
2836025,2.837,9.246,-1.441,0.042,0.025,0.011,3189,2480
2836045,3.565,8.94,-1.714,0.013,0.017,0.021,3187,2553
2836065,3.958,9.402,-1.355,0.132,0.036,-0.046,3185,2505
2836085,3.673,8.674,-1.575,0.006,0.004,0.014,3185,2558
2836105,3.524,9.086,-1.171,0.06,0.053,0.007,3184,2594
2836125,3.46,9.05,-1.398,0.064,0.022,-0.001,3184,2599
2836145,3.527,9.048,-1.472,0.072,-0.009,0.007,3183,2593
2836165,3.577,9.086,-1.537,0.083,0.006,0.002,3180,2515
2836185,3.426,9.084,-1.523,0.083,0.018,0.002,3179,2206
2836205,3.203,9.086,-1.379,0.046,-0.01,0.013,3174,1986
2836225,3.354,8.871,-1.238,0.063,-0.1,0.006,3171,1299
2836245,3.845,8.935,-1.539,0.161,-0.092,-0.039,3169,1474
2836265,3.567,9.103,-1.635,0.14,-0.005,-0.044,3166,1097
2836285,3.328,9.062,-1.604,0.096,0.004,-0.011,3167,0
2836305,3.093,8.871,-1.152,0.042,-0.027,0.002,3167,0
2836325,3.065,9.184,-0.95,0.061,-0.135,0.056,3168,0
2836345,3.776,8.808,-1.07,0.156,-0.157,0.002,3168,0
2836365,3.931,8.595,-1.53,0.354,-0.058,-0.115,3149,0
2836385,3.625,9.091,-2.136,0.404,0.14,-0.153,3119,0
2836405,3.189,9.685,-2.459,0.172,0.177,-0.096,3057,0
2836425,3.105,9.005,-2.054,-0.106,0.205,-0.063,2991,0
2836445,3.596,9.225,-2.121,-0.121,0.246,-0.083,2926,0
2836465,3.594,8.976,-1.618,0.066,0.324,-0.128,2831,0
2836485,3.534,8.959,-1.891,0.238,0.393,-0.178,2715,0
2836505,3.555,9.079,-1.726,0.303,0.405,-0.221,2653,0
2836525,3.412,9.069,-1.834,0.213,0.442,-0.231,2637,0
2836545,3.338,8.712,-1.405,0.117,0.394,-0.279,2625,0
2836565,3.395,8.885,-1.386,0.141,0.39,-0.313,2623,0
2836585,3.065,9.23,-1.697,0.069,0.276,-0.195,2621,0
2836605,3.366,9.45,-1.628,0.286,0.22,-0.2,2609,0
2836625,3.467,9.342,-1.674,0.28,0.241,-0.193,2570,0
2836645,2.725,8.83,-1.664,0.044,0.195,-0.108,2556,0
2836665,3.639,9.1,-1.329,0.101,0.184,-0.186,2543,0
2836685,3.294,9.608,-1.264,0.106,0.083,-0.145,2534,0
2836705,2.804,9.076,-1.59,0.007,0.09,-0.065,2525,0
2836725,3.689,9.558,-1.448,0.14,0.055,-0.122,2515,0
2836745,2.684,9.153,-1.434,0.06,-0.001,-0.061,2512,0
2836765,2.986,8.952,-1.322,0.036,0.054,-0.054,2513,0
2836785,3.62,9.828,-1.453,0.099,0.008,-0.12,2516,0
2836805,2.361,9.505,-1.812,-0.106,-0.09,-0.04,2526,0
2836825,2.856,8.741,-1.662,-0.119,-0.045,0.007,2535,0
2836845,3.795,9.306,-1.24,0.151,-0.019,-0.045,2536,0
2836865,2.643,9.285,-1.367,0.122,-0.047,-0.013,2541,0
2836885,2.775,8.851,-1.738,0.095,0.021,-0.004,2541,0
2836905,3.692,9.708,-1.712,0.172,-0.014,-0.052,2542,0
2836925,3.326,9.651,-1.635,0.062,-0.097,0.009,2542,0
2836945,2.346,8.863,-1.726,-0.078,-0.073,0.077,2543,0
2836965,3.582,9.103,-1.499,0.09,0.006,0.0,2544,0
2836985,3.493,9.787,-1.482,0.155,-0.041,-0.045,2544,0
2837005,2.241,8.952,-1.733,-0.062,-0.041,0.03,2545,0
2837025,3.338,8.945,-1.556,0.015,0.022,-0.003,2547,0
2837045,3.642,9.68,-1.472,0.102,-0.027,-0.041,2550,0
2837065,2.33,9.088,-1.597,-0.006,-0.067,0.022,2550,0
2837085,3.129,9.124,-1.724,0.111,-0.037,-0.061,2551,0
2837105,2.689,9.11,-1.75,0.047,-0.017,-0.026,2553,0
2837125,3.074,9.155,-1.788,0.021,-0.044,-0.018,2555,0
2837145,2.914,9.165,-1.75,0.032,-0.029,-0.018,2556,0
2837165,2.976,9.175,-1.638,0.055,-0.025,-0.024,2557,0
2837185,2.995,9.218,-1.556,0.072,-0.018,-0.029,2558,0
2837205,2.978,9.184,-1.53,0.056,-0.013,-0.034,2558,0
2837225,3.0,9.21,-1.585,0.051,-0.027,-0.028,2559,0
2837245,3.033,9.21,-1.53,0.051,-0.031,-0.039,2558,0
2837265,3.072,9.153,-1.53,0.043,-0.026,-0.052,2558,0
2837285,3.053,9.167,-1.551,0.029,-0.022,-0.036,2559,0
2837305,3.033,9.297,-1.585,0.059,-0.017,-0.028,2559,0
2837325,2.962,9.397,-1.647,0.016,-0.022,-0.007,2559,0
2837345,2.88,9.34,-1.688,-0.019,-0.017,0.006,2558,0
2837365,2.935,9.333,-1.666,0.005,-0.025,0.031,2559,0
2837385,2.976,9.383,-1.583,0.066,-0.015,0.026,2559,0
2837405,3.033,9.266,-1.494,0.084,-0.009,0.014,2558,0
2837425,3.06,9.172,-1.571,0.054,-0.016,-0.009,2559,0
2837445,3.077,9.191,-1.551,0.035,-0.013,-0.041,2559,0
2837465,3.144,9.112,-1.456,0.024,-0.017,-0.041,2559,0
2837485,3.124,9.122,-1.437,0.042,-0.003,-0.024,2559,0
2837505,3.057,9.239,-1.561,0.045,0.011,-0.021,2561,0
2837525,2.94,9.347,-1.547,0.033,0.006,-0.02,2559,0
2837545,2.952,9.371,-1.669,0.003,-0.023,0.008,2562,0
2837565,2.952,9.175,-1.614,0.004,-0.025,0.012,2559,0
2837585,2.899,9.218,-1.566,0.031,-0.034,0.013,2559,0
2837605,3.251,9.495,-1.559,0.197,-0.065,-0.048,2561,0
2837625,2.768,9.572,-1.621,0.184,-0.032,-0.039,2559,0
2837645,3.041,8.689,-1.638,0.059,0.003,0.017,2561,0
2837665,3.369,9.634,-1.41,0.066,-0.044,-0.015,2559,0
2837685,2.452,8.602,-1.659,-0.085,-0.006,0.022,2564,0
2837705,3.661,9.213,-1.516,0.095,0.04,-0.05,2559,0
2837725,2.674,9.677,-1.516,0.078,-0.03,-0.02,2559,0
2837745,2.456,8.787,-1.678,0.003,0.015,0.022,2561,0
2837765,3.567,9.615,-1.571,0.168,0.004,-0.023,2559,0
2837785,2.421,9.613,-1.654,0.066,-0.061,0.014,2559,0
2837805,2.466,8.727,-1.731,0.01,-0.009,0.036,2564,0
2837825,3.747,9.376,-1.482,0.159,-0.003,-0.036,2559,0
2837845,2.835,9.436,-1.391,0.076,-0.062,-0.024,2567,0
2837865,2.646,8.538,-1.472,-0.054,0.01,-0.01,2559,0
2837885,3.472,8.873,-1.401,0.003,0.054,-0.069,2559,0
2837905,2.885,9.687,-1.441,0.003,-0.023,-0.084,2559,0
2837925,2.176,9.208,-1.568,-0.072,-0.029,-0.035,2559,0
2837945,3.084,9.141,-1.556,0.034,0.024,-0.024,2559,0
2837965,3.498,10.036,-1.578,0.143,-0.032,-0.034,2564,0
2837985,2.219,9.536,-1.633,-0.01,-0.08,0.04,2567,0
2838005,2.686,8.851,-1.614,-0.03,-0.026,0.052,2559,0
2838025,3.73,9.548,-1.444,0.139,-0.047,-0.021,2568,0
2838045,2.777,9.491,-1.391,0.062,-0.104,0.006,2559,0
2838065,2.571,8.552,-1.566,-0.052,-0.038,0.04,2566,0
2838085,2.993,9.419,-1.482,-0.008,-0.103,0.001,2563,0
2838105,2.82,9.062,-1.911,0.091,0.067,-0.036,2561,0
2838125,3.122,9.141,-1.585,-0.003,-0.044,-0.021,2559,0
2838145,3.019,9.227,-1.559,0.006,-0.004,-0.03,2559,0
2838165,2.887,9.345,-1.674,0.03,-0.019,-0.01,2559,0
2838185,2.811,9.464,-1.731,0.068,-0.03,0.014,2566,0
2838205,2.818,9.536,-1.719,0.093,-0.038,0.035,2559,0
2838225,2.895,9.481,-1.626,0.092,-0.039,0.054,2561,0
2838245,2.978,9.337,-1.539,0.072,-0.031,0.055,2559,0
2838265,3.041,9.234,-1.523,0.045,-0.016,0.03,2562,0
2838285,3.1,9.064,-1.427,0.006,-0.012,0.006,2559,0
2838305,3.151,8.954,-1.384,-0.007,-0.008,-0.008,2559,0
2838325,3.093,9.041,-1.444,0.006,0.015,-0.028,2559,0
2838345,2.933,9.215,-1.482,0.018,0.011,-0.037,2561,0
2838365,2.883,9.301,-1.556,0.01,-0.003,-0.024,2561,0
