154084,3.953,1.925,8.914,0.020,0.040,-0.058,2535,0
154104,4.111,1.528,9.218,0.052,0.149,-0.003,2534,0
154124,3.785,1.211,9.364,0.181,0.225,-0.027,2533,0
154144,3.196,1.154,9.014,0.494,0.112,-0.094,2530,0
154164,2.586,1.223,9.347,0.864,-0.086,-0.063,2536,0
154184,2.995,1.437,7.872,0.883,-0.496,0.053,2545,0
154204,3.893,1.195,8.095,0.678,-0.572,-0.024,2547,0
154224,3.953,2.248,8.674,0.323,-0.584,-0.158,2546,0
154244,4.142,3.100,9.713,0.053,-0.764,-0.189,2547,0
154264,4.626,3.007,9.254,-0.011,-0.826,-0.156,2549,0
154284,5.016,2.382,8.483,0.023,-0.588,-0.163,2554,0
154304,5.088,2.195,8.128,0.096,-0.282,-0.258,2557,0
154324,4.764,2.883,8.042,0.033,-0.039,-0.284,2558,0
154344,4.463,3.098,8.109,-0.127,0.072,-0.190,2559,0
154364,4.310,2.746,8.255,-0.174,0.055,-0.109,2559,0
154384,4.417,2.318,8.298,-0.131,0.009,-0.099,2559,0
154404,4.547,2.061,8.492,-0.142,0.037,-0.108,2559,0
154424,4.544,1.707,8.995,-0.175,0.122,-0.104,2558,0
154444,4.293,1.463,9.170,-0.068,0.100,-0.116,2559,0
154464,4.214,1.860,8.729,0.088,0.038,-0.152,2558,0
154484,4.142,1.954,8.490,0.040,-0.070,-0.167,2559,0
154504,4.233,2.116,8.253,-0.042,-0.137,-0.167,2558,0
154524,4.250,2.124,7.934,-0.028,-0.072,-0.146,2559,0
154544,4.195,2.045,7.848,-0.005,0.039,-0.100,2559,0
154564,4.156,1.908,7.860,-0.006,0.127,-0.088,2559,0
154584,4.233,2.095,8.167,-0.120,0.196,-0.076,2559,0
154604,4.348,2.231,8.729,-0.255,0.245,-0.041,2558,0
154624,4.300,2.143,9.074,-0.279,0.295,-0.005,2558,0
154644,4.099,2.085,9.000,-0.207,0.369,0.031,2557,0
154664,3.879,1.925,9.043,-0.104,0.321,0.030,2553,0
154684,3.759,1.978,9.041,-0.150,0.176,0.018,2548,0
154704,3.785,1.714,9.206,-0.208,0.034,0.025,2545,0
154724,3.546,1.070,9.419,-0.173,-0.108,0.033,2542,0
154744,3.984,1.089,9.306,0.048,-0.343,-0.083,2537,0
154764,3.862,1.484,9.170,0.171,-0.477,-0.137,2537,0
154784,3.936,1.906,8.827,0.198,-0.641,-0.123,2536,0
154804,4.130,2.138,8.475,0.168,-0.753,-0.075,2536,0
154824,4.405,2.160,8.274,0.120,-0.735,-0.036,2537,0
154844,4.678,2.033,8.078,0.137,-0.593,-0.050,2540,0
154864,4.772,2.069,8.272,0.193,-0.405,-0.096,2538,0
154884,4.666,2.188,8.396,0.234,-0.305,-0.134,2539,0
154904,4.551,2.464,8.305,0.205,-0.311,-0.116,2540,0
154924,4.571,2.519,8.219,0.108,-0.330,-0.054,2539,0
154944,4.724,2.267,8.174,0.040,-0.307,-0.006,2540,0
154964,4.846,1.975,8.411,0.032,-0.250,0.002,2537,0
154984,4.647,1.966,9.017,0.133,-0.304,0.002,2537,0
155004,4.554,1.982,9.079,0.319,-0.529,0.046,2534,0
155024,4.820,2.085,8.361,0.422,-0.626,0.068,2532,0
155044,5.133,1.961,7.652,0.390,-0.507,0.026,2529,0
155064,5.349,1.903,7.685,0.349,-0.220,0.009,2529,0
155084,5.375,2.128,8.013,0.425,-0.040,-0.007,2528,0
155104,5.250,2.265,7.968,0.443,-0.007,-0.071,2527,0
155124,5.157,2.392,7.819,0.385,-0.020,-0.139,2524,0
155144,5.116,2.715,7.628,0.334,-0.001,-0.161,2523,0
155164,5.114,3.024,7.511,0.153,0.045,-0.099,2522,0
155184,5.128,2.919,7.712,-0.012,0.098,-0.033,2523,0
155204,5.021,2.784,8.030,-0.092,0.104,0.009,2524,0
155224,5.001,2.552,8.167,-0.123,0.035,0.023,2524,0
155244,5.052,2.356,8.188,-0.070,0.066,0.021,2526,0
155264,4.906,2.411,8.176,0.006,0.089,0.003,2527,0
155284,4.724,2.638,8.274,0.052,0.032,-0.001,2525,0
155304,4.738,2.581,8.265,0.078,-0.035,0.047,2525,0
155324,4.882,2.490,8.226,0.138,-0.019,0.116,2527,0
155344,4.985,2.425,8.140,0.200,0.025,0.132,2527,0
155364,5.069,2.540,8.045,0.219,0.047,0.087,2525,0
155384,5.155,2.595,8.023,0.188,0.074,0.025,2527,0
155404,5.045,2.701,7.961,0.136,0.067,-0.034,2525,0
155424,5.033,2.840,7.939,0.072,0.020,-0.076,2524,0
155444,4.997,2.923,7.702,0.017,0.014,-0.094,2525,0
155464,4.987,2.828,7.611,-0.134,0.116,-0.082,2522,0
155484,4.949,2.365,7.772,-0.322,0.206,-0.096,2522,0
155504,4.863,2.112,7.985,-0.411,0.288,-0.148,2523,0
155524,4.630,2.322,8.246,-0.444,0.324,-0.194,2525,0
155544,4.513,2.440,8.784,-0.433,0.254,-0.195,2529,0
155564,4.429,2.320,9.201,-0.314,0.096,-0.177,2530,0
155584,4.532,2.241,9.067,-0.116,0.046,-0.123,2529,0
155604,4.405,2.411,8.792,0.029,0.058,-0.085,2528,0
155624,4.293,2.705,8.624,0.007,-0.007,-0.045,2528,0
155644,4.475,2.749,8.375,-0.027,-0.072,0.017,2530,0
155664,4.604,2.567,8.176,-0.009,-0.054,0.045,2530,0
155684,4.580,2.440,8.339,-0.007,-0.036,0.042,2530,0
155704,4.621,2.136,8.478,-0.012,-0.084,0.051,2527,0
155724,4.791,1.870,8.339,0.005,-0.090,0.038,2528,0
155744,4.788,1.774,8.262,0.028,-0.080,-0.003,2525,0
155764,4.726,2.157,8.373,0.058,-0.106,-0.029,2526,0
155784,4.599,2.392,8.588,0.069,-0.172,0.005,2527,0
155804,4.547,2.490,8.622,0.107,-0.285,0.079,2526,0
155824,4.774,2.169,8.260,0.141,-0.305,0.092,2524,0
155844,4.951,1.985,8.059,0.159,-0.237,0.018,2523,0
155864,4.922,2.128,8.016,0.147,-0.152,-0.044,2523,0
155884,4.721,2.313,8.183,0.134,-0.124,-0.062,2520,0
155904,4.606,2.447,8.255,0.124,-0.181,-0.030,2519,0
155924,4.712,2.464,8.112,0.079,-0.197,0.003,2518,0
155944,4.889,2.363,8.135,0.029,-0.160,-0.010,2518,0
155964,4.922,2.174,8.212,0.019,-0.109,-0.026,2516,0
155984,4.927,2.186,8.215,0.025,-0.075,-0.027,2517,0
156004,4.855,2.385,8.349,0.023,-0.070,-0.015,2517,0
156024,4.970,2.543,8.238,0.013,-0.088,0.013,2516,0
156044,5.150,2.452,8.040,-0.006,-0.055,-0.004,2518,0
156064,5.097,2.447,8.006,-0.014,-0.008,-0.025,2516,0
156084,4.958,2.617,7.994,-0.030,0.026,0.003,2518,0
156104,4.877,2.559,8.097,-0.045,0.032,0.058,2516,0
156124,5.006,2.497,8.167,-0.047,0.007,0.071,2515,0
156144,5.028,2.255,8.195,-0.098,-0.009,0.023,2516,0
156164,5.016,2.097,8.171,-0.067,-0.001,-0.030,2514,0
156184,5.071,1.896,8.507,0.104,0.099,-0.051,2514,0
156204,5.047,2.016,8.564,0.165,0.188,-0.079,2515,0
156224,4.779,2.138,8.557,0.195,0.198,-0.102,2513,0
156244,4.348,2.217,8.454,0.327,0.135,-0.096,2512,0
156264,4.156,2.555,8.229,0.455,-0.029,-0.066,2512,0
156284,4.245,2.883,8.052,0.436,-0.182,0.056,2519,0
156304,4.853,2.794,7.942,0.248,-0.197,0.185,2523,0
156324,5.128,2.497,7.951,-0.077,-0.169,0.245,2525,0
156344,5.466,2.002,8.334,-0.196,-0.167,0.099,2526,0
156364,5.511,2.320,8.722,-0.115,-0.065,-0.022,2528,0
156384,5.203,2.576,9.373,0.043,0.021,-0.068,2532,0
156404,4.968,2.734,9.306,0.175,-0.064,-0.082,2532,0
156424,4.815,2.713,8.641,0.225,-0.194,-0.095,2532,0
156444,4.760,2.768,8.088,0.204,-0.202,-0.110,2535,0
156464,4.769,2.751,7.714,0.229,-0.064,-0.120,2536,0
156484,4.628,2.820,7.362,0.318,0.116,-0.124,2541,0
156504,4.535,3.012,7.080,0.312,0.284,-0.086,2541,0
156524,4.393,3.136,7.037,0.166,0.478,-0.023,2542,0
156544,3.871,3.081,7.693,-0.010,0.578,0.071,2541,0
156564,3.687,2.942,8.289,0.012,0.364,0.136,2543,0
156584,3.768,2.770,8.231,0.113,0.090,0.157,2543,0
156604,4.168,2.370,7.841,0.080,-0.035,0.202,2543,0
156624,4.472,1.834,7.719,-0.070,0.001,0.257,2542,0
156644,4.666,1.353,7.774,-0.254,0.051,0.252,2540,0
156664,4.870,0.824,8.243,-0.297,0.046,0.137,2541,0
156684,4.980,0.713,8.720,-0.147,-0.031,-0.015,2540,0
156704,5.207,1.396,8.947,0.008,-0.104,-0.106,2542,0
156724,5.236,2.425,8.926,0.077,-0.107,-0.131,2543,0
156744,5.131,3.225,8.631,0.125,-0.026,-0.057,2550,0
156764,5.030,3.735,8.200,0.210,0.072,0.100,2557,0
156784,4.843,3.735,7.769,0.195,0.120,0.201,2558,0
156804,4.729,3.237,7.752,0.120,0.087,0.209,2558,0
156824,4.551,3.151,8.116,0.077,0.172,0.236,2557,0
156844,4.405,2.969,8.449,0.133,0.252,0.339,2558,0
156864,4.427,2.674,8.392,0.187,0.280,0.419,2556,0
156884,4.472,2.006,8.047,0.083,0.238,0.359,2547,0
156904,4.578,1.621,8.317,-0.063,0.190,0.211,2544,0
156924,4.594,1.441,8.514,-0.115,0.094,0.048,2541,0
156944,4.477,1.384,9.505,0.006,-0.050,-0.160,2535,0
156964,4.326,2.090,9.103,0.106,-0.218,-0.299,2534,0
156984,4.202,2.540,8.849,0.049,-0.511,-0.393,2534,0
157004,4.348,2.567,8.540,-0.187,-0.798,-0.460,2532,0
157024,4.611,2.239,8.258,-0.267,-0.821,-0.478,2534,0
157044,4.733,2.361,8.152,-0.196,-0.638,-0.480,2536,0
157064,4.688,2.885,8.277,-0.156,-0.490,-0.448,2540,0
157084,4.561,2.964,8.351,-0.264,-0.521,-0.435,2539,0
157104,4.666,2.492,8.238,-0.238,-0.556,-0.390,2540,0
157124,4.966,2.488,8.195,-0.087,-0.438,-0.312,2542,0
157144,4.980,2.579,8.085,0.036,-0.329,-0.256,2543,0
157164,4.954,2.806,8.231,0.008,-0.318,-0.197,2544,0
157184,4.946,2.844,8.102,-0.059,-0.384,-0.161,2543,0
157204,5.150,2.543,7.939,-0.077,-0.427,-0.127,2544,0
157224,5.485,2.083,7.997,-0.058,-0.367,-0.100,2544,0
157244,5.614,1.894,8.140,-0.025,-0.288,-0.168,2545,0
157264,5.353,2.073,8.071,0.012,-0.295,-0.279,2545,0
157284,5.193,2.330,7.937,0.038,-0.354,-0.318,2546,0
157304,5.191,2.550,7.807,0.091,-0.363,-0.296,2548,0
157324,5.222,2.804,7.717,0.116,-0.333,-0.270,2548,0
157344,5.258,2.887,7.697,0.073,-0.318,-0.260,2548,0
157364,5.344,2.921,7.721,-0.008,-0.298,-0.231,2550,0
157384,5.385,2.828,7.717,-0.040,-0.256,-0.205,2552,0
157404,5.294,2.907,7.779,-0.002,-0.246,-0.208,2551,0
157424,5.399,2.899,7.697,0.064,-0.290,-0.199,2549,0
157444,5.547,3.242,7.037,0.080,-0.260,-0.110,2551,0
157464,5.801,2.935,6.687,0.157,0.077,0.047,2553,0
157484,5.672,3.136,6.941,0.484,0.498,0.193,2559,0
157504,5.756,3.352,6.857,0.480,0.844,0.317,2575,0
157524,5.722,3.017,6.979,0.412,1.294,0.458,2591,0
157544,5.306,3.086,7.563,0.404,1.661,0.535,2588,0
157564,4.774,3.005,8.054,0.292,1.682,0.551,2563,0
157584,4.427,2.878,8.430,0.140,1.577,0.545,2559,0
157604,4.104,2.684,8.667,-0.054,1.279,0.455,2551,0
157624,3.761,2.284,9.060,-0.286,0.831,0.289,2543,0
157644,3.840,1.930,9.649,-0.303,0.440,0.129,2535,0
157664,3.651,1.697,9.936,-0.188,-0.006,-0.040,2530,0
157684,3.474,1.810,9.670,0.019,-0.541,-0.198,2524,0
157704,3.754,2.370,9.134,0.086,-1.029,-0.260,2522,0
157724,4.209,2.521,8.502,0.000,-1.224,-0.310,2522,0
157744,4.532,2.478,7.920,-0.033,-1.143,-0.348,2527,0
157764,4.779,2.729,7.728,-0.017,-0.903,-0.317,2531,0
157784,4.870,2.782,7.594,-0.005,-0.632,-0.228,2534,0
157804,5.018,2.957,7.803,-0.005,-0.426,-0.151,2537,0
157824,4.994,2.823,7.980,0.000,-0.311,-0.104,2540,0
157844,4.987,2.693,8.138,0.010,-0.312,-0.098,2539,0
157864,5.052,2.574,8.119,0.004,-0.332,-0.104,2539,0
157884,5.102,2.655,8.018,0.028,-0.330,-0.100,2541,0
157904,5.136,2.749,7.877,0.004,-0.304,-0.071,2541,0
157924,5.243,2.670,7.966,-0.052,-0.292,-0.067,2540,0
157944,5.234,2.495,8.066,-0.017,-0.302,-0.108,2542,0
157964,5.236,2.468,7.968,0.051,-0.323,-0.133,2543,0
157984,5.239,2.679,7.848,0.087,-0.318,-0.152,2544,0
158004,5.241,2.837,7.726,0.070,-0.312,-0.167,2544,0
158024,5.215,3.033,7.671,0.021,-0.318,-0.196,2544,0
158044,5.167,3.093,7.769,-0.039,-0.372,-0.214,2544,0
158064,5.248,2.820,7.645,-0.034,-0.419,-0.204,2544,0
158084,5.437,2.691,7.448,0.001,-0.363,-0.207,2544,0
158104,5.535,2.749,7.348,0.013,-0.232,-0.218,2544,0
158124,5.528,2.871,7.520,-0.026,-0.142,-0.205,2544,0
158144,5.576,2.909,7.700,-0.033,-0.132,-0.189,2544,0
158164,5.657,2.792,7.633,-0.007,-0.115,-0.173,2544,0
158184,5.660,2.787,7.580,0.038,-0.059,-0.167,2544,0
158204,5.619,2.940,7.527,0.061,0.011,-0.150,2543,0
158224,5.488,3.115,7.511,0.037,0.060,-0.107,2545,0
158244,5.387,3.218,7.527,-0.010,0.060,-0.045,2545,0
158264,5.430,3.060,7.489,-0.033,0.087,0.014,2545,0
158284,5.581,2.959,7.491,-0.002,0.202,0.058,2546,0
158304,5.502,2.890,7.640,0.004,0.284,0.071,2547,0
158324,5.322,2.801,7.968,-0.007,0.224,0.051,2548,0
158344,5.231,2.686,8.100,-0.026,0.082,0.023,2547,0
158364,5.286,2.626,8.025,-0.019,-0.015,-0.022,2548,0
158384,5.227,2.638,7.894,0.009,-0.040,-0.054,2547,0
158404,5.186,2.749,7.805,0.025,-0.039,-0.054,2548,0
158424,5.186,2.787,7.791,0.010,-0.056,-0.062,2546,0
158444,5.241,2.804,7.834,-0.019,-0.084,-0.092,2545,0
158464,5.270,2.811,7.851,-0.022,-0.090,-0.082,2547,0
158484,5.265,2.830,7.793,0.007,-0.064,-0.055,2546,0
158504,5.294,2.796,7.774,0.013,-0.045,-0.030,2545,0
158524,5.291,2.823,7.786,0.014,-0.045,-0.035,2547,0
158544,5.303,2.849,7.851,-0.023,-0.078,-0.050,2545,0
158564,5.289,2.763,7.819,-0.034,-0.113,-0.070,2545,0
158584,5.322,2.756,7.767,-0.007,-0.117,-0.062,2545,0
158604,5.341,2.820,7.681,0.035,-0.063,-0.041,2545,0
158624,5.294,2.914,7.745,0.047,-0.031,-0.022,2546,0
158644,5.296,2.863,7.798,0.033,-0.040,-0.019,2544,0
158664,5.294,2.823,7.815,0.029,-0.044,-0.019,2545,0
158684,5.294,2.832,7.776,0.042,-0.037,-0.007,2544,0
158704,5.301,2.799,7.796,0.057,-0.025,0.008,2545,0
158724,5.344,2.789,7.798,0.065,-0.026,0.005,2545,0
158744,5.318,2.847,7.805,0.054,-0.031,0.001,2545,0
158764,5.329,2.902,7.731,0.050,-0.033,0.006,2544,0
158784,5.339,2.902,7.714,0.062,0.010,0.022,2545,0
158804,5.258,2.854,7.764,0.063,0.025,0.039,2543,0
158824,5.277,2.772,7.779,0.032,-0.002,0.035,2544,0
158844,5.291,2.744,7.819,0.019,-0.041,0.013,2544,0
158864,5.325,2.729,7.762,0.029,-0.041,0.006,2544,0
158884,5.325,2.749,7.819,0.056,-0.014,0.006,2545,0
158904,5.289,2.741,7.805,0.052,-0.025,0.000,2544,0
158924,5.334,2.763,7.865,0.022,-0.064,-0.021,2544,0
158944,5.310,2.804,7.810,0.021,-0.085,-0.025,2544,0
158964,5.310,2.825,7.776,0.038,-0.087,-0.016,2544,0
158984,5.325,2.770,7.740,0.037,-0.075,-0.006,2543,0
159004,5.334,2.799,7.776,0.042,-0.079,-0.019,2544,0
159024,5.365,2.851,7.693,0.045,-0.078,-0.026,2543,0
159044,5.399,2.878,7.690,0.043,-0.055,-0.017,2544,0
159064,5.430,2.940,7.645,0.021,-0.035,-0.028,2544,0
159084,5.564,2.880,7.561,0.023,0.028,-0.056,2545,0
159104,5.574,3.041,7.685,0.028,0.076,-0.078,2544,0
159124,5.612,2.969,7.855,0.008,0.107,-0.101,2544,0
159144,5.543,2.856,8.088,0.015,0.131,-0.133,2545,0
159164,5.164,2.660,8.068,0.062,0.102,-0.143,2543,0
159184,4.803,2.636,7.882,0.073,0.058,-0.105,2543,0
159204,4.623,2.715,7.717,0.119,-0.042,-0.047,2540,0
159224,4.858,2.976,7.580,0.086,-0.039,0.040,2538,0
159244,4.662,3.158,7.614,0.067,-0.064,0.089,2536,0
159264,4.398,3.055,8.009,0.130,-0.234,0.236,2535,0
159284,5.143,2.382,8.128,0.269,-0.354,0.327,2537,0
159304,5.796,2.263,7.810,0.451,-0.236,0.185,2539,0
159324,5.811,2.725,8.222,0.449,-0.215,0.096,2535,0
159344,5.966,2.957,7.817,0.281,-0.296,-0.023,2535,0
159364,5.928,3.048,7.178,0.092,-0.220,-0.111,2537,0
159384,5.765,3.208,6.780,-0.061,-0.021,-0.120,2543,0
159404,5.586,3.273,6.804,-0.205,0.161,-0.100,2544,0
159424,5.425,3.203,7.025,-0.335,0.299,-0.063,2545,0
159444,5.243,3.021,7.515,-0.370,0.369,-0.028,2544,0
159464,5.160,2.914,8.023,-0.350,0.324,-0.014,2544,0
159484,5.212,2.741,8.231,-0.268,0.248,-0.029,2544,0
159504,5.205,2.761,8.131,-0.157,0.218,-0.041,2544,0
159524,4.944,2.933,8.188,-0.109,0.227,0.010,2543,0
159544,5.004,2.959,8.198,-0.049,0.096,0.050,2544,0
159564,5.092,2.686,7.843,0.017,0.128,0.079,2543,0
159584,4.997,2.720,7.750,0.082,0.250,0.095,2545,0
159604,4.939,2.835,7.987,0.067,0.228,0.133,2545,0
159624,5.061,2.595,7.949,0.077,0.208,0.146,2547,0
159644,5.049,2.629,7.961,0.122,0.299,0.156,2548,0
159664,4.975,2.667,8.009,0.163,0.332,0.159,2548,0
159684,4.882,2.729,7.992,0.179,0.365,0.160,2548,0
159704,4.743,2.916,7.975,0.159,0.411,0.179,2549,0
159724,4.623,3.091,8.147,0.099,0.434,0.217,2547,0
159744,4.611,2.744,8.315,0.037,0.354,0.233,2550,0
159764,4.652,2.466,8.327,0.039,0.360,0.224,2549,0
159784,4.580,2.310,8.394,0.063,0.363,0.192,2546,0
159804,4.561,2.303,8.495,0.068,0.304,0.130,2544,0
159824,4.503,2.444,8.526,0.038,0.246,0.087,2542,0
159844,4.465,2.502,8.473,0.030,0.202,0.057,2542,0
159864,4.424,2.521,8.495,0.055,0.195,0.046,2538,0
159884,4.331,2.583,8.497,0.064,0.159,0.040,2533,0
159904,4.286,2.598,8.590,0.039,0.060,0.019,2533,0
159924,4.357,2.557,8.550,0.028,0.013,0.008,2532,0
159944,4.334,2.598,8.475,0.061,0.036,0.008,2531,0
159964,4.238,2.619,8.437,0.050,-0.014,0.002,2531,0
159984,4.310,2.579,8.447,0.011,-0.086,-0.020,2529,0
160004,4.331,2.540,8.514,-0.004,-0.138,-0.043,2531,0
160024,4.300,2.471,8.653,-0.005,-0.260,-0.076,2528,0
160044,4.338,2.246,8.837,-0.061,-0.508,-0.147,2526,0
160064,4.472,2.191,8.712,-0.054,-0.650,-0.205,2526,0
160084,4.628,2.274,8.444,-0.049,-0.665,-0.241,2523,0
160104,4.724,2.497,8.162,-0.027,-0.620,-0.262,2523,0
160124,4.798,2.655,7.982,-0.012,-0.535,-0.263,2523,0
160144,4.843,2.840,7.843,-0.034,-0.447,-0.245,2524,0
160164,4.899,2.806,7.848,-0.048,-0.347,-0.213,2522,0
160184,4.951,2.856,7.932,-0.029,-0.248,-0.169,2526,0
160204,4.939,2.844,8.021,-0.029,-0.190,-0.134,2526,0
160224,4.961,2.751,8.040,-0.026,-0.188,-0.114,2526,0
160244,4.999,2.650,7.946,-0.008,-0.137,-0.092,2528,0
160264,5.016,2.696,7.934,0.023,-0.072,-0.093,2528,0
160284,4.990,2.713,7.951,0.005,-0.043,-0.082,2529,0
160304,4.954,2.734,7.997,-0.013,-0.026,-0.058,2529,0
160324,4.990,2.693,8.035,-0.007,0.011,-0.044,2530,0
160344,4.934,2.646,8.112,-0.010,0.020,-0.054,2529,0
160364,4.901,2.670,8.159,-0.018,-0.022,-0.063,2532,0
160384,4.949,2.634,8.059,-0.009,-0.017,-0.047,2530,0
160404,4.906,2.789,8.047,0.003,0.016,-0.025,2532,0
160424,4.899,2.689,8.112,0.012,0.033,-0.005,2530,0
160444,4.894,2.576,8.116,0.014,0.013,-0.007,2531,0
160464,4.889,2.569,8.243,0.016,-0.013,-0.021,2531,0
160484,4.934,2.672,8.124,0.018,-0.036,-0.014,2532,0
160504,4.990,2.641,8.061,0.050,0.020,-0.011,2530,0
160524,5.006,2.579,7.985,0.060,0.058,-0.039,2531,0
160544,4.958,2.559,8.167,0.011,0.023,-0.078,2530,0
160564,4.858,2.691,8.159,0.003,-0.010,-0.082,2530,0
160584,4.805,2.823,8.212,0.019,0.020,-0.041,2530,0
160604,4.697,2.832,8.152,-0.003,-0.012,0.001,2530,0
160624,4.712,2.612,8.124,-0.030,-0.040,0.017,2529,0
160644,4.755,2.490,8.222,-0.024,-0.071,0.013,2529,0
160664,4.769,2.478,8.234,-0.034,-0.112,0.008,2529,0
160684,4.841,2.516,8.224,-0.028,-0.158,0.000,2529,0
160704,4.855,2.488,8.308,-0.027,-0.210,-0.017,2530,0
160724,4.846,2.356,8.547,-0.057,-0.379,-0.039,2530,0
160744,4.920,2.212,8.416,-0.027,-0.552,-0.087,2529,0
160764,5.085,2.258,8.159,0.016,-0.620,-0.130,2529,0
160784,5.363,2.476,7.836,0.064,-0.543,-0.167,2527,0
160804,5.370,2.722,7.697,0.075,-0.434,-0.179,2527,0
160824,5.375,2.758,7.678,0.036,-0.390,-0.183,2526,0
160844,5.401,2.713,7.638,0.047,-0.322,-0.164,2525,0
160864,5.466,2.782,7.573,0.070,-0.245,-0.139,2527,0
160884,5.454,2.851,7.479,0.071,-0.147,-0.118,2526,0
160904,5.454,2.974,7.377,0.079,-0.008,-0.086,2526,0
160924,5.399,2.971,7.693,0.074,0.088,-0.041,2525,0
160944,5.344,2.753,7.906,0.039,0.059,-0.028,2526,0
160964,5.449,2.741,7.805,0.022,0.026,-0.033,2525,0
160984,5.713,2.777,7.870,0.090,0.198,-0.038,2525,0
161004,5.511,2.782,7.980,0.186,0.334,-0.081,2524,0
161024,5.179,2.753,8.052,0.200,0.286,-0.132,2524,0
161044,4.812,2.674,7.910,0.103,0.152,-0.127,2520,0
161064,4.743,2.634,7.678,0.056,0.020,-0.092,2519,0
161084,4.741,2.679,7.661,0.050,0.005,-0.036,2519,0
161104,4.683,2.844,7.558,0.002,-0.014,0.032,2521,0
161124,4.913,2.959,7.757,-0.064,-0.008,0.114,2525,0
161144,5.064,2.832,8.049,-0.046,-0.001,0.139,2526,0
161164,4.721,2.693,8.468,0.108,-0.110,0.193,2527,0
161184,4.944,2.409,8.329,0.288,-0.285,0.288,2527,0
161204,5.430,2.562,7.894,0.390,-0.294,0.271,2528,0
161224,5.519,3.182,7.860,0.281,-0.261,0.175,2528,0
161244,5.643,2.928,7.956,0.167,-0.348,0.057,2526,0
161264,5.653,2.655,7.659,0.196,-0.291,-0.009,2529,0
161284,5.540,2.739,7.410,0.153,-0.199,-0.019,2530,0
161304,5.526,2.904,7.374,0.077,-0.160,-0.009,2531,0
161324,5.456,3.127,7.319,0.042,-0.086,0.027,2531,0
161344,5.399,3.050,7.515,0.048,-0.040,0.063,2532,0
161364,5.499,2.883,7.633,0.058,-0.017,0.054,2532,0
161384,5.557,2.749,7.688,0.048,0.001,0.019,2532,0
161404,5.490,2.799,7.666,0.050,0.010,-0.003,2531,0
161424,5.459,2.942,7.738,0.036,-0.008,0.010,2531,0
161444,5.488,2.883,7.697,0.060,-0.023,0.024,2529,0
161464,5.471,2.806,7.695,0.080,-0.008,0.015,2529,0
161484,5.459,2.729,7.683,0.110,-0.006,-0.003,2528,0
161504,5.447,2.842,7.673,0.095,-0.020,-0.017,2527,0
161524,5.428,2.978,7.611,0.003,-0.064,-0.028,2526,0
161544,5.483,2.907,7.683,-0.071,-0.087,-0.026,2527,0
161564,5.504,2.835,7.554,-0.066,-0.051,-0.027,2526,0
161584,5.478,2.909,7.506,-0.052,0.011,-0.030,2527,0
161604,5.375,2.986,7.511,-0.137,0.045,-0.027,2526,0
161624,5.420,2.799,7.894,-0.136,-0.045,-0.046,2526,0
161644,5.612,2.763,7.690,-0.063,-0.048,-0.063,2526,0
161664,5.883,2.873,7.781,0.059,0.150,-0.094,2526,0
161684,5.976,2.947,7.889,0.077,0.238,-0.180,2523,0
161704,5.368,2.868,7.803,0.058,0.257,-0.253,2521,0
161724,4.808,2.863,7.731,0.055,0.163,-0.183,2517,0
161744,4.666,3.230,7.793,0.018,0.050,-0.032,2515,0
161764,5.004,2.998,7.875,-0.017,0.045,0.076,2515,0
161784,5.104,2.550,7.867,0.063,0.073,0.052,2512,0
161804,4.992,2.543,7.812,0.099,0.045,-0.010,2510,0
161824,4.999,2.825,7.767,0.038,-0.028,-0.029,2511,0
161844,4.930,2.921,7.920,0.058,-0.098,-0.023,2508,0
161864,4.863,2.832,7.774,0.084,-0.204,0.061,2511,0
161884,5.174,2.442,7.681,0.175,-0.188,0.079,2513,0
161904,5.401,2.528,7.714,0.315,-0.152,-0.034,2513,0
161924,5.088,3.330,7.949,0.260,-0.236,-0.015,2515,0
161944,5.243,3.072,7.834,-0.071,-0.425,0.113,2515,0
161964,5.878,2.820,7.985,0.017,-0.350,0.099,2519,0
161984,5.859,2.844,7.807,0.191,-0.212,0.028,2523,0
162004,5.720,2.866,7.465,0.140,-0.148,-0.056,2526,0
162024,5.552,3.100,7.312,0.006,-0.124,-0.080,2530,0
162044,5.533,3.081,7.250,-0.099,-0.088,-0.069,2530,0
162064,5.555,2.942,7.353,-0.102,-0.027,-0.072,2530,0
162084,5.495,2.935,7.453,-0.066,0.045,-0.075,2531,0
162104,5.425,3.017,7.652,-0.028,0.100,-0.052,2533,0
162124,5.373,3.072,7.810,0.013,0.085,-0.023,2531,0
162144,5.389,3.096,7.736,0.002,0.041,0.002,2531,0
162164,5.468,2.995,7.649,-0.011,0.038,0.015,2533,0
162184,5.444,2.883,7.575,0.019,0.083,0.019,2531,0
162204,5.380,2.880,7.628,0.031,0.114,0.011,2531,0
162224,5.341,2.887,7.796,-0.012,0.084,0.003,2532,0
162244,5.341,2.811,7.786,-0.034,0.039,-0.005,2531,0
162264,5.375,2.847,7.743,-0.023,0.028,-0.021,2534,0
162284,5.370,2.851,7.695,-0.024,0.041,-0.034,2532,0
162304,5.346,2.909,7.685,-0.029,0.073,-0.034,2534,0
162324,5.248,2.993,7.661,-0.049,0.110,-0.010,2533,0
162344,5.210,3.012,7.750,-0.073,0.118,0.024,2533,0
162364,5.248,2.856,7.925,-0.036,0.096,0.041,2533,0
162384,5.236,2.672,7.884,0.007,0.108,0.048,2534,0
162404,5.191,2.665,7.946,0.023,0.099,0.040,2535,0
162424,5.217,2.725,7.906,0.014,0.062,0.027,2534,0
162444,5.207,2.780,7.889,0.011,0.058,0.020,2537,0
162464,5.143,2.818,7.877,0.007,0.060,0.021,2535,0
162484,5.047,2.844,8.006,0.012,0.027,0.027,2536,0
162504,5.167,2.655,8.001,0.011,-0.019,0.018,2538,0
162524,5.265,2.634,7.922,0.034,-0.015,-0.005,2536,0
162544,5.176,2.741,7.956,0.042,0.010,-0.016,2536,0
162564,5.119,2.832,7.901,0.037,-0.008,-0.011,2536,0
162584,5.116,2.842,7.834,0.034,0.012,0.010,2537,0
162604,5.016,2.847,7.863,0.019,0.019,0.027,2537,0
162624,5.092,2.751,7.987,-0.006,-0.038,0.030,2536,0
162644,5.200,2.579,7.968,0.021,-0.047,0.019,2534,0
162664,5.167,2.571,8.011,0.076,-0.031,-0.006,2534,0
162684,5.148,2.653,7.977,0.081,-0.045,-0.013,2534,0
162704,5.131,2.641,8.078,0.088,-0.062,-0.020,2533,0
162724,5.116,2.626,8.341,0.120,-0.137,-0.041,2533,0
162744,5.100,2.646,8.370,0.193,-0.250,-0.070,2531,0
162764,5.260,2.794,7.989,0.225,-0.304,-0.078,2530,0
162784,5.464,2.935,7.834,0.228,-0.249,-0.074,2529,0
162804,5.643,3.007,7.942,0.261,-0.154,-0.096,2530,0
162824,5.595,2.974,8.047,0.311,-0.051,-0.121,2533,0
162844,5.294,2.883,8.468,0.430,-0.069,-0.111,2531,0
162864,5.385,2.837,8.686,0.566,-0.222,-0.091,2531,0
162884,5.847,2.756,8.325,0.702,-0.301,-0.190,2532,0
162904,6.019,2.890,7.831,0.869,-0.223,-0.385,2533,0
162924,5.875,3.448,7.496,1.015,-0.079,-0.519,2532,0
162944,5.595,3.883,7.386,1.098,0.023,-0.539,2531,0
162964,5.243,4.175,7.721,1.207,-0.034,-0.525,2535,0
162984,5.066,4.764,7.642,1.181,-0.230,-0.437,2535,0
163004,5.346,5.538,7.333,0.922,-0.385,-0.266,2538,0
163024,5.538,5.569,7.116,0.570,-0.405,-0.077,2539,0
163044,5.550,5.289,7.120,0.330,-0.388,0.056,2540,0
163064,5.567,4.896,7.175,0.312,-0.412,0.099,2541,0
163084,5.763,4.523,7.336,0.488,-0.408,0.071,2542,0
163104,6.000,4.446,7.453,0.681,-0.436,0.002,2544,0
163124,6.227,4.580,7.420,0.797,-0.513,-0.074,2546,0
163144,6.275,4.578,7.156,0.904,-0.563,-0.145,2550,0
163164,6.426,4.798,7.034,0.958,-0.604,-0.175,2554,0
163184,6.546,5.057,7.111,1.009,-0.665,-0.177,2558,0
163204,6.591,5.325,6.910,1.048,-0.806,-0.179,2559,0
163224,6.670,5.526,6.433,1.077,-0.957,-0.180,2559,0
163244,6.737,5.698,5.871,1.077,-1.005,-0.162,2559,0
163264,6.697,5.799,5.409,1.068,-0.999,-0.121,2561,0
163284,6.560,5.945,5.188,1.067,-1.060,-0.109,2578,0
163304,6.452,6.033,4.669,1.081,-1.156,-0.119,2587,0
163324,6.227,6.009,3.876,1.094,-1.166,-0.117,2588,0
163344,6.160,6.053,3.431,1.029,-1.099,-0.082,2591,0
163364,6.060,6.203,3.203,0.823,-0.971,-0.012,2595,0
163384,5.844,6.201,3.179,0.601,-0.842,0.058,2595,0
163404,5.447,6.007,2.909,0.472,-0.785,0.107,2594,0
163424,5.507,5.993,2.835,0.334,-0.834,0.143,2598,0
163444,5.720,5.768,2.636,0.161,-0.845,0.154,2600,0
163464,5.717,5.602,2.538,0.101,-0.756,0.103,2599,0
163484,5.545,5.681,2.454,0.191,-0.665,0.016,2601,0
163504,5.478,5.832,2.342,0.317,-0.583,-0.067,2600,0
163524,5.854,5.950,2.464,0.347,-0.506,-0.100,2601,0
163544,6.306,5.887,2.756,0.291,-0.447,-0.104,2605,0
163564,6.926,5.454,3.249,0.233,-0.332,-0.132,2607,0
163584,6.991,5.126,3.668,0.232,-0.229,-0.176,2607,0
163604,6.838,5.239,3.730,0.425,-0.334,-0.347,2606,0
163624,6.474,5.760,3.206,0.702,-0.514,-0.621,2605,0
163644,6.098,6.464,2.296,0.858,-0.689,-0.804,2606,0
163664,6.045,6.931,1.635,0.845,-0.789,-0.817,2608,0
163684,5.981,7.417,1.075,0.754,-0.724,-0.710,2613,0
163704,5.993,7.539,0.974,0.515,-0.494,-0.491,2615,0
163724,5.631,7.508,1.044,0.211,-0.461,-0.345,2615,0
163744,6.033,7.154,1.013,0.029,-0.541,-0.279,2611,0
163764,6.510,6.709,0.967,0.148,-0.472,-0.299,2616,0
163784,6.737,6.663,1.032,0.420,-0.279,-0.395,2615,0
163804,6.780,7.295,1.300,0.468,-0.045,-0.393,2615,0
163824,6.546,7.709,1.666,0.187,-0.005,-0.286,2613,0
163844,6.498,7.566,1.887,-0.044,-0.182,-0.208,2613,0
163864,6.639,7.640,1.760,-0.139,-0.399,-0.178,2612,0
163884,6.610,7.693,1.413,-0.105,-0.497,-0.167,2615,0
163904,6.481,7.884,1.279,0.048,-0.430,-0.160,2615,0
163924,5.722,8.298,0.905,0.359,-0.417,-0.187,2618,0
163944,5.265,8.950,0.134,0.569,-0.545,-0.216,2618,0
163964,5.715,8.880,-0.464,0.280,-0.474,0.016,2617,0
163984,5.851,8.499,-0.237,-0.317,-0.137,0.455,2617,0
164004,6.213,7.159,0.934,-0.661,0.108,0.742,2617,0
164024,6.871,6.146,2.200,-0.450,0.167,0.627,2617,0
164044,7.379,5.339,2.849,0.071,0.143,0.269,2617,0
164064,6.567,6.005,2.320,0.315,-0.076,-0.023,2616,0
164084,5.629,7.745,1.250,-0.035,-0.455,0.054,2618,0
164104,6.033,8.176,0.706,-0.889,-0.510,0.533,2618,0
164124,6.409,7.080,1.070,-1.520,-0.261,1.049,2619,0
164144,6.891,5.804,1.267,-1.681,-0.052,1.268,2619,0
164164,6.948,5.634,1.101,-1.690,0.070,1.239,2614,0
164184,7.101,5.610,1.475,-1.768,0.254,1.163,2607,0
164204,7.444,5.085,2.459,-1.404,0.356,0.856,2593,0
164224,7.439,5.691,2.854,-0.913,0.248,0.518,2580,0
164244,7.618,6.258,2.253,-0.760,0.122,0.366,2559,0
164264,7.796,6.620,1.690,-0.764,0.262,0.371,2553,0
164284,7.575,6.462,1.867,-0.744,0.486,0.370,2537,0
164304,7.274,6.366,3.239,-0.627,0.451,0.394,2514,0
164324,7.712,6.201,4.360,-0.572,0.065,0.484,2496,0
164344,8.310,5.420,4.104,-0.481,-0.208,0.378,2473,0
164364,8.612,4.638,3.338,-0.141,-0.013,0.120,2452,0
164384,8.104,4.934,2.942,0.199,0.260,-0.082,2430,0
164404,7.391,5.868,3.321,-0.006,0.156,0.023,2405,0
164424,7.616,5.693,4.039,-0.238,-0.287,0.221,2384,0
164444,8.056,4.585,3.644,-0.034,-0.405,0.106,2375,0
164464,7.815,4.779,2.993,0.390,-0.286,-0.201,2358,0
164484,7.391,5.636,2.088,0.532,0.043,-0.286,2342,0
164504,6.488,6.397,1.420,0.276,0.315,-0.114,2322,0
164524,6.682,6.443,1.616,0.045,0.386,0.024,2312,0
164544,6.955,6.215,1.951,-0.003,0.478,0.110,2306,0
164564,6.642,5.839,1.686,-0.055,0.786,0.204,2307,0
164584,5.887,5.854,1.669,-0.083,1.065,0.259,2304,0
164604,5.550,6.139,2.042,-0.256,0.948,0.374,2309,0
164624,6.227,5.653,2.851,-0.658,0.806,0.633,2318,0
164644,7.341,4.515,3.946,-0.891,0.871,0.783,2324,0
164664,7.175,4.058,4.444,-0.789,0.929,0.711,2332,0
164684,6.606,4.403,4.482,-0.489,0.799,0.529,2344,0
164704,5.928,4.901,4.180,-0.152,0.656,0.414,2354,0
164724,6.290,4.621,4.860,0.009,0.940,0.516,2370,0
164744,6.967,3.960,5.947,-0.144,1.399,0.653,2381,0
164764,6.483,2.485,6.721,-0.331,1.491,0.627,2390,0
164784,5.715,1.779,6.572,-0.207,1.283,0.416,2404,0
164804,5.181,2.294,5.938,0.246,1.017,0.178,2421,0
164824,5.571,3.256,5.286,0.646,1.106,0.021,2442,0
164844,5.200,4.034,5.092,0.391,1.380,0.025,2455,0
164864,4.621,4.487,5.267,-0.269,1.487,0.218,2463,0
164884,4.341,4.156,5.873,-0.698,1.382,0.339,2466,0
164904,5.428,3.721,7.252,-0.618,1.252,0.250,2475,0
164924,5.346,3.907,6.795,-0.353,1.159,0.191,2484,0
164944,5.863,5.033,7.065,0.072,1.071,0.029,2495,0
164964,6.093,4.922,7.154,-0.426,1.143,0.189,2507,0
164984,6.096,4.494,7.451,-0.661,1.168,0.247,2512,0
165004,6.414,3.397,7.721,-0.789,1.022,0.319,2522,0
165024,6.625,3.345,7.523,-0.629,0.793,0.301,2526,0
165044,6.981,3.199,7.333,-0.457,0.727,0.275,2537,0
165064,7.178,2.729,7.784,-0.385,0.885,0.273,2541,0
165084,6.656,2.533,8.432,-0.457,0.867,0.268,2540,0
165104,6.292,2.605,8.823,-0.558,0.664,0.257,2540,0
165124,5.952,2.777,8.813,-0.635,0.434,0.225,2541,0
165144,5.990,3.117,9.440,-0.770,0.306,0.250,2542,0
165164,6.074,3.227,10.652,-0.960,0.138,0.377,2539,0
165184,6.062,2.464,11.064,-0.756,-0.255,0.337,2537,0
165204,6.084,2.509,10.221,-0.349,-0.577,0.164,2532,0
165224,5.813,2.478,8.890,-0.088,-0.573,0.041,2532,0
165244,5.586,2.313,7.865,0.035,-0.361,-0.002,2534,0
165264,5.250,2.243,7.379,0.039,-0.089,0.015,2529,0
165284,4.899,1.841,7.628,-0.056,0.006,0.050,2525,0
165304,4.884,1.863,7.846,-0.042,0.005,0.029,2526,0
165324,5.037,2.033,7.954,-0.033,0.108,0.035,2534,0
165344,5.042,1.865,8.100,-0.013,0.247,0.056,2539,0
165364,5.145,1.666,8.059,0.017,0.396,0.043,2540,0
165384,5.097,1.403,8.169,0.088,0.601,0.022,2542,0
165404,4.791,1.535,8.298,0.180,0.704,0.012,2544,0
165424,4.642,1.834,8.305,0.216,0.653,0.005,2540,0
165444,4.590,2.251,8.109,0.206,0.747,0.064,2531,0
165464,4.453,2.658,8.049,0.199,0.972,0.192,2526,0
165484,4.374,2.811,8.645,0.181,1.115,0.282,2520,0
165504,4.128,2.488,9.273,0.171,0.901,0.240,2512,0
165524,3.867,1.853,9.412,0.194,0.573,0.154,2504,0
165544,3.826,1.760,9.443,0.272,0.380,0.127,2502,0
165564,3.730,2.064,9.146,0.327,0.252,0.107,2497,0
165584,3.630,2.334,9.148,0.303,0.133,0.100,2498,0
165604,3.565,2.514,9.057,0.261,0.071,0.149,2495,0
165624,3.587,2.574,9.012,0.342,0.145,0.217,2496,0
165644,3.587,2.253,8.954,0.376,0.091,0.135,2494,0
165664,3.455,2.361,8.861,0.463,0.059,0.103,2492,0
165684,3.804,3.124,8.361,0.444,0.216,0.210,2492,0
165704,4.082,3.100,8.224,0.263,0.385,0.206,2490,0
165724,3.934,2.811,8.574,0.100,0.523,0.106,2489,0
165744,3.824,2.701,8.593,-0.034,0.664,0.081,2486,0
165764,3.613,2.622,8.588,-0.227,0.801,0.129,2482,0
165784,3.318,2.375,8.681,-0.319,0.779,0.142,2482,0
165804,3.072,2.109,8.777,-0.363,0.724,0.132,2479,0
165824,2.856,1.946,9.165,-0.343,0.707,0.089,2477,0
165844,2.478,1.856,9.735,-0.280,0.566,0.044,2475,0
165864,2.255,1.867,9.843,-0.111,0.284,0.060,2474,0
165884,2.320,1.949,9.687,0.015,0.121,0.078,2472,0
165904,2.143,2.140,9.692,0.114,-0.097,0.055,2472,0
165924,1.891,1.999,10.230,0.252,-0.537,0.043,2471,0
165944,1.918,2.011,10.613,0.588,-1.177,0.043,2470,0
165964,2.428,2.145,10.101,0.846,-1.626,0.016,2470,0
165984,2.974,2.411,9.177,0.915,-1.836,-0.034,2488,0
166004,3.699,3.153,7.745,0.641,-1.702,0.030,2538,0
166024,4.463,3.476,7.640,0.487,-1.091,0.171,2587,0
166044,4.760,3.361,7.609,0.365,-0.792,0.242,2616,0
166064,4.827,2.935,7.597,0.156,-0.749,0.174,2640,0
166084,5.227,2.461,7.307,-0.100,-0.613,0.082,2680,0
166104,5.416,2.476,7.302,-0.230,-0.127,0.007,2720,0
166124,5.049,2.990,7.183,-0.372,0.259,-0.005,2752,0
166144,3.747,2.832,9.009,-0.381,0.269,-0.035,2741,0
166164,4.470,2.557,9.165,-0.300,-0.018,-0.141,2751,0
166184,4.415,2.251,8.511,-0.213,-0.062,-0.172,2755,0
166204,4.276,2.205,8.404,-0.184,0.101,-0.191,2759,0
166224,4.113,2.547,8.461,-0.194,0.051,-0.185,2765,0
166244,4.168,2.507,8.296,-0.296,-0.076,-0.208,2763,0
166264,4.345,2.140,8.308,-0.331,-0.072,-0.249,2755,0
166284,4.355,2.093,8.569,-0.252,0.026,-0.245,2745,0
166304,4.252,2.248,8.868,-0.088,0.085,-0.230,2735,0
166324,4.106,2.579,8.892,-0.009,0.029,-0.191,2723,0
166344,4.022,2.732,8.641,-0.016,-0.032,-0.137,2713,0
166364,4.099,2.626,8.559,-0.037,-0.037,-0.082,2704,0
166384,4.166,2.387,8.631,-0.016,-0.021,-0.059,2699,0
166404,4.144,2.363,8.586,0.016,-0.020,-0.047,2693,0
166424,4.152,2.332,8.562,0.004,-0.020,-0.028,2687,0
166444,4.101,2.339,8.748,0.053,-0.032,-0.015,2683,0
166464,3.931,2.342,8.847,0.156,-0.102,0.052,2678,0
166484,4.082,2.076,8.911,0.278,-0.231,0.116,2671,0
166504,4.336,2.047,8.851,0.418,-0.346,0.049,2658,0
166524,4.616,2.447,8.466,0.357,-0.386,-0.060,2651,0
166544,4.652,2.713,7.977,0.195,-0.293,-0.123,2644,0
166564,4.578,2.808,7.863,0.047,-0.147,-0.119,2640,0
166584,4.527,2.825,8.085,-0.016,-0.048,-0.092,2639,0
166604,4.441,2.655,8.212,-0.040,-0.011,-0.065,2636,0
166624,4.398,2.521,8.344,-0.055,0.002,-0.066,2636,0
166644,4.417,2.461,8.418,-0.067,-0.005,-0.076,2634,0
166664,4.293,2.550,8.672,0.005,0.018,-0.064,2634,0
166684,4.228,2.734,8.780,0.102,-0.073,-0.013,2632,0
166704,4.444,2.543,8.511,0.125,-0.129,0.005,2632,0
166724,4.551,2.638,8.169,0.099,-0.063,-0.018,2631,0
166744,4.487,2.696,8.162,0.013,0.007,-0.021,2631,0
166764,4.465,2.693,8.169,-0.018,0.082,0.008,2631,0
166784,4.472,2.804,8.001,-0.038,0.201,0.060,2628,0
166804,4.254,2.243,8.389,-0.150,0.267,0.069,2624,0
166824,4.386,2.164,8.717,-0.131,0.132,-0.018,2624,0
166844,4.542,2.188,8.547,-0.051,0.172,-0.082,2623,0
166864,4.434,2.528,8.425,-0.037,0.283,-0.119,2624,0
166884,4.118,2.701,8.475,-0.091,0.294,-0.103,2622,0
166904,3.986,2.665,8.401,-0.147,0.253,-0.055,2619,0
166924,3.905,2.456,8.523,-0.181,0.217,-0.019,2615,0
166944,3.907,2.186,8.854,-0.143,0.185,-0.017,2610,0
166964,3.893,2.157,8.911,-0.070,0.139,-0.038,2606,0
166984,3.917,2.263,8.806,-0.040,0.103,-0.067,2604,0
167004,3.881,2.421,8.696,-0.048,0.096,-0.056,2602,0
167024,3.905,2.425,8.746,-0.064,0.128,-0.020,2602,0
167044,3.876,2.308,8.789,-0.048,0.133,-0.012,2601,0
167064,3.826,2.234,8.710,-0.040,0.123,-0.026,2600,0
167084,3.809,2.241,8.827,-0.024,0.101,-0.037,2599,0
167104,3.716,2.337,8.945,0.002,0.054,-0.030,2596,0
167124,3.730,2.234,8.930,0.024,-0.008,-0.007,2595,0
167144,3.788,2.181,8.796,0.038,-0.016,0.000,2594,0
167164,3.869,2.270,8.710,0.035,-0.004,-0.010,2593,0
167184,3.800,2.363,8.827,0.031,0.018,-0.008,2591,0
167204,3.797,2.289,8.813,0.035,0.007,0.004,2592,0
167224,3.752,2.195,8.768,0.043,0.009,0.001,2591,0
167244,3.699,2.212,8.818,0.047,-0.003,-0.008,2592,0
167264,3.711,2.251,8.803,0.052,-0.027,-0.023,2591,0
167284,3.749,2.339,8.722,0.033,-0.011,-0.027,2591,0
167304,3.668,2.375,8.751,-0.006,-0.004,-0.021,2590,0
167324,3.644,2.243,8.863,-0.015,-0.023,-0.008,2591,0
167344,3.713,2.152,8.859,-0.017,-0.052,-0.013,2592,0
167364,3.785,2.176,8.796,-0.027,-0.067,-0.042,2590,0
167384,3.776,2.210,8.849,0.002,-0.028,-0.045,2592,0
167404,3.747,2.265,8.940,0.035,-0.014,-0.028,2591,0
167424,3.721,2.272,8.902,0.045,-0.030,-0.015,2591,0
167444,3.757,2.263,8.799,0.049,-0.045,-0.013,2590,0
167464,3.718,2.346,8.758,0.024,-0.050,-0.013,2591,0
167484,3.780,2.349,8.770,0.018,-0.024,-0.001,2590,0
167504,3.745,2.279,8.768,0.021,-0.005,0.011,2589,0
167524,3.694,2.176,8.827,0.023,-0.020,0.017,2589,0
167544,3.733,2.112,8.796,0.034,-0.033,0.012,2591,0
167564,3.747,2.207,8.839,0.043,-0.016,0.013,2589,0
167584,3.847,2.313,8.808,0.058,0.004,0.007,2588,0
167604,3.816,2.291,8.832,0.039,-0.004,0.003,2589,0
167624,3.685,2.164,8.806,0.003,-0.027,0.002,2588,0
167644,3.697,2.078,8.847,0.029,-0.043,-0.003,2587,0
167664,3.713,2.320,8.847,0.058,-0.001,0.009,2587,0
167684,3.828,2.351,8.863,0.076,0.027,0.004,2586,0
167704,3.991,2.210,9.019,0.088,0.078,-0.038,2583,0
167724,3.819,2.162,8.997,0.132,0.102,-0.056,2582,0
167744,3.558,2.265,8.825,0.100,0.070,-0.043,2577,0
167764,3.407,2.210,8.760,0.046,-0.002,-0.020,2559,0
167784,3.184,2.181,8.653,0.176,-0.092,-0.030,2561,0
167804,2.988,2.212,8.744,0.337,-0.181,0.018,2561,0
167824,3.357,1.755,8.679,0.505,-0.191,0.111,2561,0
167844,3.886,1.451,8.950,0.607,-0.159,0.040,2558,0
167864,3.905,2.626,8.839,0.448,-0.159,-0.027,2548,0
167884,3.780,3.376,8.978,0.139,-0.245,0.041,2545,0
167904,4.142,3.244,8.820,-0.056,-0.287,0.072,2545,0
167924,4.286,2.725,8.519,-0.101,-0.124,0.011,2549,0
167944,4.147,2.447,8.452,-0.105,0.031,-0.081,2555,0
167964,3.874,2.516,8.255,-0.104,0.109,-0.104,2557,0
167984,3.713,2.665,8.282,-0.155,0.184,-0.047,2558,0
168004,3.632,2.598,8.516,-0.166,0.202,-0.003,2558,0
168024,3.747,2.284,8.861,-0.150,0.164,-0.002,2558,0
168044,3.790,2.310,9.026,-0.082,0.166,-0.024,2558,0
168064,3.701,2.433,9.076,-0.032,0.163,-0.028,2557,0
168084,3.596,2.665,8.923,-0.037,0.132,0.000,2557,0
168104,3.565,2.658,8.803,-0.067,0.142,0.041,2557,0
168124,3.508,2.476,8.669,-0.105,0.137,0.055,2555,0
168144,3.551,2.195,8.662,-0.142,0.167,0.044,2553,0
168164,3.543,2.042,8.923,-0.134,0.190,0.018,2552,0
168184,3.433,1.961,9.069,-0.104,0.139,-0.018,2549,0
168204,3.381,2.083,9.079,-0.085,0.077,-0.041,2547,0
168224,3.424,2.198,9.175,-0.059,0.109,-0.038,2546,0
168244,3.134,2.121,9.555,0.010,0.043,-0.019,2545,0
168264,3.196,2.057,9.397,0.118,-0.128,-0.020,2543,0
168284,3.242,2.014,9.201,0.158,-0.252,-0.037,2543,0
168304,3.259,2.052,9.263,0.187,-0.382,-0.051,2542,0
168324,3.230,2.040,9.606,0.254,-0.667,-0.081,2541,0
168344,3.306,2.090,9.474,0.308,-0.970,-0.103,2544,0
168364,3.570,2.193,9.031,0.362,-1.121,-0.108,2554,0
168384,3.910,2.227,8.487,0.379,-1.123,-0.111,2559,0
168404,4.247,2.523,8.085,0.357,-0.947,-0.115,2559,0
168424,4.563,2.816,7.834,0.254,-0.740,-0.098,2561,0
168444,4.671,2.890,7.848,0.119,-0.564,-0.079,2571,0
168464,4.717,2.715,8.107,0.079,-0.484,-0.075,2569,0
168484,4.805,2.535,8.021,0.122,-0.416,-0.082,2575,0
168504,4.879,2.543,7.863,0.124,-0.288,-0.099,2563,0
168524,4.918,2.720,7.913,0.098,-0.128,-0.120,2564,0
168544,4.743,3.005,8.167,0.046,-0.070,-0.100,2561,0
168564,4.571,2.971,8.205,0.028,-0.079,-0.042,2561,0
168584,4.599,2.811,8.219,0.033,-0.059,0.004,2561,0
168604,4.599,2.670,8.272,0.052,-0.067,0.006,2561,0
168624,4.482,2.701,8.480,0.081,-0.121,0.024,2559,0
168644,4.614,2.696,8.217,0.131,-0.176,0.079,2559,0
168664,4.817,2.679,8.001,0.197,-0.102,0.065,2559,0
168684,4.815,2.868,8.018,0.193,-0.050,0.023,2559,0
168704,4.741,2.957,8.112,0.138,-0.076,0.010,2559,0
168724,4.772,2.830,8.054,0.106,-0.083,0.024,2559,0
168744,4.882,2.770,8.135,0.121,-0.018,0.039,2558,0
168764,4.872,2.780,8.143,0.119,0.026,0.026,2558,0
168784,4.764,2.818,8.128,0.095,0.013,0.002,2557,0
168804,4.695,2.758,8.124,0.056,-0.022,-0.012,2557,0
168824,4.657,2.808,8.095,0.048,-0.038,-0.010,2557,0
168844,4.693,2.782,8.092,0.037,-0.021,0.000,2557,0
168864,4.695,2.756,8.150,0.050,0.006,-0.002,2554,0
168884,4.683,2.801,8.147,0.061,-0.003,-0.012,2555,0
168904,4.618,2.873,8.248,0.059,-0.036,-0.018,2555,0
168924,4.717,2.931,8.234,0.058,-0.055,-0.002,2553,0
168944,4.750,2.801,8.140,0.055,-0.048,0.004,2550,0
168964,4.772,2.703,8.090,0.045,-0.033,-0.009,2549,0
168984,4.693,2.765,8.255,0.059,-0.040,-0.014,2551,0
169004,4.683,2.842,8.303,0.094,-0.090,0.025,2551,0
169024,4.786,2.907,8.059,0.109,-0.088,0.059,2548,0
169044,4.927,2.878,7.930,0.078,-0.061,0.036,2549,0
169064,4.834,2.964,8.071,0.020,-0.044,0.016,2548,0
169084,4.863,3.187,7.987,-0.073,-0.017,0.048,2547,0
169104,4.925,3.089,7.865,-0.155,0.018,0.073,2546,0
169124,5.234,2.737,8.061,-0.153,0.101,0.055,2550,0
169144,5.035,2.234,8.667,0.002,0.137,-0.052,2547,0
169164,4.676,2.368,8.495,0.127,0.094,-0.154,2546,0
169184,4.314,2.480,8.473,0.311,0.038,-0.199,2545,0
169204,4.149,2.559,8.404,0.540,-0.042,-0.156,2545,0
169224,4.353,2.866,8.157,0.661,-0.089,-0.129,2544,0
169244,4.626,3.211,7.652,0.560,-0.095,-0.118,2542,0
169264,4.683,3.661,7.882,0.359,-0.051,-0.093,2542,0
169284,4.604,3.508,8.756,0.141,-0.051,-0.030,2540,0
169304,4.944,2.545,9.416,0.035,-0.173,-0.072,2541,0
169324,5.361,2.234,9.608,0.450,-0.362,-0.290,2541,0
169344,5.775,2.363,8.863,0.712,-0.546,-0.557,2542,0
169364,5.902,2.727,8.217,0.725,-0.499,-0.822,2543,0
169384,5.737,3.122,8.317,0.578,-0.287,-1.011,2545,0
169404,5.013,3.292,8.152,0.572,-0.209,-1.112,2550,0
169424,4.855,3.998,7.657,0.426,-0.382,-1.148,2555,0
169444,4.899,4.424,6.979,0.072,-0.485,-1.054,2559,0
169464,4.973,4.391,6.697,-0.367,-0.314,-0.886,2561,0
169484,5.047,3.912,6.732,-0.661,-0.064,-0.775,2568,0
169504,4.875,3.359,6.812,-0.780,0.078,-0.733,2581,0
169524,4.590,2.995,7.118,-0.708,0.103,-0.777,2588,0
169544,4.075,2.830,7.875,-0.561,-0.018,-0.807,2593,0
169564,3.917,3.450,8.691,-0.529,-0.367,-0.778,2606,0
169584,3.862,3.620,8.763,-0.478,-0.625,-0.683,2612,0
169604,3.821,3.400,8.152,-0.417,-0.866,-0.646,2620,0
169624,3.917,3.371,7.623,-0.250,-1.077,-0.750,2624,0
169644,3.874,3.936,7.099,-0.218,-1.168,-0.897,2631,0
169664,3.953,3.773,6.991,-0.255,-1.194,-0.982,2640,0
169684,4.152,4.085,6.953,0.007,-0.952,-1.073,2648,0
169704,3.991,4.894,6.876,0.367,-0.568,-1.233,2655,0
169724,3.709,5.590,6.984,0.809,-0.303,-1.355,2657,0
169744,3.773,6.050,7.422,1.037,-0.145,-1.292,2661,0
169764,3.711,6.596,7.161,1.045,-0.088,-1.140,2666,0
169784,3.510,6.881,6.778,0.838,-0.079,-0.943,2668,0
169804,3.536,6.668,7.039,0.502,-0.102,-0.681,2671,0
169824,3.773,6.065,7.199,0.358,-0.177,-0.492,2672,0
169844,3.998,5.550,6.970,0.423,-0.241,-0.413,2675,0
169864,3.950,6.175,6.601,0.343,-0.288,-0.333,2675,0
169884,4.082,6.246,6.345,-0.047,-0.321,-0.201,2675,0
169904,4.089,5.940,6.304,-0.501,-0.277,-0.016,2674,0
169924,4.384,5.392,6.740,-0.629,-0.176,0.090,2675,0
169944,4.403,4.927,6.864,-0.397,-0.030,0.069,2674,0
169964,4.211,5.023,6.718,-0.258,0.028,0.055,2672,0
169984,4.065,5.461,6.460,-0.146,0.083,0.031,2671,0
170004,3.960,5.610,6.366,-0.145,0.128,0.105,2674,0
170024,4.005,5.576,6.455,-0.043,0.227,0.116,2673,0
170044,4.003,5.598,6.539,0.261,0.247,-0.012,2676,0
170064,4.140,5.878,6.433,0.426,0.243,-0.114,2678,0
170084,3.903,6.998,6.124,0.107,0.238,0.007,2681,0
170104,3.812,7.333,6.347,-0.409,0.221,0.278,2683,0
170124,4.061,6.457,7.123,-0.766,0.136,0.526,2683,0
170144,4.587,5.160,7.781,-0.842,0.025,0.602,2680,0
170164,4.788,4.173,8.104,-0.786,-0.019,0.535,2680,0
170184,4.714,3.766,8.291,-0.674,-0.051,0.415,2678,0
170204,4.566,3.749,8.339,-0.507,-0.175,0.268,2676,0
170224,4.638,3.950,8.334,-0.328,-0.373,0.148,2675,0
170244,4.468,4.614,7.894,-0.259,-0.427,0.098,2674,0
170264,4.300,4.908,7.752,-0.313,-0.463,0.110,2675,0
170284,4.348,4.836,7.654,-0.356,-0.576,0.142,2672,0
170304,4.831,4.559,7.329,-0.364,-0.647,0.201,2673,0
170324,5.148,4.240,6.819,-0.316,-0.434,0.265,2674,0
170344,5.138,4.101,6.749,-0.284,-0.171,0.315,2673,0
170364,5.140,3.874,6.914,-0.268,0.018,0.320,2671,0
170384,5.025,3.792,7.044,-0.288,0.116,0.290,2669,0
170404,5.066,3.730,7.001,-0.308,0.195,0.269,2666,0
170424,5.404,3.620,6.347,-0.289,0.555,0.255,2663,0
170444,5.255,3.615,6.129,-0.316,1.142,0.224,2657,0
170464,4.944,3.596,6.359,-0.506,1.589,0.116,2644,0
170484,4.709,3.558,7.183,-0.742,1.876,0.033,2628,0
170504,4.221,3.378,8.097,-0.898,2.079,-0.003,2611,0
170524,2.444,3.165,8.748,-0.686,2.183,-0.041,2600,0
170544,2.500,3.488,12.692,-0.663,1.004,0.226,2625,0
170564,2.607,2.636,12.356,-0.484,-0.076,0.298,2632,0
170584,3.251,2.033,10.786,-0.173,-0.548,0.228,2627,0
170604,3.385,2.619,9.661,0.113,-0.677,0.145,2646,0
170624,3.352,3.381,9.093,0.178,-0.850,0.181,2655,0
170644,3.634,3.692,8.487,0.138,-0.901,0.293,2670,0
170664,3.802,3.852,7.858,0.064,-0.749,0.460,2663,0
170684,4.005,3.517,7.575,-0.013,-0.500,0.633,2658,0
170704,4.470,3.335,7.626,-0.081,-0.303,0.704,2645,0
170724,4.820,2.964,7.496,-0.061,-0.106,0.602,2640,0
170744,4.784,2.684,7.578,0.095,0.137,0.461,2635,0
170764,4.592,2.492,7.927,0.368,0.334,0.354,2628,0
170784,4.298,2.315,8.241,0.728,0.367,0.297,2625,0
170804,3.996,3.184,8.193,0.960,0.245,0.214,2623,0
170824,3.934,3.397,8.073,0.847,0.072,0.129,2622,0
170844,3.733,3.321,8.174,0.753,-0.038,0.109,2620,0
170864,3.606,3.139,8.250,0.786,-0.094,0.169,2618,0
170884,3.603,2.942,8.229,0.840,-0.100,0.147,2618,0
170904,3.484,2.890,8.210,0.780,-0.108,0.037,2614,0
170924,3.385,2.931,8.341,0.609,-0.138,-0.042,2616,0
170944,3.342,2.940,8.535,0.419,-0.175,-0.018,2610,0
170964,3.541,2.919,8.600,0.225,-0.202,0.030,2609,0
170984,3.831,2.710,8.638,0.143,-0.229,-0.004,2609,0
171004,4.137,2.883,8.681,0.263,-0.247,-0.090,2608,0
171024,4.367,3.330,8.610,0.419,-0.230,-0.153,2608,0
171044,4.453,3.685,8.428,0.503,-0.215,-0.213,2609,0
171064,4.456,4.037,8.171,0.499,-0.222,-0.256,2611,0
171084,4.310,4.183,7.757,0.513,-0.257,-0.299,2612,0
171104,4.551,4.858,7.693,0.422,-0.221,-0.268,2614,0
171124,4.427,5.188,7.676,0.244,-0.167,-0.170,2615,0
171144,4.185,5.155,7.463,0.134,-0.187,-0.104,2616,0
171164,4.082,5.023,7.262,0.025,-0.200,-0.038,2617,0
171184,4.161,4.712,7.068,-0.063,-0.158,0.055,2614,0
171204,4.274,4.477,7.166,-0.107,-0.084,0.137,2616,0
171224,4.372,4.386,7.448,-0.101,-0.029,0.179,2614,0
171244,4.381,4.369,7.628,-0.132,-0.007,0.204,2614,0
171264,4.460,4.209,7.702,-0.154,-0.011,0.200,2612,0
171284,4.611,3.859,7.693,-0.134,-0.026,0.184,2611,0
171304,4.657,3.721,7.726,-0.052,-0.026,0.152,2612,0
171324,4.614,3.907,7.819,-0.047,-0.031,0.167,2612,0
171344,4.580,4.085,7.774,-0.147,-0.090,0.219,2610,0
171364,4.678,3.938,7.817,-0.255,-0.130,0.268,2611,0
171384,4.875,3.510,7.800,-0.259,-0.112,0.261,2612,0
171404,4.872,3.010,7.839,-0.149,-0.039,0.198,2614,0
171424,4.822,2.751,7.693,0.036,0.028,0.082,2615,0
171444,4.781,3.026,7.578,0.172,0.080,-0.031,2614,0
171464,4.772,3.642,7.693,0.115,0.099,-0.077,2616,0
171484,4.724,3.996,7.872,-0.001,0.078,-0.046,2619,0
171504,4.606,4.228,8.054,-0.039,0.034,0.031,2620,0
171524,4.559,4.295,7.949,-0.044,0.020,0.140,2620,0
171544,4.446,4.152,7.824,-0.058,0.010,0.218,2622,0
171564,4.348,4.034,7.705,-0.076,0.008,0.281,2622,0
171584,4.355,4.111,7.640,-0.127,0.033,0.340,2622,0
171604,4.417,4.037,7.623,-0.173,0.084,0.399,2624,0
171624,4.458,3.883,7.779,-0.167,0.164,0.432,2622,0
171644,4.470,3.716,7.958,-0.185,0.194,0.458,2622,0
171664,4.554,3.579,7.980,-0.209,0.215,0.511,2622,0
171684,4.614,3.385,8.040,-0.210,0.246,0.523,2623,0
171704,4.666,3.077,8.126,-0.266,0.224,0.458,2620,0
171724,4.755,2.600,8.205,-0.285,0.203,0.343,2620,0
171744,4.743,2.325,8.315,-0.235,0.220,0.222,2618,0
171764,4.688,2.313,8.382,-0.167,0.240,0.122,2618,0
171784,4.590,2.401,8.373,-0.120,0.237,0.025,2615,0
171804,4.482,2.492,8.368,-0.088,0.227,-0.060,2615,0
171824,4.245,2.761,8.586,-0.057,0.176,-0.099,2615,0
171844,4.135,3.050,8.674,0.013,0.084,-0.071,2616,0
171864,4.183,3.151,8.576,0.059,0.023,-0.029,2614,0
171884,4.216,3.062,8.444,0.070,0.017,-0.022,2612,0
171904,4.173,3.050,8.377,0.044,0.008,-0.016,2612,0
171924,4.216,2.947,8.399,0.002,-0.025,0.007,2611,0
171944,4.312,2.842,8.373,0.006,-0.037,0.024,2611,0
171964,4.398,2.693,8.253,0.028,-0.018,0.020,2611,0
171984,4.427,2.672,8.298,0.049,0.029,-0.009,2610,0
172004,4.367,2.626,8.435,0.086,0.048,-0.062,2613,0
172024,4.319,2.648,8.559,0.109,0.023,-0.129,2611,0
172044,4.245,2.837,8.598,0.071,-0.094,-0.277,2611,0
172064,4.175,2.897,8.626,-0.152,-0.299,-0.438,2609,0
172084,4.281,2.679,8.648,-0.342,-0.513,-0.564,2612,0
172104,4.532,2.421,8.593,-0.365,-0.598,-0.673,2614,0
172124,4.621,2.504,8.317,-0.328,-0.551,-0.781,2616,0
172144,4.594,2.492,8.143,-0.282,-0.456,-0.810,2618,0
172164,4.475,2.725,8.021,-0.136,-0.307,-0.832,2616,0
172184,4.434,2.878,8.100,0.010,-0.200,-0.791,2614,0
172204,4.310,3.203,7.961,0.103,-0.098,-0.698,2612,0
172224,4.142,3.704,8.001,0.115,-0.025,-0.584,2610,0
172244,4.044,3.833,8.025,0.053,0.009,-0.446,2611,0
172264,4.005,3.850,8.035,0.082,0.086,-0.278,2610,0
172284,3.857,4.108,8.181,0.201,0.173,-0.035,2609,0
172304,3.704,4.135,8.746,0.296,0.100,0.233,2608,0
172324,3.795,3.804,8.770,0.346,-0.059,0.442,2605,0
172344,4.034,3.469,8.492,0.343,-0.130,0.547,2602,0
172364,4.312,3.242,8.174,0.369,-0.067,0.566,2598,0
172384,4.420,3.060,7.906,0.474,0.068,0.539,2597,0
172404,4.444,3.208,7.855,0.551,0.165,0.467,2597,0
172424,4.458,3.184,7.896,0.495,0.192,0.402,2595,0
172444,4.559,3.270,7.925,0.440,0.223,0.342,2598,0
172464,4.551,3.381,7.827,0.374,0.280,0.282,2603,0
172484,4.487,3.472,7.961,0.255,0.304,0.221,2608,0
172504,4.391,3.440,8.049,0.166,0.311,0.172,2608,0
172524,4.259,3.591,8.236,0.096,0.269,0.119,2611,0
172544,4.161,3.548,8.380,0.010,0.150,0.091,2613,0
172564,4.061,3.481,8.411,-0.015,0.058,0.084,2612,0
172584,4.041,3.522,8.380,0.031,0.010,0.121,2613,0
172604,4.120,3.620,8.248,0.091,0.001,0.157,2615,0
172624,4.085,3.579,8.102,0.109,0.036,0.161,2615,0
172644,4.092,3.570,8.200,0.106,0.065,0.180,2613,0
172664,4.149,3.579,8.135,0.064,0.073,0.187,2614,0
172684,4.185,3.548,8.045,-0.001,0.065,0.183,2614,0
172704,4.223,3.297,7.942,-0.083,0.079,0.150,2613,0
172724,4.259,3.220,8.083,-0.086,0.147,0.117,2613,0
172744,4.209,3.196,8.210,-0.053,0.194,0.092,2610,0
172764,4.185,3.239,8.272,-0.055,0.211,0.051,2608,0
172784,4.137,3.168,8.270,-0.083,0.233,0.013,2609,0
172804,4.034,3.282,8.296,-0.080,0.269,0.011,2608,0
172824,3.917,3.366,8.313,-0.026,0.333,0.032,2608,0
172844,3.759,3.417,8.485,-0.021,0.305,0.058,2606,0
172864,3.749,3.323,8.554,-0.070,0.213,0.053,2604,0
172884,3.790,3.184,8.514,-0.102,0.163,0.032,2604,0
172904,3.836,3.098,8.466,-0.088,0.199,0.017,2603,0
172924,3.836,3.103,8.509,-0.018,0.285,0.017,2602,0
172944,3.630,3.168,8.871,0.033,0.225,0.028,2602,0
172964,3.572,3.017,8.976,0.026,0.071,0.011,2605,0
172984,3.575,2.954,8.811,0.035,-0.017,-0.015,2608,0
173004,3.491,3.098,8.720,0.094,-0.050,-0.029,2608,0
173024,3.433,3.227,8.861,0.151,-0.108,-0.016,2609,0
173044,3.445,3.189,8.890,0.217,-0.210,-0.010,2612,0
173064,3.469,3.203,8.923,0.262,-0.347,-0.024,2613,0
173084,3.642,3.256,8.758,0.217,-0.475,-0.046,2612,0
173104,3.869,3.160,8.514,0.198,-0.512,-0.064,2611,0
173124,4.053,3.306,8.231,0.222,-0.446,-0.071,2609,0
173144,4.113,3.450,7.954,0.199,-0.354,-0.067,2608,0
173164,4.123,3.510,7.824,0.146,-0.245,-0.064,2608,0
173184,4.144,3.474,7.803,0.101,-0.131,-0.049,2609,0
173204,4.130,3.646,7.870,0.075,-0.006,-0.017,2610,0
173224,4.089,3.704,8.045,0.011,0.062,0.014,2608,0
173244,4.056,3.630,8.224,-0.042,0.094,0.029,2610,0
173264,4.010,3.510,8.377,-0.055,0.098,0.039,2608,0
173284,3.965,3.428,8.416,-0.047,0.073,0.054,2609,0
173304,3.955,3.314,8.440,-0.037,0.041,0.058,2609,0
173324,3.924,3.266,8.334,-0.032,0.035,0.049,2609,0
173344,3.915,3.275,8.253,-0.031,0.065,0.048,2609,0
173364,3.900,3.357,8.303,-0.022,0.096,0.055,2608,0
173384,3.888,3.294,8.373,-0.034,0.094,0.051,2609,0
173404,3.917,3.244,8.332,-0.056,0.098,0.037,2608,0
173424,3.905,3.208,8.384,-0.056,0.126,0.024,2608,0
173444,3.845,3.218,8.526,-0.047,0.106,0.011,2608,0
173464,3.838,3.182,8.531,-0.048,0.063,-0.002,2607,0
173484,3.852,3.168,8.442,-0.050,0.072,-0.006,2608,0
173504,3.833,3.249,8.423,-0.038,0.120,0.001,2607,0
173524,3.771,3.290,8.430,-0.029,0.166,0.013,2605,0
173544,3.733,3.306,8.531,-0.052,0.165,0.022,2605,0
173564,3.634,3.230,8.602,-0.076,0.128,0.023,2607,0
173584,3.622,3.160,8.748,-0.083,0.039,0.031,2605,0
173604,3.680,3.048,8.677,-0.040,0.011,0.038,2604,0
173624,3.689,3.026,8.614,-0.003,0.035,0.032,2605,0
173644,3.610,3.196,8.574,0.022,0.039,0.029,2603,0
173664,3.510,3.292,8.756,0.000,-0.033,0.047,2603,0
173684,3.457,3.124,8.902,0.019,-0.128,0.090,2602,0
173704,3.436,3.170,8.959,0.114,-0.234,0.150,2600,0
173724,3.587,3.206,8.815,0.141,-0.347,0.177,2598,0
173744,3.776,3.060,8.650,0.061,-0.416,0.146,2596,0
173764,3.919,2.966,8.454,-0.008,-0.434,0.114,2595,0
173784,4.108,2.981,8.207,-0.016,-0.385,0.100,2594,0
173804,4.235,3.050,7.863,-0.039,-0.257,0.093,2596,0
173824,4.389,2.986,7.592,-0.127,-0.060,0.067,2595,0
173844,4.712,2.990,7.223,-0.205,0.211,-0.062,2593,0
173864,4.709,2.914,7.518,-0.446,0.490,-0.226,2593,0
173884,4.329,2.622,7.855,-0.683,0.730,-0.306,2593,0
173904,2.722,3.421,10.099,-0.605,0.629,-0.172,2583,0
173924,2.830,2.873,10.673,-0.446,0.007,0.071,2580,0
173944,3.376,1.714,9.969,-0.101,-0.253,0.094,2563,0
173964,3.421,1.674,8.914,0.218,-0.197,-0.012,2559,0
173984,3.354,2.131,8.882,0.441,-0.209,-0.060,2559,0
174004,3.510,2.686,8.736,0.539,-0.304,-0.078,2559,0
174024,3.941,2.919,8.715,0.409,-0.393,-0.019,2559,0
174044,3.699,3.105,8.124,0.348,-0.315,0.020,2559,0
174064,4.053,3.309,8.085,0.264,-0.196,0.067,2561,0
174084,4.161,3.105,8.124,0.152,-0.082,0.074,2566,0
174104,4.262,3.007,8.212,0.055,-0.013,0.045,2564,0
174124,4.137,2.890,8.373,0.030,0.027,0.005,2564,0
174144,3.974,2.806,8.717,0.084,-0.001,0.009,2559,0
174164,3.974,2.741,8.887,0.144,-0.046,0.022,2559,0
174184,4.032,2.665,8.969,0.194,-0.107,-0.015,2559,0
174204,3.984,2.713,8.734,0.247,-0.161,-0.074,2559,0
174224,3.938,2.938,8.514,0.277,-0.191,-0.108,2559,0
174244,3.891,3.100,8.370,0.305,-0.186,-0.116,2561,0
174264,3.864,3.254,8.282,0.316,-0.167,-0.105,2559,0
174284,3.864,3.510,8.191,0.269,-0.154,-0.079,2559,0
174304,3.955,3.661,8.088,0.144,-0.147,-0.033,2559,0
174324,4.089,3.541,8.040,0.039,-0.119,0.008,2559,0
174344,4.135,3.278,8.088,0.013,-0.078,0.017,2561,0
174364,4.183,3.093,8.253,-0.004,-0.027,0.012,2559,0
174384,4.156,2.993,8.495,0.005,-0.003,-0.005,2559,0
174404,4.101,2.952,8.684,0.031,-0.042,-0.030,2559,0
174424,4.106,2.986,8.593,0.065,-0.094,-0.051,2561,0
174444,4.053,3.081,8.411,0.113,-0.094,-0.071,2559,0
174464,4.049,3.309,8.317,0.149,-0.073,-0.079,2559,0
174484,4.046,3.438,8.243,0.159,-0.064,-0.065,2559,0
174504,3.998,3.467,8.157,0.131,-0.074,-0.044,2559,0
174524,4.032,3.388,8.080,0.084,-0.081,-0.036,2559,0
174544,4.096,3.323,8.107,0.049,-0.047,-0.029,2561,0
174564,4.211,3.263,8.344,0.011,-0.023,-0.030,2559,0
174584,4.266,3.136,8.540,0.025,-0.023,-0.055,2561,0
174604,4.219,3.026,8.566,0.132,-0.033,-0.118,2559,0
174624,4.096,3.175,8.396,0.251,-0.071,-0.171,2559,0
174644,4.070,3.433,8.262,0.273,-0.090,-0.182,2559,0
174664,4.037,3.558,8.277,0.229,-0.102,-0.172,2561,0
174684,4.034,3.546,8.234,0.180,-0.125,-0.169,2564,0
174704,4.046,3.548,8.215,0.169,-0.130,-0.174,2571,0
174724,3.991,3.572,8.186,0.200,-0.124,-0.180,2570,0
174744,3.948,3.768,8.217,0.217,-0.118,-0.157,2581,0
174764,3.941,3.955,8.231,0.185,-0.140,-0.100,2577,0
174784,4.034,3.893,8.203,0.125,-0.182,-0.070,2580,0
174804,4.140,3.771,8.073,0.102,-0.197,-0.072,2572,0
174824,4.183,3.680,7.925,0.104,-0.181,-0.085,2579,0
174844,4.266,3.606,7.920,0.113,-0.155,-0.106,2578,0
174864,4.276,3.649,7.915,0.125,-0.113,-0.118,2583,0
174884,4.247,3.795,8.006,0.118,-0.081,-0.111,2582,0
174904,4.204,3.845,8.078,0.076,-0.094,-0.093,2583,0
174924,4.195,3.792,8.176,0.048,-0.137,-0.092,2582,0
174944,4.195,3.651,8.193,0.061,-0.162,-0.111,2584,0
174964,4.190,3.627,8.088,0.130,-0.140,-0.132,2581,0
174984,4.171,3.792,8.085,0.218,-0.114,-0.142,2584,0
175004,4.149,3.931,8.042,0.261,-0.122,-0.146,2586,0
175024,4.111,4.065,7.949,0.249,-0.146,-0.150,2585,0
175044,4.156,4.075,8.054,0.197,-0.231,-0.149,2586,0
175064,4.305,3.871,8.049,0.203,-0.285,-0.163,2591,0
175084,4.343,3.764,7.994,0.248,-0.290,-0.201,2593,0
175104,4.343,3.847,8.001,0.317,-0.315,-0.284,2594,0
175124,4.350,3.836,8.179,0.340,-0.432,-0.386,2600,0
175144,4.393,3.812,8.179,0.345,-0.572,-0.483,2607,0
175164,4.456,3.883,8.238,0.425,-0.714,-0.563,2617,0
175184,4.556,4.037,8.018,0.521,-0.815,-0.655,2625,0
175204,4.606,4.080,7.460,0.618,-0.820,-0.767,2628,0
175224,4.578,4.341,7.087,0.721,-0.747,-0.862,2629,0
175244,4.496,4.872,6.790,0.770,-0.667,-0.888,2628,0
175264,4.403,5.638,6.527,0.665,-0.619,-0.818,2631,0
175284,4.420,6.005,6.220,0.474,-0.569,-0.676,2633,0
175304,4.535,6.251,5.923,0.317,-0.403,-0.504,2634,0
175324,4.518,6.421,5.753,0.213,-0.153,-0.338,2634,0
175344,4.408,6.445,5.811,0.113,0.077,-0.183,2633,0
175364,4.329,6.294,6.055,-0.023,0.238,-0.025,2629,0
175384,4.334,5.986,6.407,-0.151,0.315,0.113,2626,0
175404,4.348,5.686,6.543,-0.193,0.381,0.194,2624,0
175424,4.355,5.404,6.950,-0.248,0.394,0.236,2620,0
175444,4.319,5.303,7.235,-0.266,0.340,0.204,2613,0
175464,4.319,5.128,7.312,-0.337,0.258,0.155,2611,0
175484,4.319,4.999,7.348,-0.347,0.210,0.121,2612,0
175504,4.266,5.133,7.288,-0.322,0.197,0.105,2614,0
175524,4.077,5.734,6.778,-0.494,0.144,0.159,2616,0
175544,4.113,5.997,6.409,-0.844,0.177,0.307,2616,0
175564,4.195,5.674,6.309,-1.054,0.414,0.469,2613,0
175584,4.164,5.325,6.483,-1.146,0.731,0.614,2605,0
175604,3.982,4.841,7.017,-1.256,0.915,0.713,2595,0
175624,3.809,4.214,7.630,-1.362,0.915,0.772,2587,0
175644,3.857,3.436,8.339,-1.334,0.915,0.791,2582,0
175664,4.017,2.713,8.952,-1.075,0.848,0.731,2569,0
175684,4.017,2.198,9.376,-0.767,0.777,0.589,2559,0
175704,3.816,1.891,9.462,-0.523,0.714,0.439,2559,0
175724,3.644,1.824,9.459,-0.268,0.597,0.245,2558,0
175744,3.440,1.951,9.469,-0.062,0.422,0.030,2548,0
175764,3.263,2.325,9.397,0.052,0.221,-0.104,2546,0
175784,3.328,2.737,8.952,0.183,0.169,-0.131,2544,0
175804,3.330,3.115,8.557,0.225,0.241,-0.101,2543,0
175824,3.172,3.393,8.396,0.185,0.305,-0.078,2543,0
175844,3.187,3.393,8.672,0.032,0.273,-0.065,2533,0
175864,3.172,3.139,8.732,-0.053,0.244,-0.075,2526,0
175884,3.041,3.115,8.787,-0.048,0.250,-0.076,2516,0
175904,3.017,3.086,8.622,-0.026,0.293,-0.054,2512,0
175924,2.954,3.239,8.595,-0.061,0.348,-0.043,2504,0
175944,2.861,3.321,8.746,-0.204,0.310,-0.038,2500,0
175964,3.021,3.000,8.672,-0.261,0.363,-0.042,2493,0
175984,3.177,2.971,8.758,-0.258,0.531,-0.107,2474,0
176004,2.509,3.249,9.644,-0.252,0.500,-0.148,2456,0
176024,2.425,2.105,9.907,-0.095,0.253,-0.082,2451,0
176044,2.310,2.042,9.905,0.100,0.027,-0.031,2450,0
176064,2.167,2.428,9.450,0.213,-0.141,-0.068,2450,0
176084,1.956,2.986,9.105,0.219,-0.276,-0.043,2451,0
176104,1.932,3.196,9.151,0.172,-0.451,0.023,2453,0
176124,1.942,3.306,9.491,0.181,-0.716,0.079,2467,0
176144,2.272,2.679,9.445,0.173,-0.961,0.054,2494,0
176164,2.734,2.722,9.359,0.304,-1.066,0.020,2510,0
176184,3.208,2.902,9.122,0.388,-1.074,-0.006,2519,0
176204,3.539,3.017,8.796,0.430,-1.011,-0.038,2527,0
176224,3.737,3.189,8.586,0.492,-0.893,-0.079,2535,0
176244,3.792,3.464,8.260,0.541,-0.782,-0.090,2542,0
176264,4.010,3.620,7.954,0.484,-0.670,-0.064,2544,0
176284,4.120,3.570,7.764,0.388,-0.521,-0.030,2551,0
176304,4.199,3.493,7.872,0.319,-0.352,-0.018,2555,0
176324,4.211,3.436,7.944,0.265,-0.214,-0.028,2557,0
176344,4.187,3.579,8.083,0.215,-0.135,-0.050,2557,0
176364,4.130,3.850,8.231,0.129,-0.106,-0.059,2558,0
176384,4.029,3.869,8.337,0.111,-0.110,-0.039,2558,0
176404,3.891,3.773,8.298,0.151,-0.078,0.000,2559,0
176424,3.754,3.689,8.205,0.154,-0.009,0.010,2559,0
176444,3.546,3.778,8.147,0.049,0.075,0.009,2556,0
176464,3.395,3.859,8.267,-0.060,0.137,0.038,2555,0
176484,3.354,3.831,8.262,-0.087,0.171,0.098,2552,0
176504,3.417,3.634,8.305,-0.066,0.242,0.147,2549,0
176524,3.474,3.409,8.428,-0.052,0.389,0.163,2546,0
176544,3.352,3.270,8.475,-0.034,0.545,0.163,2541,0
176564,3.055,3.302,8.557,0.011,0.564,0.179,2536,0
176584,3.065,3.378,8.818,-0.040,0.435,0.194,2527,0
176604,3.218,3.175,8.926,-0.175,0.319,0.222,2520,0
176624,3.297,2.998,9.033,-0.272,0.280,0.220,2514,0
176644,3.304,2.753,8.933,-0.326,0.258,0.189,2511,0
176664,3.323,2.674,8.674,-0.350,0.229,0.154,2505,0
176684,3.259,2.758,8.394,-0.370,0.238,0.133,2502,0
176704,3.290,3.098,8.363,-0.434,0.230,0.149,2497,0
176724,3.436,2.892,8.097,-0.507,0.191,0.180,2496,0
176744,3.670,2.787,7.966,-0.488,0.184,0.212,2493,0
176764,3.776,3.007,8.011,-0.359,0.190,0.243,2491,0
176784,4.039,3.134,8.073,-0.326,0.253,0.302,2481,0
176804,4.300,3.038,8.490,-0.311,0.220,0.339,2474,0
176824,4.436,2.780,8.662,-0.258,0.177,0.326,2467,0
176844,4.460,2.923,8.727,-0.185,0.082,0.262,2462,0
176864,4.448,3.093,8.703,-0.208,0.019,0.221,2460,0
176884,4.305,2.945,8.823,-0.248,-0.007,0.221,2457,0
176904,3.948,2.629,9.232,-0.259,-0.075,0.220,2459,0
176924,3.709,2.315,9.043,-0.256,-0.111,0.203,2457,0
176944,3.474,2.052,8.959,-0.191,-0.096,0.179,2457,0
176964,3.345,1.757,8.899,-0.098,-0.089,0.154,2458,0
176984,3.278,1.575,8.923,-0.003,-0.070,0.102,2461,0
177004,3.237,1.635,9.045,0.053,-0.096,0.030,2466,0
177024,3.127,1.750,8.940,0.103,-0.169,-0.038,2468,0
177044,3.201,1.930,8.909,0.089,-0.198,-0.047,2475,0
177064,3.405,1.937,8.806,0.078,-0.153,-0.027,2479,0
177084,3.496,2.107,9.026,0.037,-0.057,-0.021,2485,0
177104,3.486,2.210,9.208,-0.003,-0.029,-0.017,2490,0
177124,3.591,2.186,9.206,-0.053,0.009,-0.021,2495,0
177144,3.606,2.231,9.129,-0.096,0.074,-0.012,2497,0
177164,3.551,2.210,8.981,-0.083,0.319,0.018,2500,0
177184,3.330,2.009,8.712,-0.060,0.402,0.047,2503,0
177204,3.340,1.848,8.483,-0.097,0.472,0.027,2509,0
177224,3.158,1.839,8.964,-0.167,0.450,0.027,2512,0
177244,2.971,1.884,9.498,-0.153,0.293,0.042,2517,0
177264,3.089,1.719,9.524,-0.103,0.176,0.042,2521,0
177284,3.038,1.525,9.608,-0.073,0.187,0.023,2527,0
177304,3.010,1.556,10.321,0.027,0.081,-0.021,2528,0
177324,2.909,1.786,9.670,0.132,0.040,-0.069,2528,0
177344,2.643,2.112,9.093,0.145,0.012,-0.042,2526,0
177364,2.377,1.990,8.775,0.170,-0.139,-0.015,2524,0
177384,2.387,1.935,8.677,0.256,-0.353,0.029,2528,0
177404,2.761,2.006,8.222,0.225,-0.348,0.036,2531,0
177424,3.235,2.037,8.523,0.115,-0.107,0.043,2533,0
177444,3.409,2.188,9.208,-0.001,0.188,0.038,2535,0
177464,3.608,2.124,9.749,-0.017,0.323,0.008,2536,0
177484,3.417,1.700,10.240,-0.008,0.232,-0.037,2530,0
177504,3.165,1.475,9.682,0.124,0.048,-0.090,2530,0
177524,2.667,1.659,9.148,0.206,-0.058,-0.094,2530,0
177544,2.409,1.884,8.837,0.266,-0.257,-0.043,2529,0
177564,2.519,2.016,8.531,0.242,-0.429,-0.031,2535,0
177584,3.103,2.246,7.884,0.124,-0.279,-0.034,2539,0
177604,3.237,2.349,8.784,0.004,0.094,-0.039,2542,0
177624,3.177,2.710,9.579,-0.041,0.306,-0.001,2543,0
177644,3.259,2.030,9.553,-0.083,0.178,0.002,2543,0
177664,3.105,1.765,10.032,-0.005,0.031,-0.039,2538,0
177684,2.952,1.528,9.357,0.198,-0.075,-0.105,2537,0
177704,2.409,1.985,8.638,0.313,-0.202,-0.105,2538,0
177724,2.375,2.368,8.262,0.262,-0.431,-0.043,2541,0
177744,2.909,2.131,8.408,0.078,-0.481,-0.035,2543,0
177764,3.220,2.368,8.566,-0.043,-0.166,-0.044,2546,0
177784,3.484,2.459,9.007,-0.039,0.145,-0.022,2553,0
177804,3.402,2.330,10.417,-0.060,0.167,0.011,2552,0
177824,3.524,2.207,11.107,-0.032,0.033,-0.007,2549,0
177844,3.381,1.844,9.766,0.069,-0.019,-0.058,2545,0
177864,2.794,2.112,8.906,0.201,-0.061,-0.085,2544,0
177884,2.368,2.193,8.399,0.229,-0.242,-0.043,2544,0
177904,2.648,2.224,8.296,0.120,-0.379,0.023,2547,0
177924,3.318,2.047,7.939,0.027,-0.212,-0.009,2552,0
177944,3.491,2.318,8.875,-0.007,0.114,-0.044,2554,0
177964,3.357,2.682,9.802,-0.013,0.211,0.004,2557,0
177984,3.318,2.373,9.610,-0.047,0.084,-0.006,2552,0
178004,3.424,2.076,9.941,-0.079,0.001,-0.007,2549,0
178024,3.158,2.021,9.270,0.042,-0.009,-0.032,2545,0
178044,2.583,2.150,8.571,0.109,-0.105,-0.013,2544,0
178064,2.404,1.994,8.116,0.164,-0.262,0.018,2543,0
178084,2.682,2.148,8.030,0.055,-0.314,0.019,2546,0
178104,3.261,2.265,8.114,-0.029,-0.090,-0.002,2548,0
178124,3.397,2.648,9.306,-0.040,0.188,0.025,2551,0
178144,3.627,2.318,10.056,-0.050,0.190,0.044,2550,0
178164,3.608,1.975,10.264,-0.040,0.041,-0.004,2546,0
178184,3.467,2.033,9.704,-0.013,0.026,-0.025,2544,0
178204,3.182,2.083,9.110,0.022,0.024,-0.031,2543,0
178224,2.890,2.140,8.502,0.011,0.010,-0.026,2540,0
178244,2.622,2.181,8.320,-0.022,-0.005,0.003,2540,0
178264,2.722,1.848,8.593,-0.042,-0.019,0.035,2537,0
178284,2.942,1.726,9.237,0.023,-0.014,0.022,2538,0
178304,3.086,1.946,9.505,0.107,-0.033,-0.005,2539,0
178324,3.100,2.327,9.443,0.110,-0.058,-0.015,2538,0
178344,3.203,2.301,8.758,0.052,-0.131,-0.016,2538,0
178364,3.139,2.519,8.756,0.009,-0.062,0.004,2538,0
178384,3.148,2.282,8.777,-0.049,-0.054,0.021,2537,0
178404,3.112,2.025,8.926,-0.069,-0.033,0.011,2537,0
178424,3.100,2.028,8.952,-0.028,-0.001,0.002,2536,0
178444,3.512,1.973,9.182,-0.034,0.125,0.000,2536,0
178464,3.433,1.757,9.862,-0.007,0.144,-0.004,2538,0
178484,3.318,1.820,9.663,0.063,0.126,-0.038,2535,0
178504,2.983,2.061,9.471,0.091,0.137,-0.034,2535,0
178524,2.784,2.006,9.251,0.113,0.061,-0.014,2534,0
178544,2.550,2.217,8.844,0.186,-0.066,0.001,2533,0
178564,2.406,2.133,8.356,0.208,-0.167,0.039,2533,0
178584,2.437,2.023,8.313,0.147,-0.218,0.042,2532,0
178604,2.751,1.958,9.179,0.056,-0.257,0.047,2531,0
178624,3.026,2.061,8.971,0.083,-0.201,0.006,2534,0
178644,3.165,2.361,9.565,0.055,-0.157,0.001,2536,0
178664,3.376,2.263,9.637,0.110,-0.166,-0.026,2536,0
178684,3.481,2.174,9.558,0.167,-0.173,-0.032,2537,0
178704,3.500,2.229,9.234,0.196,-0.158,-0.035,2539,0
178724,3.479,2.339,8.815,0.116,-0.110,-0.044,2539,0
178744,3.354,2.354,8.760,0.019,-0.002,-0.031,2539,0
178764,3.290,1.999,9.122,0.054,0.046,-0.026,2537,0
178784,3.517,1.733,9.625,0.295,-0.018,-0.083,2540,0
178804,3.701,1.954,9.474,0.488,-0.068,-0.146,2539,0
178824,3.804,2.231,9.292,0.445,-0.051,-0.153,2538,0
178844,4.020,2.073,9.371,0.365,0.034,-0.177,2536,0
178864,4.068,2.107,9.361,0.261,0.079,-0.228,2536,0
178884,3.948,2.002,9.311,0.278,0.034,-0.322,2540,0
178904,3.850,2.672,9.086,0.319,-0.009,-0.356,2537,0
178924,3.797,3.218,8.765,0.204,0.008,-0.346,2535,0
178944,3.536,3.338,8.552,-0.058,0.013,-0.302,2533,0
178964,3.306,3.311,8.720,-0.177,-0.033,-0.272,2537,0
178984,3.146,3.168,8.691,-0.209,-0.104,-0.235,2540,0
179004,3.086,3.084,8.657,-0.156,-0.154,-0.189,2543,0
179024,2.931,3.108,8.392,-0.099,-0.189,-0.153,2545,0
179044,2.875,3.108,8.310,-0.074,-0.178,-0.104,2544,0
179064,2.897,3.043,8.282,-0.067,-0.123,-0.066,2545,0
179084,2.813,2.794,8.200,-0.046,-0.079,-0.042,2545,0
179104,2.823,2.327,7.839,-0.009,-0.075,-0.035,2545,0
179124,2.940,2.052,7.942,0.006,-0.060,-0.056,2545,0
179144,2.734,2.064,8.212,-0.081,0.065,-0.105,2545,0
179164,2.629,1.767,8.301,-0.149,0.225,-0.198,2546,0
179184,2.619,1.587,8.025,-0.092,0.310,-0.322,2544,0
179204,2.624,1.602,7.554,-0.065,0.408,-0.438,2541,0
179224,2.406,2.219,8.052,-0.280,0.722,-0.508,2530,0
179244,2.095,3.043,9.565,-0.541,1.268,-0.612,2512,0
179264,1.415,2.904,10.647,-0.606,1.496,-0.646,2488,0
179284,-0.721,5.423,11.698,-0.058,1.308,-0.474,2466,0
179304,-0.596,4.005,12.979,-0.057,0.029,-0.083,2465,0
179324,0.795,2.212,10.985,0.006,-0.781,0.072,2458,0
179344,0.950,1.743,10.072,0.323,-0.934,0.033,2462,0
179364,1.034,2.399,10.029,0.397,-1.172,0.119,2481,0
179384,1.312,2.722,9.249,0.338,-1.457,0.242,2497,0
179404,1.954,2.787,8.875,0.334,-1.602,0.341,2522,0
179424,2.449,2.861,8.428,0.329,-1.530,0.378,2543,0
179444,2.849,2.784,8.291,0.330,-1.338,0.397,2558,0
179464,3.239,2.811,8.119,0.327,-1.000,0.376,2561,0
179484,3.443,2.646,8.215,0.318,-0.637,0.309,2561,0
179504,3.479,2.765,8.425,0.335,-0.437,0.254,2559,0
179524,3.651,2.911,8.705,0.313,-0.421,0.230,2559,0
179544,3.812,2.782,8.564,0.248,-0.350,0.188,2559,0
179564,3.747,2.526,8.246,0.221,-0.213,0.127,2559,0
179584,3.733,2.586,8.416,0.190,-0.162,0.094,2559,0
179604,3.919,2.433,8.301,0.168,-0.140,0.090,2557,0
179624,3.926,2.528,8.267,0.181,-0.050,0.061,2558,0
179644,3.883,2.658,8.473,0.147,-0.017,0.026,2557,0
179664,3.883,2.662,8.444,0.120,-0.031,0.014,2555,0
179684,3.919,2.660,8.270,0.187,-0.049,0.028,2552,0
179704,4.077,2.830,7.989,0.252,-0.013,0.051,2546,0
179724,4.343,2.904,7.901,0.225,0.060,0.079,2544,0
179744,4.525,3.000,7.918,0.166,0.171,0.126,2544,0
179764,4.547,2.974,8.140,0.147,0.285,0.142,2543,0
179784,4.544,2.768,8.004,0.199,0.354,0.099,2538,0
179804,4.812,3.122,8.416,0.141,0.266,0.110,2539,0
179824,4.925,2.976,8.880,0.028,0.111,0.101,2538,0
179844,4.843,2.734,8.799,-0.017,-0.030,0.090,2539,0
179864,4.726,2.717,8.667,0.036,-0.181,0.063,2537,0
179884,4.566,3.000,8.389,0.090,-0.231,-0.007,2539,0
179904,4.341,3.481,8.380,0.058,-0.181,-0.042,2538,0
179924,4.053,3.455,8.519,-0.014,-0.124,0.030,2539,0
179944,4.034,3.077,8.509,-0.047,-0.115,0.106,2540,0
179964,4.092,2.607,8.346,-0.005,-0.132,0.095,2538,0
179984,4.063,2.528,8.308,-0.022,-0.120,0.062,2540,0
180004,4.202,2.365,8.109,-0.142,-0.179,0.033,2537,0
180024,4.796,1.925,7.702,-0.167,0.044,-0.040,2543,0
180044,4.480,2.909,9.012,-0.513,0.231,-0.083,2553,0
180064,4.180,2.878,9.548,-0.552,0.076,-0.133,2561,0
180084,3.871,2.828,9.244,-0.319,-0.096,-0.176,2587,0
180104,3.699,2.737,8.629,-0.188,-0.243,-0.127,2593,0
180124,3.606,2.409,8.152,-0.144,-0.346,-0.091,2593,0
180144,3.622,2.251,8.035,-0.048,-0.411,-0.121,2595,0
180164,3.618,2.365,7.968,0.040,-0.363,-0.145,2596,0
180184,3.790,2.473,7.894,0.079,-0.282,-0.139,2599,0
180204,3.907,2.478,8.066,0.107,-0.196,-0.130,2601,0
180224,4.015,2.569,8.475,0.067,-0.276,-0.109,2607,0
180244,4.405,2.650,8.815,0.060,-0.394,-0.117,2616,0
180264,4.755,2.861,9.194,0.031,-0.402,-0.111,2623,0
180284,4.865,2.885,9.093,0.018,-0.337,-0.065,2622,0
180304,4.961,2.526,8.902,0.043,-0.252,-0.027,2620,0
180324,4.808,2.308,8.653,0.115,-0.166,-0.020,2620,0
180344,4.563,2.370,8.389,0.157,-0.110,-0.028,2617,0
180364,4.393,2.538,8.389,0.144,-0.102,-0.025,2617,0
180384,4.336,2.607,8.296,0.150,-0.095,-0.021,2618,0
180404,4.355,2.713,8.219,0.157,-0.070,-0.021,2619,0
180424,4.448,2.751,8.298,0.154,-0.045,-0.027,2620,0
180444,4.539,2.928,8.339,0.147,-0.033,-0.042,2621,0
180464,4.563,2.976,8.339,0.095,-0.021,-0.033,2619,0
180484,4.513,2.914,8.389,0.045,-0.046,-0.019,2617,0
180504,4.616,2.713,8.329,0.056,-0.063,-0.029,2617,0
180524,4.594,2.720,8.329,0.071,-0.020,-0.039,2615,0
180544,4.470,2.818,8.404,0.066,0.000,-0.038,2613,0
180564,4.405,2.813,8.377,0.087,-0.026,-0.034,2611,0
180584,4.389,2.835,8.231,0.094,-0.039,-0.020,2612,0
180604,4.451,2.849,8.207,0.085,-0.035,-0.017,2611,0
180624,4.530,2.909,8.246,0.088,-0.013,-0.017,2611,0
180644,4.525,2.909,8.255,0.098,0.020,-0.013,2609,0
180664,4.468,2.854,8.317,0.071,0.035,-0.008,2611,0
180684,4.477,2.806,8.408,0.038,-0.026,-0.009,2610,0
180704,4.492,2.741,8.310,0.051,-0.044,-0.014,2609,0
180724,4.453,2.816,8.226,0.056,-0.027,-0.013,2609,0
180744,4.446,2.811,8.188,0.054,-0.018,-0.006,2609,0
180764,4.463,2.804,8.258,0.055,-0.012,-0.011,2609,0
180784,4.470,2.887,8.322,0.058,-0.011,-0.013,2608,0
180804,4.448,2.942,8.310,0.048,0.003,0.001,2609,0
180824,4.444,2.914,8.305,0.061,0.000,0.019,2610,0
180844,4.468,2.856,8.226,0.073,0.001,0.032,2608,0
180864,4.439,2.823,8.265,0.082,0.007,0.031,2608,0
180884,4.317,2.945,8.279,0.077,-0.018,0.046,2608,0
180904,4.278,2.974,8.425,0.073,-0.078,0.074,2608,0
180924,4.317,2.763,8.444,0.147,-0.149,0.105,2608,0
180944,4.585,2.648,8.284,0.183,-0.149,0.077,2607,0
180964,4.709,2.761,8.138,0.160,-0.071,0.030,2604,0
180984,4.623,3.021,8.095,0.108,0.008,0.018,2602,0
181004,4.410,3.144,8.159,0.084,0.047,0.022,2602,0
181024,4.544,2.672,8.112,0.056,0.033,0.033,2600,0
181044,4.535,2.823,8.217,0.044,0.064,0.012,2597,0
181064,4.499,2.962,8.274,0.027,0.105,0.017,2596,0
181084,4.511,3.024,8.310,0.037,0.125,0.030,2593,0
181104,4.408,2.966,8.267,0.021,0.140,0.056,2592,0
181124,4.408,2.969,8.442,-0.014,0.130,0.055,2588,0
181144,4.413,3.093,8.511,-0.045,0.131,0.056,2586,0
181164,4.377,2.957,8.559,-0.029,0.142,0.083,2585,0
181184,4.391,2.717,8.428,0.039,0.148,0.111,2582,0
181204,4.408,2.667,8.317,0.055,0.179,0.114,2581,0
181224,4.434,2.796,8.373,0.009,0.272,0.116,2580,0
181244,4.398,2.840,8.578,0.005,0.379,0.116,2561,0
181264,4.269,2.835,8.760,0.055,0.395,0.105,2562,0
181284,4.228,2.820,8.796,0.104,0.368,0.098,2561,0
181304,4.343,3.029,8.753,0.119,0.392,0.105,2559,0
181324,4.254,3.041,8.768,0.087,0.517,0.134,2559,0
181344,4.058,2.971,8.727,0.051,0.590,0.154,2559,0
181364,3.881,3.055,8.794,0.005,0.563,0.179,2557,0
181384,3.749,3.065,8.823,-0.055,0.533,0.233,2553,0
181404,3.677,3.266,8.729,-0.086,0.489,0.322,2550,0
181424,3.618,3.364,8.650,-0.073,0.449,0.391,2547,0
181444,3.476,3.771,8.808,-0.063,0.352,0.447,2546,0
181464,3.450,3.512,8.871,-0.083,0.175,0.509,2545,0
181484,3.539,3.349,8.562,0.005,0.033,0.564,2544,0
181504,3.620,3.251,8.109,0.114,0.002,0.607,2544,0
181524,3.677,2.909,7.774,0.215,0.043,0.685,2545,0
181544,3.579,3.177,7.590,0.325,0.107,0.730,2544,0
181564,3.481,3.031,7.298,0.324,0.168,0.760,2548,0
181584,3.450,2.737,7.286,0.113,0.311,0.811,2545,0
181604,3.455,2.018,7.573,-0.118,0.502,0.823,2544,0
181624,3.297,1.338,7.908,-0.132,0.594,0.766,2542,0
181644,3.127,1.372,8.538,-0.041,0.537,0.609,2539,0
181664,2.373,1.381,11.334,-0.016,0.298,0.514,2533,0
181684,2.935,0.977,11.377,0.048,-0.435,0.335,2527,0
181704,3.304,1.180,10.288,0.274,-0.713,0.194,2526,0
181724,3.479,1.516,8.792,0.367,-0.506,0.126,2525,0
181744,3.153,1.908,8.624,0.378,-0.166,0.075,2525,0
181764,2.710,2.148,8.705,0.350,0.038,0.085,2526,0
181784,2.579,2.272,8.612,0.331,0.121,0.144,2525,0
181804,2.557,1.894,8.662,0.274,0.147,0.163,2526,0
181824,2.703,1.508,9.105,0.234,0.096,0.119,2524,0
181844,3.041,1.638,9.735,0.234,0.095,0.058,2524,0
181864,3.294,1.918,10.226,0.304,0.018,0.020,2524,0
181884,3.457,2.265,9.776,0.348,-0.145,-0.003,2525,0
181904,3.639,2.576,9.266,0.313,-0.258,-0.055,2524,0
181924,3.620,3.036,8.997,0.215,-0.336,-0.119,2521,0
181944,3.579,2.940,9.055,0.096,-0.456,-0.170,2523,0
181964,3.582,2.550,9.179,0.035,-0.687,-0.224,2520,0
181984,3.572,2.320,9.201,-0.005,-1.031,-0.334,2519,0
182004,3.675,1.958,8.918,0.002,-1.326,-0.452,2519,0
182024,3.998,2.394,8.586,0.031,-1.417,-0.573,2517,0
182044,4.367,2.703,8.296,-0.022,-1.407,-0.638,2518,0
182064,4.659,2.801,8.104,-0.001,-1.293,-0.662,2524,0
182084,4.803,2.861,8.286,0.055,-1.223,-0.587,2525,0
182104,5.073,2.875,7.896,0.154,-1.159,-0.526,2528,0
182124,5.265,3.096,7.412,0.243,-0.956,-0.541,2530,0
182144,5.270,3.481,7.221,0.230,-0.717,-0.545,2531,0
182164,5.148,3.634,7.116,0.184,-0.541,-0.474,2530,0
182184,5.104,3.733,6.850,0.212,-0.356,-0.333,2532,0
182204,5.272,3.852,6.632,0.272,-0.040,-0.141,2538,0
182224,5.222,4.432,6.699,0.346,0.383,0.093,2545,0
182244,5.047,4.350,7.068,0.227,0.657,0.326,2550,0
182264,5.085,3.783,7.309,0.203,0.895,0.521,2558,0
182284,4.884,3.572,7.484,0.317,1.219,0.694,2558,0
182304,4.657,3.666,7.851,0.301,1.447,0.862,2553,0
182324,4.503,3.522,7.860,0.173,1.460,0.861,2545,0
182344,4.573,2.849,8.471,0.029,1.443,0.735,2541,0
182364,4.331,2.526,8.748,-0.036,1.260,0.500,2528,0
182384,3.883,2.626,8.724,-0.149,1.018,0.316,2514,0
182404,3.883,2.452,9.055,-0.229,0.837,0.255,2511,0
182424,3.773,2.495,9.225,-0.174,0.707,0.194,2500,0
182444,3.632,2.602,9.052,-0.136,0.507,0.086,2493,0
182464,3.407,2.581,8.952,-0.175,0.299,-0.034,2484,0
182484,2.825,1.994,9.515,-0.170,-0.072,-0.180,2480,0
182504,3.170,2.272,9.586,-0.014,-0.591,-0.254,2475,0
182524,3.407,2.394,9.266,0.076,-0.786,-0.233,2475,0
182544,3.797,2.667,8.545,0.139,-0.679,-0.221,2478,0
182564,3.948,3.072,8.207,0.147,-0.484,-0.218,2480,0
182584,4.010,3.278,8.145,0.076,-0.406,-0.207,2482,0
182604,4.044,3.247,8.126,-0.017,-0.357,-0.187,2483,0
182624,4.056,3.127,8.262,-0.037,-0.263,-0.138,2483,0
182644,4.087,3.007,8.389,-0.006,-0.158,-0.081,2484,0
182664,4.087,3.060,8.461,0.027,-0.068,-0.039,2486,0
182684,4.022,3.021,8.504,0.042,-0.036,-0.010,2486,0
182704,4.010,2.950,8.473,0.037,-0.052,-0.007,2487,0
182724,4.001,2.883,8.478,0.039,-0.067,-0.017,2486,0
182744,3.991,2.907,8.492,0.040,-0.073,-0.017,2488,0
182764,4.034,2.976,8.454,0.048,-0.059,-0.018,2489,0
182784,4.041,2.998,8.454,0.042,-0.037,-0.013,2491,0
182804,4.032,3.014,8.447,0.035,-0.041,-0.022,2491,0
182824,4.061,2.952,8.464,0.021,-0.055,-0.031,2492,0
182844,4.044,2.890,8.459,0.036,-0.054,-0.028,2492,0
182864,4.032,2.892,8.502,0.050,-0.057,-0.019,2496,0
182884,4.046,2.914,8.461,0.053,-0.064,-0.023,2494,0
182904,4.041,2.931,8.516,0.052,-0.079,-0.030,2496,0
182924,4.025,2.966,8.487,0.048,-0.107,-0.030,2498,0
182944,4.037,2.974,8.523,0.043,-0.126,-0.017,2501,0
182964,4.068,2.950,8.447,0.048,-0.139,-0.008,2506,0
182984,4.118,2.950,8.384,0.058,-0.128,-0.003,2507,0
183004,4.149,2.969,8.365,0.062,-0.102,-0.011,2505,0
183024,4.183,2.986,8.349,0.062,-0.078,-0.017,2507,0
183044,4.185,2.998,8.384,0.078,-0.044,-0.014,2505,0
183064,4.120,3.077,8.377,0.069,-0.039,-0.005,2508,0
183084,4.104,3.084,8.387,0.043,-0.053,0.004,2506,0
183104,4.051,3.072,8.430,0.072,-0.068,0.001,2506,0
183124,3.895,2.964,8.545,0.193,-0.140,0.002,2506,0
183144,3.950,2.804,8.631,0.247,-0.277,0.044,2506,0
183164,4.305,2.650,8.686,0.290,-0.346,0.035,2505,0
183184,4.537,2.856,8.487,0.347,-0.333,-0.026,2508,0
183204,4.499,3.270,7.884,0.258,-0.244,-0.064,2510,0
183224,4.420,3.543,7.673,0.096,-0.135,-0.044,2512,0
183244,4.436,3.524,7.829,-0.017,-0.058,-0.010,2513,0
183264,4.391,3.302,8.023,-0.042,0.006,0.010,2515,0
183284,4.405,3.072,8.212,-0.050,0.022,0.009,2517,0
183304,4.391,2.919,8.334,-0.006,0.034,-0.021,2518,0
183324,4.324,3.148,8.344,0.036,0.029,-0.027,2518,0
183344,4.350,3.163,8.298,0.029,-0.000,-0.023,2521,0
183364,4.326,3.168,8.305,0.048,0.013,-0.018,2520,0
183384,4.326,3.237,8.282,0.059,0.017,-0.005,2521,0
183404,4.329,3.144,8.222,0.060,0.026,-0.010,2522,0
183424,4.250,3.177,8.145,0.058,0.054,-0.016,2520,0
183444,4.195,3.290,8.289,0.029,0.021,-0.006,2521,0
183464,4.300,3.132,8.308,0.021,-0.012,-0.005,2520,0
183484,4.312,3.079,8.282,0.044,0.024,-0.010,2519,0
183504,4.271,3.148,8.317,0.069,0.047,-0.022,2518,0
183524,4.202,3.196,8.329,0.078,0.039,-0.020,2518,0
183544,4.192,3.153,8.384,0.062,0.009,-0.016,2518,0
183564,4.168,3.223,8.303,0.056,-0.006,-0.013,2517,0
183584,4.211,3.223,8.279,0.034,-0.016,-0.001,2518,0
183604,4.254,3.160,8.277,0.040,-0.006,-0.002,2518,0
183624,4.252,3.122,8.253,0.042,0.010,-0.010,2516,0
183644,4.207,3.110,8.327,0.056,0.019,-0.019,2516,0
183664,4.142,3.206,8.377,0.074,0.014,-0.016,2517,0
183684,4.159,3.220,8.384,0.071,-0.026,-0.011,2517,0
183704,4.168,3.206,8.301,0.068,-0.025,-0.007,2516,0
183724,4.190,3.242,8.305,0.054,-0.035,0.000,2514,0
183744,4.269,3.160,8.310,0.040,-0.043,-0.006,2515,0
183764,4.171,3.196,8.363,0.067,-0.034,-0.018,2514,0
183784,4.187,3.227,8.416,0.078,-0.083,-0.021,2513,0
183804,4.211,3.256,8.205,0.079,-0.090,-0.015,2513,0
183824,4.221,3.354,8.068,0.062,-0.056,0.003,2514,0
183844,4.254,3.294,8.100,0.031,-0.015,0.018,2516,0
183864,4.211,3.211,8.226,0.025,0.025,0.019,2515,0
183884,4.175,3.208,8.332,0.029,0.025,0.022,2515,0
183904,4.190,3.163,8.406,0.033,0.006,0.023,2515,0
183924,4.195,3.132,8.428,0.058,-0.007,0.013,2515,0
183944,4.154,3.179,8.351,0.076,-0.017,0.010,2516,0
183964,4.154,3.247,8.305,0.103,-0.021,0.021,2516,0
183984,4.156,3.208,8.294,0.118,-0.021,0.027,2515,0
184004,4.175,3.242,8.317,0.141,-0.017,0.042,2514,0
184024,4.154,3.251,8.315,0.145,-0.028,0.046,2514,0
184044,4.190,3.232,8.368,0.152,-0.047,0.044,2515,0
184064,4.192,3.263,8.365,0.194,-0.051,0.050,2513,0
184084,4.192,3.328,8.260,0.188,-0.071,0.054,2512,0
184104,4.245,3.318,8.167,0.138,-0.086,0.034,2511,0
184124,4.274,3.280,8.114,0.103,-0.081,0.002,2510,0
184144,4.223,3.342,8.135,0.084,-0.060,-0.012,2512,0
184164,4.254,3.361,8.212,0.084,-0.060,-0.017,2512,0
184184,4.245,3.366,8.210,0.086,-0.059,-0.025,2510,0
184204,4.228,3.409,8.195,0.076,-0.056,-0.027,2511,0
184224,4.238,3.402,8.164,0.061,-0.060,-0.026,2509,0
184244,4.245,3.424,8.183,0.065,-0.051,-0.016,2510,0
184264,4.259,3.369,8.167,0.056,-0.037,-0.013,2509,0
184284,4.262,3.381,8.207,0.063,-0.026,-0.015,2509,0
184304,4.252,3.340,8.203,0.059,-0.022,-0.018,2509,0
184324,4.197,3.448,8.212,0.066,-0.025,-0.019,2509,0
184344,4.243,3.419,8.143,0.056,-0.042,-0.017,2508,0
184364,4.252,3.390,8.143,0.059,-0.034,-0.020,2507,0
184384,4.202,3.436,8.217,0.067,-0.029,-0.015,2507,0
184404,4.278,3.395,8.219,0.054,-0.046,-0.019,2508,0
184424,4.262,3.417,8.195,0.051,-0.035,-0.025,2508,0
184444,4.161,3.536,8.207,0.062,-0.037,-0.026,2506,0
184464,4.178,3.503,8.174,0.055,-0.075,-0.017,2506,0
184484,4.274,3.455,8.088,0.050,-0.065,-0.010,2506,0
184504,4.269,3.464,8.068,0.047,-0.033,-0.005,2507,0
184524,4.252,3.450,8.102,0.030,-0.021,-0.003,2505,0
184544,4.216,3.457,8.203,0.033,-0.020,0.000,2505,0
184564,4.228,3.397,8.260,0.031,-0.042,0.000,2505,0
184584,4.269,3.371,8.207,0.043,-0.043,-0.006,2506,0
184604,4.252,3.426,8.174,0.051,-0.033,-0.008,2506,0
184624,4.226,3.445,8.138,0.046,-0.031,-0.007,2506,0
184644,4.254,3.438,8.114,0.043,-0.031,-0.005,2506,0
184664,4.257,3.421,8.126,0.037,-0.021,-0.002,2505,0
184684,4.250,3.455,8.200,0.040,-0.028,-0.002,2507,0
184704,4.269,3.438,8.174,0.043,-0.037,-0.002,2506,0
184724,4.271,3.452,8.126,0.035,-0.024,0.001,2507,0
184744,4.254,3.460,8.155,0.026,-0.016,0.005,2506,0
184764,4.233,3.421,8.181,0.029,-0.015,0.006,2506,0
184784,4.226,3.412,8.183,0.039,-0.019,-0.002,2507,0
184804,4.243,3.436,8.171,0.042,-0.027,-0.007,2505,0
184824,4.231,3.491,8.145,0.038,-0.031,-0.006,2506,0
184844,4.283,3.462,8.174,0.028,-0.034,-0.004,2504,0
184864,4.266,3.464,8.212,0.031,-0.027,-0.001,2507,0
184884,4.262,3.433,8.210,0.035,-0.040,-0.001,2505,0
184904,4.266,3.405,8.193,0.043,-0.040,-0.005,2506,0
184924,4.250,3.400,8.183,0.042,-0.044,-0.007,2505,0
184944,4.259,3.385,8.188,0.043,-0.039,-0.009,2505,0
184964,4.245,3.426,8.164,0.049,-0.035,-0.007,2506,0
184984,4.250,3.443,8.150,0.038,-0.027,-0.006,2505,0
185004,4.226,3.440,8.143,0.028,-0.019,-0.004,2505,0
185024,4.192,3.436,8.198,0.024,-0.017,-0.000,2506,0
185044,4.202,3.409,8.226,0.031,-0.024,0.002,2508,0
185064,4.243,3.409,8.226,0.035,-0.032,-0.001,2506,0
185084,4.278,3.438,8.215,0.036,-0.025,-0.010,2505,0
185104,4.252,3.484,8.152,0.037,-0.024,-0.017,2506,0
185124,4.223,3.510,8.135,0.030,-0.028,-0.011,2506,0
185144,4.219,3.479,8.109,0.017,-0.027,-0.002,2506,0
185164,4.233,3.417,8.135,0.011,-0.025,0.002,2503,0
185184,4.231,3.376,8.191,0.019,-0.026,-0.001,2504,0
185204,4.223,3.383,8.200,0.027,-0.029,-0.005,2505,0
185224,4.209,3.400,8.198,0.025,-0.029,-0.003,2505,0
185244,4.221,3.371,8.207,0.030,-0.028,0.001,2506,0
185264,4.235,3.354,8.234,0.035,-0.035,0.001,2506,0
185284,4.238,3.369,8.200,0.048,-0.038,-0.006,2505,0
185304,4.216,3.400,8.174,0.048,-0.032,-0.008,2506,0
185324,4.197,3.426,8.188,0.041,-0.030,-0.008,2506,0
185344,4.240,3.436,8.210,0.033,-0.029,-0.007,2505,0
185364,4.231,3.400,8.253,0.036,-0.022,-0.005,2504,0
185384,4.207,3.424,8.231,0.042,-0.026,-0.001,2505,0
185404,4.240,3.400,8.193,0.046,-0.036,-0.001,2505,0
185424,4.245,3.405,8.143,0.048,-0.036,-0.005,2504,0
185444,4.235,3.438,8.131,0.043,-0.033,-0.007,2505,0
185464,4.243,3.467,8.152,0.043,-0.021,-0.005,2506,0
185484,4.240,3.462,8.162,0.036,-0.014,0.002,2505,0
185504,4.238,3.417,8.210,0.035,-0.016,0.001,2505,0
185524,4.214,3.397,8.243,0.043,-0.022,0.004,2504,0
185544,4.219,3.371,8.243,0.046,-0.034,0.002,2505,0
185564,4.204,3.383,8.217,0.050,-0.040,-0.002,2506,0
185584,4.238,3.390,8.174,0.047,-0.037,-0.003,2504,0
185604,4.240,3.397,8.169,0.039,-0.024,-0.006,2505,0
185624,4.209,3.405,8.215,0.036,-0.022,-0.005,2506,0
185644,4.192,3.397,8.238,0.046,-0.034,-0.005,2507,0
185664,4.204,3.402,8.229,0.054,-0.040,-0.006,2505,0
185684,4.216,3.448,8.179,0.049,-0.036,-0.005,2505,0
185704,4.207,3.428,8.188,0.042,-0.033,-0.001,2506,0
185724,4.238,3.395,8.207,0.047,-0.031,0.001,2506,0
185744,4.269,3.383,8.215,0.047,-0.034,-0.005,2506,0
185764,4.240,3.412,8.250,0.055,-0.035,-0.011,2506,0
185784,4.202,3.484,8.171,0.060,-0.043,-0.009,2506,0
185804,4.185,3.512,8.112,0.051,-0.049,-0.003,2507,0
185824,4.221,3.474,8.097,0.032,-0.039,0.007,2504,0
185844,4.243,3.426,8.133,0.027,-0.022,0.011,2507,0
185864,4.216,3.402,8.176,0.028,-0.016,0.010,2507,0
185884,4.219,3.383,8.272,0.035,-0.022,0.009,2506,0
185904,4.231,3.417,8.234,0.041,-0.032,0.002,2506,0
185924,4.238,3.438,8.176,0.035,-0.026,-0.002,2507,0
185944,4.221,3.452,8.176,0.029,-0.025,-0.003,2506,0
185964,4.214,3.397,8.169,0.023,-0.022,-0.001,2506,0
185984,4.243,3.347,8.226,0.031,-0.018,0.007,2507,0
186004,4.226,3.385,8.207,0.058,-0.015,0.005,2506,0
186024,4.247,3.397,8.183,0.053,-0.024,-0.002,2508,0
186044,4.250,3.438,8.157,0.043,-0.022,-0.003,2509,0
186064,4.221,3.464,8.179,0.038,-0.014,0.003,2507,0
186084,4.190,3.436,8.188,0.028,-0.018,0.007,2506,0
186104,4.219,3.381,8.200,0.037,-0.014,0.007,2508,0
186124,4.199,3.393,8.181,0.051,-0.011,0.003,2506,0
186144,4.202,3.428,8.157,0.042,-0.014,-0.002,2507,0
186164,4.197,3.440,8.188,0.034,-0.012,0.000,2506,0
186184,4.180,3.405,8.241,0.030,-0.013,0.005,2508,0
186204,4.185,3.393,8.284,0.040,-0.020,0.005,2508,0
186224,4.171,3.407,8.255,0.054,-0.025,0.005,2507,0
186244,4.178,3.426,8.219,0.055,-0.027,0.013,2507,0
186264,4.178,3.402,8.210,0.062,-0.032,0.015,2509,0
186284,4.178,3.378,8.217,0.073,-0.036,0.019,2509,0
186304,4.175,3.397,8.294,0.097,-0.038,0.021,2508,0
186324,4.180,3.400,8.229,0.112,-0.044,0.027,2508,0
186344,4.185,3.450,8.255,0.132,-0.058,0.035,2507,0
186364,4.199,3.505,8.198,0.124,-0.078,0.039,2507,0
186384,4.190,3.498,8.205,0.130,-0.074,0.052,2508,0
186404,4.223,3.493,8.248,0.153,-0.084,0.071,2507,0
186424,4.278,3.462,8.174,0.168,-0.095,0.075,2508,0
186444,4.314,3.472,8.152,0.162,-0.082,0.061,2505,0
186464,4.286,3.541,8.090,0.143,-0.082,0.052,2505,0
186484,4.295,3.598,8.028,0.129,-0.081,0.051,2502,0
186504,4.334,3.563,7.982,0.103,-0.066,0.055,2501,0
186524,4.336,3.529,7.999,0.078,-0.045,0.055,2499,0
186544,4.353,3.529,8.042,0.068,-0.022,0.050,2499,0
186564,4.307,3.515,8.064,0.058,-0.018,0.029,2497,0
186584,4.312,3.503,8.114,0.041,-0.024,0.022,2496,0
186604,4.324,3.438,8.186,0.051,-0.030,0.010,2495,0
186624,4.331,3.546,8.140,0.074,-0.028,0.007,2494,0
186644,4.293,3.546,8.068,0.055,-0.033,0.008,2494,0
186664,4.326,3.510,8.049,0.045,-0.038,0.002,2494,0
186684,4.338,3.508,8.009,0.038,-0.034,-0.007,2494,0
186704,4.422,3.551,7.982,0.028,-0.034,-0.032,2493,0
186724,4.389,3.828,7.889,-0.063,-0.008,-0.041,2493,0
186744,4.298,3.864,7.915,-0.135,0.026,0.009,2491,0
186764,4.506,3.606,8.076,-0.120,0.156,0.042,2491,0
186784,4.434,3.397,8.246,-0.078,0.246,0.025,2491,0
186804,4.278,3.541,8.284,-0.052,0.163,-0.023,2491,0
186824,4.228,3.500,8.408,-0.057,0.130,-0.038,2489,0
186844,4.094,3.455,8.392,-0.066,0.112,-0.033,2487,0
186864,3.970,3.294,8.341,-0.095,0.102,-0.017,2485,0
186884,3.926,2.935,8.267,-0.016,0.074,-0.021,2486,0
186904,3.950,2.763,8.243,0.107,0.043,-0.057,2484,0
186924,3.934,2.892,8.255,0.244,0.013,-0.098,2483,0
186944,3.620,3.187,8.200,0.374,-0.062,-0.091,2481,0
186964,3.740,3.445,8.317,0.409,-0.216,0.002,2480,0
186984,4.032,3.768,8.468,0.392,-0.326,0.053,2481,0
187004,4.183,4.013,8.135,0.223,-0.350,0.092,2481,0
187024,4.420,3.572,8.768,0.150,-0.378,0.041,2481,0
187044,4.506,3.474,8.717,0.339,-0.416,-0.034,2480,0
187064,4.484,3.505,8.052,0.387,-0.387,-0.078,2480,0
187084,4.578,3.752,7.554,0.300,-0.307,-0.106,2483,0
187104,4.520,4.010,7.214,0.174,-0.194,-0.110,2488,0
187124,4.439,4.235,7.209,0.041,-0.104,-0.082,2492,0
187144,4.446,4.173,7.472,-0.042,-0.048,-0.043,2496,0
187164,4.403,4.168,7.767,-0.013,0.006,0.006,2499,0
187184,4.427,4.001,7.839,-0.010,0.010,0.044,2499,0
187204,4.484,3.845,7.951,-0.023,0.014,0.043,2497,0
187224,4.453,3.800,8.009,-0.001,0.027,0.035,2497,0
187244,4.436,3.721,7.997,0.005,0.009,0.027,2498,0
187264,4.413,3.668,7.875,-0.013,0.009,0.006,2497,0
187284,4.343,3.642,7.966,-0.039,0.003,-0.008,2496,0
187304,4.367,3.658,8.030,-0.014,-0.035,-0.016,2499,0
187324,4.424,3.733,7.920,0.016,-0.025,-0.017,2498,0
187344,4.405,3.824,7.922,0.031,0.004,-0.011,2498,0
187364,4.401,3.840,7.961,0.023,-0.010,-0.006,2497,0
187384,4.415,3.764,7.951,0.023,-0.007,0.004,2498,0
187404,4.401,3.733,8.009,0.033,-0.003,0.009,2497,0
187424,4.384,3.658,7.997,0.037,-0.015,0.008,2497,0
187444,4.405,3.666,8.009,0.046,-0.019,0.002,2497,0
187464,4.360,3.685,7.963,0.066,-0.024,-0.009,2497,0
187484,4.350,3.742,7.944,0.073,-0.036,-0.009,2497,0
187504,4.369,3.792,7.937,0.066,-0.028,-0.003,2498,0
187524,4.343,3.824,7.951,0.055,-0.032,0.000,2497,0
187544,4.384,3.797,7.968,0.040,-0.042,0.009,2497,0
187564,4.403,3.723,7.992,0.038,-0.034,0.013,2498,0
187584,4.398,3.689,8.013,0.039,-0.023,0.013,2498,0
187604,4.372,3.730,7.997,0.049,-0.020,0.016,2497,0
187624,4.365,3.699,8.009,0.050,-0.043,0.013,2497,0
187644,4.391,3.687,7.985,0.051,-0.059,0.001,2496,0
187664,4.360,3.749,7.980,0.063,-0.063,-0.001,2496,0
187684,4.322,3.790,8.104,0.090,-0.102,0.016,2496,0
187704,4.413,3.752,8.066,0.124,-0.150,0.029,2495,0
187724,4.539,3.723,7.870,0.127,-0.149,0.010,2495,0
187744,4.563,3.833,7.657,0.082,-0.104,-0.018,2495,0
187764,4.515,3.929,7.590,0.017,-0.049,-0.015,2495,0
187784,4.520,3.970,7.611,-0.037,0.005,0.003,2494,0
187804,4.389,4.101,7.432,-0.175,0.069,0.048,2495,0
187824,4.417,3.900,7.958,-0.241,0.055,0.060,2495,0
187844,4.556,3.644,7.915,-0.200,0.100,0.048,2496,0
187864,4.573,3.606,7.719,-0.163,0.328,0.051,2498,0
187884,4.264,3.733,7.812,-0.169,0.428,0.067,2499,0
187904,4.202,3.819,7.872,-0.227,0.455,0.123,2504,0
187924,4.135,3.795,7.877,-0.317,0.495,0.178,2501,0
187944,4.154,3.582,7.992,-0.393,0.545,0.204,2498,0
187964,4.073,3.199,8.174,-0.410,0.588,0.207,2497,0
187984,4.120,3.041,8.222,-0.352,0.798,0.210,2496,0
188004,3.886,3.153,8.447,-0.337,0.936,0.205,2493,0
188024,3.606,3.084,8.866,-0.366,0.820,0.175,2490,0
188044,3.373,2.643,9.163,-0.313,0.615,0.151,2488,0
188064,3.215,2.394,9.500,-0.138,0.469,0.122,2487,0
188084,3.038,2.406,9.467,0.093,0.237,0.084,2484,0
188104,3.103,2.320,9.424,0.248,-0.007,0.021,2484,0
188124,2.971,2.368,9.527,0.363,-0.351,-0.091,2482,0
188144,3.275,2.780,9.239,0.422,-0.578,-0.129,2481,0
188164,3.622,3.211,8.593,0.455,-0.499,-0.113,2480,0
188184,3.735,3.472,8.219,0.335,-0.400,-0.116,2481,0
188204,3.718,3.421,8.205,0.179,-0.356,-0.121,2484,0
188224,3.644,3.256,8.389,0.104,-0.419,-0.140,2482,0
188244,3.761,3.172,8.373,0.085,-0.426,-0.140,2484,0
188264,3.915,3.287,8.303,0.111,-0.290,-0.128,2487,0
188284,3.905,3.428,8.231,0.093,-0.199,-0.128,2489,0
188304,3.821,3.455,8.337,0.030,-0.191,-0.118,2491,0
188324,3.737,3.400,8.554,0.012,-0.256,-0.098,2492,0
188344,3.778,3.330,8.705,0.076,-0.353,-0.067,2493,0
188364,3.955,3.354,8.667,0.176,-0.396,-0.059,2495,0
188384,4.034,3.436,8.399,0.217,-0.389,-0.066,2496,0
188404,3.962,3.462,8.224,0.204,-0.394,-0.052,2497,0
188424,4.022,3.519,8.138,0.215,-0.391,-0.025,2498,0
188444,4.271,3.503,7.913,0.218,-0.329,-0.013,2499,0
188464,4.401,3.651,7.712,0.156,-0.182,-0.021,2502,0
188484,4.362,3.826,7.712,0.083,-0.066,-0.019,2502,0
188504,4.307,3.874,7.597,-0.028,0.074,0.025,2503,0
188524,4.219,3.584,8.097,-0.103,0.183,0.059,2505,0
188544,4.197,3.338,8.375,-0.062,0.189,0.062,2506,0
188564,4.250,3.424,8.114,-0.011,0.263,0.052,2506,0
188584,4.144,3.536,8.030,-0.005,0.377,0.068,2508,0
188604,4.010,3.522,8.135,-0.038,0.417,0.094,2509,0
188624,3.888,3.373,8.430,-0.051,0.365,0.106,2498,0
188644,3.824,3.227,8.535,-0.041,0.301,0.105,2496,0
188664,3.778,3.103,8.638,-0.019,0.215,0.083,2494,0
188684,3.766,3.122,8.677,0.024,0.134,0.044,2495,0
188704,3.742,3.191,8.645,0.059,0.052,0.013,2492,0
188724,3.687,3.251,8.578,0.060,-0.040,-0.004,2490,0
188744,3.773,3.232,8.516,0.037,-0.090,-0.013,2489,0
188764,3.745,3.242,8.657,0.077,-0.127,-0.041,2488,0
188784,3.816,3.321,8.578,0.104,-0.175,-0.056,2485,0
188804,3.855,3.397,8.423,0.109,-0.192,-0.063,2485,0
188824,3.886,3.491,8.282,0.100,-0.183,-0.054,2486,0
188844,3.972,3.510,8.167,0.078,-0.132,-0.043,2489,0
188864,3.965,3.517,8.135,0.056,-0.070,-0.034,2485,0
188884,3.917,3.457,8.258,0.028,-0.041,-0.023,2486,0
188904,3.915,3.385,8.382,0.022,-0.036,-0.020,2486,0
188924,3.903,3.419,8.399,0.028,-0.048,-0.025,2486,0
188944,3.898,3.409,8.317,0.031,-0.044,-0.021,2488,0
188964,3.886,3.424,8.358,0.036,-0.036,-0.018,2487,0
188984,3.900,3.464,8.361,0.050,-0.038,-0.010,2488,0
189004,3.958,3.383,8.325,0.036,-0.022,-0.015,2489,0
189024,3.934,3.388,8.389,0.032,-0.009,-0.025,2489,0
189044,3.874,3.424,8.425,0.038,-0.040,-0.033,2490,0
189064,3.859,3.426,8.420,0.042,-0.080,-0.035,2489,0
189084,3.871,3.424,8.308,0.037,-0.098,-0.039,2488,0
189104,3.915,3.397,8.298,0.027,-0.107,-0.039,2489,0
189124,3.946,3.402,8.332,0.038,-0.097,-0.035,2490,0
189144,3.926,3.438,8.365,0.051,-0.100,-0.033,2489,0
189164,3.919,3.481,8.361,0.042,-0.124,-0.032,2489,0
189184,3.984,3.438,8.339,0.037,-0.151,-0.037,2491,0
189204,3.986,3.455,8.243,0.043,-0.138,-0.036,2491,0
189224,3.982,3.536,8.193,0.054,-0.106,-0.022,2493,0
189244,4.001,3.512,8.191,0.035,-0.083,-0.006,2493,0
189264,4.032,3.431,8.279,0.020,-0.069,-0.001,2493,0
189284,4.017,3.385,8.365,0.029,-0.072,-0.004,2493,0
189304,4.008,3.395,8.408,0.045,-0.096,-0.005,2493,0
189324,4.037,3.407,8.327,0.054,-0.113,-0.007,2494,0
189344,4.061,3.438,8.238,0.052,-0.104,-0.014,2494,0
189364,4.022,3.448,8.217,0.051,-0.083,-0.016,2495,0
189384,4.029,3.452,8.272,0.056,-0.087,-0.015,2495,0
189404,4.058,3.464,8.238,0.063,-0.091,-0.016,2495,0
189424,4.073,3.486,8.219,0.053,-0.078,-0.015,2495,0
189444,4.087,3.498,8.231,0.040,-0.070,-0.011,2495,0
189464,4.082,3.503,8.260,0.041,-0.068,-0.007,2495,0
189484,4.015,3.512,8.329,0.051,-0.079,0.001,2497,0
189504,3.996,3.510,8.401,0.051,-0.126,0.021,2495,0
189524,4.130,3.450,8.519,0.084,-0.151,0.034,2495,0
189544,3.919,3.503,8.825,0.172,-0.162,0.029,2496,0
189564,3.922,3.414,9.342,0.337,-0.243,0.049,2496,0
189584,4.022,3.122,9.579,0.550,-0.215,0.072,2497,0
189604,3.685,3.510,9.855,0.840,-0.160,0.070,2498,0
189624,3.484,3.393,10.185,1.021,-0.181,0.095,2498,0
189644,3.491,3.156,9.984,1.299,-0.065,-0.014,2502,0
189664,3.242,3.330,9.431,1.418,0.148,-0.218,2507,0
189684,2.725,3.649,9.199,1.261,0.171,-0.367,2508,0
189704,2.435,4.178,8.954,0.883,-0.087,-0.377,2508,0
189724,2.646,4.741,8.645,0.414,-0.335,-0.359,2510,0
189744,2.923,4.815,8.447,-0.036,-0.367,-0.357,2509,0
189764,3.048,4.602,8.337,-0.322,-0.361,-0.353,2511,0
189784,3.294,4.281,7.922,-0.440,-0.470,-0.373,2509,0
189804,3.792,4.233,7.400,-0.429,-0.559,-0.467,2509,0
189824,4.120,4.451,7.163,-0.453,-0.485,-0.555,2510,0
189844,4.317,4.381,7.003,-0.511,-0.454,-0.584,2510,0
189864,4.506,4.245,6.816,-0.505,-0.515,-0.631,2510,0
189884,4.597,4.266,6.862,-0.477,-0.550,-0.728,2510,0
189904,4.676,4.369,6.630,-0.451,-0.593,-0.849,2511,0
189924,5.049,4.633,6.235,-0.368,-0.678,-0.937,2510,0
189944,5.686,4.963,5.974,-0.272,-0.655,-0.954,2511,0
189964,5.959,5.167,5.770,-0.186,-0.565,-0.936,2513,0
189984,5.782,5.468,5.703,-0.114,-0.560,-0.887,2512,0
190004,5.516,5.818,5.653,-0.045,-0.642,-0.803,2511,0
190024,5.183,6.395,5.835,-0.058,-0.671,-0.679,2511,0
190044,4.803,6.464,6.124,-0.157,-0.650,-0.539,2511,0
190064,4.432,6.141,6.005,-0.141,-0.718,-0.461,2510,0
190084,4.513,5.849,5.748,0.079,-0.722,-0.413,2511,0
190104,4.592,5.789,5.940,0.320,-0.484,-0.325,2510,0
190124,4.334,5.528,6.330,0.410,-0.275,-0.248,2511,0
190144,4.219,5.133,6.515,0.420,-0.287,-0.233,2510,0
190164,4.561,4.985,6.220,0.463,-0.332,-0.235,2509,0
190184,5.095,5.066,5.825,0.553,-0.303,-0.173,2510,0
190204,5.634,5.188,5.564,0.601,-0.149,-0.042,2510,0
190224,5.588,5.430,6.069,0.392,0.094,0.131,2510,0
190244,5.638,5.279,6.512,-0.069,0.196,0.252,2510,0
190264,6.220,4.800,6.773,-0.414,0.098,0.286,2509,0
190284,6.483,4.367,6.802,-0.289,-0.095,0.250,2509,0
190304,6.397,4.271,6.242,0.203,-0.284,0.195,2510,0
190324,6.225,5.519,5.906,0.628,-0.177,0.167,2511,0
190344,5.722,6.694,5.722,0.574,0.048,0.258,2512,0
190364,5.435,7.096,5.691,0.190,0.137,0.466,2516,0
190384,5.215,6.354,5.590,-0.009,0.162,0.652,2519,0
190404,5.447,5.916,5.416,0.084,0.228,0.728,2523,0
190424,5.624,5.861,5.444,0.252,0.501,0.766,2526,0
190444,5.157,5.952,5.760,0.285,0.822,0.826,2527,0
190464,4.798,5.890,5.935,0.192,0.904,0.905,2528,0
190484,4.853,5.531,5.964,0.096,0.842,0.989,2530,0
190504,4.937,4.752,6.225,0.158,0.893,1.002,2529,0
190524,4.714,4.808,6.555,0.307,0.940,0.957,2529,0
190544,4.317,4.901,6.675,0.336,0.929,0.908,2531,0
190564,4.008,4.621,6.747,0.198,0.879,0.913,2529,0
190584,3.783,4.319,7.240,-0.045,0.882,0.944,2531,0
190604,3.196,4.144,8.231,-0.319,0.783,0.924,2533,0
190624,2.631,4.305,8.906,-0.539,0.580,0.859,2535,0
190644,2.404,4.247,8.904,-0.660,0.337,0.788,2535,0
190664,2.354,4.027,8.741,-0.658,0.156,0.700,2536,0
190684,2.631,3.472,8.940,-0.605,0.072,0.612,2537,0
190704,2.303,4.039,9.799,-0.674,0.076,0.553,2537,0
190724,2.160,3.491,10.156,-0.929,-0.005,0.515,2535,0
190744,2.626,2.794,9.773,-1.129,-0.341,0.451,2533,0
190764,3.496,2.744,8.957,-1.233,-0.653,0.356,2533,0
190784,4.202,2.940,8.420,-1.256,-0.875,0.305,2533,0
190804,4.978,2.957,8.243,-1.112,-0.914,0.191,2535,0
190824,5.442,2.646,8.325,-0.891,-0.779,0.101,2541,0
190844,5.657,2.655,8.167,-0.719,-0.666,0.055,2541,0
190864,5.816,2.816,8.147,-0.733,-0.642,0.036,2543,0
190884,6.019,2.255,8.416,-0.766,-0.555,0.021,2546,0
190904,6.079,1.398,8.399,-0.536,-0.395,-0.067,2546,0
190924,6.117,1.618,8.267,-0.272,-0.225,-0.175,2548,0
190944,5.775,1.829,8.126,-0.213,-0.060,-0.270,2549,0
190964,5.332,1.472,7.906,-0.119,-0.014,-0.357,2549,0
190984,5.420,1.475,7.463,0.072,-0.088,-0.391,2550,0
191004,5.650,1.480,6.941,0.167,-0.077,-0.391,2553,0
191024,5.832,1.496,6.634,0.156,-0.009,-0.397,2555,0
191044,5.827,1.456,6.591,0.110,-0.075,-0.362,2555,0
191064,5.976,1.499,6.689,0.101,-0.256,-0.323,2555,0
191084,6.426,1.812,6.780,0.084,-0.369,-0.313,2552,0
191104,6.618,2.049,6.948,0.048,-0.335,-0.304,2554,0
191124,6.481,2.143,7.075,0.037,-0.300,-0.299,2556,0
191144,6.366,2.385,7.298,-0.042,-0.292,-0.250,2557,0
191164,6.230,2.593,7.628,-0.140,-0.203,-0.191,2558,0
191184,5.983,2.538,8.344,-0.143,-0.106,-0.152,2557,0
191204,5.739,2.545,8.691,-0.102,-0.079,-0.105,2553,0
191224,5.574,2.523,8.823,-0.111,-0.111,-0.068,2551,0
191244,5.543,2.380,8.657,-0.063,-0.152,-0.096,2552,0
191264,5.569,2.349,8.040,0.056,-0.175,-0.163,2552,0
191284,5.552,2.461,7.365,0.149,-0.135,-0.211,2551,0
191304,5.511,2.492,7.271,0.080,-0.083,-0.164,2550,0
191324,5.564,2.205,7.415,0.030,-0.039,-0.142,2550,0
191344,5.674,2.210,7.609,0.057,-0.045,-0.176,2548,0
191364,5.926,2.373,7.594,0.037,-0.078,-0.185,2547,0
191384,6.086,2.416,7.448,-0.022,-0.049,-0.179,2546,0
191404,6.002,2.382,7.513,-0.039,0.040,-0.175,2547,0
191424,5.638,2.442,7.779,0.009,0.085,-0.166,2547,0
191444,5.516,2.516,8.047,0.054,-0.022,-0.123,2546,0
191464,5.674,2.545,7.817,-0.025,-0.151,-0.032,2545,0
191484,5.902,2.191,7.532,-0.101,-0.162,0.030,2545,0
191504,5.918,1.817,7.482,-0.092,-0.070,0.027,2545,0
191524,5.933,1.611,7.626,-0.013,0.039,-0.010,2544,0
191544,5.899,1.693,7.817,0.091,0.107,-0.067,2544,0
191564,5.653,2.083,8.011,0.135,0.086,-0.101,2544,0
191584,5.521,2.210,8.066,0.131,-0.027,-0.120,2544,0
191604,5.526,2.069,7.762,0.189,-0.094,-0.156,2544,0
191624,5.552,2.054,7.472,0.253,-0.065,-0.208,2543,0
191644,5.507,2.152,7.501,0.300,0.002,-0.262,2544,0
191664,5.519,2.567,7.635,0.309,0.027,-0.288,2543,0
191684,5.557,2.969,7.645,0.271,0.033,-0.291,2542,0
191704,5.631,3.194,7.578,0.220,0.058,-0.264,2543,0
191724,5.641,3.266,7.468,0.209,0.068,-0.226,2543,0
191744,5.605,3.237,7.233,0.186,0.050,-0.189,2543,0
191764,5.571,3.084,6.967,0.146,0.033,-0.141,2542,0
191784,5.646,2.923,6.864,0.096,0.070,-0.095,2543,0
191804,5.849,2.854,7.125,0.029,0.156,-0.067,2543,0
191824,6.029,2.856,7.659,-0.009,0.256,-0.064,2542,0
191844,6.081,3.053,8.183,-0.013,0.267,-0.067,2544,0
191864,5.938,3.287,8.358,0.027,0.205,-0.056,2543,0
191884,5.626,3.282,8.042,0.104,0.148,-0.022,2543,0
191904,5.284,3.151,7.527,0.196,0.107,0.019,2542,0
191924,5.011,2.902,7.020,0.232,0.101,0.046,2543,0
191944,4.875,2.713,6.864,0.143,0.158,0.068,2543,0
191964,4.901,2.614,7.135,0.045,0.279,0.086,2542,0
191984,4.899,2.660,7.712,-0.016,0.365,0.084,2544,0
192004,4.913,2.784,8.305,-0.061,0.386,0.087,2543,0
192024,4.796,2.923,8.770,-0.092,0.309,0.095,2542,0
192044,4.906,2.945,9.043,-0.141,0.110,0.126,2542,0
192064,5.107,2.650,8.897,-0.116,-0.040,0.132,2541,0
192084,5.145,2.423,8.487,-0.048,-0.100,0.075,2541,0
192104,4.946,2.368,8.006,0.047,-0.135,-0.005,2542,0
192124,4.908,2.184,7.298,0.126,-0.129,-0.060,2542,0
192144,5.004,2.150,6.936,0.125,0.007,-0.103,2541,0
192164,5.090,2.167,7.197,0.043,0.159,-0.139,2541,0
192184,5.016,2.406,7.870,-0.020,0.253,-0.188,2541,0
192204,4.865,2.907,8.583,-0.010,0.233,-0.236,2540,0
192224,4.633,3.290,8.909,0.089,0.102,-0.249,2541,0
192244,4.587,3.498,8.624,0.232,-0.196,-0.201,2541,0
192264,4.879,3.543,7.942,0.323,-0.355,-0.141,2542,0
192284,5.215,3.558,7.422,0.334,-0.324,-0.093,2543,0
192304,5.227,3.445,7.058,0.310,-0.227,-0.094,2543,0
192324,5.102,3.431,6.943,0.229,-0.153,-0.099,2542,0
192344,5.186,3.460,7.147,0.130,-0.118,-0.051,2542,0
192364,5.466,3.536,7.705,0.131,-0.112,-0.009,2543,0
192384,5.674,3.584,7.918,0.184,-0.136,-0.019,2543,0
192404,5.476,3.498,7.707,0.213,-0.108,-0.045,2542,0
192424,5.145,3.316,7.381,0.152,-0.068,-0.033,2541,0
192444,5.054,3.129,7.429,0.056,0.029,-0.009,2542,0
192464,4.930,3.127,7.810,0.008,0.126,0.009,2541,0
192484,4.841,3.141,8.112,0.000,0.142,0.025,2541,0
192504,4.865,3.148,8.334,-0.006,0.078,0.043,2539,0
192524,5.009,3.017,8.380,-0.055,-0.012,0.061,2540,0
192544,4.870,2.856,8.396,-0.079,-0.015,0.036,2539,0
192564,4.635,2.586,8.394,-0.051,0.019,0.005,2538,0
192584,4.702,2.322,8.440,-0.003,0.057,-0.020,2538,0
192604,4.671,2.342,8.411,0.048,0.040,-0.089,2539,0
192624,4.748,2.595,8.322,0.101,-0.060,-0.181,2539,0
192644,4.968,3.019,8.250,0.204,-0.089,-0.266,2539,0
192664,5.112,3.560,8.315,0.336,-0.011,-0.308,2539,0
192684,5.052,3.891,8.370,0.382,0.011,-0.286,2540,0
192704,5.104,3.960,8.121,0.356,-0.077,-0.249,2541,0
192724,5.231,4.001,7.630,0.327,-0.148,-0.230,2541,0
192744,5.078,4.010,7.132,0.328,-0.178,-0.218,2542,0
192764,4.901,3.850,6.716,0.349,-0.211,-0.198,2542,0
192784,4.918,3.687,6.347,0.342,-0.189,-0.154,2542,0
192804,5.102,3.886,6.361,0.245,-0.091,-0.103,2542,0
192824,5.440,4.867,7.226,0.070,0.030,-0.036,2543,0
192844,5.540,5.780,8.253,-0.068,0.035,0.082,2544,0
192864,5.250,5.025,8.023,-0.024,-0.168,0.177,2543,0
192884,5.193,3.795,6.993,0.077,-0.354,0.200,2542,0
192904,5.102,2.978,6.211,0.170,-0.239,0.122,2543,0
192924,4.798,2.753,5.997,0.173,0.030,0.022,2542,0
192944,4.525,2.916,6.335,0.063,0.255,-0.032,2541,0
192964,4.326,3.170,7.151,-0.090,0.318,-0.012,2542,0
192984,4.460,3.225,7.934,-0.250,0.159,0.028,2539,0
193004,4.812,3.050,8.353,-0.293,0.035,-0.008,2540,0
193024,4.798,2.820,8.499,-0.203,0.047,-0.130,2537,0
193044,4.575,2.777,8.413,-0.028,0.046,-0.272,2538,0
193064,4.477,3.089,8.262,0.111,0.010,-0.369,2537,0
193084,4.542,3.433,8.109,0.153,-0.036,-0.406,2539,0
193104,4.752,3.938,8.183,0.139,-0.043,-0.403,2537,0
193124,4.882,4.578,8.492,0.071,-0.035,-0.342,2538,0
193144,4.966,5.102,8.748,0.038,-0.086,-0.250,2538,0
193164,4.925,5.171,8.387,0.015,-0.244,-0.118,2538,0
193184,5.057,4.764,7.750,-0.000,-0.376,-0.009,2539,0
193204,5.200,4.252,7.149,-0.004,-0.392,0.067,2539,0
193224,5.353,4.005,6.766,0.002,-0.337,0.090,2540,0
193244,5.301,3.603,6.472,-0.043,-0.222,0.075,2538,0
193264,5.167,3.199,6.503,-0.052,-0.084,0.043,2539,0
193284,5.100,3.050,6.855,0.019,0.009,0.018,2535,0
193304,5.143,3.287,7.264,0.084,0.091,-0.018,2537,0
193324,5.071,3.553,7.532,0.167,0.157,-0.091,2537,0
193344,4.879,3.900,7.697,0.199,0.161,-0.114,2538,0
193364,4.851,4.087,7.894,0.113,0.108,-0.044,2538,0
193384,4.968,3.994,8.042,0.009,0.034,0.031,2538,0
193404,5.078,3.675,7.977,0.024,-0.067,0.038,2538,0
193424,5.181,3.649,7.738,0.127,-0.118,-0.011,2538,0
193444,4.970,3.733,7.472,0.194,-0.096,-0.071,2536,0
193464,4.798,3.931,7.333,0.201,-0.083,-0.080,2539,0
193484,4.755,4.056,7.238,0.179,-0.063,-0.071,2540,0
193504,4.738,4.228,7.290,0.140,-0.002,-0.065,2539,0
193524,4.645,4.415,7.463,0.104,0.062,-0.034,2539,0
193544,4.489,4.472,7.755,0.088,0.076,0.021,2539,0
193564,4.530,4.391,7.925,0.058,0.050,0.088,2538,0
193584,4.654,4.034,7.977,-0.004,0.024,0.131,2538,0
193604,4.786,3.697,8.035,-0.027,-0.002,0.123,2540,0
193624,4.831,3.536,7.954,0.025,-0.025,0.068,2539,0
193644,4.863,3.754,7.827,0.072,-0.046,0.030,2538,0
193664,4.875,3.953,7.719,0.055,-0.070,0.033,2537,0
193684,4.903,4.015,7.606,0.045,-0.097,0.048,2537,0
193704,4.925,3.938,7.384,0.047,-0.118,0.065,2538,0
193724,4.990,3.728,7.180,0.035,-0.102,0.076,2536,0
193744,5.009,3.560,7.096,0.032,-0.060,0.069,2538,0
193764,5.013,3.519,7.154,0.047,-0.014,0.042,2537,0
193784,5.095,3.642,7.365,0.065,0.008,0.017,2538,0
193804,5.162,3.766,7.594,0.091,0.026,-0.011,2537,0
193824,5.107,3.929,7.726,0.124,0.041,-0.042,2539,0
193844,4.937,4.096,7.798,0.106,0.030,-0.057,2540,0
193864,4.800,4.185,7.752,0.059,0.003,-0.048,2542,0
193884,4.745,4.171,7.700,0.035,-0.016,-0.025,2542,0
193904,4.786,4.094,7.645,0.038,-0.028,-0.003,2543,0
193924,4.788,4.029,7.568,0.046,-0.027,0.001,2542,0
193944,4.788,4.015,7.597,0.057,-0.031,0.014,2542,0
193964,4.889,3.938,7.547,0.070,-0.042,0.020,2540,0
193984,4.961,3.907,7.441,0.063,-0.033,0.008,2543,0
194004,4.963,3.946,7.444,0.043,-0.004,-0.004,2541,0
194024,4.903,4.032,7.463,0.012,0.016,-0.002,2542,0
194044,4.906,4.053,7.580,-0.009,0.010,0.006,2542,0
194064,4.901,4.003,7.645,-0.006,0.017,0.010,2541,0
194084,4.863,3.958,7.628,-0.012,0.013,0.018,2542,0
194104,4.918,3.958,7.585,0.005,0.002,0.012,2542,0
194124,4.903,4.025,7.616,0.027,0.013,0.011,2540,0
194144,4.834,4.051,7.618,0.017,0.012,0.027,2541,0
194164,4.846,4.022,7.649,0.026,-0.002,0.058,2542,0
194184,5.040,4.178,7.535,0.058,-0.034,0.086,2541,0
194204,5.186,4.204,7.266,0.020,-0.046,0.135,2540,0
194224,5.227,4.132,7.147,-0.046,0.020,0.192,2540,0
194244,5.018,3.965,7.367,-0.100,0.112,0.252,2539,0
194264,4.793,3.606,7.954,-0.068,0.082,0.331,2538,0
194284,4.851,3.579,8.203,0.003,0.003,0.325,2537,0
194304,4.808,3.536,8.016,-0.028,-0.067,0.225,2537,0
194324,4.968,3.594,7.673,-0.030,-0.103,0.148,2538,0
194344,4.891,3.639,7.503,-0.010,-0.112,0.176,2539,0
194364,4.951,3.596,7.424,-0.012,-0.110,0.253,2539,0
194384,4.848,3.517,7.446,-0.070,-0.076,0.250,2537,0
194404,4.903,3.359,7.752,-0.107,-0.131,0.251,2536,0
194424,5.286,3.168,7.889,-0.065,-0.164,0.249,2536,0
194444,5.468,3.000,7.860,-0.016,-0.198,0.182,2538,0
194464,5.243,3.019,7.834,0.011,-0.273,0.098,2538,0
194484,5.171,2.981,7.733,0.019,-0.353,0.043,2538,0
194504,5.131,3.002,7.611,0.074,-0.320,-0.041,2539,0
194524,5.013,3.206,7.578,0.097,-0.231,-0.119,2540,0
194544,4.925,3.443,7.666,0.089,-0.156,-0.177,2541,0
194564,4.760,3.685,7.803,0.108,-0.117,-0.211,2539,0
194584,4.623,3.974,7.843,0.133,-0.153,-0.186,2539,0
194604,4.733,4.027,7.666,0.126,-0.212,-0.133,2539,0
194624,4.911,4.015,7.475,0.104,-0.232,-0.112,2538,0
194644,4.994,4.034,7.314,0.049,-0.202,-0.082,2537,0
194664,5.104,3.982,7.209,-0.002,-0.173,-0.040,2535,0
194684,5.284,3.886,7.214,-0.015,-0.155,-0.019,2536,0
194704,5.471,3.855,7.242,-0.033,-0.133,0.005,2534,0
194724,5.677,3.682,7.300,-0.070,-0.107,0.027,2534,0
194744,5.765,3.371,7.252,-0.125,-0.065,0.044,2532,0
194764,5.787,3.124,7.317,-0.152,-0.022,0.041,2534,0
194784,5.873,3.048,7.420,-0.078,0.002,-0.009,2532,0
194804,5.629,3.211,7.463,0.060,-0.010,-0.062,2531,0
194824,5.507,3.361,7.386,0.051,-0.046,-0.037,2533,0
194844,5.492,3.361,7.479,0.039,-0.046,-0.032,2530,0
194864,5.339,3.395,7.549,0.058,-0.034,-0.043,2531,0
194884,5.296,3.560,7.568,0.074,-0.046,-0.030,2532,0
194904,5.341,3.646,7.501,0.068,-0.071,-0.013,2532,0
194924,5.392,3.606,7.412,0.055,-0.074,-0.004,2532,0
194944,5.406,3.548,7.415,0.041,-0.066,0.008,2530,0
194964,5.440,3.378,7.365,0.026,-0.064,0.012,2530,0
194984,5.523,3.213,7.319,0.030,-0.047,-0.005,2533,0
195004,5.511,3.316,7.336,0.069,-0.011,-0.041,2531,0
195024,5.428,3.644,7.355,0.105,-0.015,-0.069,2530,0
195044,5.406,3.900,7.295,0.127,-0.035,-0.063,2530,0
195064,5.380,3.977,7.195,0.145,-0.020,-0.042,2533,0
195084,5.406,3.974,7.173,0.157,-0.013,-0.018,2532,0
195104,5.409,3.804,7.276,0.101,-0.016,0.022,2534,0
195124,5.545,3.467,7.503,0.024,-0.017,0.051,2532,0
195144,5.586,3.239,7.664,0.016,-0.039,0.018,2533,0
195164,5.547,3.141,7.666,0.042,-0.074,-0.034,2531,0
195184,5.478,3.127,7.525,0.088,-0.089,-0.078,2529,0
195204,5.440,3.282,7.386,0.137,-0.082,-0.120,2533,0
195224,5.380,3.555,7.271,0.153,-0.075,-0.146,2532,0
195244,5.325,3.859,7.204,0.145,-0.052,-0.140,2532,0
195264,5.286,4.075,7.216,0.125,-0.038,-0.102,2532,0
195284,5.334,4.106,7.195,0.096,-0.016,-0.051,2531,0
195304,5.377,3.943,7.132,0.057,0.017,-0.008,2531,0
195324,5.435,3.704,7.254,0.042,0.054,0.012,2532,0
195344,5.418,3.668,7.353,0.043,0.064,0.013,2531,0
195364,5.418,3.689,7.439,0.031,0.023,0.010,2531,0
195384,5.425,3.644,7.441,0.038,-0.009,-0.001,2530,0
195404,5.413,3.608,7.389,0.064,-0.010,-0.023,2530,0
195424,5.344,3.675,7.302,0.084,0.002,-0.034,2531,0
195444,5.318,3.821,7.276,0.074,0.007,-0.025,2532,0
195464,5.303,3.857,7.290,0.041,0.005,-0.006,2531,0
195484,5.286,3.792,7.372,0.023,0.012,0.004,2532,0
195504,5.286,3.709,7.441,0.021,0.014,0.002,2530,0
195524,5.265,3.658,7.424,0.031,0.010,-0.013,2529,0
195544,5.274,3.654,7.501,0.047,-0.012,-0.019,2532,0
195564,5.320,3.730,7.525,0.065,-0.037,-0.018,2531,0
195584,5.363,3.754,7.444,0.060,-0.048,-0.019,2531,0
195604,5.318,3.747,7.367,0.059,-0.043,-0.036,2531,0
195624,5.253,3.814,7.343,0.066,-0.033,-0.039,2532,0
195644,5.234,3.836,7.324,0.064,-0.032,-0.028,2531,0
195664,5.277,3.797,7.345,0.059,-0.036,-0.016,2530,0
195684,5.329,3.814,7.314,0.055,-0.026,-0.005,2530,0
195704,5.353,3.780,7.319,0.041,-0.029,-0.003,2533,0
195724,5.356,3.754,7.338,0.039,-0.022,-0.002,2531,0
195744,5.339,3.704,7.384,0.036,-0.018,0.000,2531,0
195764,5.334,3.661,7.403,0.048,-0.027,-0.007,2530,0
195784,5.310,3.704,7.412,0.071,-0.032,-0.017,2531,0
195804,5.246,3.807,7.386,0.072,-0.042,-0.018,2529,0
195824,5.274,3.850,7.353,0.056,-0.057,-0.011,2532,0
195844,5.272,3.819,7.365,0.062,-0.051,-0.012,2530,0
195864,5.255,3.802,7.331,0.065,-0.047,-0.017,2532,0
195884,5.267,3.773,7.345,0.068,-0.044,-0.019,2530,0
195904,5.306,3.804,7.338,0.073,-0.036,-0.019,2531,0
195924,5.318,3.883,7.321,0.056,-0.034,-0.010,2531,0
195944,5.332,3.840,7.331,0.039,-0.041,-0.001,2531,0
195964,5.375,3.766,7.362,0.040,-0.050,-0.000,2530,0
195984,5.358,3.740,7.343,0.059,-0.041,-0.012,2531,0
196004,5.313,3.814,7.336,0.063,-0.041,-0.023,2532,0
196024,5.306,3.852,7.343,0.059,-0.046,-0.023,2530,0
196044,5.291,3.874,7.374,0.073,-0.052,-0.019,2532,0
196064,5.286,3.881,7.444,0.071,-0.077,-0.014,2531,0
196084,5.337,3.802,7.379,0.075,-0.089,-0.019,2531,0
196104,5.320,3.745,7.350,0.098,-0.086,-0.026,2530,0
196124,5.315,3.759,7.338,0.120,-0.082,-0.031,2531,0
196144,5.339,3.747,7.343,0.144,-0.094,-0.047,2531,0
196164,5.306,3.840,7.350,0.169,-0.092,-0.059,2532,0
196184,5.315,3.955,7.309,0.157,-0.115,-0.060,2533,0
196204,5.406,3.984,7.202,0.141,-0.114,-0.067,2533,0
196224,5.435,4.008,7.080,0.135,-0.076,-0.073,2533,0
196244,5.334,4.073,7.104,0.124,-0.048,-0.066,2534,0
196264,5.310,4.137,7.113,0.087,-0.051,-0.042,2534,0
196284,5.363,4.108,7.080,0.045,-0.052,-0.025,2533,0
196304,5.382,4.051,7.084,0.038,-0.037,-0.013,2534,0
196324,5.370,4.022,7.113,0.049,-0.014,-0.006,2534,0
196344,5.356,4.027,7.154,0.047,-0.006,-0.007,2534,0
196364,5.322,3.984,7.192,0.034,-0.014,-0.008,2533,0
196384,5.368,3.991,7.266,0.046,-0.018,-0.008,2534,0
196404,5.368,4.008,7.216,0.057,-0.017,-0.007,2535,0
196424,5.363,4.027,7.195,0.064,-0.011,-0.003,2533,0
196444,5.346,4.029,7.183,0.050,-0.018,-0.005,2534,0
196464,5.341,4.008,7.156,0.029,-0.024,-0.012,2533,0
196484,5.306,3.982,7.247,0.023,-0.019,-0.018,2533,0
196504,5.289,4.013,7.324,0.044,-0.025,-0.017,2533,0
196524,5.303,4.034,7.305,0.066,-0.050,-0.005,2533,0
196544,5.337,4.053,7.245,0.066,-0.078,-0.006,2533,0
196564,5.416,3.977,7.252,0.051,-0.102,-0.036,2534,0
196584,5.325,4.039,7.106,0.051,-0.089,-0.055,2534,0
196604,5.284,4.164,7.226,0.038,-0.085,-0.049,2536,0
196624,5.344,4.128,7.343,0.049,-0.095,-0.042,2537,0
196644,5.545,4.037,7.544,0.070,-0.106,-0.031,2535,0
196664,5.478,4.149,7.776,0.139,-0.116,-0.069,2536,0
196684,5.650,4.252,7.956,0.181,-0.236,-0.114,2542,0
196704,5.986,4.144,7.877,0.228,-0.219,-0.123,2545,0
196724,6.017,3.768,7.977,0.257,-0.045,-0.085,2547,0
196744,6.402,4.015,8.650,0.265,0.042,-0.078,2555,0
196764,6.840,3.867,9.129,0.164,0.093,-0.078,2557,0
196784,6.709,3.493,9.591,-0.177,0.033,0.023,2557,0
196804,6.574,3.804,9.797,-0.454,-0.084,0.102,2553,0
196824,6.560,4.614,10.276,-0.736,-0.263,0.162,2549,0
196844,6.673,4.899,10.997,-0.981,-0.639,0.250,2548,0
196864,6.838,4.314,11.147,-0.974,-1.059,0.342,2548,0
196884,6.883,4.537,10.206,-0.823,-1.289,0.420,2545,0
196904,6.584,4.901,9.230,-1.026,-1.494,0.549,2547,0
196924,6.826,4.422,8.808,-1.324,-1.826,0.721,2550,0
196944,7.063,3.644,8.033,-1.441,-1.988,0.833,2547,0
196964,7.309,2.765,6.974,-1.381,-1.978,0.832,2546,0
196984,7.331,2.476,6.033,-1.283,-1.900,0.748,2545,0
197004,7.161,2.301,5.313,-1.218,-1.866,0.726,2544,0
197024,7.187,1.853,4.784,-1.189,-1.829,0.799,2545,0
197044,7.365,1.492,4.274,-1.192,-1.728,0.854,2549,0
197064,7.381,1.144,4.020,-1.139,-1.604,0.806,2553,0
197084,7.235,0.725,3.484,-0.938,-1.475,0.674,2557,0
197104,7.101,0.764,2.931,-0.710,-1.367,0.531,2559,0
197124,7.113,1.046,2.605,-0.584,-1.215,0.427,2559,0
197144,7.137,1.140,2.480,-0.618,-0.995,0.418,2559,0
197164,7.084,1.077,2.550,-0.609,-0.754,0.416,2561,0
197184,7.061,0.965,2.725,-0.528,-0.592,0.383,2559,0
197204,7.096,0.948,3.079,-0.429,-0.511,0.333,2559,0
197224,7.195,0.958,3.175,-0.342,-0.460,0.302,2559,0
197244,7.384,1.049,3.268,-0.280,-0.386,0.289,2558,0
197264,7.491,1.001,3.369,-0.267,-0.288,0.298,2559,0
197284,7.604,0.673,3.522,-0.301,-0.222,0.326,2558,0
197304,7.851,0.177,3.936,-0.334,-0.298,0.320,2557,0
197324,8.203,-0.304,3.986,-0.248,-0.375,0.265,2553,0
197344,8.373,-0.405,3.783,-0.053,-0.290,0.207,2554,0
197364,8.432,-0.395,3.689,0.040,-0.209,0.170,2550,0
197384,8.554,-0.536,3.752,0.037,-0.173,0.165,2550,0
197404,8.480,-0.737,3.795,-0.025,-0.191,0.181,2548,0
197424,8.629,-1.065,3.924,-0.034,-0.286,0.151,2547,0
197444,8.765,-1.101,3.596,0.066,-0.303,0.069,2546,0
197464,8.851,-0.972,3.306,0.123,-0.245,0.005,2544,0
197484,8.894,-0.850,3.220,0.115,-0.160,-0.016,2546,0
197504,8.772,-0.790,3.259,0.090,-0.119,-0.008,2545,0
197524,8.854,-0.871,3.266,0.084,-0.129,-0.002,2545,0
197544,8.990,-0.852,3.196,0.075,-0.118,-0.004,2545,0
197564,9.050,-0.967,3.189,0.042,-0.098,-0.026,2544,0
197584,9.076,-1.015,3.148,0.071,-0.061,-0.060,2544,0
197604,9.069,-0.931,3.144,0.099,-0.029,-0.071,2544,0
197624,9.076,-0.814,3.235,0.071,-0.018,-0.067,2545,0
197644,9.105,-0.766,3.292,0.034,-0.009,-0.073,2544,0
197664,9.141,-0.792,3.314,0.034,0.014,-0.088,2544,0
197684,9.038,-0.692,3.371,0.052,0.048,-0.101,2544,0
197704,9.079,-0.646,3.522,0.066,0.041,-0.104,2544,0
197724,9.091,-0.546,3.577,0.063,0.048,-0.102,2544,0
197744,9.117,-0.500,3.598,0.078,0.036,-0.106,2544,0
197764,9.129,-0.318,3.500,0.088,0.034,-0.103,2542,0
197784,9.165,-0.235,3.476,0.066,0.050,-0.080,2543,0
197804,9.175,-0.330,3.675,0.041,0.080,-0.045,2543,0
197824,9.167,-0.385,3.804,0.022,0.060,-0.016,2542,0
197844,9.220,-0.512,3.771,0.014,0.009,-0.014,2541,0
197864,9.280,-0.534,3.716,0.048,-0.006,-0.030,2542,0
197884,9.261,-0.503,3.737,0.053,-0.005,-0.033,2543,0
197904,9.285,-0.476,3.725,0.013,-0.016,-0.018,2543,0
197924,9.246,-0.579,3.761,-0.027,-0.047,-0.010,2543,0
197944,9.249,-0.666,3.725,-0.003,-0.086,-0.033,2543,0
197964,9.268,-0.599,3.637,0.043,-0.078,-0.058,2542,0
197984,9.208,-0.469,3.622,0.063,-0.050,-0.068,2543,0
198004,9.139,-0.371,3.685,0.051,-0.047,-0.061,2543,0
198024,9.072,-0.306,3.654,0.033,-0.060,-0.044,2542,0
198044,9.041,-0.326,3.615,0.019,-0.080,-0.038,2542,0
198064,9.033,-0.352,3.534,0.034,-0.082,-0.039,2542,0
198084,9.024,-0.350,3.476,0.060,-0.052,-0.039,2543,0
198104,8.988,-0.309,3.457,0.076,-0.028,-0.042,2543,0
198124,8.990,-0.244,3.440,0.054,-0.019,-0.033,2542,0
198144,9.012,-0.323,3.515,0.026,-0.010,-0.019,2542,0
198164,9.079,-0.335,3.522,0.039,-0.013,-0.015,2541,0
198184,9.120,-0.390,3.543,0.043,-0.005,-0.012,2543,0
198204,9.141,-0.409,3.589,0.046,-0.009,-0.010,2542,0
198224,9.182,-0.335,3.606,0.039,-0.010,-0.002,2543,0
198244,9.203,-0.268,3.625,0.008,-0.002,0.010,2542,0
198264,9.208,-0.352,3.673,0.023,0.006,0.013,2541,0
198284,9.172,-0.397,3.730,0.054,-0.007,0.009,2541,0
198304,9.177,-0.383,3.706,0.054,-0.038,0.019,2541,0
198324,9.201,-0.438,3.701,0.034,-0.040,0.023,2541,0
198344,9.184,-0.445,3.704,0.056,-0.040,0.006,2540,0
198364,9.127,-0.393,3.632,0.087,-0.039,-0.005,2542,0
198384,9.084,-0.321,3.603,0.073,-0.040,0.004,2541,0
198404,9.076,-0.369,3.582,0.031,-0.046,0.021,2541,0
198424,9.079,-0.503,3.663,0.019,-0.054,0.025,2540,0
198444,9.079,-0.589,3.656,0.057,-0.057,0.001,2537,0
198464,9.017,-0.551,3.524,0.090,-0.052,-0.029,2539,0
198484,8.959,-0.426,3.484,0.081,-0.051,-0.038,2539,0
198504,9.007,-0.364,3.491,0.073,-0.037,-0.038,2539,0
198524,8.976,-0.275,3.467,0.080,-0.016,-0.036,2539,0
198544,8.945,-0.211,3.508,0.055,-0.019,-0.019,2539,0
198564,9.062,-0.335,3.567,0.037,-0.026,0.000,2538,0
198584,9.139,-0.417,3.591,0.043,-0.002,-0.005,2540,0
198604,9.131,-0.426,3.644,0.057,0.016,-0.023,2539,0
198624,9.127,-0.366,3.642,0.073,0.008,-0.025,2538,0
198644,9.115,-0.323,3.661,0.056,0.003,-0.009,2539,0
198664,9.108,-0.431,3.677,0.029,-0.005,0.004,2538,0
198684,9.165,-0.551,3.630,0.036,-0.018,-0.011,2539,0
198704,9.187,-0.515,3.615,0.064,-0.009,-0.032,2540,0
198724,9.184,-0.421,3.615,0.062,0.008,-0.048,2537,0
198744,9.146,-0.316,3.622,0.029,0.012,-0.035,2538,0
198764,9.155,-0.330,3.670,0.006,0.004,-0.015,2539,0
198784,9.122,-0.412,3.718,0.030,0.002,-0.017,2538,0
198804,9.172,-0.383,3.704,0.065,-0.006,-0.026,2537,0
198824,9.155,-0.247,3.701,0.060,0.015,-0.031,2537,0
198844,9.086,-0.175,3.838,0.033,0.016,-0.018,2538,0
198864,9.081,-0.199,3.859,0.025,-0.012,-0.001,2537,0
198884,9.112,-0.254,3.773,0.051,-0.022,0.002,2538,0
198904,9.072,-0.261,3.718,0.059,-0.023,0.000,2537,0
198924,9.064,-0.311,3.694,0.047,-0.037,0.008,2537,0
198944,9.124,-0.373,3.654,0.045,-0.038,0.005,2537,0
198964,9.129,-0.357,3.689,0.053,-0.023,-0.005,2539,0
198984,9.088,-0.364,3.689,0.062,-0.018,-0.010,2536,0
199004,9.064,-0.321,3.699,0.058,-0.015,-0.003,2537,0
199024,9.079,-0.357,3.701,0.041,-0.013,0.001,2537,0
199044,9.091,-0.397,3.735,0.031,-0.012,0.003,2535,0
199064,9.115,-0.421,3.721,0.041,-0.023,-0.003,2538,0
199084,9.112,-0.385,3.718,0.055,-0.024,-0.010,2535,0
199104,9.096,-0.321,3.704,0.040,-0.018,-0.002,2537,0
199124,9.076,-0.311,3.713,0.025,-0.017,0.001,2537,0
199144,9.096,-0.316,3.773,0.033,-0.022,-0.002,2536,0
199164,9.096,-0.297,3.795,0.044,-0.025,-0.002,2537,0
199184,9.064,-0.283,3.816,0.052,-0.021,-0.000,2535,0
199204,9.045,-0.285,3.785,0.055,-0.039,0.001,2534,0
199224,9.064,-0.297,3.711,0.051,-0.044,0.010,2534,0
199244,9.076,-0.338,3.670,0.035,-0.043,0.019,2537,0
199264,9.105,-0.412,3.666,0.037,-0.030,0.016,2534,0
199284,9.076,-0.417,3.673,0.041,-0.021,0.013,2536,0
199304,9.067,-0.407,3.654,0.028,-0.025,0.011,2535,0
199324,9.091,-0.407,3.603,0.030,-0.023,-0.007,2535,0
199344,9.131,-0.285,3.618,0.058,-0.003,-0.021,2534,0
199364,9.148,-0.117,3.606,0.059,0.017,-0.005,2535,0
199384,9.117,-0.156,3.737,0.027,0.020,0.030,2536,0
199404,9.141,-0.225,3.917,0.029,0.002,0.047,2535,0
199424,9.175,-0.256,4.089,0.046,-0.026,0.048,2534,0
199444,9.122,-0.338,4.104,0.057,-0.052,0.047,2534,0
199464,9.067,-0.436,4.037,0.067,-0.084,0.039,2534,0
199484,9.055,-0.450,3.986,0.076,-0.100,0.032,2532,0
199504,9.029,-0.498,3.919,0.061,-0.107,0.025,2535,0
199524,9.005,-0.565,3.836,0.035,-0.111,0.024,2534,0
199544,9.048,-0.594,3.721,0.018,-0.104,0.019,2534,0
199564,9.024,-0.572,3.668,0.016,-0.086,0.007,2534,0
199584,9.055,-0.534,3.637,0.026,-0.076,-0.003,2534,0
199604,9.074,-0.443,3.543,0.023,-0.070,-0.002,2533,0
199624,9.105,-0.409,3.529,0.018,-0.075,0.001,2533,0
199644,9.117,-0.417,3.448,0.022,-0.073,0.009,2533,0
199664,9.139,-0.362,3.484,0.020,-0.051,0.016,2535,0
199684,9.103,-0.359,3.577,0.026,-0.043,0.015,2533,0
199704,9.086,-0.395,3.613,0.043,-0.050,0.001,2533,0
199724,9.064,-0.345,3.632,0.053,-0.049,-0.001,2532,0
199744,9.062,-0.316,3.644,0.042,-0.038,0.019,2533,0
199764,9.055,-0.438,3.721,0.037,-0.047,0.030,2536,0
199784,9.108,-0.512,3.663,0.060,-0.055,0.022,2532,0
199804,9.122,-0.484,3.548,0.064,-0.049,0.014,2533,0
199824,9.100,-0.496,3.534,0.044,-0.039,0.019,2533,0
199844,9.105,-0.524,3.587,0.042,-0.036,0.014,2534,0
199864,9.120,-0.457,3.666,0.039,-0.029,0.012,2533,0
199884,9.100,-0.481,3.730,0.018,-0.034,0.014,2531,0
199904,9.105,-0.551,3.745,0.033,-0.063,0.007,2532,0
199924,9.098,-0.481,3.699,0.059,-0.075,0.000,2533,0
199944,9.103,-0.419,3.603,0.050,-0.080,-0.002,2532,0
199964,9.136,-0.381,3.555,0.031,-0.071,-0.000,2531,0
199984,9.122,-0.433,3.570,0.021,-0.050,0.001,2531,0
200004,9.100,-0.433,3.630,0.028,-0.044,0.000,2531,0
200024,9.103,-0.433,3.596,0.045,-0.052,0.002,2531,0
200044,9.093,-0.364,3.570,0.034,-0.068,0.026,2529,0
200064,9.165,-0.457,3.529,-0.000,-0.083,0.049,2530,0
200084,9.199,-0.632,3.500,0.005,-0.071,0.039,2529,0
200104,9.187,-0.599,3.517,0.038,-0.054,0.019,2528,0
200124,9.141,-0.522,3.503,0.037,-0.043,0.012,2528,0
200144,9.093,-0.503,3.555,0.031,-0.044,0.018,2527,0
200164,9.091,-0.512,3.570,0.034,-0.068,0.016,2526,0
200184,9.120,-0.546,3.536,0.043,-0.081,0.008,2526,0
200204,9.151,-0.529,3.479,0.050,-0.067,0.004,2525,0
200224,9.117,-0.510,3.505,0.051,-0.058,0.006,2525,0
200244,9.131,-0.474,3.515,0.048,-0.065,0.008,2522,0
200264,9.103,-0.486,3.498,0.038,-0.056,0.015,2525,0
200284,9.146,-0.560,3.572,0.029,-0.061,0.019,2523,0
200304,9.177,-0.570,3.587,0.048,-0.064,0.009,2525,0
200324,9.182,-0.543,3.589,0.054,-0.072,-0.001,2523,0
200344,9.182,-0.527,3.565,0.041,-0.079,-0.004,2522,0
200364,9.153,-0.529,3.567,0.042,-0.082,-0.005,2521,0
200384,9.177,-0.484,3.531,0.041,-0.087,0.001,2521,0
200404,9.179,-0.503,3.493,0.025,-0.085,0.011,2520,0
200424,9.177,-0.536,3.608,0.033,-0.113,0.022,2521,0
200444,9.201,-0.529,3.541,0.043,-0.146,0.025,2521,0
200464,9.242,-0.591,3.450,0.047,-0.139,0.015,2521,0
200484,9.225,-0.572,3.445,0.061,-0.117,0.013,2520,0
200504,9.155,-0.455,3.433,0.042,-0.120,0.029,2517,0
200524,9.203,-0.534,3.378,0.023,-0.136,0.041,2517,0
200544,9.199,-0.565,3.347,0.031,-0.138,0.046,2516,0
200564,9.160,-0.601,3.326,0.034,-0.149,0.043,2515,0
200584,9.175,-0.639,3.282,0.037,-0.156,0.042,2514,0
200604,9.172,-0.646,3.194,0.035,-0.147,0.042,2512,0
200624,9.218,-0.661,3.201,0.029,-0.126,0.035,2512,0
200644,9.246,-0.680,3.244,0.063,-0.115,0.018,2512,0
200664,9.196,-0.532,3.177,0.050,-0.106,0.030,2511,0
200684,9.170,-0.572,3.239,0.029,-0.128,0.051,2510,0
200704,9.220,-0.622,3.239,0.039,-0.165,0.061,2509,0
200724,9.268,-0.615,3.249,0.057,-0.193,0.059,2508,0
200744,9.311,-0.632,3.153,0.038,-0.185,0.055,2505,0
200764,9.301,-0.632,3.261,0.072,-0.190,0.041,2503,0
200784,9.199,-0.584,3.160,0.105,-0.234,0.056,2503,0
200804,9.301,-0.496,3.129,0.095,-0.261,0.081,2498,0
200824,9.297,-0.639,2.971,0.094,-0.270,0.106,2497,0
200844,9.287,-0.766,2.816,0.069,-0.255,0.120,2494,0
200864,9.311,-0.680,2.899,0.100,-0.240,0.101,2491,0
200884,9.359,-0.725,2.940,0.096,-0.269,0.113,2490,0
200904,9.371,-0.924,2.751,0.072,-0.272,0.118,2486,0
200924,9.459,-0.962,2.732,0.066,-0.246,0.084,2484,0
200944,9.359,-0.680,2.739,0.097,-0.201,0.069,2482,0
200964,9.273,-0.931,2.971,0.134,-0.246,0.099,2481,0
200984,9.390,-0.718,2.784,0.188,-0.358,0.099,2480,0
201004,9.483,-0.615,2.145,-0.022,-0.300,0.133,2477,0
201024,9.649,-1.180,2.239,-0.060,-0.108,0.096,2475,1550
201044,9.505,-0.991,2.418,0.008,0.014,0.057,2472,2371
201064,9.280,-0.907,2.423,0.034,0.055,0.081,2469,2722
201084,9.213,-0.824,2.717,0.092,0.023,0.118,2470,3351
201104,9.297,-0.804,2.787,0.149,-0.058,0.128,2469,3866
201124,9.266,-1.013,2.777,0.226,-0.139,0.115,2468,4078
201144,9.450,-0.898,2.523,0.188,-0.143,0.116,2466,4095
201164,9.663,-0.864,2.516,0.116,-0.088,0.143,2468,4095
201184,9.651,-1.015,2.533,0.072,-0.096,0.128,2467,4095
201204,9.019,-0.931,2.547,0.109,-0.107,0.091,2470,4095
201224,9.747,-1.597,2.516,0.135,-0.093,0.022,2469,4095
201244,9.220,-0.622,2.483,0.109,-0.122,0.050,2470,4095
201264,9.720,-1.542,2.181,0.087,-0.105,-0.009,2471,4095
201284,9.519,-0.802,2.344,0.046,0.015,0.030,2470,4095
201304,9.112,-1.386,2.488,0.093,-0.012,-0.010,2470,4095
201324,9.661,-0.804,2.488,0.066,-0.038,0.039,2471,4095
201344,9.093,-1.113,2.456,0.050,-0.067,0.031,2473,4095
201364,9.965,-1.188,2.523,0.007,-0.014,0.027,2472,4095
201384,9.062,-1.018,2.468,0.052,-0.001,-0.008,2471,4095
201404,9.632,-0.881,2.502,0.036,0.032,0.008,2470,4095
201424,8.844,-0.843,2.504,0.032,-0.001,0.010,2470,4095
201444,9.797,-1.077,2.543,0.019,0.005,0.012,2468,4095
201464,8.926,-0.766,2.397,0.037,0.021,0.005,2469,4095
201484,9.823,-1.472,2.526,0.044,0.051,-0.023,2468,4095
201504,8.770,-0.678,2.574,0.065,0.004,0.005,2468,4095
201524,9.953,-1.475,2.555,0.057,-0.017,-0.024,2470,4095
201544,8.918,-0.618,2.543,0.057,0.018,-0.001,2468,4095
201564,9.907,-1.427,2.619,0.051,0.030,-0.029,2466,4095
201584,8.863,-0.553,2.624,0.038,0.026,0.011,2469,4095
201604,9.929,-1.496,2.646,0.061,-0.010,-0.023,2469,4095
201624,8.985,-0.905,2.552,0.063,-0.030,-0.012,2469,4095
201644,10.041,-1.525,2.543,0.058,-0.010,-0.026,2470,4095
201664,8.911,-0.543,2.593,0.057,0.022,0.007,2468,4095
201684,9.934,-1.444,2.648,0.066,-0.001,-0.025,2467,4095
201704,8.921,-0.773,2.605,0.071,-0.025,-0.003,2466,4095
201724,9.979,-1.188,2.634,0.029,-0.007,0.010,2467,4095
201744,8.959,-0.946,2.583,0.033,0.010,0.012,2468,4095
201764,9.886,-1.336,2.729,0.048,0.003,-0.000,2465,4095
201784,8.935,-0.883,2.662,0.080,-0.014,-0.009,2467,4095
201804,9.895,-1.152,2.770,0.057,-0.011,-0.009,2468,4095
201824,8.921,-0.843,2.650,0.046,-0.031,-0.001,2466,4095
201844,9.850,-1.262,2.749,0.014,0.001,0.004,2468,4095
201864,8.856,-0.953,2.670,0.055,-0.027,-0.007,2467,4095
201884,9.847,-1.176,2.756,0.020,-0.032,-0.007,2466,4095
201904,8.961,-0.994,2.624,0.051,-0.030,-0.025,2465,4095
201924,9.802,-1.039,2.665,0.031,-0.003,-0.008,2467,4095
201944,8.959,-0.936,2.588,0.044,-0.013,-0.011,2466,4095
201964,9.759,-0.994,2.703,-0.012,-0.006,0.017,2467,4095
201984,9.117,-1.238,2.756,0.024,-0.032,-0.004,2466,4095
202004,9.622,-0.998,2.768,0.035,-0.028,0.006,2467,4095
202024,9.182,-1.307,2.713,0.093,-0.071,-0.039,2466,4095
202044,9.670,-0.625,2.693,0.032,-0.057,-0.008,2465,4095
202064,9.486,-1.494,2.602,-0.001,-0.010,-0.046,2467,4095
202084,9.290,-0.795,2.789,-0.001,0.016,-0.014,2465,4095
202104,9.404,-2.332,2.614,0.260,0.030,-0.143,2465,4095
202124,9.024,-1.010,2.892,0.525,0.023,-0.225,2466,4095
202144,9.416,-0.912,2.875,0.462,-0.135,-0.309,2469,4035
202164,9.972,-0.405,2.452,0.245,-0.084,-0.284,2474,3591
202184,9.268,-0.910,2.519,-0.041,0.024,-0.175,2476,3278
202204,9.151,-0.934,2.354,-0.145,-0.052,-0.070,2476,2958
202224,9.254,-1.061,2.253,-0.398,-0.024,-0.120,2482,2421
202244,10.645,-1.997,2.452,-0.334,0.258,-0.319,2494,1827
202264,9.076,-1.223,2.521,-0.137,0.520,-0.468,2498,1510
202284,9.474,-0.031,2.614,-0.138,0.601,-0.477,2508,1289
202304,9.067,-0.584,3.156,-0.156,0.524,-0.445,2520,0
202324,8.576,0.488,3.431,-0.225,0.267,-0.291,2529,0
202344,9.910,-0.596,3.326,-0.213,0.183,-0.248,2533,0
202364,9.232,-0.927,3.127,-0.051,0.256,-0.341,2537,0
202384,8.875,0.182,3.203,0.048,0.300,-0.341,2536,0
202404,9.464,0.079,3.146,0.078,0.308,-0.300,2536,0
202424,8.655,0.007,3.153,0.000,0.276,-0.241,2535,0
202444,8.610,0.637,3.256,-0.103,0.198,-0.132,2536,0
202464,9.582,-0.591,3.278,-0.091,0.184,-0.129,2535,0
202484,9.321,-0.625,3.323,-0.030,0.249,-0.149,2533,0
202504,8.859,0.460,3.345,-0.050,0.304,-0.109,2533,0
202524,9.448,-0.139,3.589,-0.044,0.322,-0.103,2533,0
202544,8.657,-0.062,3.819,0.021,0.266,-0.111,2531,0
202564,8.717,0.733,4.070,-0.016,0.138,-0.017,2531,0
202584,9.831,-0.474,4.039,-0.002,0.050,0.006,2532,0
202604,9.038,-0.175,4.111,0.021,0.023,-0.008,2534,0
202624,8.966,0.486,4.075,-0.010,0.013,0.022,2533,0
202644,9.629,-0.077,3.958,0.014,-0.002,0.019,2534,0
202664,9.493,-0.632,4.005,0.042,-0.058,-0.004,2534,0
202684,8.624,0.555,4.003,0.017,-0.079,0.021,2535,0
202704,9.622,-0.220,3.867,-0.007,-0.102,0.037,2534,0
202724,9.354,-0.716,3.895,0.053,-0.117,0.018,2533,0
202744,8.487,0.503,3.821,0.037,-0.117,0.047,2532,0
202764,9.543,-0.201,3.589,0.006,-0.103,0.053,2532,0
202784,9.213,-0.680,3.670,0.036,-0.076,0.022,2531,0
202804,8.380,0.476,3.654,0.010,-0.072,0.040,2530,0
202824,9.380,-0.421,3.558,-0.011,-0.072,0.041,2531,0
202844,9.112,-0.776,3.682,0.058,-0.095,0.015,2532,0
202864,8.404,0.421,3.656,0.030,-0.110,0.046,2533,0
202884,9.565,-0.364,3.361,-0.001,-0.063,0.032,2531,0
202904,9.148,-0.814,3.448,0.023,-0.009,-0.012,2531,0
202924,8.430,0.359,3.565,0.021,0.007,0.010,2531,0
202944,9.471,-0.479,3.445,0.019,0.007,0.009,2533,0
202964,9.218,-0.833,3.622,0.065,-0.026,-0.026,2534,0
202984,8.554,0.472,3.661,0.030,0.000,0.003,2535,0
203004,9.670,-0.409,3.548,-0.005,0.025,-0.006,2532,0
203024,9.199,-0.737,3.668,0.044,0.023,-0.046,2534,0
203044,8.562,0.505,3.737,0.048,0.010,-0.025,2534,0
203064,9.670,-0.395,3.555,0.040,0.016,-0.021,2533,0
203084,9.184,-0.582,3.809,0.065,0.008,-0.033,2533,0
203104,8.581,0.577,3.836,0.029,-0.002,0.009,2533,0
203124,9.728,-0.373,3.711,0.024,-0.003,0.004,2533,0
203144,9.167,-0.601,3.826,0.053,-0.015,-0.024,2532,0
203164,9.115,0.024,3.654,0.021,-0.020,0.017,2534,0
203184,9.088,-0.156,3.862,0.051,-0.041,0.010,2534,0
203204,9.158,-0.192,3.785,0.045,-0.030,0.017,2537,0
203224,9.100,-0.273,3.771,0.048,-0.013,0.020,2534,0
203244,9.060,-0.294,3.752,0.059,-0.011,0.007,2535,0
203264,9.093,-0.239,3.795,0.055,-0.038,0.009,2534,0
203284,9.112,-0.256,3.716,0.035,-0.037,0.014,2535,0
203304,9.105,-0.318,3.723,0.029,-0.026,0.006,2537,0
203324,9.041,-0.292,3.752,0.037,-0.010,0.002,2537,0
203344,8.995,-0.254,3.680,0.031,-0.011,0.003,2535,0
203364,9.052,-0.256,3.721,0.022,-0.024,-0.003,2537,0
203384,9.045,-0.268,3.692,0.032,-0.022,-0.016,2537,0
203404,9.057,-0.184,3.757,0.048,-0.026,-0.021,2536,0
203424,9.093,-0.120,3.754,0.043,-0.025,-0.013,2536,0
203444,9.105,-0.165,3.725,0.017,-0.021,-0.002,2535,0
203464,9.081,-0.232,3.699,0.010,-0.023,-0.001,2536,0
203484,9.088,-0.278,3.728,0.038,-0.029,-0.013,2536,0
203504,9.072,-0.196,3.730,0.076,-0.022,-0.026,2537,0
203524,9.029,-0.148,3.725,0.090,-0.018,-0.024,2535,0
203544,9.041,-0.067,3.646,0.073,-0.014,-0.006,2535,0
203564,9.038,-0.168,3.658,0.026,-0.013,0.011,2536,0
203584,9.096,-0.278,3.670,0.019,-0.005,0.014,2536,0
203604,9.079,-0.354,3.728,0.033,0.011,0.005,2537,0
203624,9.062,-0.340,3.778,0.065,0.007,-0.012,2535,0
203644,9.072,-0.242,3.792,0.078,-0.003,-0.019,2534,0
203664,9.069,-0.165,3.807,0.043,0.006,-0.010,2535,0
203684,9.055,-0.156,3.888,0.020,0.010,0.003,2533,0
203704,9.084,-0.227,3.936,0.029,-0.016,0.008,2535,0
203724,9.088,-0.311,3.917,0.049,-0.027,0.001,2535,0
203744,9.103,-0.273,3.881,0.052,-0.029,-0.010,2532,0
203764,9.096,-0.251,3.819,0.033,-0.034,-0.011,2533,0
203784,9.086,-0.256,3.833,0.020,-0.027,-0.009,2532,0
203804,9.062,-0.208,3.809,0.025,-0.026,-0.011,2534,0
203824,9.005,-0.196,3.792,0.043,-0.020,-0.011,2533,0
203844,9.009,-0.175,3.780,0.050,-0.038,-0.012,2531,0
203864,9.019,-0.163,3.773,0.025,-0.026,0.000,2532,0
203884,9.024,-0.199,3.826,0.023,-0.025,0.010,2534,0
203904,9.019,-0.230,3.788,0.030,-0.025,0.010,2532,0
203924,9.048,-0.225,3.764,0.031,-0.016,0.014,2533,0
203944,9.052,-0.323,3.768,0.032,-0.013,0.007,2530,0
203964,9.057,-0.283,3.838,0.051,-0.014,-0.010,2532,0
203984,9.043,-0.215,3.850,0.044,-0.027,-0.011,2532,0
204004,9.050,-0.235,3.845,0.032,-0.015,-0.003,2531,0
204024,9.024,-0.239,3.871,0.046,-0.025,-0.002,2530,0
204044,9.055,-0.187,3.824,0.060,-0.039,-0.006,2529,0
204064,9.038,-0.192,3.788,0.038,-0.032,0.003,2529,0
204084,8.993,-0.271,3.797,0.026,-0.022,0.005,2530,0
204104,9.012,-0.294,3.788,0.039,-0.031,-0.006,2529,0
204124,9.052,-0.278,3.764,0.050,-0.019,-0.013,2529,0
204144,9.033,-0.249,3.802,0.057,-0.007,-0.021,2528,0
204164,9.026,-0.163,3.824,0.055,-0.007,-0.019,2529,0
204184,9.002,-0.165,3.812,0.030,-0.019,-0.005,2528,0
204204,9.072,-0.201,3.814,0.026,-0.026,0.004,2529,0
204224,9.074,-0.249,3.831,0.031,-0.005,-0.004,2528,0
204244,9.038,-0.194,3.903,0.056,-0.012,-0.012,2527,0
204264,9.021,-0.134,3.876,0.056,-0.020,-0.009,2528,0
204284,9.024,-0.139,3.898,0.038,-0.016,0.006,2528,0
204304,9.043,-0.237,3.946,0.036,-0.025,0.012,2527,0
204324,9.048,-0.275,3.852,0.042,-0.037,0.010,2528,0
204344,9.076,-0.292,3.800,0.038,-0.030,0.007,2527,0
204364,9.014,-0.299,3.773,0.028,-0.013,-0.003,2527,0
204384,9.017,-0.294,3.855,0.029,-0.021,-0.012,2527,0
204404,9.036,-0.225,3.833,0.026,-0.014,-0.008,2529,0
204424,9.019,-0.235,3.893,0.012,-0.009,0.002,2527,0
204444,9.014,-0.244,3.898,0.018,-0.011,0.003,2525,0
204464,9.019,-0.237,3.843,0.013,-0.011,0.001,2526,0
204484,9.002,-0.283,3.852,0.017,-0.012,-0.007,2525,0
204504,9.007,-0.242,3.881,0.030,-0.029,-0.016,2526,0
204524,9.021,-0.182,3.869,0.029,-0.024,-0.013,2526,0
204544,8.995,-0.170,3.886,0.035,-0.013,-0.003,2525,0
204564,9.026,-0.148,3.910,0.035,-0.036,-0.001,2524,0
204584,9.024,-0.184,3.855,0.027,-0.034,-0.002,2524,0
204604,8.976,-0.220,3.816,0.033,-0.032,0.002,2525,0
204624,9.005,-0.223,3.869,0.039,-0.046,0.008,2522,0
204644,9.045,-0.227,3.855,0.035,-0.034,0.014,2523,0
204664,9.062,-0.254,3.862,0.016,-0.018,0.019,2525,0
204684,9.036,-0.311,3.881,0.007,-0.016,0.016,2524,0
204704,9.019,-0.309,3.900,-0.010,-0.016,0.022,2524,0
204724,9.033,-0.352,3.917,-0.014,-0.027,0.027,2525,0
204744,9.024,-0.388,3.883,0.009,-0.022,0.016,2525,0
204764,8.976,-0.275,3.967,0.026,-0.030,0.015,2523,0
204784,8.966,-0.218,4.039,0.037,-0.079,0.028,2523,0
204804,8.947,-0.297,3.994,0.045,-0.142,0.039,2521,0
204916,9.043,-0.462,3.836,0.001,0.008,0.011,2510,0
204926,9.007,-0.469,3.867,0.013,0.007,0.003,2510,0
204935,8.988,-0.433,3.871,0.028,-0.001,-0.003,2507,0
204947,9.038,-0.362,3.912,0.039,-0.017,-0.010,2507,0
204957,9.038,-0.309,3.876,0.034,-0.025,-0.011,2509,0
204967,9.038,-0.294,3.883,0.021,-0.024,-0.005,2507,0
204977,9.057,-0.340,3.910,0.013,-0.019,-0.001,2506,0
204986,9.062,-0.364,3.905,0.017,-0.016,-0.001,2506,0
204997,9.069,-0.359,3.903,0.026,-0.012,-0.002,2506,0
205008,9.031,-0.364,3.867,0.030,-0.013,-0.002,2502,0
205024,9.009,-0.402,3.867,0.031,-0.022,-0.002,2501,0
205044,9.036,-0.441,3.836,0.047,-0.023,-0.011,2501,0
205064,9.000,-0.345,3.792,0.051,-0.014,-0.016,2500,0
205084,9.019,-0.273,3.797,0.034,-0.017,-0.009,2499,0
205104,9.060,-0.340,3.850,0.022,-0.014,0.002,2499,0
205124,9.036,-0.424,3.871,0.032,-0.007,-0.006,2497,0
205144,9.007,-0.407,3.910,0.050,-0.009,-0.016,2497,0
205164,8.985,-0.345,3.934,0.055,-0.026,-0.017,2498,0
205184,9.062,-0.333,3.950,0.062,-0.041,-0.021,2498,0
205204,9.026,-0.290,3.859,0.048,-0.039,-0.016,2498,0
205224,9.031,-0.330,3.836,0.044,-0.039,-0.017,2497,0
205244,9.031,-0.323,3.824,0.046,-0.030,-0.018,2498,0
205264,9.038,-0.388,3.862,0.063,-0.026,-0.024,2497,0
205284,9.005,-0.302,3.833,0.088,-0.023,-0.033,2498,0
205304,8.985,-0.196,3.824,0.065,-0.031,-0.019,2499,0
205324,9.041,-0.242,3.836,0.029,-0.028,0.003,2498,0
205344,9.060,-0.340,3.869,0.032,-0.009,0.006,2497,0
205364,8.995,-0.340,3.900,0.048,-0.008,-0.002,2498,0
205384,8.983,-0.318,3.907,0.054,-0.025,-0.006,2497,0
205404,9.033,-0.330,3.888,0.047,-0.026,-0.005,2498,0
205424,9.029,-0.364,3.917,0.040,-0.016,-0.005,2496,0
205444,9.017,-0.350,3.941,0.052,-0.026,-0.015,2497,0
205464,9.012,-0.316,3.931,0.043,-0.032,-0.011,2498,0
205484,8.990,-0.369,3.898,0.035,-0.035,-0.000,2497,0
205504,8.997,-0.412,3.891,0.033,-0.034,-0.008,2497,0
205524,8.997,-0.378,3.919,0.039,-0.029,-0.024,2498,0
205544,8.985,-0.330,3.898,0.044,-0.031,-0.029,2496,0
205564,9.021,-0.261,3.845,0.048,-0.031,-0.025,2498,0
205584,9.036,-0.268,3.850,0.037,-0.021,-0.015,2498,0
205604,9.012,-0.309,3.843,0.025,-0.014,-0.011,2498,0
205624,9.019,-0.292,3.912,0.025,-0.017,-0.010,2497,0
205644,9.019,-0.283,3.950,0.033,-0.025,-0.009,2498,0
205664,9.005,-0.256,3.946,0.047,-0.034,-0.010,2497,0
205684,9.019,-0.290,3.905,0.056,-0.034,-0.019,2498,0
205704,8.983,-0.242,3.931,0.067,-0.025,-0.018,2496,0
205724,8.938,-0.213,3.883,0.054,-0.035,-0.009,2497,0
205744,8.973,-0.309,3.867,0.033,-0.041,-0.002,2496,0
205764,9.007,-0.364,3.828,0.048,-0.039,-0.009,2498,0
205784,9.012,-0.385,3.790,0.055,-0.023,-0.015,2497,0
205804,9.007,-0.314,3.773,0.051,-0.009,-0.017,2497,0
205824,9.002,-0.261,3.833,0.035,-0.001,-0.015,2496,0
205844,9.026,-0.304,3.934,0.036,-0.001,-0.013,2496,0
205864,9.019,-0.345,3.979,0.054,-0.010,-0.021,2497,0
205884,9.014,-0.316,3.986,0.067,-0.014,-0.025,2497,0
205904,9.014,-0.235,3.953,0.064,-0.022,-0.031,2496,0
205924,9.014,-0.151,3.950,0.053,-0.025,-0.027,2498,0
205944,9.002,-0.165,3.883,0.051,-0.030,-0.019,2495,0
205964,8.997,-0.180,3.862,0.062,-0.027,-0.022,2496,0
205984,9.000,-0.189,3.852,0.075,-0.015,-0.021,2496,0
206004,9.000,-0.170,3.898,0.079,-0.012,-0.012,2497,0
206024,9.007,-0.160,3.919,0.069,-0.009,-0.003,2497,0
206044,8.983,-0.201,3.931,0.052,-0.015,0.001,2496,0
206064,9.007,-0.285,3.960,0.039,-0.021,0.004,2497,0
206084,9.024,-0.321,3.984,0.060,-0.013,-0.002,2497,0
206104,8.990,-0.292,4.022,0.071,-0.014,-0.008,2497,0
206124,9.007,-0.294,3.994,0.062,-0.026,-0.005,2497,0
206144,9.033,-0.311,3.950,0.039,-0.030,0.000,2496,0
206164,9.033,-0.354,3.962,0.037,-0.021,-0.002,2497,0
206184,9.002,-0.321,3.998,0.046,-0.013,-0.010,2497,0
206204,8.966,-0.239,3.960,0.041,-0.022,-0.015,2496,0
206224,8.916,-0.192,3.974,0.022,-0.035,-0.007,2497,0
206244,8.938,-0.299,4.003,0.019,-0.048,-0.005,2497,0
206264,8.985,-0.304,3.950,0.041,-0.031,-0.018,2495,0
206284,8.926,-0.249,3.938,0.051,-0.024,-0.034,2495,0
206304,8.914,-0.192,3.926,0.044,-0.026,-0.034,2497,0
206324,8.928,-0.177,3.912,0.036,-0.017,-0.022,2496,0
206344,8.928,-0.208,3.871,0.035,-0.016,-0.011,2497,0
206364,8.981,-0.239,3.871,0.033,-0.017,-0.018,2496,0
206384,8.966,-0.235,3.883,0.045,-0.007,-0.028,2496,0
206404,8.914,-0.192,3.900,0.049,-0.006,-0.031,2496,0
206424,8.940,-0.177,3.905,0.056,0.006,-0.026,2496,0
206444,8.923,-0.129,3.955,0.050,0.007,-0.021,2497,0
206464,8.950,-0.215,4.020,0.046,-0.001,-0.021,2497,0
206484,8.959,-0.256,4.005,0.049,0.001,-0.030,2496,0
206504,8.902,-0.283,3.996,0.068,0.002,-0.053,2496,0
206524,8.882,-0.168,3.972,0.082,0.002,-0.072,2496,0
206544,8.873,-0.127,3.943,0.065,0.012,-0.059,2495,0
206564,8.935,-0.153,4.003,0.063,0.012,-0.055,2496,0
206584,8.928,-0.201,4.077,0.073,0.017,-0.063,2496,0
206604,8.911,-0.136,4.053,0.079,0.016,-0.074,2495,0
206624,8.947,-0.141,4.044,0.061,0.012,-0.070,2497,0
206644,9.019,-0.160,4.082,0.063,0.018,-0.071,2496,0
206664,9.021,-0.201,4.132,0.075,0.013,-0.080,2496,0
206684,9.026,-0.098,4.149,0.088,-0.007,-0.087,2496,0
206704,9.048,0.017,4.123,0.053,-0.011,-0.074,2496,0
206724,9.067,0.043,4.161,0.025,-0.005,-0.054,2495,0
206744,9.076,-0.010,4.216,0.038,-0.007,-0.047,2495,0
206764,9.060,0.017,4.192,0.064,-0.015,-0.051,2495,0
206784,9.024,0.081,4.202,0.053,-0.026,-0.037,2495,0
206804,9.017,0.029,4.175,0.033,-0.031,-0.024,2494,0
206824,9.019,-0.026,4.221,0.045,-0.042,-0.022,2493,0
206844,9.002,0.065,4.175,0.063,-0.041,-0.020,2494,0
206864,8.959,0.069,4.140,0.048,-0.045,-0.009,2494,0
206884,8.909,0.043,4.065,0.022,-0.048,-0.001,2494,0
206904,8.911,-0.060,4.070,0.017,-0.062,-0.002,2493,0
206924,8.930,-0.074,4.051,0.043,-0.065,-0.012,2494,0
206944,8.916,0.038,4.034,0.061,-0.045,-0.015,2493,0
206964,8.825,0.089,4.034,0.039,-0.041,-0.006,2493,0
206984,8.849,0.029,4.020,0.023,-0.055,-0.001,2493,0
207004,8.885,-0.019,3.970,0.029,-0.044,-0.009,2493,0
207024,8.890,-0.036,3.979,0.052,-0.024,-0.019,2494,0
207044,8.890,0.081,4.001,0.064,-0.018,-0.017,2493,0
207064,8.890,0.103,4.013,0.040,-0.027,-0.003,2494,0
207084,8.926,-0.017,4.013,0.034,-0.033,-0.005,2494,0
207104,8.959,-0.005,3.994,0.061,-0.022,-0.023,2493,0
207124,8.918,0.093,3.979,0.061,-0.010,-0.024,2494,0
207144,8.904,0.177,4.039,0.034,-0.012,-0.005,2494,0
207164,8.940,0.043,4.106,0.031,-0.025,0.000,2494,0
207184,8.947,0.022,4.125,0.072,-0.020,-0.010,2494,0
207204,8.906,0.050,4.075,0.087,-0.013,-0.013,2493,0
207224,8.921,0.077,4.070,0.055,-0.028,0.005,2492,0
207244,8.971,-0.060,4.044,0.037,-0.031,0.009,2494,0
207264,8.976,-0.089,4.049,0.054,-0.018,-0.010,2494,0
207284,8.935,-0.034,4.034,0.066,-0.011,-0.018,2493,0
207304,8.954,0.022,4.080,0.059,-0.005,-0.014,2493,0
207324,8.933,0.036,4.130,0.044,-0.011,-0.009,2493,0
207344,8.959,0.024,4.152,0.048,-0.023,-0.012,2493,0
207364,8.947,0.072,4.111,0.065,-0.021,-0.019,2493,0
207384,8.892,0.144,4.113,0.050,-0.014,-0.010,2493,0
207404,8.909,0.129,4.166,0.027,-0.035,0.003,2493,0
207424,8.961,0.029,4.132,0.046,-0.039,-0.003,2491,0
207444,8.942,0.060,4.082,0.078,-0.025,-0.016,2492,0
207464,8.871,0.146,4.075,0.063,-0.021,-0.008,2491,0
207484,8.878,0.091,4.116,0.026,-0.030,0.012,2492,0
207504,8.914,-0.036,4.132,0.029,-0.031,0.011,2492,0
207524,8.916,-0.084,4.149,0.064,-0.027,-0.007,2492,0
207544,8.880,-0.014,4.123,0.082,-0.020,-0.014,2494,0
207564,8.856,0.045,4.120,0.054,-0.022,-0.005,2493,0
207584,8.902,-0.026,4.118,0.038,-0.028,-0.004,2493,0
207604,8.894,-0.029,4.116,0.043,-0.023,-0.006,2494,0
207624,8.899,0.010,4.085,0.041,-0.020,-0.008,2493,0
207644,8.887,0.005,4.061,0.045,-0.013,-0.015,2494,0
207664,8.847,0.000,4.099,0.055,-0.006,-0.019,2493,0
207684,8.851,0.024,4.159,0.061,-0.025,-0.023,2494,0
207704,8.906,0.031,4.154,0.056,-0.040,-0.024,2494,0
207724,8.918,0.043,4.132,0.063,-0.044,-0.021,2494,0
207744,8.954,0.055,4.094,0.070,-0.058,-0.017,2492,0
207764,8.993,0.110,4.032,0.075,-0.067,-0.022,2492,0
207784,9.033,0.134,4.046,0.069,-0.053,-0.031,2495,0
207804,9.043,0.117,4.041,0.093,-0.033,-0.041,2494,0
207824,8.983,0.215,4.034,0.111,-0.026,-0.042,2494,0
207844,8.950,0.283,4.135,0.111,-0.024,-0.026,2493,0
207864,8.938,0.275,4.156,0.094,-0.028,-0.004,2494,0
207884,8.928,0.247,4.147,0.044,-0.040,0.017,2493,0
207904,8.983,0.067,4.130,0.034,-0.042,0.015,2493,0
207924,8.969,0.055,4.132,0.077,-0.033,-0.009,2493,0
207944,8.930,0.172,4.128,0.098,-0.020,-0.014,2493,0
207964,8.887,0.223,4.147,0.070,-0.023,0.002,2492,0
207984,8.909,0.124,4.216,0.025,-0.040,0.019,2492,0
208004,8.935,-0.012,4.187,0.024,-0.048,0.010,2494,0
208024,8.923,0.002,4.135,0.051,-0.050,-0.013,2493,0
208044,8.899,0.077,4.061,0.052,-0.053,-0.019,2494,0
208064,8.926,0.105,4.025,0.041,-0.042,-0.012,2493,0
208084,8.904,0.139,4.003,0.043,-0.037,-0.012,2491,0
