180694,-1.748,9.823,-4.848,-0.667,-0.480,0.162,2559,0
180714,-1.791,9.608,-4.436,-0.725,-0.399,0.167,2559,0
180734,-1.949,9.579,-4.434,-1.323,0.157,0.188,2581,0
180754,-1.446,9.522,-3.371,-1.596,0.226,0.191,2585,0
180774,-1.314,9.091,-3.424,-1.601,0.554,0.281,2599,0
180794,-2.069,8.210,-2.842,-0.934,0.402,0.420,2608,0
180814,-2.002,8.717,-1.891,-0.259,0.352,0.448,2610,0
180834,-2.737,8.930,-3.206,0.343,0.073,0.386,2613,0
180854,-1.817,9.093,-2.116,0.957,0.155,0.327,2615,0
180874,-2.880,8.756,-2.761,2.151,-0.404,0.278,2610,0
180894,-4.465,9.376,-5.346,2.817,-0.899,-0.039,2603,0
180914,-0.757,10.463,-0.182,0.707,0.366,-0.635,2587,0
180934,-2.195,9.584,-3.340,0.239,0.557,-0.454,2557,0
180954,-2.617,9.199,-3.998,0.626,0.115,-0.207,2559,0
180974,-0.577,8.866,-4.094,0.957,0.522,-0.046,2557,0
180994,-1.856,8.815,-4.257,1.290,0.926,-0.209,2537,0
181014,-0.960,8.526,-2.342,1.381,1.472,-0.490,2505,0
181034,-3.153,8.011,-3.165,0.960,1.366,-0.756,2470,0
181054,-2.255,7.592,-3.689,0.806,1.141,-0.881,2441,0
181074,-2.737,7.774,-3.349,0.561,0.762,-0.332,2419,0
181094,-2.978,9.067,-4.276,1.113,0.453,-0.164,2409,0
181114,-2.847,8.164,-5.107,0.843,0.265,0.137,2396,0
181134,-1.741,7.803,-5.763,0.735,0.346,-0.139,2380,0
181154,-1.367,6.931,-5.720,0.088,0.448,-0.092,2367,0
181174,-2.006,8.104,-5.377,0.282,0.527,-0.164,2356,0
181194,-1.295,6.893,-4.640,0.360,0.606,-0.168,2347,0
181214,-2.152,6.788,-2.890,0.371,0.220,0.011,2336,0
181234,-2.298,8.107,-3.110,0.766,-0.002,0.027,2333,0
181254,-1.982,8.092,-4.518,0.887,-0.328,-0.046,2327,0
181274,-2.014,7.415,-5.212,0.440,-0.611,0.022,2322,0
181294,-2.054,7.475,-4.731,-0.099,-0.782,0.237,2327,0
181314,-1.997,8.878,-4.752,-0.096,-0.876,0.281,2340,0
181334,-2.253,9.811,-5.021,0.007,-0.906,0.209,2366,0
181354,-2.907,10.154,-4.812,-0.319,-0.829,0.306,2398,0
181374,-2.320,10.070,-4.688,-0.740,-0.847,0.560,2434,0
181394,-0.881,10.168,-3.369,-1.361,-1.069,0.904,2477,0
181414,-1.664,10.855,-2.638,-2.188,-0.911,0.803,2518,0
181434,-2.332,9.136,-3.354,-2.183,-1.303,0.778,2557,0
181454,-2.459,9.108,-4.614,-1.492,-1.378,0.620,2610,0
181474,-2.227,9.677,-4.851,-0.693,-1.219,0.689,2616,0
181494,-1.815,10.104,-5.863,-0.372,-0.938,0.814,2640,0
181514,-1.293,10.822,-5.708,-0.513,-0.548,0.992,2639,0
181534,-1.226,10.752,-4.065,-1.347,-0.107,0.989,2631,0
181554,-1.470,9.481,-3.201,-1.757,0.293,0.913,2624,0
181574,-1.492,8.490,-2.471,-1.771,0.478,0.826,2612,0
181594,-1.324,8.047,-1.870,-1.466,0.590,0.732,2607,0
181614,-1.032,7.867,-1.786,-0.856,0.777,0.725,2595,0
181634,-1.539,9.131,-1.693,-0.364,0.892,0.758,2559,0
181654,-1.767,9.993,-2.219,-0.566,0.654,0.709,2545,0
181674,-1.343,8.842,-2.236,-1.133,0.791,0.504,2535,0
181694,-0.350,7.807,-2.205,-1.079,0.861,0.365,2523,0
181714,0.898,7.108,-1.607,-0.260,1.087,0.395,2516,0
181734,0.453,7.623,-0.402,1.179,1.228,0.204,2503,0
181754,-0.965,7.793,-1.288,1.222,1.289,-0.395,2479,0
181774,-1.111,8.435,-1.489,1.707,0.716,-0.712,2456,0
181794,-0.900,9.120,-1.927,2.015,0.559,-0.673,2447,0
181814,-0.311,10.020,-2.454,2.342,0.340,-0.380,2438,0
181834,0.074,10.523,-3.462,2.178,0.229,-0.241,2434,0
181854,-0.017,10.879,-3.984,1.552,0.203,-0.261,2428,0
181874,-0.091,11.064,-4.073,0.606,0.099,-0.264,2424,0
181894,-0.036,10.465,-4.266,-0.136,0.002,-0.202,2418,0
181914,-0.388,9.957,-3.450,-0.607,-0.030,-0.014,2418,0
181934,0.572,9.555,-3.627,-0.429,-0.108,0.006,2419,0
181954,0.745,9.045,-3.405,-0.480,-0.046,0.044,2411,0
181974,-0.441,9.246,-3.486,-0.305,-0.071,0.076,2416,0
181994,0.843,9.455,-3.749,-0.264,-0.051,0.107,2413,0
182014,-0.357,9.773,-3.654,-0.568,-0.075,0.247,2405,0
182034,1.245,9.273,-3.491,-0.687,-0.011,0.209,2399,0
182054,0.110,9.196,-3.452,-0.940,-0.003,0.105,2393,0
182074,1.015,8.861,-3.261,-0.798,0.030,-0.007,2387,0
182094,0.405,9.163,-3.656,-0.297,-0.072,0.018,2386,0
182114,0.450,9.562,-3.476,-0.074,-0.026,0.137,2386,0
182134,0.895,10.218,-3.778,0.356,-0.101,0.139,2384,0
182154,-0.347,10.740,-3.323,-0.129,-0.011,0.267,2384,0
182174,0.673,10.408,-3.555,-0.195,-0.010,0.199,2384,0
182194,-0.917,10.343,-2.847,-0.766,-0.102,0.244,2386,0
182214,0.072,9.577,-2.919,-0.719,-0.194,0.129,2385,0
182234,-0.929,9.215,-2.820,-0.671,-0.305,0.050,2385,0
182254,-0.266,9.158,-2.461,-0.300,-0.303,0.031,2384,0
182274,-0.103,8.890,-2.488,0.152,-0.326,-0.087,2384,0
182294,-0.560,8.988,-1.911,0.079,-0.268,-0.034,2384,0
182314,0.429,8.303,-2.184,0.342,-0.247,-0.140,2384,0
182334,-0.599,8.861,-1.465,0.068,-0.190,-0.095,2383,0
182354,0.443,8.990,-1.662,0.243,-0.136,-0.246,2384,0
182374,0.333,9.242,-1.171,-0.079,-0.108,-0.257,2383,0
182394,0.168,9.218,-1.027,-0.197,-0.073,-0.293,2383,0
182414,0.151,9.122,-0.924,-0.138,-0.089,-0.313,2382,0
182434,0.014,9.244,-0.910,0.088,-0.148,-0.318,2382,0
182454,-0.268,9.735,-0.979,0.301,-0.246,-0.327,2383,0
182474,-0.565,10.355,-1.252,0.329,-0.354,-0.364,2384,0
182494,-0.730,10.764,-1.504,0.269,-0.426,-0.379,2384,0
182514,-0.833,10.839,-1.666,0.278,-0.456,-0.349,2385,0
182534,-0.871,10.731,-1.774,0.329,-0.437,-0.293,2390,0
182554,-0.828,10.250,-1.939,0.346,-0.373,-0.209,2392,0
182574,-0.503,9.438,-1.870,0.423,-0.293,-0.120,2393,0
182594,-0.275,8.808,-1.956,0.572,-0.254,-0.068,2394,0
182614,-0.146,8.531,-2.164,0.620,-0.225,-0.068,2394,0
182634,-0.108,8.416,-2.394,0.578,-0.151,-0.089,2397,0
182654,-0.079,8.447,-2.521,0.476,-0.058,-0.121,2400,0
182674,-0.105,8.509,-2.600,0.377,0.020,-0.185,2402,0
182694,-0.369,8.966,-2.842,0.227,0.088,-0.288,2404,0
182714,-0.764,9.713,-3.077,-0.003,0.177,-0.410,2405,0
182734,-1.252,10.132,-3.014,-0.261,0.261,-0.474,2408,0
182754,-1.729,10.525,-3.024,-0.369,0.256,-0.443,2410,0
182774,-1.846,10.558,-3.067,-0.341,0.224,-0.313,2409,0
182794,-1.671,10.329,-2.789,-0.168,0.213,-0.159,2410,0
182814,-1.511,9.850,-2.418,0.055,0.229,-0.030,2409,0
182834,-1.525,9.445,-2.222,0.156,0.212,0.064,2410,0
182854,-1.511,9.048,-2.097,0.140,0.145,0.128,2409,0
182874,-1.441,8.921,-2.059,0.076,0.082,0.126,2407,0
182894,-1.487,8.806,-2.090,0.011,0.046,0.084,2411,0
182914,-1.528,8.638,-2.145,0.041,-0.013,0.067,2410,0
182934,-1.549,8.643,-2.296,0.170,-0.090,0.070,2410,0
182954,-1.623,9.000,-2.571,0.251,-0.139,0.045,2410,0
182974,-1.772,9.249,-2.885,0.207,-0.148,0.009,2413,0
182994,-1.781,9.301,-3.074,0.198,-0.140,0.020,2414,0
183014,-1.736,9.361,-3.208,0.242,-0.118,0.034,2416,0
183034,-1.695,9.337,-3.280,0.241,-0.054,0.017,2416,0
183054,-1.669,9.213,-3.223,0.185,0.003,-0.016,2415,0
183074,-1.602,9.024,-3.239,0.145,0.025,-0.053,2416,0
183094,-1.472,9.005,-3.340,0.129,0.027,-0.115,2416,0
183114,-1.295,9.103,-3.309,0.106,0.066,-0.201,2415,0
183134,-1.178,9.349,-3.280,0.089,0.127,-0.284,2416,0
183154,-1.252,9.675,-3.172,0.046,0.191,-0.333,2417,0
183174,-1.403,10.046,-3.108,-0.056,0.236,-0.352,2417,0
183194,-1.554,10.173,-2.931,-0.188,0.267,-0.341,2416,0
183214,-1.595,9.972,-2.813,-0.262,0.264,-0.292,2417,0
183234,-1.528,9.641,-2.715,-0.207,0.229,-0.184,2417,0
183254,-1.377,9.313,-2.531,-0.083,0.182,-0.073,2416,0
183274,-1.326,9.100,-2.406,-0.001,0.122,-0.011,2417,0
183294,-1.355,8.832,-2.433,0.020,0.052,0.027,2418,0
183314,-1.336,8.610,-2.600,0.099,-0.046,0.091,2416,0
183334,-1.247,8.557,-2.708,0.213,-0.102,0.150,2416,0
183354,-1.302,8.612,-2.799,0.265,-0.110,0.157,2416,0
183374,-1.417,8.701,-2.902,0.206,-0.119,0.121,2416,0
183394,-1.595,8.708,-3.084,0.116,-0.137,0.082,2418,0
183414,-1.547,8.990,-3.373,0.141,-0.170,0.051,2417,0
183434,-1.475,9.440,-3.800,0.157,-0.164,0.002,2418,0
183454,-1.302,9.632,-3.938,0.173,-0.110,0.001,2421,0
183474,-1.156,10.118,-3.955,0.245,0.019,0.042,2425,0
183494,-1.437,10.532,-3.639,0.142,0.143,0.046,2426,0
183514,-1.697,10.355,-3.359,-0.154,0.194,0.039,2428,0
183534,-1.717,9.543,-2.986,-0.349,0.157,0.084,2426,0
183554,-1.408,8.612,-2.835,-0.248,0.075,0.133,2426,0
183574,-1.037,8.226,-2.794,0.035,0.028,0.105,2427,0
183594,-0.912,8.583,-2.873,0.256,0.033,0.043,2426,0
183614,-1.044,9.026,-3.048,0.195,0.047,0.001,2426,0
183634,-1.140,9.184,-3.223,0.004,0.044,-0.005,2426,0
183654,-1.037,9.069,-3.201,-0.091,0.047,0.007,2427,0
183674,-0.991,9.194,-3.081,-0.064,0.059,0.001,2422,0
183694,-1.118,9.443,-3.038,-0.081,0.058,-0.028,2427,0
183714,-1.322,9.646,-3.029,-0.075,0.025,-0.010,2425,0
183734,-1.348,9.685,-2.957,-0.031,-0.037,0.071,2427,0
183754,-1.154,9.665,-2.813,0.038,-0.083,0.141,2425,0
183774,-1.116,9.833,-2.729,0.051,-0.093,0.121,2426,0
183794,-1.255,10.092,-2.665,-0.020,-0.113,0.095,2424,0
183814,-1.401,10.312,-2.641,-0.090,-0.160,0.130,2425,0
183834,-1.475,10.242,-2.504,-0.173,-0.209,0.218,2426,0
183854,-1.415,9.811,-2.394,-0.187,-0.245,0.328,2423,0
183874,-1.295,9.412,-2.351,-0.073,-0.277,0.379,2422,0
183894,-1.250,9.131,-2.425,0.104,-0.313,0.390,2423,0
183914,-1.190,9.103,-2.677,0.176,-0.341,0.398,2421,0
183934,-1.051,9.304,-2.868,0.120,-0.330,0.411,2420,0
183954,-0.876,9.560,-3.091,-0.147,-0.282,0.370,2419,0
183974,-0.788,9.550,-3.112,-0.495,-0.171,0.274,2416,0
183994,-0.850,9.419,-2.926,-0.731,-0.058,0.175,2415,0
184014,-0.903,9.304,-2.799,-0.795,0.032,0.142,2412,0
184034,-0.924,9.373,-2.492,-0.698,0.065,0.145,2408,0
184054,-0.850,9.548,-2.212,-0.610,0.081,0.124,2403,0
184074,-0.769,9.579,-1.968,-0.625,0.097,0.072,2402,0
184094,-0.721,9.486,-1.791,-0.659,0.109,0.039,2402,0
184114,-0.589,9.639,-1.635,-0.610,0.100,0.049,2401,0
184134,-0.603,9.512,-1.487,-0.468,0.056,0.094,2399,0
184154,-0.503,9.553,-1.427,-0.339,0.022,0.137,2400,0
184174,-0.457,9.512,-1.377,-0.252,-0.015,0.143,2400,0
184194,-0.405,9.522,-1.247,-0.177,-0.044,0.133,2400,0
184214,-0.433,9.510,-1.231,-0.139,-0.088,0.136,2400,0
184234,-0.385,9.433,-1.211,-0.063,-0.133,0.148,2400,0
184254,-0.321,9.495,-1.144,0.031,-0.162,0.133,2401,0
184274,-0.352,9.594,-1.144,0.138,-0.177,0.113,2400,0
184294,-0.376,9.622,-1.140,0.200,-0.203,0.113,2401,0
184314,-0.342,9.615,-1.235,0.217,-0.226,0.115,2401,0
184334,-0.306,9.632,-1.293,0.219,-0.235,0.102,2400,0
184354,-0.278,9.708,-1.377,0.194,-0.224,0.079,2399,0
184374,-0.263,9.843,-1.362,0.140,-0.198,0.073,2398,0
184394,-0.227,9.871,-1.362,0.110,-0.186,0.064,2398,0
184414,-0.261,9.807,-1.326,0.115,-0.187,0.053,2398,0
184434,-0.333,9.893,-1.439,0.113,-0.185,0.064,2396,0
184454,-0.345,9.957,-1.398,0.063,-0.181,0.079,2393,0
184474,-0.328,9.910,-1.281,0.007,-0.185,0.076,2392,0
184494,-0.309,9.764,-1.305,0.021,-0.196,0.076,2389,0
184514,-0.227,9.711,-1.348,0.073,-0.207,0.084,2386,0
184534,-0.177,9.651,-1.465,0.087,-0.206,0.079,2385,0
184554,-0.194,9.723,-1.499,0.082,-0.193,0.079,2385,0
184574,-0.189,9.764,-1.504,0.031,-0.183,0.071,2384,0
184594,-0.158,9.759,-1.525,-0.009,-0.174,0.057,2384,0
184614,-0.146,9.692,-1.595,-0.012,-0.160,0.053,2383,0
184634,-0.168,9.646,-1.647,-0.008,-0.147,0.056,2383,0
184654,-0.132,9.637,-1.611,-0.006,-0.130,0.056,2384,0
184674,-0.139,9.574,-1.525,-0.025,-0.115,0.041,2384,0
184694,-0.136,9.457,-1.528,-0.028,-0.118,0.024,2384,0
184714,-0.120,9.357,-1.563,-0.005,-0.139,0.019,2384,0
184734,-0.034,9.383,-1.635,0.041,-0.146,0.006,2383,0
184754,-0.017,9.457,-1.700,0.067,-0.135,-0.016,2383,0
184774,-0.034,9.625,-1.755,0.056,-0.113,-0.029,2383,0
184794,-0.048,9.646,-1.719,0.001,-0.089,-0.022,2380,0
184814,-0.034,9.586,-1.724,-0.030,-0.074,-0.018,2382,0
184834,-0.041,9.531,-1.695,0.009,-0.059,-0.026,2381,0
184854,-0.053,9.591,-1.700,0.057,-0.053,-0.038,2383,0
184874,-0.060,9.656,-1.654,0.045,-0.038,-0.043,2383,0
184894,-0.077,9.692,-1.635,0.018,-0.023,-0.042,2381,0
184914,-0.122,9.627,-1.561,0.013,-0.011,-0.037,2383,0
184934,-0.129,9.661,-1.563,0.033,-0.006,-0.035,2383,0
184954,-0.132,9.699,-1.489,0.048,0.010,-0.046,2377,0
184974,-0.141,9.701,-1.475,0.039,0.012,-0.058,2383,0
184994,-0.158,9.668,-1.475,0.036,0.009,-0.062,2383,0
185014,-0.163,9.689,-1.453,0.029,0.010,-0.060,2383,0
185034,-0.124,9.737,-1.401,0.012,0.011,-0.060,2384,0
185054,-0.134,9.716,-1.367,-0.009,0.011,-0.058,2383,0
185074,-0.122,9.711,-1.355,-0.003,0.008,-0.049,2382,0
185094,-0.077,9.730,-1.322,0.031,0.001,-0.041,2373,0
185114,-0.060,9.773,-1.381,0.060,0.000,-0.035,2381,0
185134,-0.067,9.811,-1.401,0.047,0.007,-0.029,2382,0
185154,-0.093,9.840,-1.372,0.022,0.020,-0.029,2380,0
185174,-0.124,9.833,-1.389,-0.003,0.030,-0.028,2380,0
185194,-0.156,9.823,-1.413,-0.009,0.030,-0.026,2376,0
185214,-0.187,9.831,-1.398,-0.007,0.033,-0.017,2380,0
185234,-0.208,9.840,-1.384,-0.012,0.035,-0.007,2380,0
185254,-0.223,9.766,-1.314,-0.015,0.034,-0.001,2380,0
185274,-0.206,9.730,-1.293,-0.015,0.031,-0.001,2379,0
185294,-0.237,9.742,-1.279,-0.017,0.023,-0.005,2378,0
185314,-0.244,9.728,-1.317,-0.025,0.012,-0.004,2380,0
185334,-0.299,9.737,-1.317,-0.022,-0.003,0.003,2381,0
185354,-0.275,9.697,-1.360,-0.026,-0.018,0.005,2380,0
185374,-0.304,9.639,-1.379,-0.019,-0.024,0.001,2379,0
185394,-0.309,9.606,-1.377,0.014,-0.025,-0.002,2380,0
185414,-0.316,9.629,-1.410,0.034,-0.026,-0.020,2380,0
185434,-0.352,9.673,-1.434,0.013,-0.029,-0.050,2380,0
185454,-0.412,9.670,-1.417,-0.026,-0.029,-0.075,2377,0
185474,-0.433,9.692,-1.410,-0.013,-0.029,-0.091,2381,0
185494,-0.429,9.787,-1.374,0.012,-0.025,-0.112,2381,0
185514,-0.496,9.922,-1.317,-0.037,-0.013,-0.149,2382,0
185534,-0.532,9.965,-1.204,-0.114,-0.012,-0.177,2380,0
185554,-0.582,10.005,-1.082,-0.139,-0.024,-0.195,2380,0
185574,-0.625,9.979,-0.989,-0.159,-0.032,-0.199,2381,0
185594,-0.625,9.941,-0.871,-0.119,-0.052,-0.171,2380,0
185614,-0.582,10.008,-0.860,-0.102,-0.078,-0.165,2381,0
185634,-0.529,9.969,-0.946,-0.132,-0.099,-0.165,2381,0
185654,-0.491,9.864,-0.948,-0.171,-0.117,-0.160,2381,0
185674,-0.393,9.754,-1.092,-0.169,-0.124,-0.159,2379,0
185694,-0.354,9.629,-1.118,-0.141,-0.130,-0.161,2380,0
185714,-0.352,9.582,-1.154,-0.078,-0.132,-0.167,2380,0
185734,-0.359,9.752,-1.188,-0.054,-0.123,-0.180,2381,0
185754,-0.443,9.752,-1.226,-0.102,-0.102,-0.180,2380,0
185774,-0.515,9.543,-1.199,-0.119,-0.097,-0.163,2380,0
185794,-0.539,9.278,-1.099,-0.052,-0.098,-0.147,2380,0
185814,-0.615,9.124,-0.972,0.034,-0.107,-0.152,2379,0
185834,-0.713,9.218,-0.912,0.140,-0.125,-0.156,2380,0
185854,-0.848,9.325,-0.848,0.230,-0.155,-0.137,2379,0
185874,-0.950,9.220,-0.831,0.309,-0.209,-0.091,2380,0
185894,-1.018,9.026,-0.838,0.427,-0.269,-0.049,2381,0
185914,-1.046,9.045,-0.907,0.543,-0.328,-0.039,2380,0
185934,-1.056,9.227,-0.984,0.682,-0.379,-0.024,2379,0
185954,-1.082,9.469,-1.159,0.732,-0.416,0.003,2380,0
185974,-1.049,9.598,-1.271,0.744,-0.434,0.038,2380,0
185994,-1.041,9.778,-1.492,0.679,-0.450,0.038,2380,0
186014,-1.080,9.912,-1.630,0.590,-0.441,0.019,2379,0
186034,-1.070,10.281,-1.822,0.541,-0.427,0.057,2380,0
186054,-1.030,10.410,-2.052,0.477,-0.378,0.150,2382,0
186074,-1.022,10.235,-2.150,0.319,-0.301,0.207,2382,0
186094,-0.982,9.957,-2.119,0.142,-0.210,0.208,2382,0
186114,-0.941,9.596,-1.942,0.026,-0.127,0.190,2384,0
186134,-0.919,9.280,-1.736,-0.034,-0.072,0.167,2381,0
186154,-0.857,9.072,-1.599,0.021,-0.067,0.150,2381,0
186174,-0.783,9.086,-1.604,0.124,-0.081,0.135,2381,0
186194,-0.649,9.139,-1.695,0.158,-0.082,0.125,2382,0
186214,-0.453,9.024,-1.743,0.137,-0.067,0.113,2381,0
186234,-0.311,8.775,-1.762,0.163,-0.048,0.110,2381,0
186254,-0.271,8.698,-1.767,0.261,-0.055,0.090,2382,0
186274,-0.381,8.926,-1.896,0.306,-0.079,0.021,2383,0
186294,-0.486,9.220,-2.025,0.228,-0.114,-0.074,2383,0
186314,-0.692,9.756,-2.325,0.190,-0.146,-0.143,2383,0
186334,-0.778,10.199,-2.574,0.203,-0.167,-0.117,2384,0
186354,-0.706,10.420,-2.686,0.256,-0.163,0.011,2384,0
186374,-0.668,10.448,-2.725,0.255,-0.113,0.139,2384,0
186394,-0.792,10.206,-2.691,0.174,-0.060,0.219,2384,0
186414,-0.857,9.852,-2.610,0.096,-0.045,0.265,2386,0
186434,-0.807,9.558,-2.507,0.056,-0.053,0.272,2384,0
186454,-0.752,9.306,-2.435,0.034,-0.074,0.250,2384,0
186474,-0.690,9.177,-2.500,0.078,-0.099,0.216,2384,0
186494,-0.661,9.222,-2.605,0.191,-0.101,0.178,2385,0
186514,-0.546,9.357,-2.653,0.269,-0.074,0.134,2386,0
186534,-0.417,9.529,-2.519,0.261,-0.012,0.102,2384,0
186554,-0.407,9.522,-2.456,0.168,0.050,0.072,2384,0
186574,-0.426,9.491,-2.399,0.084,0.079,0.035,2385,0
186594,-0.443,9.536,-2.346,0.035,0.087,0.015,2384,0
186614,-0.429,9.658,-2.210,0.002,0.103,0.021,2385,0
186634,-0.515,9.833,-2.124,-0.064,0.115,0.028,2384,0
186654,-0.608,9.922,-2.009,-0.162,0.111,0.036,2384,0
186674,-0.706,9.740,-1.954,-0.264,0.084,0.041,2380,0
186694,-0.680,9.546,-1.935,-0.233,0.050,0.037,2384,0
186714,-0.637,9.543,-1.856,-0.095,0.020,0.025,2386,0
186734,-0.579,9.610,-1.896,-0.031,0.006,0.006,2384,0
186754,-0.493,9.618,-1.930,-0.051,0.002,-0.011,2384,0
186774,-0.333,9.639,-1.884,-0.092,0.014,-0.026,2384,0
186794,-0.218,9.699,-1.891,-0.147,0.032,-0.052,2384,0
186814,-0.168,9.761,-1.908,-0.234,0.051,-0.074,2384,0
186834,-0.117,9.840,-1.896,-0.308,0.067,-0.090,2384,0
186854,-0.098,9.888,-1.899,-0.334,0.091,-0.099,2384,0
186874,-0.091,9.819,-1.901,-0.321,0.099,-0.093,2384,0
186894,-0.110,9.845,-1.911,-0.297,0.105,-0.105,2383,0
186914,-0.165,9.981,-1.870,-0.300,0.110,-0.144,2384,0
186934,-0.208,10.089,-1.887,-0.310,0.117,-0.154,2383,0
186954,-0.196,10.142,-1.872,-0.287,0.128,-0.120,2383,0
186974,-0.170,10.104,-1.839,-0.279,0.158,-0.055,2384,0
186994,-0.136,9.938,-1.693,-0.292,0.199,-0.002,2383,0
187014,-0.175,9.790,-1.492,-0.299,0.221,0.021,2383,0
187034,-0.244,9.699,-1.365,-0.339,0.208,0.024,2383,0
187054,-0.304,9.608,-1.338,-0.393,0.163,0.033,2383,0
187074,-0.340,9.498,-1.307,-0.418,0.112,0.032,2379,0
187094,-0.393,9.392,-1.295,-0.337,0.071,0.030,2383,0
187114,-0.405,9.385,-1.231,-0.184,0.053,0.034,2383,0
187134,-0.378,9.385,-1.226,0.001,0.046,0.043,2383,0
187154,-0.402,9.431,-1.281,0.157,0.045,0.048,2383,0
187174,-0.373,9.572,-1.269,0.211,0.045,0.051,2383,0
187194,-0.378,9.637,-1.326,0.170,0.059,0.030,2382,0
187214,-0.419,9.680,-1.326,0.089,0.083,-0.003,2383,0
187234,-0.500,9.711,-1.286,0.068,0.098,-0.010,2383,0
187254,-0.594,9.749,-1.255,0.091,0.102,-0.012,2383,0
187274,-0.622,9.847,-1.202,0.100,0.103,-0.017,2383,0
187294,-0.668,9.938,-1.144,0.085,0.107,-0.012,2382,0
187314,-0.709,9.859,-1.075,0.034,0.099,-0.015,2383,0
187334,-0.702,9.761,-1.008,0.028,0.088,-0.027,2383,0
187354,-0.658,9.711,-1.027,0.082,0.075,-0.029,2383,0
187374,-0.587,9.673,-1.037,0.118,0.068,-0.032,2382,0
187394,-0.553,9.618,-1.015,0.126,0.065,-0.046,2381,0
187414,-0.493,9.656,-1.092,0.113,0.064,-0.057,2382,0
187434,-0.412,9.637,-1.188,0.044,0.075,-0.080,2383,0
187454,-0.431,9.661,-1.204,-0.021,0.095,-0.104,2383,0
187474,-0.450,9.651,-1.087,-0.050,0.114,-0.113,2383,0
187494,-0.462,9.613,-1.020,-0.058,0.106,-0.104,2383,0
187514,-0.479,9.555,-1.008,-0.025,0.079,-0.092,2384,0
187534,-0.431,9.574,-1.001,0.006,0.054,-0.085,2384,0
187554,-0.412,9.689,-1.025,0.003,0.034,-0.089,2384,0
187574,-0.436,9.744,-1.037,-0.017,0.008,-0.086,2383,0
187594,-0.436,9.754,-1.125,-0.007,-0.029,-0.064,2384,0
187614,-0.417,9.790,-1.202,0.051,-0.062,-0.032,2382,0
187634,-0.383,9.874,-1.267,0.096,-0.073,-0.011,2383,0
187654,-0.390,9.895,-1.326,0.096,-0.073,0.004,2382,0
187674,-0.400,9.862,-1.355,0.091,-0.076,0.025,2384,0
187694,-0.388,9.835,-1.405,0.095,-0.077,0.032,2385,0
187714,-0.409,9.869,-1.422,0.094,-0.067,0.034,2384,0
187734,-0.445,9.886,-1.374,0.075,-0.056,0.050,2382,0
187754,-0.474,9.797,-1.336,0.063,-0.050,0.070,2384,0
187774,-0.464,9.680,-1.267,0.076,-0.051,0.077,2384,0
187794,-0.481,9.670,-1.295,0.085,-0.054,0.072,2383,0
187814,-0.520,9.692,-1.228,0.061,-0.058,0.066,2383,0
187834,-0.534,9.560,-1.197,0.035,-0.068,0.067,2384,0
187854,-0.500,9.385,-1.207,0.056,-0.089,0.052,2384,0
187874,-0.426,9.438,-1.295,0.116,-0.105,0.026,2383,0
187894,-0.362,9.486,-1.470,0.123,-0.106,0.001,2384,0
187914,-0.273,9.507,-1.508,0.125,-0.093,-0.028,2383,0
187934,-0.204,9.577,-1.630,0.159,-0.075,-0.049,2384,0
187954,-0.153,9.689,-1.712,0.167,-0.055,-0.061,2384,0
187974,-0.124,9.797,-1.733,0.145,-0.038,-0.060,2383,0
187994,-0.034,9.661,-1.690,0.114,-0.029,-0.066,2384,0
188014,0.007,9.701,-1.590,0.131,-0.037,-0.084,2383,0
188034,-0.158,10.010,-1.645,0.128,-0.032,-0.119,2383,0
188054,-0.405,10.326,-1.563,-0.012,-0.009,-0.144,2383,0
188074,-0.733,10.360,-1.247,-0.270,0.005,-0.165,2384,0
188094,-1.087,10.216,-1.034,-0.395,-0.024,-0.177,2383,0
188114,-1.336,9.883,-0.797,-0.311,-0.066,-0.185,2383,0
188134,-1.587,9.922,-0.795,-0.120,-0.112,-0.176,2383,0
188154,-1.705,10.400,-0.761,0.026,-0.132,-0.162,2384,0
188174,-1.726,10.958,-0.713,-0.001,-0.127,-0.140,2384,0
188194,-1.693,11.090,-0.646,-0.159,-0.109,-0.091,2383,0
188214,-1.628,10.810,-0.603,-0.193,-0.113,-0.010,2385,0
188234,-1.405,10.503,-0.424,-0.046,-0.111,0.094,2384,0
188254,-1.008,10.125,-0.292,0.064,-0.087,0.161,2383,0
188274,-0.601,9.764,-0.120,0.136,-0.062,0.191,2384,0
188294,-0.230,9.400,-0.034,0.231,-0.035,0.237,2384,0
188314,0.041,9.179,-0.012,0.281,-0.018,0.281,2383,0
188334,0.256,9.151,-0.113,0.263,0.020,0.287,2383,0
188354,0.314,9.165,-0.187,0.133,0.080,0.249,2382,0
188374,0.350,9.237,-0.230,-0.024,0.148,0.202,2382,0
188394,0.491,9.234,-0.232,-0.162,0.229,0.152,2383,0
188414,0.402,8.988,-0.215,-0.133,0.314,0.151,2380,0
188434,0.196,8.672,-0.175,0.048,0.359,0.179,2381,0
188454,-0.079,8.485,-0.242,0.336,0.375,0.166,2379,0
188474,-0.472,8.887,-0.359,0.468,0.382,0.103,2380,0
188494,-0.816,9.534,-0.622,0.364,0.373,0.080,2381,0
188514,-0.850,9.740,-0.785,0.103,0.356,0.118,2380,0
188534,-0.733,9.613,-0.804,-0.157,0.365,0.167,2379,0
188554,-0.757,9.249,-0.747,-0.260,0.366,0.180,2380,0
188574,-0.656,9.110,-0.673,-0.151,0.337,0.169,2379,0
188594,-0.565,9.306,-0.759,0.107,0.281,0.204,2381,0
188614,-0.426,9.546,-0.931,0.371,0.237,0.277,2379,0
188634,-0.077,9.637,-1.130,0.391,0.225,0.292,2379,0
188654,0.045,9.598,-1.135,0.351,0.258,0.242,2378,0
188674,-0.280,10.051,-1.219,0.383,0.276,0.193,2380,0
188694,-0.390,10.305,-1.350,0.246,0.303,0.156,2380,0
188714,-0.254,10.376,-1.506,-0.034,0.362,0.067,2379,0
188734,-0.122,10.168,-1.326,-0.224,0.479,0.012,2381,0
188754,0.211,10.106,-1.099,-0.256,0.535,-0.001,2380,0
188774,-0.036,10.506,-1.305,-0.318,0.606,-0.062,2380,0
188794,-0.208,10.992,-1.018,-0.432,0.675,-0.047,2379,0
188814,-0.244,10.997,-0.599,-0.713,0.726,-0.008,2379,0
188834,-0.467,10.609,-0.239,-0.959,0.750,-0.020,2377,0
188854,-0.673,10.518,0.479,-0.785,0.725,0.023,2379,0
188874,-0.713,10.508,1.156,-0.515,0.552,0.101,2377,0
188894,-0.819,10.362,1.171,-0.346,0.351,0.157,2376,0
188914,-0.757,9.776,1.161,-0.132,0.110,0.225,2375,0
188934,-0.491,9.407,0.910,0.280,-0.075,0.342,2376,0
188954,-0.278,9.404,0.486,0.568,-0.212,0.376,2376,0
188974,-0.105,9.270,0.041,0.484,-0.298,0.329,2374,0
188994,-0.153,8.796,-0.503,0.240,-0.369,0.246,2377,0
189014,0.053,8.583,-0.898,0.217,-0.495,0.171,2378,0
189034,0.146,8.914,-1.348,0.257,-0.590,0.095,2379,0
189054,0.433,8.890,-1.796,0.174,-0.655,0.038,2381,0
189074,0.742,8.794,-2.186,0.180,-0.682,0.036,2384,0
189094,1.053,8.940,-2.495,0.347,-0.680,0.058,2389,0
189114,1.437,9.378,-2.765,0.422,-0.649,0.067,2391,0
189134,1.681,9.503,-2.818,0.322,-0.565,0.087,2391,0
189154,1.590,9.517,-2.725,0.134,-0.511,0.090,2391,0
189174,1.506,9.685,-2.605,-0.061,-0.512,0.042,2390,0
189194,1.458,9.776,-2.516,-0.231,-0.548,0.008,2390,0
189214,1.573,9.562,-2.526,-0.279,-0.575,-0.002,2391,0
189234,1.748,9.515,-2.521,-0.099,-0.568,-0.018,2390,0
189254,1.738,9.687,-2.500,0.151,-0.536,-0.037,2393,0
189274,1.549,9.859,-2.507,0.247,-0.485,-0.045,2394,0
189294,1.525,9.991,-2.725,0.274,-0.465,0.003,2394,0
189314,1.441,9.653,-2.569,0.136,-0.425,0.068,2394,0
189334,1.233,9.649,-2.564,0.165,-0.422,0.091,2394,0
189354,1.324,9.464,-2.504,0.111,-0.404,0.083,2380,0
189374,1.441,9.275,-2.428,0.159,-0.376,0.104,2395,0
189394,1.250,9.237,-2.349,0.236,-0.348,0.101,2394,0
189414,1.063,9.254,-2.351,0.182,-0.347,0.068,2397,0
189434,1.018,9.100,-2.449,0.127,-0.365,0.073,2396,0
189454,1.176,8.871,-2.540,0.193,-0.405,0.115,2397,0
189474,1.298,8.844,-2.751,0.347,-0.418,0.128,2397,0
189494,1.274,8.861,-2.919,0.469,-0.401,0.107,2399,0
189514,1.305,8.878,-3.065,0.562,-0.386,0.093,2400,0
189534,1.279,9.256,-3.402,0.620,-0.358,0.039,2400,0
189554,1.269,9.890,-3.709,0.551,-0.313,-0.030,2403,0
189574,1.307,10.302,-3.965,0.338,-0.228,-0.018,2402,0
189594,1.458,10.264,-4.051,0.150,-0.090,0.026,2404,0
189614,1.417,10.228,-3.970,0.074,0.051,0.056,2404,0
189634,1.286,10.223,-3.742,0.039,0.141,0.081,2408,0
189654,1.223,10.214,-3.426,-0.086,0.179,0.094,2405,0
189674,1.109,10.154,-3.237,-0.284,0.193,0.082,2404,0
189694,0.939,9.886,-3.105,-0.416,0.187,0.096,2404,0
189714,0.733,9.670,-2.866,-0.415,0.175,0.133,2403,0
189734,0.747,9.529,-2.586,-0.361,0.143,0.136,2404,0
189754,0.666,9.392,-2.370,-0.324,0.116,0.123,2403,0
189774,0.654,9.201,-2.274,-0.292,0.049,0.112,2403,0
189794,0.512,9.143,-2.205,-0.169,-0.008,0.112,2403,0
189814,0.338,8.933,-2.138,-0.027,-0.060,0.135,2404,0
189834,0.481,8.806,-1.889,0.079,-0.104,0.178,2404,0
189854,0.649,9.081,-1.796,0.245,-0.148,0.166,2404,0
189874,0.730,9.098,-1.781,0.267,-0.183,0.091,2406,0
189894,0.563,8.899,-1.808,0.298,-0.210,0.074,2407,0
189914,1.037,8.696,-1.662,0.475,-0.303,0.115,2406,0
189934,1.422,9.043,-1.559,0.706,-0.339,0.072,2401,0
189954,1.293,9.737,-1.590,0.748,-0.359,-0.029,2405,0
189974,1.097,10.068,-1.626,0.497,-0.392,-0.098,2409,0
189994,1.753,10.027,-1.695,0.188,-0.488,-0.132,2406,0
190014,2.124,9.752,-1.602,0.142,-0.529,-0.137,2406,0
190034,1.992,9.893,-1.681,0.328,-0.535,-0.142,2407,0
190054,1.681,10.393,-1.832,0.562,-0.550,-0.135,2407,0
190074,1.298,10.625,-2.073,0.644,-0.559,-0.106,2407,0
190094,1.453,10.372,-2.270,0.667,-0.587,-0.047,2407,0
190114,1.633,10.288,-2.540,0.738,-0.579,0.007,2407,0
190134,1.721,10.432,-2.758,0.736,-0.515,0.032,2410,0
190154,1.791,10.396,-2.931,0.566,-0.416,0.053,2414,0
190174,1.767,10.123,-2.974,0.288,-0.302,0.084,2414,0
190194,1.705,9.653,-2.830,0.019,-0.159,0.098,2414,0
190214,1.597,9.206,-2.648,-0.076,-0.058,0.088,2414,0
190234,1.604,8.923,-2.614,-0.031,-0.028,0.068,2413,0
190254,1.484,8.741,-2.679,0.096,-0.038,0.065,2414,0
190274,1.262,8.756,-2.775,0.195,-0.043,0.076,2414,0
190294,1.065,8.784,-2.875,0.214,-0.006,0.086,2414,0
190314,1.104,8.717,-2.854,0.185,0.030,0.082,2413,0
190334,1.161,8.523,-2.844,0.149,0.069,0.067,2413,0
190354,1.116,8.329,-2.818,0.115,0.085,0.040,2409,0
190374,0.790,8.179,-2.854,0.073,0.089,-0.011,2413,0
190394,0.620,8.054,-2.981,0.044,0.075,-0.056,2414,0
190414,0.570,7.997,-3.170,0.081,0.067,-0.094,2414,0
190434,0.529,7.977,-3.431,0.144,0.060,-0.142,2414,0
190454,0.453,8.112,-3.608,0.141,0.059,-0.207,2415,0
190474,0.373,8.286,-3.761,0.079,0.048,-0.293,2413,0
190494,0.132,8.490,-3.871,-0.002,0.022,-0.339,2415,0
190514,-0.026,8.717,-3.754,-0.033,-0.038,-0.313,2415,0
190534,-0.038,8.851,-3.596,-0.045,-0.108,-0.310,2415,0
190554,0.005,9.074,-3.292,-0.096,-0.206,-0.349,2413,0
190574,-0.342,9.227,-3.072,-0.120,-0.337,-0.365,2415,0
190594,-0.781,9.220,-2.928,-0.029,-0.509,-0.301,2415,0
190614,-0.888,8.973,-2.847,0.224,-0.699,-0.170,2414,0
190634,-0.543,8.861,-2.856,0.565,-0.840,-0.084,2411,0
190654,-0.350,9.117,-2.988,0.799,-0.894,-0.087,2415,0
190674,-0.397,9.445,-3.199,0.771,-0.944,-0.128,2415,0
190694,-0.546,9.622,-3.493,0.622,-0.989,-0.167,2416,0
190714,-0.594,9.598,-3.840,0.534,-1.000,-0.208,2416,0
190734,-0.488,9.294,-4.041,0.594,-0.948,-0.243,2418,0
190754,-0.223,9.261,-4.132,0.811,-0.856,-0.269,2419,0
190774,-0.237,9.548,-4.197,0.971,-0.726,-0.297,2420,0
190794,-0.373,9.680,-4.259,0.934,-0.628,-0.304,2421,0
190814,-0.412,9.572,-4.257,0.803,-0.544,-0.280,2420,0
190834,-0.201,9.194,-4.199,0.667,-0.443,-0.270,2421,0
190854,-0.007,9.067,-4.077,0.561,-0.316,-0.303,2422,0
190874,-0.148,9.199,-4.044,0.423,-0.186,-0.380,2422,0
190894,-0.414,9.270,-4.039,0.273,-0.118,-0.434,2422,0
190914,-0.606,9.438,-4.113,0.151,-0.107,-0.459,2423,0
190934,-0.680,9.732,-4.199,0.048,-0.122,-0.460,2421,0
190954,-0.785,10.039,-4.396,-0.066,-0.147,-0.440,2422,0
190974,-1.041,10.257,-4.709,-0.157,-0.183,-0.377,2421,0
190994,-1.149,10.463,-4.970,-0.131,-0.234,-0.281,2424,0
191014,-1.020,10.611,-4.963,-0.050,-0.270,-0.166,2423,0
191034,-0.749,10.424,-4.896,-0.044,-0.252,-0.067,2425,0
191054,-0.405,9.859,-4.537,-0.011,-0.217,0.018,2426,0
191074,-0.239,9.297,-4.183,0.070,-0.188,0.078,2424,0
191094,-0.129,9.151,-3.883,0.124,-0.166,0.114,2422,0
191114,-0.134,9.278,-3.704,0.019,-0.101,0.085,2421,0
191134,-0.297,9.282,-3.464,-0.249,-0.007,0.057,2423,0
191154,-0.567,9.048,-3.357,-0.528,0.069,0.050,2422,0
191174,-0.814,8.973,-3.122,-0.675,0.107,0.005,2421,0
191194,-1.039,9.354,-2.942,-0.790,0.138,-0.089,2422,0
191214,-1.389,9.541,-2.825,-0.971,0.164,-0.120,2420,0
191234,-1.592,9.311,-2.636,-1.105,0.158,-0.060,2422,0
191254,-1.652,9.033,-2.514,-1.101,0.133,-0.010,2422,0
191274,-1.413,9.031,-2.394,-1.108,0.123,-0.019,2421,0
191294,-1.374,9.160,-2.239,-1.274,0.184,-0.086,2422,0
191314,-1.403,9.354,-2.219,-1.516,0.220,-0.128,2422,0
191334,-1.326,8.921,-1.954,-1.857,0.258,-0.171,2420,0
191354,-1.075,8.665,-1.812,-1.946,0.301,-0.226,2421,0
191374,-0.881,8.509,-1.559,-1.808,0.342,-0.323,2423,0
191394,-0.800,9.007,-1.276,-1.622,0.394,-0.377,2423,0
191414,-0.761,9.357,-1.152,-1.707,0.513,-0.449,2423,0
191434,-0.673,9.550,-0.833,-1.557,0.598,-0.498,2424,0
191454,-0.611,9.459,-0.443,-1.297,0.709,-0.546,2424,0
191474,-0.479,9.412,-0.160,-0.839,0.809,-0.511,2425,0
191494,-0.297,9.268,-0.062,-0.352,0.837,-0.445,2425,0
191514,-0.113,9.426,-0.357,-0.033,0.877,-0.404,2431,0
191534,-0.029,9.428,-0.402,-0.015,0.984,-0.421,2435,0
191554,-0.113,9.328,-0.486,-0.158,1.074,-0.451,2438,0
191574,-0.177,8.926,-0.615,-0.295,1.127,-0.441,2441,0
191594,-0.184,8.499,-0.728,-0.223,1.144,-0.368,2445,0
191614,-0.254,8.112,-0.766,0.015,1.151,-0.314,2447,0
191634,-0.393,7.875,-0.919,0.356,1.161,-0.308,2454,0
191654,-0.615,7.884,-1.207,0.685,1.171,-0.374,2462,0
191674,-1.077,8.119,-1.487,0.933,1.194,-0.422,2471,0
191694,-1.602,8.631,-1.949,1.018,1.212,-0.412,2480,0
191714,-2.073,9.756,-2.394,0.868,1.265,-0.398,2488,0
191734,-2.428,10.594,-2.665,0.396,1.367,-0.397,2495,0
191754,-2.784,10.721,-2.746,-0.305,1.494,-0.334,2496,0
191774,-3.163,10.245,-2.619,-0.900,1.543,-0.205,2499,0
191794,-3.536,9.412,-2.392,-1.211,1.464,-0.104,2497,0
191814,-3.780,8.794,-2.260,-1.199,1.291,-0.049,2498,0
191834,-3.838,8.432,-2.303,-0.988,1.080,0.001,2497,0
191854,-3.618,8.286,-2.356,-0.569,0.865,0.075,2498,0
191874,-3.287,8.490,-2.322,-0.151,0.708,0.139,2498,0
191894,-3.242,8.593,-2.346,-0.022,0.620,0.146,2496,0
191914,-3.270,8.789,-2.387,-0.128,0.522,0.118,2496,0
191934,-3.069,8.732,-2.368,-0.233,0.417,0.129,2495,0
191954,-2.777,8.574,-2.310,-0.071,0.332,0.192,2496,0
191974,-2.617,8.794,-2.246,0.296,0.236,0.260,2497,0
191994,-2.607,9.172,-2.310,0.537,0.170,0.275,2500,0
192014,-2.622,9.625,-2.401,0.530,0.092,0.273,2503,0
192034,-2.409,10.204,-2.351,0.410,0.010,0.376,2503,0
192054,-2.023,10.348,-2.241,0.277,-0.041,0.517,2509,0
192074,-1.712,10.683,-1.935,0.207,-0.042,0.593,2511,0
192094,-1.903,11.004,-1.530,0.096,-0.005,0.607,2511,0
192114,-2.272,11.035,-1.329,-0.077,0.003,0.648,2511,0
192134,-2.090,10.151,-1.238,-0.149,-0.053,0.724,2510,0
192154,-1.539,9.414,-1.061,0.123,-0.084,0.825,2511,0
192174,-1.049,9.613,-1.022,0.465,-0.106,0.841,2512,0
192194,-1.180,10.285,-1.214,0.488,-0.003,0.735,2513,0
192214,-1.401,10.379,-1.429,0.206,0.129,0.624,2513,0
192234,-1.209,10.046,-1.566,0.146,0.199,0.622,2514,0
192254,-0.745,9.431,-1.841,0.485,0.192,0.657,2514,0
192274,-0.503,9.191,-2.018,0.672,0.247,0.620,2515,0
192294,-0.467,9.098,-2.222,0.745,0.321,0.570,2514,0
192314,-0.364,8.851,-2.459,0.603,0.404,0.486,2514,0
192334,-0.105,8.736,-2.605,0.533,0.439,0.425,2516,0
192354,0.010,9.261,-2.749,0.435,0.466,0.340,2516,0
192374,-0.196,9.553,-2.954,0.155,0.563,0.210,2515,0
192394,-0.493,9.503,-3.019,-0.086,0.649,0.144,2514,0
192414,-0.723,9.155,-3.165,-0.062,0.663,0.148,2514,0
192434,-0.644,8.868,-2.983,0.210,0.659,0.198,2515,0
192454,-0.570,9.201,-2.840,0.628,0.670,0.232,2513,0
192474,-0.424,9.833,-2.890,0.896,0.634,0.187,2511,0
192494,-0.362,10.637,-3.120,0.945,0.582,0.151,2511,0
192514,-0.271,11.334,-3.220,0.789,0.511,0.174,2510,0
192534,-0.139,11.923,-3.646,0.680,0.423,0.288,2511,0
192554,0.014,11.839,-3.699,0.501,0.440,0.467,2524,0
192574,0.278,11.686,-3.491,0.399,0.478,0.679,2533,0
192594,0.599,11.174,-3.215,0.226,0.560,0.789,2534,0
192614,0.869,10.810,-2.938,0.023,0.589,0.771,2533,0
192634,1.168,10.379,-2.806,-0.160,0.603,0.707,2532,0
192654,1.506,10.274,-2.605,-0.265,0.617,0.717,2530,0
192674,1.638,10.046,-2.277,-0.341,0.624,0.779,2537,0
192694,1.829,9.503,-1.860,-0.488,0.606,0.832,2536,0
192714,1.867,8.952,-1.537,-0.643,0.581,0.809,2534,0
192734,1.820,8.432,-1.298,-0.825,0.481,0.716,2530,0
192754,1.650,8.485,-1.482,-0.952,0.348,0.605,2527,0
192774,1.669,8.358,-1.628,-1.046,0.199,0.557,2527,0
192794,1.923,8.037,-1.776,-0.995,0.084,0.539,2527,0
192814,2.306,7.353,-1.566,-0.878,0.028,0.442,2530,0
192834,2.342,6.785,-1.274,-0.783,-0.002,0.234,2529,0
192854,2.330,6.788,-1.188,-0.647,-0.077,-0.038,2529,0
192874,2.413,7.089,-0.984,-0.436,-0.169,-0.258,2530,0
192894,2.327,8.361,-1.166,-0.157,-0.228,-0.397,2530,0
192914,2.358,9.747,-1.642,-0.105,-0.245,-0.485,2532,0
192934,2.219,10.846,-2.071,-0.279,-0.203,-0.499,2539,0
192954,1.954,11.557,-2.567,-0.468,-0.128,-0.462,2543,0
192974,1.554,12.021,-3.120,-0.528,-0.065,-0.375,2550,0
192994,1.810,12.239,-3.232,-0.417,0.015,-0.135,2559,0
193014,2.167,11.969,-3.005,-0.278,0.204,0.258,2582,0
193034,2.370,11.068,-2.569,-0.322,0.320,0.558,2578,0
193054,2.152,10.597,-2.440,-0.609,0.406,0.616,2561,0
193074,2.088,10.281,-2.255,-0.977,0.393,0.585,2561,0
193094,2.476,9.797,-1.836,-1.136,0.398,0.726,2559,0
193114,2.868,9.400,-1.324,-1.104,0.383,0.909,2559,0
193134,2.962,9.038,-0.675,-1.041,0.338,0.946,2559,0
193154,2.950,8.466,-0.089,-1.005,0.267,0.850,2559,0
193174,2.765,8.147,0.520,-0.788,0.091,0.699,2555,0
193194,2.207,7.609,0.845,-0.370,-0.147,0.594,2557,0
193214,2.059,7.329,1.073,0.324,-0.512,0.537,2556,0
193234,2.318,7.590,0.941,1.091,-0.830,0.456,2557,0
193254,2.986,9.177,0.692,1.640,-1.055,0.341,2556,0
193274,3.752,11.138,0.603,1.476,-1.096,0.228,2558,0
193294,4.068,11.854,0.357,0.586,-0.852,0.108,2557,0
193314,4.322,11.399,0.366,-0.315,-0.613,0.128,2557,0
193334,4.451,10.276,0.871,-0.794,-0.424,0.221,2558,0
193354,4.451,9.012,1.233,-0.912,-0.315,0.237,2556,0
193374,4.353,8.128,1.635,-0.935,-0.231,0.095,2530,0
193394,4.171,7.223,1.958,-0.790,-0.189,-0.149,2554,0
193414,4.096,6.778,1.932,-0.285,-0.222,-0.342,2553,0
193434,4.116,7.276,1.549,0.479,-0.307,-0.371,2554,0
193454,4.022,8.186,1.209,0.962,-0.364,-0.318,2553,0
193474,3.850,9.029,0.575,0.875,-0.433,-0.275,2553,0
193494,3.876,9.029,-0.115,0.358,-0.562,-0.221,2554,0
193514,4.108,8.461,-0.752,0.018,-0.669,-0.181,2551,0
193534,4.432,7.934,-1.211,0.027,-0.661,-0.173,2559,0
193554,4.520,8.061,-1.334,0.155,-0.502,-0.213,2559,0
193574,4.415,8.490,-1.690,0.233,-0.304,-0.302,2559,0
193594,4.436,8.892,-1.614,0.225,-0.108,-0.339,2559,0
193614,4.293,9.029,-1.267,0.095,0.065,-0.329,2559,0
193634,4.120,9.005,-0.934,-0.048,0.192,-0.321,2559,0
193654,3.881,9.005,-0.508,-0.129,0.251,-0.331,2559,0
193674,3.347,9.196,-0.314,-0.144,0.221,-0.358,2559,0
193694,2.988,9.421,-0.110,-0.106,0.115,-0.379,2559,0
193714,2.871,9.649,-0.002,-0.030,0.012,-0.370,2559,0
193734,2.878,9.859,-0.079,0.034,-0.057,-0.350,2559,0
193754,2.854,9.926,-0.091,-0.007,-0.068,-0.329,2559,0
193774,2.600,9.869,-0.034,-0.149,-0.054,-0.330,2559,0
193794,2.332,9.682,0.069,-0.275,-0.084,-0.344,2559,0
193814,2.231,9.325,0.089,-0.325,-0.150,-0.360,2559,0
193834,2.138,9.081,-0.069,-0.213,-0.237,-0.346,2559,0
193854,2.205,9.091,-0.402,0.007,-0.330,-0.313,2559,0
193874,2.370,9.357,-0.757,0.139,-0.356,-0.288,2559,0
193894,2.354,9.644,-0.974,0.118,-0.352,-0.252,2559,0
193914,2.308,9.855,-1.094,0.022,-0.346,-0.220,2559,0
193934,2.397,9.938,-1.197,-0.050,-0.342,-0.176,2558,0
193954,2.368,9.917,-1.125,-0.022,-0.317,-0.092,2559,0
193974,2.095,9.838,-1.164,0.008,-0.317,-0.015,2559,0
193994,1.913,9.876,-1.204,0.011,-0.326,0.027,2559,0
194014,1.836,9.948,-1.159,0.040,-0.326,0.084,2559,0
194034,1.815,9.855,-1.142,0.073,-0.335,0.162,2559,0
194054,1.942,9.625,-1.080,0.117,-0.339,0.220,2559,0
194074,2.097,9.728,-1.018,0.182,-0.317,0.245,2559,0
194094,2.176,9.780,-0.915,0.215,-0.277,0.285,2559,0
194114,2.277,9.570,-0.737,0.179,-0.270,0.314,2559,0
194134,2.552,9.471,-0.584,0.170,-0.279,0.304,2559,0
194154,2.770,9.579,-0.414,0.178,-0.273,0.282,2558,0
194174,2.784,9.471,-0.395,0.150,-0.269,0.282,2559,0
194194,2.895,9.263,-0.524,0.117,-0.294,0.283,2559,0
194214,3.177,9.328,-0.505,0.149,-0.303,0.277,2559,0
194234,3.165,9.469,-0.402,0.122,-0.280,0.254,2559,0
194254,3.223,9.483,-0.381,-0.015,-0.295,0.221,2559,0
194274,3.249,9.237,-0.572,-0.135,-0.361,0.214,2559,0
194294,3.247,9.069,-0.773,-0.079,-0.419,0.240,2559,0
194314,3.282,9.155,-0.924,0.015,-0.421,0.256,2559,0
194334,3.318,9.196,-0.898,-0.015,-0.395,0.282,2558,0
194354,3.225,8.966,-0.874,-0.078,-0.389,0.327,2559,0
194374,3.237,8.787,-0.754,-0.050,-0.416,0.342,2559,0
194394,3.335,8.744,-0.709,0.018,-0.446,0.340,2558,0
194414,3.397,8.734,-0.718,0.089,-0.464,0.345,2559,0
194434,3.338,8.839,-0.721,0.179,-0.477,0.380,2558,0
194454,3.340,8.911,-0.656,0.273,-0.492,0.423,2559,0
194474,3.397,8.894,-0.551,0.275,-0.503,0.428,2559,0
194494,3.438,8.830,-0.584,0.207,-0.518,0.399,2559,0
194514,3.558,8.782,-0.579,0.169,-0.544,0.362,2558,0
194534,3.785,8.633,-0.632,0.196,-0.569,0.330,2559,0
194554,3.979,8.655,-0.730,0.223,-0.552,0.276,2558,0
194574,3.953,8.744,-0.752,0.188,-0.497,0.192,2558,0
194594,3.816,8.921,-0.776,0.177,-0.449,0.107,2559,0
194614,3.771,9.199,-0.910,0.175,-0.422,0.040,2559,0
194634,3.687,9.491,-0.974,0.145,-0.391,0.011,2558,0
194654,3.610,9.534,-1.116,0.043,-0.366,-0.002,2559,0
194674,3.488,9.297,-1.156,-0.019,-0.342,-0.047,2557,0
194694,3.268,8.990,-1.398,0.067,-0.327,-0.146,2559,0
194714,3.211,8.806,-1.647,0.349,-0.280,-0.196,2559,0
194734,3.259,8.844,-1.762,0.627,-0.225,-0.230,2559,0
194754,3.321,8.796,-1.755,0.812,-0.183,-0.321,2559,0
194774,3.407,8.832,-2.011,0.921,-0.135,-0.424,2559,0
194794,3.522,8.736,-2.255,1.138,-0.178,-0.446,2559,0
194814,3.268,8.997,-2.614,1.177,-0.193,-0.490,2577,0
194834,3.227,9.112,-3.285,1.192,-0.198,-0.525,2586,0
194854,3.692,9.242,-3.440,0.979,-0.189,-0.531,2593,0
194874,4.058,8.973,-3.587,0.672,-0.151,-0.551,2596,0
194894,4.008,8.849,-3.701,0.396,-0.127,-0.606,2602,0
194914,3.917,8.866,-3.625,-0.024,-0.091,-0.733,2601,0
194934,4.039,8.734,-3.673,-0.341,-0.109,-0.832,2601,0
194954,3.989,8.827,-3.771,-0.481,-0.131,-0.853,2584,0
194974,3.651,9.115,-3.752,-0.624,-0.107,-0.846,2604,0
194994,3.314,9.469,-3.543,-0.743,-0.107,-0.713,2607,0
195014,2.583,8.456,-4.599,-0.586,-0.326,-0.394,2608,0
195034,2.078,10.180,0.967,-2.212,-0.118,-0.434,2607,0
195054,0.350,7.776,-1.822,-4.657,-0.120,-1.491,4095,0
195074,1.286,7.472,-3.373,-1.002,-0.419,-0.714,4095,0
195094,1.073,8.238,-1.690,0.785,-0.208,-0.271,4095,0
195114,1.688,10.132,-1.324,0.860,0.166,-0.216,4095,0
195134,0.690,10.829,-2.940,1.355,-0.060,-0.091,2626,0
195154,1.082,11.629,-3.405,2.201,-0.156,0.200,2628,0
195174,1.930,12.792,-2.193,1.168,0.111,0.216,2631,0
195194,1.063,11.380,-2.619,-0.185,0.112,0.243,2632,0
195214,2.040,10.841,-2.284,-0.366,0.045,0.426,2632,0
195234,1.176,9.708,-2.320,-0.666,0.053,0.460,2632,0
195254,2.562,9.644,-1.583,-0.690,0.120,0.230,2630,0
195274,1.331,9.076,-0.919,-1.023,-0.007,0.270,2630,0
195294,2.725,8.935,-1.441,-0.725,-0.100,0.156,2629,0
195314,1.939,9.273,-0.486,-1.291,-0.284,0.160,3729,0
195334,2.452,8.724,-1.120,-1.200,-0.443,0.028,4095,0
195354,2.097,8.959,-0.067,-1.297,-0.491,0.178,4095,0
195374,2.440,8.471,-0.733,-1.071,-0.570,0.079,4095,0
195394,2.430,9.117,-0.069,-1.141,-0.492,0.130,4095,0
195414,3.045,9.345,-0.371,-1.069,-0.226,-0.026,4095,0
195434,1.973,9.677,0.362,-1.458,-0.132,-0.015,4095,0
195454,2.682,8.866,-0.292,-0.950,-0.057,-0.086,4095,0
195474,1.530,9.946,-0.541,-0.787,-0.144,0.152,4095,0
195494,2.744,10.429,0.280,-0.909,-0.042,-0.027,2629,0
195514,1.307,10.333,0.469,-1.624,0.167,-0.008,2605,0
195534,2.291,9.407,0.958,-1.720,0.449,-0.126,2603,0
195554,1.183,9.067,1.535,-1.616,0.382,-0.088,2600,0
195574,1.774,9.165,1.472,-1.180,0.438,-0.146,2598,0
195594,1.614,8.861,1.918,-1.117,0.408,-0.102,2594,0
195614,1.697,8.485,1.870,-0.962,0.424,-0.092,2592,0
195634,1.611,8.815,1.963,-0.783,0.433,-0.074,2593,0
195654,1.626,8.787,2.100,-0.697,0.404,-0.033,2591,0
195674,2.021,8.490,2.394,-0.495,0.322,0.028,2589,0
195694,2.387,8.097,2.459,-0.035,0.294,0.094,2587,0
195714,2.531,8.286,2.648,0.460,0.211,0.131,2586,0
195734,2.497,8.710,2.868,0.824,0.194,0.186,2584,0
195754,2.033,8.504,2.576,1.049,0.085,0.236,2582,0
195774,1.958,8.564,2.140,1.275,-0.037,0.273,2579,0
195794,2.152,8.775,1.810,1.380,-0.145,0.313,2573,0
195814,2.255,8.851,1.496,1.479,-0.218,0.352,2566,0
195834,2.258,8.806,1.312,1.537,-0.280,0.365,2566,0
195854,2.358,8.724,1.013,1.475,-0.323,0.301,2561,0
195874,2.105,9.045,0.754,1.330,-0.300,0.178,2559,0
195894,2.023,9.436,0.601,1.208,-0.330,0.092,2561,0
195914,1.903,9.876,0.462,1.051,-0.370,0.096,2559,0
195934,1.314,10.731,0.438,0.593,-0.324,0.046,2563,0
195954,0.680,10.951,0.467,-0.101,-0.199,0.010,2561,0
195974,0.441,10.111,0.838,-0.454,-0.233,0.124,2559,0
195994,0.259,9.005,1.310,-0.346,-0.339,0.355,2559,0
196014,-0.716,8.521,1.056,0.061,-0.438,0.517,2558,0
196034,-0.812,7.836,0.567,0.677,-0.573,0.639,2558,0
196054,0.491,7.412,0.244,1.466,-0.649,0.717,2557,0
196074,1.834,7.980,-0.182,2.159,-0.550,0.678,2555,0
196094,2.581,8.746,-0.644,2.311,-0.330,0.479,2557,0
196114,2.866,10.053,-0.979,1.956,-0.104,0.311,2558,0
196134,2.684,11.674,-1.288,1.490,0.035,0.161,2557,0
196154,3.555,12.232,-1.724,0.929,0.030,-0.005,2533,0
196174,3.934,11.724,-1.413,0.054,0.040,-0.029,2555,0
196194,2.840,11.372,-0.950,-0.556,-0.047,0.090,2555,0
196214,4.187,10.372,-1.621,-0.409,-0.185,0.022,2554,0
196234,3.033,10.384,-1.135,-0.328,-0.238,0.170,2555,0
196254,4.053,9.507,-1.951,0.357,-0.365,0.215,2555,0
196274,3.462,9.335,-1.939,0.652,-0.337,0.400,2557,0
196294,3.831,8.792,-2.907,1.238,-0.366,0.465,2558,0
196314,3.385,8.770,-2.976,1.187,-0.246,0.574,2559,0
196334,3.761,8.562,-3.627,1.436,-0.215,0.568,2543,0
196354,3.311,8.466,-3.527,1.123,-0.096,0.553,2548,0
196374,3.833,8.018,-4.089,1.201,-0.088,0.405,2582,0
196394,3.349,7.879,-3.821,0.881,-0.031,0.361,2581,0
196414,4.032,7.494,-4.317,1.018,-0.042,0.208,2594,0
196434,3.314,7.479,-3.979,0.595,0.031,0.135,2602,0
196454,3.982,7.252,-4.381,0.727,0.091,-0.104,2607,0
196474,3.177,7.547,-3.745,0.271,0.162,-0.168,2608,0
196494,4.051,7.649,-4.197,0.402,0.232,-0.390,2607,0
196514,2.612,7.717,-3.673,-0.170,0.244,-0.386,2607,0
196534,3.879,8.104,-4.089,-0.014,0.229,-0.558,2607,0
196554,2.569,8.270,-3.579,-0.523,0.195,-0.501,2607,0
196574,3.120,8.672,-3.953,-0.423,0.199,-0.616,2606,0
196594,3.124,8.899,-3.824,-0.778,0.177,-0.651,2605,0
196614,2.990,8.844,-3.833,-0.961,0.228,-0.661,2605,0
196634,3.019,8.957,-3.601,-0.973,0.269,-0.615,2606,0
196654,2.919,9.110,-3.436,-0.936,0.360,-0.584,2604,0
196674,2.849,9.139,-3.237,-0.894,0.478,-0.596,2604,0
196694,2.739,9.230,-2.926,-0.796,0.611,-0.608,2604,0
196714,2.610,9.452,-2.588,-0.690,0.731,-0.626,2601,0
196734,2.538,9.620,-2.282,-0.660,0.840,-0.665,2596,0
196754,2.442,9.735,-2.054,-0.677,0.904,-0.679,2596,0
196774,2.310,10.092,-1.676,-0.688,0.943,-0.647,2593,0
196794,2.188,10.285,-1.255,-0.747,0.970,-0.582,2585,0
196814,2.155,10.175,-0.752,-0.813,0.901,-0.457,2580,0
196834,2.078,10.077,-0.311,-0.754,0.798,-0.281,2575,0
196854,2.028,10.056,0.132,-0.651,0.705,-0.152,2564,0
196874,2.107,9.900,0.436,-0.559,0.633,-0.072,2559,0
196894,2.047,9.845,0.606,-0.436,0.574,-0.022,2559,0
196914,2.037,9.752,0.790,-0.282,0.507,0.014,2559,0
196934,2.100,9.625,0.912,-0.120,0.443,0.050,2559,0
196954,2.184,9.548,0.960,0.077,0.365,0.100,2559,0
196974,2.140,9.603,0.898,0.211,0.282,0.142,2559,0
196994,2.049,9.685,0.812,0.246,0.211,0.145,2559,0
197014,2.009,9.634,0.721,0.189,0.133,0.131,2559,0
197034,2.037,9.476,0.634,0.127,0.054,0.127,2559,0
197054,2.004,9.390,0.517,0.091,-0.019,0.121,2559,0
197074,2.042,9.364,0.460,0.072,-0.070,0.095,2526,0
197094,2.076,9.306,0.615,0.000,-0.095,0.094,2559,0
197114,1.994,9.596,0.534,0.008,-0.145,0.133,2555,0
197134,1.659,9.653,0.433,0.015,-0.170,0.117,2559,0
197154,2.083,9.483,-0.103,0.141,-0.218,0.032,2559,0
197174,2.892,9.311,-0.706,0.281,-0.194,-0.092,2532,0
197194,2.105,9.610,-0.342,0.080,-0.131,-0.022,2559,0
197214,1.645,9.783,-0.323,0.018,-0.207,0.060,2559,0
197234,3.057,9.400,-1.020,0.177,-0.192,-0.083,2559,0
197254,1.824,9.673,-0.385,-0.060,-0.109,0.025,2554,0
197274,2.284,9.505,-0.893,0.118,-0.170,0.015,2559,0
197294,2.765,9.428,-0.831,0.095,-0.070,-0.050,2559,0
197314,1.652,9.692,-0.479,-0.008,-0.087,0.060,2559,0
197334,3.120,9.246,-1.104,0.164,-0.064,-0.077,2559,0
197354,1.437,9.541,-0.294,-0.079,-0.028,0.052,2559,0
197374,3.019,9.175,-1.087,0.200,-0.075,-0.063,2559,0
197394,1.889,9.452,-0.302,-0.065,0.020,-0.005,2558,0
197414,2.557,9.220,-0.804,0.107,-0.053,-0.061,2558,0
197434,2.404,9.270,-0.405,-0.067,0.029,-0.090,2559,0
197454,1.992,9.290,-0.505,0.017,-0.053,-0.044,2559,0
197474,2.863,9.194,-0.498,0.055,0.001,-0.129,2559,0
197494,1.642,9.412,-0.022,-0.002,-0.036,-0.019,2534,0
197514,3.134,9.093,-0.558,0.184,-0.030,-0.151,2559,0
197534,1.583,9.536,0.031,0.043,-0.073,-0.028,2557,0
197554,3.120,9.337,-0.625,0.207,-0.106,-0.161,2558,0
197574,2.076,9.536,-0.055,0.044,-0.069,-0.120,2558,0
197594,2.279,9.572,-0.010,0.062,-0.102,-0.112,2559,0
197614,2.217,9.764,-0.230,0.114,-0.132,-0.108,2559,0
197634,2.186,9.898,-0.297,0.133,-0.130,-0.082,2559,0
197654,2.102,9.795,-0.366,0.171,-0.138,-0.049,2559,0
197674,1.992,9.771,-0.438,0.234,-0.165,-0.015,2559,0
197694,1.963,9.742,-0.575,0.282,-0.188,0.011,2559,0
197714,1.942,9.862,-0.627,0.314,-0.188,0.021,2559,0
197734,1.908,9.898,-0.781,0.307,-0.180,0.022,2559,0
197754,1.985,9.828,-0.874,0.331,-0.184,0.032,2559,0
197774,2.047,9.871,-0.905,0.398,-0.171,0.066,2559,0
197794,2.097,9.876,-1.018,0.488,-0.148,0.092,2555,0
197814,2.162,9.768,-1.204,0.560,-0.130,0.121,2559,0
197834,2.181,9.644,-1.322,0.621,-0.121,0.159,2559,0
197854,2.138,9.498,-1.508,0.678,-0.114,0.186,2559,0
197874,2.217,9.301,-1.681,0.764,-0.130,0.203,2559,0
197894,2.270,9.313,-1.844,0.672,-0.110,0.182,2534,0
197914,2.306,9.268,-1.973,0.584,-0.112,0.165,2559,0
197934,2.322,9.261,-2.076,0.476,-0.122,0.147,2559,0
197954,2.342,9.244,-2.148,0.344,-0.134,0.127,2559,0
197974,2.430,9.146,-2.152,0.203,-0.143,0.100,2559,0
197994,2.533,9.043,-2.184,0.075,-0.141,0.068,2559,0
198014,2.521,8.904,-2.136,0.002,-0.138,0.044,2559,0
198034,2.500,8.827,-2.093,-0.007,-0.130,0.013,2559,0
198054,2.471,8.787,-2.095,-0.002,-0.119,-0.017,2559,0
198074,2.492,8.851,-2.143,0.010,-0.116,-0.037,2559,0
198094,2.552,8.966,-2.119,0.023,-0.111,-0.053,2559,0
198114,2.591,9.081,-2.119,0.030,-0.102,-0.073,2559,0
198134,2.593,9.210,-2.126,-0.007,-0.090,-0.113,2559,0
198154,2.533,9.280,-2.152,-0.052,-0.088,-0.134,2559,0
198174,2.428,9.213,-2.222,-0.042,-0.094,-0.122,2559,0
198194,2.406,9.148,-2.222,0.019,-0.074,-0.113,2559,0
198214,2.385,9.206,-2.181,0.075,-0.037,-0.131,2559,0
198234,2.179,9.337,-2.136,0.076,-0.004,-0.169,2559,0
198254,2.028,9.503,-2.186,0.061,-0.012,-0.193,2559,0
198274,1.961,9.637,-2.176,0.043,-0.027,-0.174,2559,0
198294,1.939,9.673,-2.167,0.010,-0.023,-0.145,2559,0
198314,2.016,9.653,-2.054,-0.033,0.012,-0.137,2559,0
198334,1.980,9.618,-1.903,-0.049,0.050,-0.142,2559,0
198354,1.920,9.673,-1.839,0.004,0.050,-0.131,2559,0
198374,1.894,9.706,-1.844,0.061,0.032,-0.102,2559,0
198394,1.846,9.677,-1.798,0.058,0.023,-0.071,2559,0
198414,1.932,9.682,-1.697,0.005,0.029,-0.072,2559,0
198434,2.057,9.694,-1.597,-0.037,0.030,-0.079,2559,0
198454,2.054,9.596,-1.578,-0.002,0.004,-0.055,2557,0
198474,1.942,9.591,-1.635,0.092,-0.041,-0.021,2559,0
198494,1.856,9.637,-1.678,0.148,-0.062,-0.003,2563,0
198514,1.827,9.792,-1.607,0.200,-0.046,0.007,2559,0
198534,1.848,9.795,-1.482,0.256,-0.023,0.009,2559,0
198554,1.817,9.725,-1.530,0.315,-0.050,0.043,2559,0
198574,1.820,9.852,-1.626,0.363,-0.113,0.102,2559,0
198594,2.016,9.867,-1.736,0.357,-0.149,0.130,2559,0
198614,2.148,9.718,-1.877,0.354,-0.156,0.162,2559,0
198634,2.133,9.579,-2.045,0.369,-0.149,0.191,2558,0
198654,1.903,9.404,-2.145,0.397,-0.141,0.223,2559,0
198674,1.872,9.335,-2.270,0.472,-0.185,0.241,2559,0
198694,1.994,9.306,-2.485,0.501,-0.207,0.260,2558,0
198714,2.121,9.136,-2.705,0.463,-0.215,0.270,2559,0
198734,2.227,9.005,-2.866,0.382,-0.217,0.257,2559,0
198754,2.397,8.894,-2.911,0.313,-0.205,0.225,2559,0
198774,2.502,8.880,-2.938,0.252,-0.198,0.194,2559,0
198794,2.488,8.729,-2.954,0.167,-0.208,0.163,2559,0
198814,2.416,8.588,-2.966,0.111,-0.225,0.135,2559,0
198834,2.401,8.535,-2.971,0.111,-0.227,0.108,2559,0
198854,2.332,8.610,-3.079,0.120,-0.216,0.066,2559,0
198874,2.337,8.681,-3.160,0.067,-0.208,0.012,2559,0
198894,2.344,8.770,-3.211,-0.014,-0.192,-0.039,2559,0
198914,2.310,8.880,-3.211,-0.060,-0.176,-0.082,2559,0
198934,2.251,9.100,-3.330,-0.085,-0.172,-0.114,2559,0
198954,2.291,9.297,-3.445,-0.117,-0.174,-0.122,2559,0
198974,2.298,9.354,-3.584,-0.169,-0.179,-0.106,2559,0
198994,2.133,9.380,-3.476,-0.254,-0.224,-0.083,2559,0
199014,2.133,9.347,-3.826,-0.323,-0.190,-0.050,2559,0
199034,2.076,9.498,-3.160,-0.274,-0.203,-0.020,2559,0
199054,2.102,9.495,-2.998,-0.188,-0.225,0.041,2559,0
199074,2.212,9.290,-2.988,-0.203,-0.213,0.070,2559,0
199094,2.354,9.103,-2.890,-0.226,-0.133,0.043,2561,0
199114,2.452,9.105,-2.770,-0.204,-0.017,-0.015,2559,0
199134,2.389,9.151,-2.581,-0.117,0.095,-0.044,2561,0
199154,2.270,9.098,-2.464,-0.045,0.157,-0.056,2559,0
199174,2.279,9.227,-2.274,0.011,0.175,-0.069,2559,0
199194,2.239,9.431,-2.174,0.010,0.169,-0.079,2561,0
199214,2.100,9.481,-2.155,-0.047,0.143,-0.081,2559,0
199234,1.896,9.390,-2.119,-0.106,0.095,-0.055,2559,0
199254,2.004,9.548,-2.140,-0.163,0.031,-0.042,2563,0
199274,2.164,9.747,-2.136,-0.243,-0.001,-0.037,2559,0
199294,1.915,9.558,-2.186,-0.355,-0.024,-0.018,2561,0
199314,1.719,9.337,-2.215,-0.381,-0.068,0.002,2561,0
199334,2.035,9.347,-2.239,-0.351,-0.090,-0.007,2559,0
199354,2.332,9.359,-2.260,-0.258,-0.070,0.001,2564,0
199374,2.337,9.318,-2.291,-0.160,-0.033,0.024,2574,0
199394,2.116,9.163,-2.389,-0.122,-0.010,0.031,2559,0
199414,2.284,9.210,-2.356,-0.114,0.017,0.005,2566,0
199434,2.330,9.129,-2.356,-0.139,0.074,-0.027,2566,0
199454,2.406,9.086,-2.224,-0.135,0.109,-0.054,2569,0
199474,2.502,9.191,-2.040,-0.137,0.155,-0.082,2567,0
199494,2.368,9.306,-1.891,-0.154,0.184,-0.079,2564,0
199514,2.164,9.407,-1.741,-0.180,0.180,-0.052,2561,0
199534,2.176,9.412,-1.693,-0.231,0.161,-0.047,2561,0
199554,2.195,9.562,-1.566,-0.294,0.161,-0.069,2563,0
199574,2.078,9.792,-1.372,-0.355,0.172,-0.085,2559,0
199594,2.045,9.792,-1.173,-0.392,0.170,-0.068,2561,0
199614,2.083,9.675,-0.955,-0.414,0.163,-0.046,2561,0
199634,2.121,9.534,-0.778,-0.406,0.157,-0.046,2561,0
199654,2.069,9.414,-0.634,-0.330,0.138,-0.036,2561,0
199674,2.069,9.354,-0.555,-0.186,0.092,-0.002,2562,0
199694,2.114,9.352,-0.484,-0.040,0.060,0.009,2561,0
199714,2.112,9.426,-0.486,0.067,0.032,0.016,2561,0
199734,2.049,9.505,-0.558,0.115,-0.023,0.036,2559,0
199754,2.069,9.550,-0.694,0.104,-0.096,0.064,2561,0
199774,2.081,9.517,-0.788,0.053,-0.142,0.078,2559,0
199794,2.140,9.407,-0.881,0.015,-0.161,0.060,2561,0
199814,2.152,9.359,-1.020,0.020,-0.159,0.024,2561,0
199834,2.181,9.402,-1.120,0.063,-0.146,0.006,2559,0
199854,2.157,9.512,-1.214,0.101,-0.119,-0.000,2559,0
199874,2.155,9.558,-1.204,0.131,-0.098,0.003,2561,0
199894,2.136,9.582,-1.238,0.153,-0.090,0.007,2559,0
199914,2.215,9.589,-1.405,0.154,-0.094,0.011,2561,0
199934,2.267,9.586,-1.516,0.155,-0.089,0.021,2559,0
199954,2.327,9.582,-1.547,0.151,-0.059,0.018,2559,0
199974,2.301,9.582,-1.477,0.136,-0.023,0.012,2559,0
199994,2.246,9.541,-1.422,0.119,-0.006,0.016,2559,0
200014,2.277,9.459,-1.396,0.103,-0.012,0.026,2559,0
200034,2.342,9.419,-1.343,0.093,-0.014,0.030,2559,0
200054,2.263,9.357,-1.279,0.078,-0.011,0.017,2559,0
200074,2.212,9.323,-1.279,0.075,-0.020,0.001,2561,0
200094,2.193,9.388,-1.264,0.067,-0.030,-0.008,2561,0
200114,2.227,9.395,-1.295,0.049,-0.040,-0.014,2559,0
200134,2.246,9.397,-1.319,0.030,-0.041,-0.022,2559,0
200154,2.243,9.388,-1.310,0.035,-0.037,-0.029,2559,0
200174,2.222,9.433,-1.319,0.053,-0.034,-0.036,2559,0
200194,2.212,9.474,-1.302,0.056,-0.039,-0.031,2559,0
200214,2.186,9.483,-1.331,0.049,-0.049,-0.021,2559,0
200234,2.140,9.493,-1.319,0.050,-0.060,-0.018,2559,0
200254,2.174,9.469,-1.346,0.059,-0.068,-0.013,2561,0
200274,2.184,9.469,-1.324,0.066,-0.079,-0.005,2559,0
200294,2.105,9.567,-1.233,0.047,-0.127,0.019,2559,0
200314,2.023,9.668,-1.111,0.015,-0.255,0.124,2559,0
200334,2.083,9.610,-1.111,0.024,-0.375,0.229,2559,0
200354,2.258,9.618,-1.214,0.056,-0.422,0.258,2559,0
200374,2.387,9.498,-1.417,0.078,-0.360,0.221,2559,0
200394,2.430,9.515,-1.477,0.091,-0.262,0.155,2561,0
200414,2.377,9.426,-1.458,0.105,-0.167,0.102,2563,0
200434,2.370,9.316,-1.499,0.145,-0.096,0.051,2574,0
200454,2.373,9.290,-1.444,0.225,-0.050,0.015,2553,0
200474,2.320,9.347,-1.508,0.278,-0.025,-0.002,2576,0
200494,2.330,9.349,-1.566,0.295,-0.019,-0.006,2572,0
200514,2.361,9.357,-1.671,0.270,-0.021,-0.012,2568,0
200534,2.368,9.388,-1.702,0.215,-0.026,-0.027,2561,0
200554,2.435,9.421,-1.769,0.151,-0.034,-0.035,2572,0
200574,2.418,9.421,-1.808,0.078,-0.039,-0.031,2571,0
200594,2.418,9.268,-1.832,0.037,-0.040,-0.020,2559,0
200614,2.437,9.172,-1.834,0.051,-0.038,-0.022,2559,0
200634,2.322,9.148,-1.856,0.088,-0.025,-0.028,2569,0
200654,2.375,9.249,-1.820,0.109,-0.019,-0.044,2561,0
200674,2.318,9.402,-1.803,0.068,0.001,-0.075,2559,0
200694,2.243,9.474,-1.786,0.025,0.008,-0.096,2559,0
200714,2.169,9.515,-1.714,0.019,0.011,-0.092,2559,0
200734,2.095,9.570,-1.729,0.033,-0.009,-0.070,2559,0
200754,2.083,9.625,-1.731,0.038,-0.026,-0.035,2561,0
200774,2.107,9.567,-1.717,0.038,-0.033,-0.006,2559,0
200794,2.176,9.505,-1.645,0.048,-0.034,0.002,2559,0
200814,2.217,9.507,-1.633,0.053,-0.035,-0.008,2559,0
200834,2.148,9.572,-1.597,0.040,-0.042,-0.011,2551,0
200854,2.085,9.524,-1.630,0.015,-0.056,-0.003,2559,0
200874,2.093,9.448,-1.638,0.002,-0.068,0.000,2559,0
200894,2.215,9.388,-1.633,0.014,-0.073,0.001,2559,0
200914,2.294,9.397,-1.662,0.029,-0.073,0.006,2559,0
200934,2.327,9.395,-1.724,0.031,-0.073,0.009,2559,0
200954,2.368,9.390,-1.736,0.029,-0.071,0.005,2559,0
200974,2.349,9.371,-1.755,0.030,-0.068,0.001,2559,0
200994,2.337,9.369,-1.786,0.038,-0.070,-0.000,2561,0
201014,2.272,9.345,-1.822,0.037,-0.071,-0.006,2561,0
201034,2.274,9.335,-1.858,0.043,-0.069,-0.007,2561,0
201054,2.258,9.309,-1.875,0.055,-0.055,-0.012,2561,0
201074,2.272,9.352,-1.875,0.060,-0.038,-0.025,2559,0
201094,2.248,9.424,-1.836,0.049,-0.030,-0.030,2561,0
201114,2.193,9.467,-1.810,0.038,-0.034,-0.027,2559,0
201134,2.210,9.474,-1.815,0.037,-0.041,-0.019,2559,0
201154,2.255,9.481,-1.798,0.043,-0.042,-0.016,2559,0
201174,2.248,9.495,-1.803,0.044,-0.031,-0.013,2559,0
201194,2.215,9.474,-1.762,0.050,-0.024,-0.007,2559,0
201214,2.215,9.471,-1.757,0.060,-0.024,-0.006,2561,0
201234,2.210,9.503,-1.810,0.058,-0.032,-0.001,2559,0
201254,2.205,9.493,-1.812,0.042,-0.037,0.003,2559,0
201274,2.234,9.431,-1.810,0.030,-0.034,0.007,2559,0
201294,2.236,9.380,-1.839,0.036,-0.031,0.006,2559,0
201314,2.291,9.383,-1.896,0.040,-0.028,0.003,2559,0
201334,2.310,9.388,-1.872,0.024,-0.009,-0.007,2559,0
201354,2.253,9.354,-1.829,0.013,0.006,-0.018,2559,0
201374,2.227,9.325,-1.793,0.027,0.005,-0.016,2559,0
201394,2.212,9.357,-1.784,0.046,-0.004,-0.012,2559,0
201414,2.231,9.392,-1.836,0.036,-0.007,-0.022,2559,0
201434,2.236,9.395,-1.834,0.011,0.001,-0.023,2561,0
201454,2.224,9.388,-1.786,0.019,0.013,-0.023,2559,0
201474,2.195,9.431,-1.741,0.040,0.023,-0.029,2559,0
201494,2.148,9.467,-1.719,0.045,0.022,-0.026,2559,0
201514,2.169,9.479,-1.666,0.041,0.009,-0.019,2559,0
201534,2.176,9.493,-1.623,0.038,-0.001,-0.019,2559,0
201554,2.157,9.512,-1.635,0.034,-0.006,-0.023,2559,0
201574,2.138,9.527,-1.611,0.035,-0.003,-0.021,2559,0
201594,2.140,9.500,-1.607,0.037,-0.010,-0.016,2559,0
201614,2.195,9.455,-1.609,0.033,-0.019,-0.007,2559,0
201634,2.200,9.436,-1.628,0.032,-0.025,-0.005,2559,0
201654,2.210,9.395,-1.657,0.031,-0.028,-0.011,2559,0
201674,2.200,9.371,-1.736,0.033,-0.030,-0.012,2559,0
201694,2.231,9.424,-1.741,0.043,-0.027,-0.013,2559,0
201714,2.215,9.464,-1.688,0.056,-0.006,-0.017,2558,0
201734,2.198,9.481,-1.678,0.085,0.007,-0.014,2559,0
201754,2.148,9.524,-1.626,0.104,0.000,-0.006,2559,0
201774,2.121,9.541,-1.664,0.088,-0.022,0.001,2559,0
201794,2.121,9.505,-1.705,0.060,-0.042,0.007,2559,0
201814,2.164,9.440,-1.702,0.045,-0.048,0.011,2559,0
201834,2.172,9.364,-1.707,0.052,-0.044,0.012,2559,0
201854,2.198,9.376,-1.724,0.066,-0.042,0.010,2549,0
201874,2.236,9.438,-1.738,0.080,-0.051,0.011,2559,0
201894,2.282,9.507,-1.717,0.085,-0.055,0.019,2561,0
201914,2.284,9.457,-1.671,0.103,-0.055,0.034,2559,0
201934,2.286,9.412,-1.652,0.140,-0.062,0.051,2559,0
201954,2.272,9.436,-1.743,0.169,-0.076,0.057,2559,0
201974,2.251,9.464,-1.798,0.141,-0.078,0.045,2559,0
201994,2.164,9.404,-1.872,0.091,-0.076,0.028,2558,0
202014,2.150,9.385,-1.836,0.078,-0.072,0.019,2559,0
202034,2.203,9.404,-1.870,0.097,-0.071,0.024,2559,0
202054,2.282,9.402,-1.879,0.120,-0.072,0.040,2559,0
202074,2.260,9.402,-1.937,0.134,-0.078,0.047,2559,0
202094,2.289,9.385,-2.037,0.124,-0.082,0.048,2559,0
202114,2.322,9.366,-2.090,0.101,-0.071,0.046,2559,0
202134,2.318,9.261,-2.119,0.083,-0.062,0.044,2559,0
202154,2.320,9.155,-2.224,0.084,-0.057,0.043,2559,0
202174,2.363,9.093,-2.301,0.098,-0.055,0.027,2559,0
202194,2.375,9.105,-2.334,0.086,-0.033,-0.003,2559,0
202214,2.387,9.177,-2.351,0.060,-0.004,-0.031,2559,0
202234,2.411,9.261,-2.301,0.049,0.033,-0.048,2559,0
202254,2.346,9.354,-2.176,0.058,0.062,-0.047,2559,0
202274,2.224,9.433,-2.023,0.066,0.075,-0.041,2559,0
202294,2.133,9.493,-1.915,0.052,0.069,-0.043,2559,0
202314,2.150,9.491,-1.800,0.031,0.052,-0.040,2559,0
202334,2.169,9.500,-1.757,0.016,0.030,-0.035,2555,0
202354,2.172,9.500,-1.743,0.015,0.012,-0.028,2559,0
202374,2.227,9.483,-1.800,0.018,-0.004,-0.022,2559,0
202394,2.198,9.503,-1.753,0.034,-0.021,-0.009,2559,0
202414,2.195,9.505,-1.786,0.049,-0.038,-0.001,2559,0
202434,2.229,9.495,-1.832,0.055,-0.053,0.014,2559,0
202454,2.294,9.414,-1.841,0.062,-0.062,0.030,2559,0
202474,2.318,9.364,-1.860,0.077,-0.070,0.034,2558,0
202494,2.315,9.323,-1.923,0.082,-0.076,0.036,2559,0
202514,2.344,9.306,-1.975,0.082,-0.087,0.039,2559,0
202534,2.315,9.278,-2.016,0.078,-0.100,0.035,2559,0
202554,2.274,9.232,-2.083,0.076,-0.108,0.033,2559,0
202574,2.251,9.213,-2.148,0.071,-0.104,0.018,2559,0
202594,2.251,9.251,-2.169,0.058,-0.090,-0.002,2559,0
202614,2.251,9.297,-2.222,0.050,-0.076,-0.014,2559,0
202634,2.291,9.318,-2.195,0.046,-0.068,-0.013,2559,0
202654,2.358,9.333,-2.143,0.040,-0.056,-0.018,2559,0
202674,2.330,9.392,-2.107,0.038,-0.044,-0.023,2559,0
202694,2.248,9.450,-2.169,0.041,-0.046,-0.012,2559,0
202714,2.265,9.483,-2.148,0.046,-0.047,0.009,2559,0
202734,2.315,9.404,-2.145,0.035,-0.024,0.010,2558,0
202754,2.308,9.325,-2.085,0.025,-0.003,0.009,2559,0
202774,2.334,9.282,-2.054,0.052,-0.006,0.018,2559,0
202794,2.298,9.165,-2.054,0.067,-0.020,0.020,2559,0
202814,2.294,9.115,-2.073,0.068,-0.025,0.001,2559,0
202834,2.306,9.096,-2.073,0.052,-0.018,-0.034,2559,0
202854,2.303,9.108,-2.061,0.045,-0.020,-0.051,2558,0
202874,2.296,9.213,-2.102,0.037,-0.038,-0.055,2558,0
202894,2.330,9.316,-2.193,0.028,-0.047,-0.056,2558,0
202914,2.318,9.383,-2.274,0.011,-0.041,-0.061,2558,0
202934,2.294,9.467,-2.229,0.008,-0.026,-0.055,2556,0
202954,2.270,9.486,-2.217,0.006,-0.012,-0.041,2554,0
202974,2.263,9.488,-2.148,0.013,0.002,-0.022,2547,0
202994,2.186,9.476,-2.049,0.006,-0.012,-0.003,2541,0
203014,2.203,9.505,-2.128,-0.032,-0.025,0.017,2538,0
203034,2.222,9.419,-2.126,-0.057,-0.019,0.058,2528,0
203054,2.265,9.141,-2.176,0.042,0.045,0.129,2519,0
203074,2.433,8.902,-2.126,0.256,0.140,0.193,2512,0
203094,2.473,8.794,-1.949,0.541,0.232,0.264,2499,0
203114,2.406,8.868,-2.332,0.915,0.379,0.327,2492,0
203134,2.461,9.170,-2.126,1.305,0.452,0.339,2478,0
203154,2.557,9.426,-2.198,1.602,0.389,0.349,2474,0
203174,2.753,9.517,-2.574,1.668,0.360,0.319,2465,0
203194,2.703,9.567,-3.259,1.578,0.355,0.294,2461,0
203214,2.698,9.673,-3.484,1.385,0.333,0.300,2453,0
203234,2.713,9.790,-3.745,1.083,0.239,0.285,2448,0
203254,2.820,9.548,-3.869,0.656,0.151,0.253,2446,0
203274,2.993,9.297,-4.082,0.292,0.127,0.213,2445,0
203294,3.062,9.196,-4.472,-0.056,0.114,0.176,2445,0
203314,3.043,9.036,-4.149,-0.380,0.063,0.140,2441,0
203334,3.012,8.801,-3.883,-0.644,-0.041,0.168,2440,0
203354,3.160,8.384,-3.850,-0.715,-0.066,0.199,2439,0
203374,3.254,7.633,-3.850,-0.494,0.024,0.212,2439,0
203394,3.218,7.379,-3.594,0.039,0.094,0.248,2439,0
203414,3.366,7.958,-3.426,0.662,0.123,0.273,2438,0
203434,3.572,7.992,-3.718,1.140,0.249,0.306,2439,0
203454,3.378,7.896,-3.821,1.585,0.355,0.372,2438,0
203474,3.338,7.611,-3.859,1.938,0.410,0.372,2438,0
203494,4.422,7.618,-4.403,2.185,0.372,0.312,2437,0
203514,5.485,7.772,-5.143,2.209,0.414,0.119,2434,0
203534,4.128,9.155,-5.892,2.016,0.681,-0.072,2432,0
203554,2.143,9.974,-5.598,1.233,0.771,-0.161,2431,0
203574,1.887,9.282,-5.356,0.766,0.526,0.079,2431,0
203594,2.509,8.255,-5.368,0.550,0.313,0.390,2430,0
203614,3.378,7.092,-5.521,0.646,0.323,0.606,2429,0
203634,4.099,6.816,-5.636,0.796,0.324,0.576,2427,0
203654,4.073,7.025,-5.684,0.997,0.387,0.567,2420,0
203674,3.958,7.221,-5.449,1.090,0.308,0.634,2422,0
203694,4.508,6.986,-5.557,1.009,0.212,0.705,2421,0
203714,4.757,6.546,-6.000,1.017,0.267,0.745,2420,0
203734,5.116,6.404,-5.990,1.104,0.270,0.758,4095,0
203754,5.614,5.665,-6.163,1.082,0.226,0.790,4095,0
203774,5.727,5.148,-5.990,0.972,0.227,0.772,4095,0
203794,5.488,5.763,-6.177,0.934,0.317,0.562,4095,0
203814,4.441,5.804,-6.460,0.796,0.291,0.489,4095,0
203834,5.526,5.717,-6.565,1.024,0.203,0.407,4095,0
203854,4.997,5.677,-5.780,0.900,0.173,0.553,4095,0
203874,5.339,5.167,-6.570,1.106,0.096,0.465,4095,0
203894,4.788,5.607,-6.582,1.304,-0.070,0.697,4095,0
203914,5.883,5.559,-6.888,1.232,-0.137,0.682,4095,0
203934,4.800,5.243,-6.826,0.829,-0.081,0.728,4095,0
203954,6.151,5.186,-6.701,0.732,0.060,0.532,4095,0
203974,5.334,4.125,-6.859,0.423,0.059,0.470,4095,0
203994,6.009,4.779,-6.208,0.442,0.078,0.463,4095,0
204014,5.938,3.457,-7.070,0.473,-0.023,0.465,4095,0
204034,5.499,3.912,-6.136,0.447,-0.066,0.592,4095,0
204054,6.376,3.254,-6.924,0.641,-0.140,0.535,4095,0
204074,5.262,2.986,-6.709,0.448,-0.162,0.565,4095,0
204094,6.407,4.096,-6.093,0.553,-0.031,0.378,4095,0
204114,5.660,3.005,-6.653,0.028,-0.029,0.150,4095,0
204134,5.808,4.377,-6.148,-0.087,0.011,0.193,4095,0
204154,6.302,2.954,-7.597,-0.240,-0.061,0.111,4095,0
204174,5.401,3.081,-6.833,-0.307,-0.060,0.173,4095,0
204194,6.713,3.069,-7.482,-0.015,-0.027,0.054,4095,0
204214,5.368,2.806,-7.621,-0.163,-0.069,0.153,4095,0
204234,6.639,3.654,-6.943,-0.027,-0.056,0.178,4095,0
204254,5.827,3.000,-7.324,-0.116,-0.135,0.146,4095,0
204274,5.895,3.486,-7.424,-0.069,-0.058,0.084,2392,0
204294,5.974,3.321,-7.132,-0.088,-0.114,0.073,2395,0
204314,5.921,3.268,-7.075,-0.006,-0.150,0.122,2396,0
204334,5.940,3.428,-7.166,0.019,-0.191,0.113,2395,0
204354,6.029,3.397,-7.357,0.083,-0.179,0.099,2398,0
204374,6.100,3.642,-7.374,0.096,-0.187,0.103,2399,0
204394,6.048,3.728,-7.389,-0.004,-0.136,0.086,2400,0
204414,5.978,3.615,-7.405,-0.097,-0.103,0.041,2399,0
204434,5.940,3.448,-7.286,-0.153,-0.106,0.030,2401,0
204454,5.938,3.395,-7.144,-0.164,-0.112,0.044,2400,0
204474,5.851,2.856,-7.096,-0.156,-0.115,0.040,2400,0
204494,5.885,2.421,-7.001,-0.141,-0.101,-0.011,2398,0
204514,5.849,2.126,-6.967,-0.042,-0.109,-0.067,2399,0
204534,5.928,1.911,-7.128,0.118,-0.162,-0.101,2396,0
204554,5.978,1.978,-7.245,0.123,-0.185,-0.145,2397,0
204574,5.926,2.109,-7.391,0.018,-0.187,-0.227,2397,0
204594,5.856,2.088,-7.661,-0.056,-0.135,-0.351,2395,0
204614,5.859,2.389,-8.131,0.017,-0.094,-0.447,2399,0
204634,5.950,3.361,-8.140,0.198,-0.037,-0.525,2401,0
204654,5.959,4.666,-8.100,0.143,0.040,-0.625,2406,0
204674,5.780,5.183,-8.181,-0.043,0.111,-0.609,2409,0
204694,5.514,5.447,-7.843,-0.096,0.061,-0.447,2411,0
204714,5.559,5.509,-7.520,-0.075,0.068,-0.272,2415,0
204734,5.502,5.260,-7.276,-0.075,0.062,-0.188,2418,0
204754,5.564,5.009,-7.037,0.015,0.073,-0.133,2422,0
204774,5.681,4.848,-6.261,0.041,0.014,-0.026,2432,0
204794,5.143,4.942,-6.536,0.106,0.069,0.048,2439,0
204814,4.915,4.398,-6.998,0.010,-0.013,0.048,2443,0
204834,6.227,4.348,-7.276,0.060,-0.007,-0.002,2447,0
204854,4.808,3.946,-7.013,-0.145,-0.002,0.039,2448,0
204874,6.416,4.168,-7.355,0.009,-0.007,-0.009,2447,0
204894,5.397,4.128,-7.384,-0.135,-0.047,0.076,2450,0
204914,6.227,5.959,-6.709,-0.014,-0.154,0.103,2455,0
204934,5.205,4.640,-7.166,-0.445,0.072,-0.009,2462,0
204954,4.906,5.006,-6.388,-0.802,-0.122,0.168,2465,0
204974,5.971,4.058,-7.590,-0.799,-0.236,0.126,2479,0
204994,4.820,3.314,-7.132,-0.867,-0.221,0.179,2483,0
205014,6.359,3.153,-7.264,-0.329,-0.179,0.040,2493,0
205034,5.732,2.559,-7.853,-0.043,-0.128,0.023,2500,0
205054,5.737,3.752,-6.780,0.084,-0.011,-0.013,2506,0
205074,6.457,4.238,-7.539,0.404,-0.065,-0.140,2507,0
205094,4.908,4.750,-6.716,-0.041,-0.021,-0.075,2511,0
205114,6.311,5.370,-6.759,-0.122,-0.031,-0.187,2512,0
205134,4.585,4.604,-7.156,-0.424,-0.094,-0.114,2517,0
205154,6.029,5.277,-6.574,-0.456,-0.052,-0.089,2520,0
205174,5.140,4.472,-7.240,-0.591,-0.119,-0.092,2526,0
205194,4.697,4.927,-6.270,-0.669,-0.122,-0.040,2529,8
205214,6.225,5.145,-6.661,-0.460,-0.147,-0.144,2531,0
205234,4.542,4.788,-6.754,-0.790,-0.164,-0.060,2534,0
205254,5.624,5.205,-6.424,-0.741,-0.137,-0.110,2540,0
205274,5.526,4.776,-6.201,-0.737,-0.199,-0.105,2538,0
205294,5.296,4.769,-6.419,-0.451,-0.202,-0.111,2540,0
205314,5.169,5.145,-6.254,-0.323,-0.213,-0.136,2541,0
205334,5.152,5.195,-6.515,-0.084,-0.246,-0.075,2541,0
205354,4.942,4.980,-6.840,0.080,-0.233,0.038,2543,0
205374,5.001,5.054,-7.321,0.065,-0.206,0.181,2545,0
205394,5.279,5.114,-6.852,0.220,-0.154,0.209,2559,0
205414,5.607,5.203,-6.515,0.325,0.006,0.117,2580,0
205434,5.634,5.497,-6.656,0.590,0.118,0.060,2595,0
205454,5.564,5.284,-6.864,0.660,0.272,0.038,2601,0
205474,5.332,5.279,-6.986,0.867,0.124,0.076,2605,0
205494,5.452,5.195,-7.345,0.630,0.198,0.035,2604,0
205514,5.258,4.999,-7.508,0.478,0.252,0.019,2606,0
205534,5.827,5.320,-7.137,0.300,0.185,0.056,2604,0
205554,5.703,4.817,-7.257,-0.046,0.236,-0.012,2602,0
205574,5.823,4.614,-7.149,-0.183,0.286,-0.106,4095,0
205594,5.832,4.731,-7.113,-0.069,0.284,-0.150,4095,0
205614,5.825,4.824,-6.900,-0.074,0.313,-0.173,4095,0
205634,5.729,4.999,-6.591,-0.064,0.274,-0.181,4095,0
205654,5.744,5.085,-6.349,-0.245,0.275,-0.215,4095,0
205674,5.737,5.239,-6.112,-0.235,0.264,-0.235,4095,0
205694,5.911,5.531,-6.347,-0.173,0.245,-0.224,4095,0
205714,6.187,5.921,-6.563,-0.098,0.310,-0.157,4095,0
205734,5.382,6.306,-7.484,0.242,0.366,-0.044,4095,0
205754,4.633,4.913,-6.443,-0.067,-0.108,-0.035,4095,0
205774,5.646,5.866,-5.954,-0.223,0.182,0.015,4095,0
205794,5.128,5.219,-6.448,-0.405,0.054,-0.045,3902,0
205814,6.062,5.320,-5.938,-0.650,-0.044,-0.325,2547,0
205834,5.411,5.820,-5.308,-1.200,-0.093,-0.394,2544,0
205854,5.887,5.954,-5.839,-1.670,-0.218,-0.545,2546,0
205874,5.289,6.318,-4.635,-2.287,-0.338,-0.326,2670,0
205894,6.031,6.510,-4.927,-2.483,-0.448,-0.475,4095,0
205914,5.157,6.598,-4.927,-2.673,-0.464,-0.597,3483,9
205934,5.713,6.512,-5.133,-2.662,-0.392,-0.953,2873,0
205954,4.894,6.804,-5.485,-2.621,-0.327,-1.043,2907,0
205974,4.870,6.946,-5.119,-2.522,-0.198,-0.786,2943,0
205994,4.860,7.333,-4.298,-1.915,-0.199,-0.471,2973,0
206014,4.743,7.429,-3.632,-1.387,-0.111,-0.318,3004,0
206034,4.755,8.724,-3.924,-0.921,-0.228,-0.311,3025,0
206054,1.918,12.795,-3.804,-1.980,-0.680,0.212,3020,0
206074,3.103,14.487,-5.047,-4.094,-1.633,0.827,3014,0
206094,-0.163,16.091,-6.177,-7.323,-1.961,1.828,3009,0
206114,4.915,12.186,-9.780,-8.731,-1.915,2.320,3002,0
206134,5.784,6.141,-5.866,-8.731,-1.360,2.673,2990,0
206154,6.208,2.670,-3.452,-8.731,-0.410,2.811,2959,0
206174,4.992,-0.079,0.819,-8.731,-0.498,3.037,2922,0
206194,5.155,-0.888,1.808,-6.640,-0.787,2.943,2870,0
206214,6.886,-2.715,4.231,-2.964,-0.761,2.687,2797,0
206234,7.633,-0.702,5.753,-0.185,-0.386,2.338,2715,0
206254,8.049,2.143,5.248,1.208,-0.352,1.703,2648,0
206274,8.507,4.389,4.302,0.729,0.009,1.162,2559,0
206294,8.337,4.063,4.221,-0.489,0.285,0.918,2509,0
206314,8.617,2.488,5.296,-1.415,0.545,0.798,2464,0
206334,8.526,1.089,5.988,-1.300,0.810,0.629,2439,0
206354,7.477,1.018,5.938,-0.843,0.849,0.507,2424,0
206374,7.458,1.317,6.527,-0.575,0.427,0.424,2430,0
206394,7.891,0.694,6.855,-0.179,0.272,0.117,2447,0
206414,7.614,0.836,7.096,0.137,0.200,-0.140,2480,0
206434,7.355,1.535,6.510,0.267,0.101,-0.312,2514,0
206454,7.396,1.745,6.100,0.176,0.001,-0.394,2553,0
206474,7.013,1.856,6.026,0.050,0.054,-0.374,2593,0
206494,6.898,2.322,6.069,-0.184,-0.010,-0.172,2612,0
206514,7.259,1.990,6.144,-0.287,-0.023,-0.008,2617,0
206534,7.690,2.021,6.084,-0.248,0.082,0.018,2616,0
206554,7.635,2.164,5.748,-0.361,0.158,-0.048,2615,0
206574,7.424,1.793,5.971,-0.485,0.191,-0.096,2612,0
206594,7.065,1.621,6.424,-0.318,0.148,-0.038,2609,0
206614,7.063,2.052,6.280,-0.187,0.053,0.045,2607,0
206634,7.072,2.236,6.096,-0.285,0.063,0.026,2607,0
206654,6.960,2.552,6.081,-0.537,0.018,-0.006,2603,0
206674,7.283,2.332,6.239,-0.702,-0.114,-0.024,2598,0
206694,7.238,1.709,6.438,-0.579,-0.150,0.008,2593,0
206714,7.132,1.963,6.606,-0.349,-0.204,0.155,2590,0
206734,7.259,2.219,6.512,-0.422,-0.413,0.305,2585,0
206754,7.707,0.950,6.500,-0.408,-0.531,0.387,2584,0
206774,8.049,0.730,6.280,-0.028,-0.386,0.392,2584,0
206794,7.776,1.030,5.976,0.122,-0.158,0.307,2584,0
206814,7.228,0.986,6.158,0.018,-0.127,0.299,2559,0
206834,7.039,0.713,6.543,0.071,-0.249,0.395,2584,0
206854,7.324,0.634,6.472,0.252,-0.352,0.469,2585,0
206874,7.693,0.709,5.995,0.362,-0.270,0.413,2586,0
206894,7.920,0.907,5.962,0.266,-0.135,0.289,2585,0
206914,7.788,0.967,6.038,0.134,-0.037,0.186,2582,0
206934,7.891,0.721,6.172,0.092,0.011,0.102,2583,0
206954,7.989,0.625,6.201,0.218,0.098,0.013,2583,0
206974,7.745,0.895,6.184,0.269,0.158,-0.051,2583,0
206994,7.551,1.053,6.294,0.231,0.177,-0.070,2585,0
207014,7.420,1.132,6.323,0.189,0.191,-0.058,2584,0
207034,7.353,1.199,6.383,0.106,0.146,-0.029,2586,0
207054,7.523,1.027,6.381,0.057,0.066,-0.001,2586,0
207074,7.695,0.917,6.340,0.098,0.025,0.005,2585,0
207094,7.836,1.132,6.230,0.084,0.010,-0.006,2587,0
207114,7.901,1.104,6.323,0.054,0.028,-0.025,2588,0
207134,7.894,1.063,6.333,0.110,0.058,-0.037,2591,0
207154,7.755,0.962,6.220,0.212,0.094,-0.059,2597,0
207174,7.496,1.142,6.053,0.263,0.086,-0.066,2601,0
207194,7.338,1.219,6.029,0.201,0.042,-0.054,2603,0
207214,7.276,1.166,6.031,0.130,-0.015,-0.046,2604,0
207234,7.295,1.137,6.084,0.143,-0.044,-0.059,2605,0
207254,7.451,1.221,6.098,0.190,-0.065,-0.050,2606,0
207274,7.515,1.274,6.091,0.232,-0.050,-0.044,2606,0
207294,7.527,1.381,6.048,0.223,-0.026,-0.046,2604,0
207314,7.551,1.504,6.177,0.141,-0.029,-0.031,2602,0
207334,7.592,1.480,6.254,0.087,-0.012,-0.029,2601,0
207354,7.599,1.441,6.337,0.054,-0.004,-0.027,2597,0
207374,7.597,1.420,6.388,0.081,-0.004,-0.034,2597,0
207394,7.513,1.506,6.347,0.106,-0.024,-0.042,2597,0
207414,7.503,1.439,6.359,0.099,-0.061,-0.029,2595,0
207434,7.527,1.398,6.311,0.111,-0.079,-0.006,2592,0
207454,7.542,1.408,6.187,0.108,-0.094,0.006,2591,0
207474,7.506,1.374,6.182,0.101,-0.095,0.003,2589,0
207494,7.499,1.379,6.148,0.110,-0.092,-0.011,2589,0
207514,7.503,1.362,6.081,0.098,-0.098,-0.037,2587,0
207534,7.523,1.346,6.033,0.096,-0.101,-0.053,2587,0
207554,7.554,1.374,6.005,0.096,-0.107,-0.060,2582,0
207574,7.585,1.384,5.986,0.095,-0.089,-0.068,2580,0
207594,7.549,1.429,6.019,0.111,-0.064,-0.083,2573,0
207614,7.575,1.456,6.017,0.140,-0.054,-0.085,2559,0
207634,7.614,1.508,6.043,0.205,-0.042,-0.088,2564,0
207654,7.690,1.516,6.017,0.275,-0.005,-0.124,2559,0
207674,7.956,1.420,6.124,0.393,0.133,-0.231,2561,0
207694,7.958,1.032,6.203,0.684,0.405,-0.411,2582,0
207714,7.379,1.085,5.794,1.012,0.672,-0.593,2596,0
207734,6.721,2.361,5.593,0.728,0.645,-0.563,2676,0
207754,6.524,2.131,5.602,0.355,0.461,-0.361,2792,0
207774,6.591,2.138,5.672,0.086,0.427,-0.282,2894,0
207794,6.716,2.219,6.292,-0.160,0.358,-0.200,2983,0
207814,6.677,2.478,6.598,-0.379,0.302,-0.154,3043,0
207834,7.063,2.057,6.879,-0.790,0.014,-0.252,3095,0
207854,7.479,1.176,7.683,-0.623,-0.084,-0.516,3136,0
207874,6.800,1.717,7.396,-0.198,-0.068,-0.673,3157,0
207894,6.364,3.043,6.558,-0.196,-0.186,-0.551,3170,0
207914,7.537,3.079,7.175,-0.454,-0.139,-0.447,3176,0
207934,7.216,3.656,7.298,-0.733,-0.057,-0.247,3181,0
207954,6.297,4.757,6.124,-0.688,-0.144,0.017,3184,0
207974,7.219,4.640,5.748,-0.524,-0.144,0.242,3183,0
207994,6.996,5.842,5.341,-0.492,0.019,0.650,3178,0
208014,6.512,6.088,4.985,-0.498,0.179,1.233,3170,0
208034,6.622,4.896,4.990,-0.211,0.566,1.718,3155,0
208054,7.116,3.390,5.595,-0.078,1.014,1.917,3139,0
208074,7.041,1.283,8.068,-0.454,0.775,1.864,3122,0
208094,5.377,-2.105,8.246,-0.885,0.414,1.633,3109,0
208114,6.603,-5.313,9.404,-0.349,-0.315,0.873,3096,0
208134,6.761,-5.947,9.210,-0.051,-0.824,0.087,3088,0
208154,6.213,-5.499,8.279,-0.000,-1.231,-0.625,3085,0
208174,5.899,-5.133,7.678,-0.038,-1.606,-1.393,3084,0
208194,7.242,-5.030,7.913,-0.355,-1.825,-2.222,3083,0
208214,6.455,-4.123,7.209,-0.112,-1.778,-2.730,3084,0
208234,7.341,-0.261,6.127,0.226,-1.411,-3.138,3088,0
208254,5.777,3.014,4.266,0.192,-0.752,-2.825,3087,0
208274,5.136,6.479,3.182,0.282,-0.351,-2.174,3086,0
208294,5.918,9.768,2.832,0.201,0.130,-0.868,3070,0
208314,5.818,11.042,2.052,0.159,0.531,0.458,3064,0
208334,7.144,9.895,2.698,0.089,1.128,1.543,3062,0
208354,7.638,8.435,3.725,0.401,1.849,2.213,3056,0
208374,7.005,6.457,5.205,0.218,2.311,2.631,3043,0
208394,6.155,3.225,7.752,-0.432,2.096,2.709,3016,0
208414,5.784,-1.058,10.314,-0.847,1.266,2.587,2983,0
208434,6.211,-4.616,11.746,-0.550,0.128,1.989,2968,0
208454,7.144,-6.359,10.829,-0.089,-0.686,0.991,2953,0
208474,7.178,-6.519,10.008,0.225,-1.004,0.018,2950,0
208494,6.895,-5.332,9.179,0.322,-1.132,-0.667,2947,0
208514,6.644,-4.001,8.052,0.211,-1.195,-1.003,2947,0
208534,6.900,-1.149,5.540,0.060,-1.216,-1.314,2943,0
208554,6.972,0.924,3.318,0.088,-1.031,-1.440,2944,0
208574,7.159,3.883,1.963,0.370,-0.457,-1.396,2944,0
208594,6.998,5.741,1.279,0.306,0.381,-0.890,2944,0
208614,6.582,7.427,1.935,-0.002,1.238,-0.026,2941,0
208634,5.696,7.422,3.211,-0.541,1.820,0.972,2938,0
208654,5.420,5.306,5.890,-0.967,2.200,1.772,2932,0
208674,4.987,1.958,8.080,-1.018,2.377,2.098,2909,0
208694,4.616,-1.089,10.391,-1.215,1.948,2.082,2905,0
208714,5.009,-4.324,11.878,-1.071,1.086,1.639,2883,0
208734,5.758,-6.304,12.524,-0.466,0.281,0.923,2869,0
208754,6.333,-6.175,11.842,0.057,-0.349,0.136,2861,0
208774,6.495,-5.179,10.625,0.049,-0.868,-0.627,2849,0
208794,6.931,-4.489,9.474,0.008,-1.353,-1.410,2844,0
208814,7.140,-3.670,7.946,0.645,-1.636,-2.163,2841,0
208834,6.541,-0.668,5.399,1.947,-1.778,-2.928,2834,0
208854,5.590,3.318,2.246,2.562,-1.615,-2.922,2832,0
208874,5.025,7.448,0.098,1.985,-1.228,-1.962,2832,0
208894,4.827,9.486,-0.266,0.987,-0.225,-0.304,2830,0
208914,4.664,9.151,-0.335,-0.161,0.986,1.326,2828,0
208934,5.947,7.125,2.095,-1.039,1.985,2.307,2820,0
208954,6.041,4.336,5.787,-1.817,2.705,2.466,2808,0
208974,4.927,0.503,9.160,-2.076,2.348,2.197,2787,0
208994,6.390,-3.730,12.510,-1.860,1.264,1.504,2758,0
209014,6.934,-6.644,13.692,-0.671,0.093,0.748,2739,0
209034,7.551,-6.732,13.089,0.560,-1.005,-0.332,2736,0
209054,8.904,-5.526,12.131,1.171,-1.494,-1.267,2727,0
209074,7.702,-3.065,9.155,1.703,-1.742,-1.791,2736,0
209094,7.238,0.972,5.986,1.811,-1.843,-1.876,2744,0
209114,5.825,4.113,3.218,1.316,-1.673,-1.022,2755,0
209134,5.023,5.789,0.922,0.658,-1.119,0.299,2770,0
209154,6.323,6.888,1.290,-0.211,0.046,1.672,2769,0
209174,5.545,4.606,2.878,-0.997,1.387,2.852,2766,0
209194,4.887,2.172,5.813,-1.990,1.794,2.904,2751,0
209214,4.705,-3.570,10.096,-2.899,0.710,2.349,2734,0
209234,5.365,-8.353,10.649,-1.649,-0.974,0.954,2730,0
209254,7.817,-9.902,11.835,0.488,-2.417,-1.283,2729,0
209274,10.367,-12.589,11.535,2.207,-2.856,-2.978,2735,0
209294,10.068,-5.327,8.095,3.682,-2.536,-4.248,2742,0
209314,9.462,-1.283,5.533,3.793,-1.745,-5.162,2754,0
209334,6.347,2.004,2.897,3.706,-1.381,-5.200,2774,0
209354,3.905,8.169,0.278,2.898,-0.986,-3.616,2788,0
209374,3.682,10.470,-1.714,1.761,-0.220,-1.385,2796,0
209394,4.259,11.609,-2.392,0.221,0.742,0.895,2799,0
209414,5.037,9.426,-0.172,-1.290,1.916,2.296,2819,0
209434,6.120,7.257,2.974,-2.088,2.624,2.703,2830,0
209454,6.665,4.250,5.780,-2.486,2.768,2.644,2829,0
209474,6.718,1.583,8.420,-2.741,2.329,2.435,2817,0
209494,6.756,-1.499,9.886,-2.839,1.258,2.102,2801,0
209514,7.343,-4.501,10.824,-2.293,0.084,1.361,2794,0
209534,8.212,-6.246,10.910,-1.283,-0.942,0.066,2791,0
209554,8.574,-6.416,10.130,0.303,-1.466,-1.370,2791,0
209574,8.320,-4.810,8.435,1.810,-1.601,-2.523,2792,0
209594,7.468,-2.191,6.213,2.951,-1.528,-3.368,2799,0
209614,6.115,0.383,4.025,3.710,-1.330,-3.908,2806,0
209634,4.477,3.618,1.915,3.903,-0.971,-3.708,2814,0
209654,3.845,7.482,-0.453,3.313,-0.602,-2.702,2814,0
209674,4.195,11.607,-1.630,1.895,0.020,-0.887,2802,0
209694,4.858,12.577,-1.195,-0.653,0.974,1.156,2798,0
209714,5.420,9.919,1.231,-2.957,1.974,2.569,2793,0
209734,6.203,6.122,4.970,-3.883,2.598,3.085,2787,0
209754,6.565,2.708,7.561,-4.068,2.564,3.048,2779,0
209774,6.768,-0.364,9.347,-3.797,1.862,2.556,2768,0
209794,7.214,-3.886,10.848,-2.451,0.772,1.614,2757,0
209814,7.506,-5.684,11.234,-0.238,-0.240,0.326,2753,0
209834,7.353,-4.575,10.357,1.882,-0.900,-0.896,2748,0
209854,7.106,-0.778,8.674,2.883,-1.120,-1.516,2747,0
209874,6.828,3.213,6.304,2.187,-1.221,-1.293,2741,0
209894,6.388,5.320,4.954,0.371,-1.007,-0.386,2736,0
209914,5.823,4.341,4.583,-1.189,-0.486,0.521,2736,0
209934,6.656,2.538,4.693,-1.667,0.064,0.895,2736,0
209954,7.326,1.434,5.246,-1.477,0.426,0.812,2732,0
209974,6.788,0.632,5.624,-0.684,0.541,0.467,2733,0
209994,6.558,0.455,5.823,0.319,0.386,0.001,2732,0
210014,7.228,0.821,6.634,0.848,0.119,-0.267,2730,0
210034,6.464,1.920,7.077,1.071,-0.134,-0.220,2726,0
210054,7.106,1.235,7.156,1.183,-0.196,-0.297,2728,0
210074,8.169,-0.069,8.310,1.721,-0.150,-0.728,2729,0
210094,7.645,0.043,9.122,2.826,-0.248,-1.216,2729,0
210114,6.814,0.991,7.630,4.145,-0.546,-1.675,2730,0
210134,7.171,0.661,6.780,5.452,-0.593,-2.220,2733,0
210154,7.049,0.706,6.206,7.229,-0.362,-2.905,2735,0
210174,5.540,2.452,2.825,8.731,-0.284,-3.374,2739,0
210194,4.606,4.094,0.658,8.731,-0.378,-3.663,2752,0
210214,3.081,5.574,-2.449,8.731,-0.107,-3.619,2770,0
210234,2.253,8.157,-4.456,8.731,-0.119,-2.888,2794,0
210254,3.464,10.429,-4.827,8.245,-0.226,-2.061,2805,0
210274,2.598,9.993,-5.468,6.424,-0.179,-1.240,2809,0
210294,3.211,10.070,-5.394,4.160,-0.133,-0.612,2813,0
210314,4.075,10.422,-5.811,2.225,-0.148,-0.434,2816,0
210334,3.687,9.641,-6.079,0.356,-0.272,-0.184,2825,0
210354,3.761,9.625,-6.699,-0.758,-0.433,-0.061,2821,0
210374,3.869,9.740,-6.531,-1.880,-0.475,0.074,2830,0
210394,3.503,11.032,-6.615,-3.156,-0.525,0.315,2827,0
210414,3.469,12.067,-6.493,-4.712,-0.653,0.684,2827,0
210434,3.383,12.735,-6.235,-6.306,-0.743,1.175,2822,0
210454,3.352,12.139,-6.704,-8.387,-0.528,1.653,2812,0
210474,2.667,9.117,-5.777,-8.731,-0.261,2.084,2799,0
210494,2.267,7.537,-2.859,-8.731,-0.233,2.644,2791,0
210514,2.667,5.966,-1.853,-8.731,-0.752,3.321,2783,0
210534,3.675,3.074,-0.476,-8.731,-0.808,3.984,2777,0
210554,5.076,-1.379,2.813,-8.731,-0.580,4.199,2772,0
210574,6.136,-5.294,5.499,-7.795,-0.077,3.734,2774,0
210594,7.470,-6.744,8.808,-4.037,0.160,2.692,2777,0
210614,7.652,-5.255,8.981,-0.494,-0.010,1.231,2773,0
210634,7.118,-2.090,7.446,1.239,-0.223,-0.058,2771,0
210654,6.797,0.034,7.147,1.351,-0.318,-0.608,2770,0
210674,6.618,0.026,7.338,0.627,-0.250,-0.612,2772,0
210694,6.713,-0.479,7.831,0.133,-0.270,-0.579,2754,0
210714,6.855,-1.693,8.265,0.278,-0.398,-0.864,2770,0
210734,7.104,-2.088,8.229,1.261,-0.509,-1.449,2769,0
210754,7.111,-0.766,7.501,2.398,-0.580,-2.081,2769,0
210774,6.823,1.322,6.517,3.093,-0.538,-2.472,2770,0
210794,6.246,3.895,5.124,3.084,-0.414,-2.498,2772,0
210814,5.339,6.555,3.891,2.202,-0.361,-2.089,2771,0
210834,4.592,9.074,2.636,0.663,-0.277,-1.063,2769,0
210854,4.798,9.907,2.303,-1.114,-0.039,0.443,2750,0
210874,5.504,8.461,3.067,-2.500,0.450,1.869,2768,0
210894,6.345,5.653,4.738,-2.802,1.055,2.628,2768,0
210914,6.788,2.662,6.819,-2.105,1.623,2.601,2768,0
210934,6.800,0.737,8.973,-1.462,1.437,1.853,2758,0
210954,6.723,-1.808,10.503,-0.019,0.339,0.440,2746,0
210974,7.271,-4.597,11.202,2.624,-0.877,-1.289,2741,0
210994,7.582,-3.567,9.649,5.537,-1.178,-2.593,2746,0
211014,7.056,0.900,6.505,6.926,-0.811,-3.247,2749,0
211034,5.756,5.631,3.795,6.542,-0.222,-3.134,2754,0
211054,3.936,12.007,2.054,3.872,-0.535,-1.915,2746,0
211074,3.342,14.016,-0.333,-0.284,-0.984,0.346,2730,0
211094,3.642,10.724,-0.350,-4.034,-0.319,2.415,2722,0
211114,5.155,5.995,1.918,-5.848,0.388,3.470,2731,0
211134,6.285,2.650,3.859,-6.081,0.796,3.474,2739,0
211154,6.943,-0.268,5.823,-5.089,1.055,2.882,2738,0
211174,7.697,-3.122,8.610,-2.718,1.000,1.532,2733,0
211194,7.508,-3.833,9.541,0.805,0.367,0.043,2717,0
211214,6.706,-2.535,8.736,4.058,-0.442,-1.280,2709,0
211234,6.481,0.136,7.621,6.077,-0.938,-1.935,2708,0
211254,6.747,2.947,5.741,6.847,-1.001,-2.097,2709,0
211274,6.986,4.942,4.080,6.605,-0.598,-2.065,2708,0
211294,6.795,5.423,3.314,6.036,0.070,-2.092,2709,0
211314,6.088,4.992,2.665,5.689,0.917,-2.322,2710,0
211334,4.973,3.634,0.611,6.020,1.548,-2.644,2711,0
211354,4.128,4.175,-0.553,7.396,1.689,-2.585,2712,0
211374,3.958,6.584,-3.232,8.730,1.479,-2.243,2708,0
211394,3.445,8.370,-4.475,8.731,1.365,-1.692,2692,0
211414,3.366,10.403,-5.358,8.572,1.374,-1.188,2668,0
211434,3.431,11.277,-5.377,6.745,1.215,-0.870,2638,0
211454,3.043,10.702,-4.489,3.837,1.128,-0.709,2607,0
211474,4.082,10.496,-4.005,1.347,0.682,-0.582,2561,0
211494,3.517,9.890,-4.563,0.749,0.533,-0.201,4095,0
211514,3.637,8.645,-4.635,0.293,0.228,-0.066,4095,0
211534,3.934,7.807,-5.471,0.505,0.091,-0.075,4095,0
211554,3.845,7.039,-5.614,0.827,0.148,-0.056,4095,0
211574,4.331,7.439,-5.581,1.160,0.232,-0.121,4095,0
211594,3.531,8.327,-5.236,1.270,0.307,0.022,2424,0
211614,4.025,8.255,-6.194,1.294,0.315,-0.001,2413,0
211634,3.670,8.404,-5.854,0.970,0.365,0.112,2401,0
211654,4.465,7.705,-6.548,0.955,0.491,0.043,2388,0
211674,3.711,7.592,-6.225,0.820,0.588,0.126,2379,0
211694,4.381,8.145,-6.591,0.984,0.683,0.039,2369,0
211714,4.154,7.113,-6.642,0.796,0.648,0.173,2358,0
211734,4.154,7.616,-6.251,0.795,0.778,0.258,2350,0
211754,4.779,6.986,-6.725,0.967,0.841,0.215,2339,0
211774,4.082,6.608,-6.167,0.858,0.722,0.369,2329,0
211794,4.365,7.451,-5.717,0.773,0.713,0.346,2320,0
211814,4.805,6.270,-6.258,0.511,0.671,0.325,2317,0
211834,4.556,7.058,-5.385,0.361,0.634,0.342,2310,0
211854,5.310,5.890,-6.086,0.327,0.630,0.179,2307,0
211874,4.963,5.499,-5.746,0.142,0.500,0.217,2302,0
211894,4.860,6.668,-4.934,0.226,0.411,0.236,2301,0
211914,5.624,5.612,-5.796,0.254,0.268,0.129,2300,0
211934,4.877,6.074,-5.049,0.004,0.107,0.256,2299,0
211954,5.492,6.230,-5.047,0.082,0.064,0.191,2298,0
211974,5.389,5.174,-5.669,-0.092,-0.066,0.180,2299,0
211994,5.069,6.517,-4.645,-0.018,-0.091,0.249,2299,0
212014,5.514,5.318,-5.607,-0.013,-0.167,0.152,2302,0
212034,5.437,5.818,-5.160,0.045,-0.111,0.150,2303,0
212054,5.461,5.748,-5.454,0.021,-0.165,0.116,2303,0
212074,5.480,5.859,-5.641,-0.010,-0.184,0.090,2303,0
212094,5.476,5.832,-5.729,-0.027,-0.192,0.075,2303,0
212114,5.483,5.794,-5.827,-0.037,-0.165,0.050,2304,0
212134,5.442,5.818,-5.911,-0.019,-0.135,0.012,2305,0
212154,5.420,5.856,-5.947,-0.034,-0.111,0.014,2301,0
212174,5.447,5.902,-6.038,-0.023,-0.103,-0.001,2305,0
212194,5.449,5.971,-6.074,-0.023,-0.074,0.004,2306,0
212214,5.447,6.079,-6.103,-0.054,-0.059,0.011,2306,0
212234,5.428,6.081,-6.112,-0.089,-0.020,0.070,2307,0
212254,5.423,6.091,-6.093,-0.056,0.008,0.139,2306,0
212274,5.444,6.163,-6.079,0.038,0.001,0.149,2306,0
212294,5.454,6.211,-6.031,0.065,0.013,0.133,2307,0
212314,5.459,6.179,-5.997,0.047,0.062,0.115,2306,0
212334,5.464,6.124,-5.957,0.075,0.107,0.097,2306,0
212354,5.531,6.112,-5.923,0.054,0.149,0.100,2306,0
212374,5.581,6.041,-5.835,0.041,0.138,0.086,2305,0
212394,5.657,5.976,-5.825,0.037,0.121,0.071,2305,0
212414,5.720,5.859,-5.827,0.039,0.130,0.070,2304,0
212434,5.713,5.770,-5.713,0.073,0.123,0.069,2304,0
212454,5.703,5.782,-5.653,0.114,0.109,0.064,2304,0
212474,5.689,5.842,-5.614,0.098,0.101,0.039,2303,0
212494,5.689,5.806,-5.538,0.027,0.102,0.028,2303,0
212514,5.737,5.748,-5.488,-0.030,0.091,0.023,2302,0
212534,5.696,5.916,-5.066,-0.063,0.019,0.040,2301,0
212554,5.420,6.424,-4.975,0.065,0.124,0.019,2299,0
212574,5.428,5.854,-5.215,-0.037,-0.002,0.004,2301,0
212594,5.863,6.182,-5.210,0.066,0.037,-0.011,2303,0
212614,5.296,6.079,-5.195,-0.147,-0.028,0.015,2304,0
212634,6.139,5.933,-5.444,0.047,-0.011,-0.055,2302,0
212654,5.483,5.780,-5.507,-0.142,-0.082,-0.023,2303,0
212674,5.430,6.658,-4.884,0.000,-0.038,0.022,2302,0
212694,6.172,5.349,-5.938,0.021,-0.075,-0.083,2302,0
212714,5.191,6.632,-5.057,-0.074,-0.060,0.041,2303,0
212734,6.177,5.758,-5.729,0.036,-0.067,-0.065,2302,0
212754,5.346,5.918,-5.514,-0.160,-0.112,0.015,2303,0
212774,5.859,6.397,-5.298,0.043,-0.067,0.001,2304,0
212794,5.902,5.397,-6.057,-0.068,-0.117,-0.022,2306,0
212814,5.401,6.675,-5.040,-0.006,-0.066,0.074,2303,0
212834,6.235,5.478,-6.065,0.054,-0.073,-0.066,2304,0
212854,5.296,6.201,-5.339,-0.082,-0.074,0.051,2307,0
212874,6.005,6.175,-5.480,0.089,-0.032,-0.023,2305,0
212894,5.751,5.413,-5.940,-0.058,-0.077,-0.012,2306,0
212914,5.437,6.651,-4.963,0.046,-0.028,0.048,2306,0
212934,6.242,5.461,-6.069,0.057,-0.052,-0.075,2307,0
212954,5.315,6.235,-5.301,-0.087,-0.056,0.042,2306,0
212974,5.976,6.304,-5.464,0.048,-0.018,-0.035,2307,0
212994,5.720,5.461,-5.986,-0.118,-0.071,-0.026,2306,0
213014,5.732,6.163,-5.452,0.057,0.011,0.008,2308,0
213034,5.789,6.029,-5.559,-0.048,-0.089,0.005,2310,0
213054,5.782,6.096,-5.454,-0.037,-0.052,-0.014,2309,0
213074,5.727,6.091,-5.452,-0.058,-0.047,-0.017,2310,0
213094,5.681,6.009,-5.406,-0.044,-0.045,-0.020,2310,0
213114,5.653,6.007,-5.401,0.003,-0.043,-0.006,2312,0
213134,5.662,6.069,-5.399,0.037,-0.062,-0.002,2312,0
213154,5.634,6.179,-5.428,-0.002,-0.089,-0.008,2312,0
213174,5.602,6.129,-5.476,-0.055,-0.103,-0.013,2313,0
213194,5.648,6.139,-5.459,-0.066,-0.087,-0.015,2298,0
213214,5.681,6.220,-5.538,-0.079,-0.065,-0.022,2314,0
213234,5.674,6.136,-5.509,-0.093,-0.049,-0.021,2314,0
213254,5.593,6.160,-5.478,-0.065,-0.054,-0.026,2305,0
213274,5.595,6.218,-5.428,-0.047,-0.068,-0.020,2317,0
213294,5.598,6.199,-5.385,-0.054,-0.062,-0.015,2317,0
213314,5.612,6.218,-5.375,-0.051,-0.046,-0.021,2318,0
213334,5.590,6.254,-5.358,-0.062,-0.048,-0.020,2318,0
213354,5.595,6.242,-5.344,-0.057,-0.061,-0.008,2316,0
213374,5.593,6.275,-5.279,-0.034,-0.079,-0.008,2319,0
213394,5.586,6.378,-5.315,-0.053,-0.104,-0.011,2319,0
213414,5.557,6.385,-5.282,-0.119,-0.132,-0.001,2320,0
213434,5.547,6.428,-5.229,-0.141,-0.149,0.004,2319,0
213454,5.533,6.560,-5.200,-0.191,-0.203,-0.002,2321,0
213474,5.502,6.756,-5.128,-0.346,-0.316,-0.004,2321,0
213494,5.375,7.053,-5.095,-0.606,-0.458,-0.029,2322,0
213514,5.198,7.518,-5.069,-1.030,-0.694,-0.101,2292,0
213534,5.061,7.420,-4.927,-1.714,-1.106,-0.242,2324,0
213554,4.709,7.477,-4.590,-2.516,-1.406,-0.350,2336,0
213574,4.937,7.520,-4.329,-2.891,-1.480,-0.574,2346,0
213594,4.266,7.915,-4.492,-3.362,-1.516,-0.598,2355,0
213614,4.159,7.752,-3.527,-3.436,-1.522,-0.670,2372,0
213634,4.159,6.883,-3.105,-3.059,-1.677,-0.615,2388,0
213654,4.056,8.308,-3.594,-3.237,-1.629,-0.392,2404,0
213674,5.066,8.502,-2.887,-3.709,-1.494,-0.248,2413,0
213694,4.377,7.293,-2.583,-2.915,-1.110,-0.131,2422,0
213714,4.434,7.298,-1.669,-2.063,-0.805,-0.203,2429,0
213734,4.175,7.740,-1.760,-0.591,-0.736,-0.361,2432,0
213754,4.245,8.732,-1.635,0.152,-0.700,-0.295,2432,0
213774,3.338,9.179,-2.440,0.657,-0.716,-0.079,2431,0
213794,4.329,10.137,-2.433,0.379,-0.537,-0.059,2431,0
213814,3.060,9.433,-2.631,-0.268,-0.373,0.037,2428,0
213834,3.934,9.948,-2.538,-0.608,-0.204,-0.112,2426,0
213854,3.792,9.711,-2.155,-1.298,-0.179,-0.059,2421,0
213874,2.823,9.242,-2.921,-1.550,-0.217,0.033,2405,0
213894,4.250,9.208,-1.846,-1.473,-0.148,0.029,2413,0
213914,3.100,8.420,-1.223,-1.591,-0.165,0.165,2411,0
213934,3.831,8.334,-1.041,-1.117,-0.202,0.046,2409,0
213954,4.195,8.708,-0.498,-1.010,-0.125,-0.000,2407,0
213974,2.952,8.674,-0.589,-0.799,-0.128,0.001,2403,0
213994,4.611,8.808,-0.357,-0.519,-0.068,-0.172,2404,0
214014,3.505,8.763,-0.081,-0.495,-0.023,-0.145,2404,0
214034,3.539,9.062,0.225,-0.312,-0.054,-0.143,2402,0
214054,3.529,9.397,0.170,-0.314,-0.087,-0.080,2406,0
214074,3.524,9.294,0.237,-0.445,-0.080,-0.018,2416,0
214094,3.558,9.108,0.522,-0.433,-0.094,-0.015,2429,0
214114,3.601,8.997,0.737,-0.328,-0.116,-0.043,2443,0
214134,3.673,8.940,0.539,-0.218,-0.150,-0.067,2456,0
214154,3.541,8.914,0.254,-0.171,-0.079,-0.030,2467,0
214174,3.553,9.024,0.539,-0.019,-0.049,-0.019,2476,0
214194,3.587,9.141,0.488,0.119,-0.028,-0.043,2480,0
214214,3.543,9.246,0.474,0.181,-0.052,-0.011,2485,0
214234,3.484,9.325,0.278,0.133,-0.078,0.036,2495,0
214254,3.539,9.301,0.170,0.096,-0.083,0.027,2502,0
214274,3.618,9.227,0.134,0.100,-0.040,-0.005,2507,0
214294,3.613,9.177,0.146,0.120,0.012,-0.025,2512,0
214314,3.522,9.158,0.065,0.078,0.019,-0.039,2513,0
214334,3.519,9.112,0.084,0.040,0.018,-0.030,2513,0
214354,3.515,9.088,0.211,0.056,0.016,-0.038,2513,0
214374,3.519,9.088,0.311,0.099,0.012,-0.047,2512,0
214394,3.603,9.091,0.294,0.120,0.037,-0.045,2511,0
214414,3.613,9.110,0.306,0.081,0.062,-0.025,2512,0
214434,3.615,9.069,0.352,0.058,0.070,-0.014,2512,0
214454,3.601,9.103,0.443,0.086,0.075,-0.025,2511,0
214474,3.579,9.134,0.460,0.094,0.053,-0.039,2511,0
214494,3.505,9.136,0.414,0.061,0.034,-0.044,2510,0
214514,3.496,9.100,0.460,0.032,0.017,-0.039,2508,0
214534,3.508,9.096,0.491,0.030,0.000,-0.021,2508,0
214554,3.570,9.139,0.496,0.055,-0.022,-0.015,2506,0
214574,3.563,9.199,0.424,0.054,-0.033,-0.031,2505,0
214594,3.529,9.172,0.383,0.041,-0.028,-0.039,2504,0
214614,3.541,9.182,0.350,0.063,-0.028,-0.030,2498,0
214634,3.512,9.201,0.302,0.099,-0.037,-0.013,2493,0
214654,3.500,9.179,0.251,0.138,-0.039,-0.004,2489,0
214674,3.493,9.163,0.204,0.166,-0.039,-0.010,2485,0
214694,3.488,9.208,0.163,0.178,-0.032,-0.016,2483,0
214714,3.491,9.222,0.129,0.181,-0.039,-0.026,2483,0
214734,3.486,9.179,0.124,0.180,-0.040,-0.028,2480,0
214754,3.491,9.194,0.086,0.157,-0.044,-0.003,2479,0
214774,3.474,9.239,0.067,0.137,-0.047,0.017,2479,0
214794,3.460,9.215,0.103,0.079,-0.043,-0.010,2479,0
214814,3.431,9.098,0.074,0.021,-0.027,-0.046,2479,0
214834,3.421,9.012,0.158,0.017,-0.033,-0.067,2478,0
214854,3.385,8.947,0.175,0.061,-0.078,-0.092,2478,0
214874,3.409,9.017,0.194,0.176,-0.098,-0.100,2476,0
214894,3.474,9.208,0.175,0.265,-0.098,-0.078,2476,0
214914,3.436,9.249,0.060,0.306,-0.092,-0.057,2473,0
214934,3.512,9.124,0.053,0.350,-0.071,-0.063,2470,0
214954,3.584,9.086,-0.079,0.419,-0.031,-0.071,2469,0
214974,3.551,9.139,-0.177,0.503,-0.020,-0.051,2466,0
214994,3.488,9.115,-0.299,0.536,-0.014,-0.046,2465,0
215014,3.433,9.043,-0.400,0.540,0.002,-0.061,2465,0
215034,3.419,9.021,-0.496,0.527,0.015,-0.078,2465,0
215054,3.376,9.158,-0.594,0.489,0.013,-0.086,2466,0
215074,3.268,9.203,-0.663,0.412,0.002,-0.092,2465,0
215094,3.218,9.177,-0.642,0.341,-0.008,-0.094,2465,0
215114,3.184,9.167,-0.692,0.308,-0.029,-0.110,2464,0
215134,3.191,9.292,-0.812,0.289,-0.053,-0.122,2465,0
215154,3.153,9.421,-0.833,0.247,-0.079,-0.105,2464,0
215174,3.103,9.524,-0.874,0.197,-0.116,-0.092,2465,0
215194,3.103,9.555,-0.950,0.137,-0.144,-0.084,2466,0
215214,3.081,9.524,-0.984,0.085,-0.159,-0.064,2469,0
215234,3.086,9.500,-1.156,0.067,-0.166,-0.028,2471,0
215254,3.199,9.443,-1.176,0.073,-0.159,0.015,2477,0
215274,3.273,9.309,-1.231,0.085,-0.133,0.030,2480,0
215294,3.361,9.201,-1.269,0.103,-0.095,0.028,2481,0
215314,3.376,9.177,-1.293,0.095,-0.049,0.033,2481,0
215334,3.311,9.141,-1.233,0.054,-0.011,0.022,2482,0
215354,3.244,9.081,-1.149,-0.012,0.023,-0.022,2483,0
215374,3.189,9.050,-1.020,-0.061,0.056,-0.063,2483,0
215394,3.091,9.057,-0.905,-0.070,0.067,-0.083,2485,0
215414,2.990,9.203,-0.809,-0.042,0.055,-0.087,2485,0
215434,2.954,9.388,-0.735,-0.018,0.027,-0.078,2486,0
215454,2.919,9.558,-0.706,-0.033,-0.006,-0.066,2486,0
215474,2.907,9.699,-0.776,-0.079,-0.043,-0.052,2487,0
215494,2.988,9.744,-0.816,-0.121,-0.080,-0.027,2491,0
215514,3.084,9.632,-0.905,-0.138,-0.101,0.009,2493,0
215534,3.129,9.371,-0.998,-0.113,-0.096,0.052,2498,0
215554,3.223,9.246,-1.010,-0.016,-0.082,0.102,2504,0
215574,3.378,9.244,-1.104,0.084,-0.059,0.130,2507,0
215594,3.452,9.220,-1.166,0.117,-0.016,0.135,2511,0
215614,3.450,9.091,-1.120,0.090,0.031,0.118,2510,0
215634,3.450,8.940,-1.077,0.059,0.062,0.096,2512,0
215654,3.467,8.780,-0.898,0.036,0.085,0.072,2511,0
215674,3.460,8.672,-0.800,0.008,0.110,0.027,2515,0
215694,3.393,8.667,-0.661,-0.005,0.130,-0.031,2511,0
215714,3.318,8.729,-0.558,-0.019,0.139,-0.090,2511,0
215734,3.208,8.940,-0.500,-0.018,0.140,-0.121,2512,0
215754,3.067,9.194,-0.491,-0.017,0.117,-0.133,2511,0
215774,3.041,9.416,-0.474,-0.043,0.069,-0.113,2496,0
215794,3.045,9.582,-0.532,-0.042,0.050,-0.090,2482,0
215814,2.995,9.613,-0.567,-0.029,0.032,-0.084,2447,0
215834,2.950,9.692,-0.589,-0.009,0.014,-0.070,2470,0
215854,2.952,9.725,-0.644,0.002,-0.013,-0.044,2465,0
215874,3.045,9.687,-0.785,0.020,-0.056,0.005,2463,0
215894,3.177,9.594,-0.860,0.037,-0.085,0.060,2458,0
215914,3.309,9.462,-0.900,0.027,-0.070,0.080,2459,0
215934,3.314,9.318,-0.936,0.010,-0.023,0.074,2457,0
215954,3.326,9.160,-0.891,-0.001,0.020,0.075,2458,0
215974,3.330,8.988,-0.766,0.022,0.050,0.080,2455,0
215994,3.333,8.890,-0.690,0.065,0.061,0.063,2454,0
216014,3.359,8.827,-0.546,0.077,0.074,0.017,2455,0
216034,3.364,8.830,-0.469,0.044,0.089,-0.036,2453,0
216054,3.285,8.916,-0.381,-0.007,0.100,-0.086,2452,0
216074,3.158,9.019,-0.326,-0.035,0.095,-0.120,2454,0
216094,3.074,9.112,-0.287,-0.018,0.074,-0.135,2454,0
216114,3.026,9.290,-0.318,0.001,0.044,-0.139,2453,0
216134,2.990,9.488,-0.297,0.009,0.019,-0.126,2454,0
216154,2.962,9.601,-0.390,-0.010,-0.004,-0.113,2455,0
216174,2.950,9.656,-0.417,-0.020,-0.023,-0.091,2454,0
216194,2.957,9.634,-0.481,-0.001,-0.049,-0.059,2453,0
216214,2.964,9.553,-0.587,0.025,-0.072,-0.023,2455,0
216234,3.014,9.474,-0.661,0.048,-0.078,0.008,2455,0
216254,3.103,9.455,-0.752,0.047,-0.067,0.028,2456,0
216274,3.153,9.416,-0.764,0.036,-0.042,0.037,2457,0
216294,3.136,9.323,-0.733,0.020,-0.019,0.041,2458,0
216314,3.177,9.285,-0.730,0.020,0.002,0.045,2457,0
216334,3.259,9.230,-0.694,0.013,0.020,0.048,2459,0
216354,3.318,9.088,-0.613,0.004,0.047,0.045,2459,0
216374,3.330,8.897,-0.453,0.016,0.073,0.025,2459,0
216394,3.297,8.825,-0.330,0.041,0.088,-0.020,2459,0
216414,3.251,8.909,-0.223,0.041,0.093,-0.068,2459,0
216434,3.136,9.057,-0.144,0.018,0.084,-0.105,2459,0
216454,3.067,9.115,-0.043,-0.006,0.063,-0.117,2459,0
216474,3.012,9.230,-0.019,0.001,0.025,-0.121,2457,0
216494,2.976,9.407,-0.057,0.016,-0.025,-0.119,2460,0
216514,2.928,9.553,-0.184,0.019,-0.064,-0.104,2457,0
216534,2.931,9.632,-0.283,0.036,-0.094,-0.077,2462,0
216554,2.966,9.692,-0.400,0.074,-0.116,-0.036,2461,0
216574,3.115,10.010,-0.637,0.108,-0.143,-0.009,2462,0
216594,3.275,10.364,-0.831,0.063,-0.137,0.003,2465,0
216614,3.390,10.515,-1.032,-0.025,-0.119,0.034,2466,0
216634,3.314,10.302,-0.939,-0.066,-0.073,0.095,2467,0
216654,3.100,9.855,-0.792,-0.014,-0.031,0.153,2467,0
216674,2.931,9.390,-0.608,0.104,0.013,0.202,2467,0
216694,2.775,8.878,-0.448,0.203,0.031,0.255,2467,0
216714,2.761,8.576,-0.429,0.226,0.019,0.252,2466,0
216734,2.856,8.480,-0.443,0.183,0.017,0.181,2466,0
216754,3.017,8.636,-0.493,0.090,0.028,0.105,2468,0
216774,3.148,8.849,-0.512,0.024,0.027,0.057,2468,0
216794,3.172,8.988,-0.479,-0.003,0.023,0.005,2467,0
216814,3.153,9.153,-0.491,0.017,0.025,-0.040,2465,0
216834,3.184,9.328,-0.488,0.029,0.034,-0.063,2465,0
216854,3.158,9.421,-0.460,0.041,0.044,-0.055,2465,0
216874,3.103,9.361,-0.395,0.047,0.042,-0.033,2465,0
216894,3.124,9.297,-0.333,0.041,0.021,-0.018,2465,0
216914,3.239,9.282,-0.338,0.023,0.004,0.001,2465,0
216934,3.340,9.148,-0.247,-0.005,-0.001,0.009,2466,0
216954,3.373,8.954,-0.148,-0.001,-0.015,-0.007,2466,0
216974,3.326,8.868,-0.096,0.020,-0.034,-0.033,2467,0
216994,3.225,8.729,0.062,0.050,-0.054,-0.044,2469,0
217014,3.117,8.576,0.096,0.067,-0.079,-0.057,2469,0
217034,3.117,8.569,-0.041,0.086,-0.120,-0.079,2471,0
217054,3.168,8.741,-0.208,0.084,-0.155,-0.111,2470,0
217074,3.237,8.887,-0.340,0.060,-0.178,-0.144,2474,0
217094,3.230,8.973,-0.453,0.044,-0.178,-0.175,2473,0
217114,3.148,9.084,-0.515,0.063,-0.166,-0.194,2475,0
217134,3.096,9.268,-0.646,0.104,-0.142,-0.197,2474,0
217154,3.000,9.409,-0.694,0.103,-0.099,-0.191,2476,0
217174,3.010,9.558,-0.745,0.075,-0.057,-0.173,2477,0
217194,3.043,9.574,-0.749,0.061,-0.025,-0.140,2475,0
217214,2.957,9.550,-0.728,0.080,-0.024,-0.111,2477,0
217234,2.933,9.594,-0.781,0.128,-0.032,-0.084,2475,0
217254,3.067,9.759,-0.905,0.194,-0.050,-0.043,2476,0
217274,3.235,9.912,-1.075,0.239,-0.046,0.000,2476,0
217294,3.249,9.902,-1.144,0.263,-0.020,0.033,2478,0
217314,3.072,9.857,-1.109,0.310,0.007,0.068,2477,0
217334,3.010,9.876,-1.092,0.348,0.008,0.096,2477,0
217354,2.974,9.802,-1.053,0.325,0.013,0.124,2478,0
217374,2.966,9.821,-1.128,0.277,0.015,0.147,2477,0
217394,2.911,9.855,-1.118,0.192,0.026,0.154,2478,0
217414,2.849,9.713,-1.020,0.102,0.027,0.157,2476,0
217434,2.828,9.625,-0.936,0.055,0.035,0.148,2477,0
217454,2.780,9.673,-0.989,0.058,0.030,0.151,2476,0
217474,2.849,9.747,-1.006,0.049,0.024,0.185,2474,0
217494,2.873,9.639,-1.027,0.027,0.032,0.218,2474,0
217514,3.012,9.428,-0.984,0.011,0.038,0.229,2470,0
217534,3.158,9.316,-0.912,0.015,0.026,0.234,2468,0
217554,3.349,9.139,-0.852,0.043,0.013,0.253,2468,0
217574,3.524,8.914,-0.797,0.064,-0.014,0.282,2466,0
217594,3.620,8.600,-0.721,0.097,-0.022,0.305,2465,0
217614,3.742,8.332,-0.678,0.131,-0.039,0.275,2461,0
217634,3.924,8.262,-0.642,0.153,-0.047,0.211,2460,0
217654,3.977,8.519,-0.802,0.124,-0.052,0.120,2455,0
217674,3.735,8.712,-0.922,0.058,-0.053,0.040,2454,0
217694,3.395,8.729,-0.931,0.037,-0.052,-0.007,2452,0
217714,3.086,8.722,-0.984,0.062,-0.050,-0.029,2451,0
217734,3.096,8.832,-1.008,0.069,-0.055,-0.036,2449,0
217754,3.275,9.009,-1.075,0.023,-0.047,-0.038,2448,0
217774,3.438,9.086,-1.089,-0.049,-0.039,-0.055,2449,0
217794,3.591,9.177,-1.130,-0.047,-0.043,-0.067,2447,0
217814,3.675,9.199,-1.171,0.001,-0.054,-0.050,2447,0
217834,3.721,9.294,-1.140,0.050,-0.057,-0.026,2447,0
217854,3.639,9.239,-1.097,0.044,-0.031,-0.029,2446,0
217874,3.462,9.170,-1.003,0.028,-0.022,-0.044,2446,0
217894,3.364,9.105,-0.970,0.035,-0.041,-0.046,2444,0
217914,3.338,9.105,-0.946,0.022,-0.063,-0.042,2442,0
217934,3.326,9.108,-0.855,0.000,-0.063,-0.054,2441,0
217954,3.333,9.088,-0.831,-0.009,-0.051,-0.076,2439,0
217974,3.361,9.153,-0.802,0.020,-0.046,-0.085,2439,0
217994,3.357,9.230,-0.821,0.038,-0.057,-0.084,2437,0
218014,3.369,9.285,-0.860,0.015,-0.071,-0.080,2435,0
218034,3.397,9.304,-0.857,-0.023,-0.074,-0.077,2434,0
218054,3.390,9.290,-0.862,-0.048,-0.079,-0.068,2433,0
218074,3.352,9.278,-0.862,-0.027,-0.085,-0.046,2431,0
218094,3.242,9.335,-0.895,-0.006,-0.094,-0.028,2430,0
218114,3.172,9.483,-1.015,0.025,-0.096,-0.007,2429,0
218134,3.091,9.546,-1.006,0.027,-0.065,0.025,2427,0
218154,2.971,9.297,-0.881,0.030,-0.007,0.058,2427,0
218174,2.868,8.684,-0.450,0.132,0.050,0.095,2427,0
218194,2.954,8.794,-0.251,0.321,0.050,0.083,2424,0
218214,3.371,9.819,-0.656,0.349,0.019,-0.012,2422,0
218234,4.104,11.157,-1.209,0.122,0.004,-0.089,2421,0
218254,4.444,12.230,-1.810,-0.349,0.029,-0.153,2420,0
218274,4.192,11.880,-1.669,-0.601,0.092,-0.104,2422,0
218294,3.903,11.222,-1.271,-0.450,0.072,0.042,2420,0
218314,3.730,10.558,-1.204,-0.209,0.035,0.139,2421,0
218334,3.543,9.876,-1.176,-0.131,0.083,0.183,2420,0
218354,3.551,9.218,-1.010,-0.151,0.117,0.188,2419,0
218374,3.687,8.619,-0.766,-0.187,0.108,0.140,2419,0
218394,3.706,8.090,-0.570,-0.207,0.082,0.058,2417,0
218414,3.802,7.614,-0.443,-0.196,0.016,-0.020,2418,0
218434,3.972,7.362,-0.496,-0.118,-0.039,-0.079,2417,0
218454,3.989,7.429,-0.591,-0.026,-0.044,-0.167,2417,0
218474,3.838,7.810,-0.613,0.037,0.001,-0.266,2417,0
218494,3.668,8.205,-0.541,0.021,0.020,-0.345,2417,0
218514,3.517,8.485,-0.474,-0.034,0.013,-0.396,2416,0
218534,3.259,8.746,-0.412,-0.102,-0.018,-0.419,2416,0
218554,3.285,8.978,-0.441,-0.172,-0.055,-0.418,2416,0
218574,3.548,9.182,-0.412,-0.256,-0.006,-0.380,2416,0
218594,3.443,8.935,-0.443,-0.216,-0.002,-0.304,2416,0
218614,3.560,8.856,-0.366,-0.109,0.039,-0.244,2417,0
218634,3.232,9.213,-0.237,-0.002,0.105,-0.209,2417,0
218654,2.832,9.498,-0.127,-0.004,0.150,-0.153,2416,0
218674,2.643,8.854,0.148,-0.029,0.137,-0.038,2415,0
218694,2.703,8.444,0.113,0.169,0.010,0.043,2416,0
218714,2.796,8.595,-0.089,0.366,-0.096,0.103,2416,0
218734,2.662,9.017,-0.369,0.420,-0.150,0.131,2417,0
218754,2.588,9.407,-0.508,0.276,-0.106,0.079,2416,0
218774,2.006,9.697,-0.340,0.019,0.036,0.051,2417,0
218794,1.132,9.108,-0.172,-0.158,0.114,0.117,2417,0
218814,0.816,8.674,-0.022,-0.072,0.060,0.219,2418,0
218834,0.685,8.614,0.024,0.149,-0.033,0.329,2418,0
218854,0.733,8.696,0.024,0.277,-0.072,0.392,2418,0
218874,0.658,8.643,-0.007,0.212,-0.031,0.421,2419,0
218894,0.905,7.939,0.146,0.173,-0.017,0.472,2418,0
218914,1.551,7.520,0.259,0.393,-0.073,0.459,2420,0
218934,2.045,7.573,0.242,0.616,-0.122,0.329,2418,0
218954,1.824,7.841,0.062,0.611,-0.122,0.193,2419,0
218974,2.231,7.700,0.117,0.479,-0.127,0.105,2419,0
218994,4.013,7.400,0.529,0.445,-0.166,-0.025,2417,0
219014,8.784,8.119,0.453,0.663,-0.312,-0.369,2416,0
219034,12.163,10.195,-0.378,0.988,-0.373,-0.904,2415,0
219054,5.507,11.097,-1.125,1.114,-0.062,-0.934,2415,0
219074,2.660,12.692,-2.796,1.231,-0.464,-0.490,2417,0
219094,2.950,13.204,-3.996,0.912,-0.714,-0.060,2421,0
219114,3.273,12.610,-4.231,0.158,-0.579,0.140,2425,0
219134,2.844,10.860,-3.421,-0.569,-0.235,0.200,2427,0
219154,2.217,9.313,-2.650,-0.523,-0.081,0.199,2426,0
219174,2.286,8.655,-2.200,-0.104,-0.167,0.197,2428,0
219194,2.789,8.322,-2.114,0.100,-0.072,0.179,2427,0
219214,3.124,8.205,-2.025,0.157,0.079,0.161,2426,0
219234,3.177,8.243,-1.808,0.197,0.143,0.084,2425,0
219254,3.187,8.509,-1.686,0.140,0.122,-0.058,2426,0
219274,3.335,8.784,-1.693,-0.003,0.102,-0.182,2424,0
219294,3.366,8.995,-1.736,-0.098,0.074,-0.221,2423,0
219314,3.388,9.304,-1.796,-0.111,0.039,-0.200,2423,0
219334,3.290,9.541,-1.755,-0.159,0.038,-0.164,2425,0
219354,3.002,9.622,-1.607,-0.210,0.051,-0.138,2425,0
219374,2.595,9.627,-1.379,-0.200,0.043,-0.111,2424,0
219394,2.473,9.663,-1.326,-0.154,0.014,-0.063,2424,0
219414,2.686,9.618,-1.279,-0.097,-0.018,0.001,2423,0
219434,3.074,9.471,-1.228,-0.013,-0.054,0.057,2424,0
219454,3.378,9.431,-1.243,0.094,-0.087,0.075,2425,0
219474,3.426,9.505,-1.286,0.165,-0.098,0.081,2424,0
219494,3.273,9.519,-1.398,0.184,-0.101,0.080,2424,0
219514,3.026,9.527,-1.520,0.191,-0.103,0.095,2423,0
219534,2.916,9.440,-1.575,0.185,-0.103,0.122,2422,0
219554,2.844,9.325,-1.590,0.176,-0.087,0.140,2425,0
219574,2.861,9.213,-1.542,0.165,-0.078,0.125,2425,0
219594,2.921,9.091,-1.508,0.155,-0.084,0.109,2424,0
219614,2.974,9.064,-1.516,0.145,-0.103,0.104,2424,0
219634,3.060,9.069,-1.590,0.128,-0.123,0.097,2424,0
219654,3.177,9.036,-1.664,0.104,-0.141,0.086,2426,0
219674,3.227,8.969,-1.745,0.094,-0.141,0.082,2424,0
219694,3.225,8.916,-1.786,0.076,-0.130,0.052,2425,0
219714,3.235,8.892,-1.824,0.054,-0.109,0.021,2423,0
219734,3.256,8.897,-1.839,0.035,-0.087,0.002,2425,0
219754,3.263,8.899,-1.788,0.031,-0.069,-0.002,2425,0
219774,3.270,8.832,-1.748,0.031,-0.063,-0.018,2423,0
219794,3.247,8.882,-1.829,0.037,-0.083,-0.037,2425,0
219814,3.294,9.002,-1.954,0.013,-0.109,-0.056,2422,0
219834,3.347,9.038,-1.961,-0.028,-0.096,-0.070,2425,0
219854,3.249,9.165,-1.951,-0.044,-0.073,-0.064,2425,0
219874,3.208,9.177,-1.908,-0.037,-0.065,-0.044,2423,0
219894,3.189,9.148,-1.860,0.005,-0.059,-0.025,2423,0
219914,3.179,9.191,-1.834,0.059,-0.045,-0.028,2424,0
219934,3.144,9.249,-1.877,0.096,-0.029,-0.030,2424,0
219954,3.120,9.342,-1.927,0.090,-0.024,-0.021,2423,0
219974,3.115,9.325,-1.915,0.048,-0.015,-0.014,2423,0
219994,3.084,9.254,-1.894,0.019,-0.012,-0.007,2423,0
220014,3.091,9.237,-1.812,0.024,-0.006,-0.007,2422,0
220034,3.065,9.225,-1.750,0.042,0.001,-0.003,2424,0
220054,3.017,9.266,-1.681,0.056,0.001,-0.001,2422,0
220074,3.024,9.275,-1.616,0.065,-0.017,-0.001,2424,0
220094,3.067,9.268,-1.626,0.059,-0.040,0.015,2423,0
220114,3.134,9.220,-1.650,0.051,-0.048,0.021,2422,0
220134,3.158,9.167,-1.681,0.047,-0.048,0.013,2424,0
220154,3.158,9.182,-1.659,0.046,-0.042,0.003,2422,0
220174,3.098,9.148,-1.676,0.038,-0.044,0.000,2422,0
220194,3.062,9.179,-1.657,0.035,-0.059,0.004,2420,0
220214,3.026,9.165,-1.741,0.035,-0.073,0.009,2423,0
220234,3.086,9.163,-1.760,0.025,-0.077,0.004,2423,0
220254,3.122,9.170,-1.841,0.010,-0.069,-0.002,2422,0
220274,3.175,9.153,-1.860,0.013,-0.065,0.002,2422,0
220294,3.191,9.115,-1.872,0.037,-0.057,0.006,2422,0
220314,3.182,9.172,-1.906,0.059,-0.055,0.007,2422,0
220334,3.191,9.206,-1.946,0.059,-0.053,0.007,2423,0
220354,3.139,9.201,-1.942,0.040,-0.048,0.007,2423,0
220374,3.158,9.148,-1.956,0.030,-0.044,0.011,2422,0
220394,3.230,9.062,-1.951,0.042,-0.033,0.024,2423,0
220414,3.227,8.995,-1.889,0.055,-0.018,0.017,2422,0
220434,3.225,9.005,-1.863,0.052,-0.006,0.004,2422,0
220454,3.208,9.000,-1.805,0.046,-0.001,-0.006,2422,0
220474,3.168,9.021,-1.760,0.047,-0.008,-0.015,2423,0
220494,3.165,9.098,-1.760,0.042,-0.018,-0.020,2421,0
220514,3.124,9.143,-1.700,0.032,-0.015,-0.024,2423,0
220534,3.122,9.182,-1.681,0.029,-0.011,-0.031,2424,0
220554,3.120,9.206,-1.642,0.044,-0.015,-0.027,2422,0
220574,3.105,9.220,-1.623,0.054,-0.027,-0.025,2424,0
220594,3.120,9.287,-1.602,0.051,-0.052,-0.013,2423,0
220614,3.165,9.287,-1.645,0.038,-0.070,0.004,2424,0
220634,3.206,9.239,-1.690,0.031,-0.070,0.008,2423,0
220654,3.177,9.210,-1.719,0.048,-0.062,0.009,2422,0
220674,3.112,9.189,-1.812,0.076,-0.064,0.021,2425,0
220694,3.129,9.163,-1.865,0.090,-0.073,0.032,2424,0
220714,3.151,9.155,-1.915,0.077,-0.071,0.035,2426,0
220734,3.225,9.081,-1.908,0.062,-0.059,0.030,2426,0
220754,3.244,9.067,-1.896,0.059,-0.045,0.033,2424,0
220774,3.215,9.043,-1.925,0.068,-0.040,0.034,2425,0
220794,3.194,9.110,-1.906,0.051,-0.042,0.021,2426,0
220814,3.211,9.127,-1.872,-0.001,-0.034,-0.008,2426,0
220834,3.194,9.081,-1.867,-0.023,-0.026,-0.013,2426,0
220854,3.177,9.055,-1.824,0.011,-0.029,-0.007,2425,0
220874,3.139,9.100,-1.808,0.050,-0.034,-0.004,2425,0
220894,3.182,9.153,-1.858,0.059,-0.040,-0.006,2425,0
220914,3.196,9.151,-1.851,0.044,-0.048,-0.002,2425,0
220934,3.177,9.143,-1.846,0.025,-0.051,-0.007,2400,0
220954,3.196,9.088,-1.834,0.017,-0.046,-0.016,2427,0
220974,3.168,9.052,-1.841,0.039,-0.045,-0.009,2426,0
220994,3.206,9.052,-1.865,0.061,-0.050,-0.003,2426,0
221014,3.206,9.074,-1.889,0.067,-0.040,-0.009,2426,0
221034,3.218,9.081,-1.860,0.052,-0.028,-0.021,2425,0
221054,3.163,9.112,-1.870,0.043,-0.030,-0.020,2425,0
221074,3.117,9.179,-1.856,0.038,-0.045,-0.019,2425,0
221094,3.158,9.187,-1.860,0.025,-0.049,-0.017,2426,0
221114,3.156,9.206,-1.832,0.029,-0.035,-0.017,2424,0
221134,3.165,9.230,-1.815,0.041,-0.029,-0.017,2426,0
221154,3.127,9.237,-1.805,0.043,-0.029,-0.008,2426,0
221174,3.115,9.208,-1.784,0.043,-0.038,0.004,2424,0
221194,3.112,9.194,-1.781,0.038,-0.051,0.002,2425,0
221214,3.141,9.203,-1.820,0.029,-0.056,-0.001,2425,0
221234,3.182,9.177,-1.824,0.034,-0.047,0.003,2425,0
221254,3.158,9.172,-1.808,0.058,-0.043,0.007,2424,0
221274,3.139,9.201,-1.846,0.073,-0.046,0.014,2425,0
221294,3.122,9.244,-1.844,0.057,-0.055,0.015,2425,0
221314,3.112,9.170,-1.870,0.034,-0.053,0.018,2425,0
221334,3.151,9.088,-1.841,0.043,-0.049,0.027,2423,0
221354,3.187,9.012,-1.841,0.074,-0.046,0.019,2425,0
221374,3.208,9.055,-1.860,0.085,-0.046,0.013,2423,0
221394,3.201,9.105,-1.925,0.063,-0.051,0.003,2425,0
221414,3.191,9.117,-1.942,0.025,-0.056,-0.005,2425,0
221434,3.165,9.131,-1.918,0.008,-0.052,-0.004,2424,0
221454,3.146,9.141,-1.915,0.020,-0.041,-0.005,2426,0
221474,3.168,9.199,-1.946,0.043,-0.034,-0.002,2428,0
221494,3.153,9.196,-1.951,0.052,-0.036,0.017,2427,0
221514,3.141,9.191,-1.930,0.050,-0.039,0.028,2426,0
221534,3.230,9.155,-1.944,0.042,-0.042,0.029,2427,0
221554,3.244,9.084,-1.908,0.024,-0.045,0.021,2429,0
221574,3.220,9.005,-1.918,0.016,-0.038,0.016,2429,0
221594,3.189,9.005,-1.911,0.020,-0.038,0.007,2430,0
221614,3.225,9.021,-1.939,0.031,-0.033,-0.001,2432,0
221634,3.208,9.067,-1.913,0.030,-0.023,-0.011,2433,0
221654,3.237,9.120,-1.882,0.024,-0.017,-0.021,2434,0
221674,3.179,9.163,-1.896,0.005,-0.012,-0.023,2433,0
221694,3.144,9.234,-1.858,-0.009,-0.020,-0.019,2437,0
221714,3.108,9.342,-1.817,-0.043,-0.043,-0.002,2435,0
221734,3.175,9.395,-1.846,-0.159,-0.066,0.008,2435,0
221754,3.196,9.287,-1.791,-0.259,-0.087,0.008,2436,0
221774,3.213,9.194,-1.796,-0.292,-0.098,0.017,2436,0
221794,3.292,9.103,-1.736,-0.253,-0.082,0.028,2436,0
221814,3.311,9.002,-1.654,-0.165,-0.039,0.020,2437,0
221834,3.304,8.981,-1.578,-0.024,-0.003,0.008,2439,0
221854,3.316,9.093,-1.614,0.114,0.016,0.013,2438,0
221874,3.268,9.234,-1.678,0.145,0.024,0.007,2437,0
221894,3.196,9.270,-1.733,0.068,0.031,-0.001,2437,0
221914,3.206,9.225,-1.671,-0.006,0.035,-0.003,2437,0
221934,3.242,9.112,-1.640,-0.036,0.044,-0.006,2439,0
221954,3.259,9.057,-1.547,-0.023,0.057,-0.009,2438,0
221974,3.242,9.079,-1.508,0.014,0.053,-0.011,2437,0
221994,3.261,9.091,-1.444,0.039,0.039,-0.005,2438,0
222014,3.268,9.086,-1.446,0.042,0.019,0.004,2438,0
222034,3.189,9.064,-1.465,0.028,0.002,0.001,2438,0
222054,3.139,9.096,-1.465,0.011,-0.007,-0.014,2439,0
222074,3.151,9.131,-1.458,0.019,-0.010,-0.018,2437,0
222094,3.115,9.158,-1.405,0.059,-0.018,-0.010,2437,0
222114,3.108,9.225,-1.403,0.095,-0.037,-0.004,2437,0
222134,3.144,9.299,-1.460,0.095,-0.051,0.004,2439,0
222154,3.199,9.318,-1.523,0.076,-0.063,0.018,2437,0
222174,3.299,9.266,-1.518,0.060,-0.063,0.038,2437,0
222194,3.311,9.184,-1.513,0.069,-0.048,0.045,2438,0
222214,3.292,9.110,-1.518,0.074,-0.038,0.035,2437,0
222234,3.280,9.093,-1.525,0.059,-0.035,0.027,2438,0
222254,3.263,9.031,-1.530,0.044,-0.038,0.018,2437,0
222274,3.314,9.012,-1.499,0.041,-0.046,0.015,2437,0
222294,3.316,9.036,-1.573,0.041,-0.048,0.015,2437,0
222314,3.294,9.024,-1.609,0.041,-0.043,0.006,2436,0
222334,3.299,9.009,-1.628,0.041,-0.041,-0.008,2437,0
222354,3.287,9.029,-1.683,0.043,-0.040,-0.016,2434,0
222374,3.268,9.060,-1.705,0.041,-0.038,-0.011,2437,0
222394,3.259,9.115,-1.755,0.055,-0.035,-0.006,2437,0
222414,3.249,9.143,-1.769,0.051,-0.026,-0.016,2436,0
222434,3.273,9.210,-1.796,0.023,-0.018,-0.025,2437,0
222454,3.235,9.280,-1.769,0.004,-0.007,-0.003,2438,0
222474,3.170,9.318,-1.681,0.022,-0.015,0.018,2438,0
222494,3.223,9.347,-1.642,0.010,-0.031,0.029,2438,0
222514,3.302,9.503,-1.504,-0.088,-0.092,0.031,2467,0
222534,3.263,9.507,-1.334,-0.392,-0.245,0.011,2610,0
222554,3.321,9.347,-1.652,-0.650,-0.185,-0.061,2780,0
222574,3.354,9.273,-1.542,-0.795,-0.178,-0.119,2934,0
222594,3.225,9.127,-1.118,-0.867,-0.245,-0.108,3093,0
222614,3.268,9.124,-1.106,-0.722,-0.216,-0.076,3183,0
222634,2.971,9.325,-0.903,-0.404,-0.278,-0.015,3235,0
222654,2.942,9.457,-0.199,-0.354,-0.481,0.117,3284,0
222674,3.194,9.756,-0.182,-0.195,-0.693,0.107,3324,0
222694,3.589,9.481,-0.764,-0.272,-0.606,0.031,3724,0
222714,2.988,9.151,-0.994,-0.291,-0.333,0.135,3363,0
222734,2.571,9.462,-0.383,-0.096,-0.463,0.274,3369,0
222754,3.831,9.493,-0.378,-0.131,-0.705,0.257,3374,0
222774,2.825,9.000,-0.625,-0.238,-0.879,0.537,3374,0
222794,3.965,9.220,-0.512,0.019,-0.944,0.528,3373,0
222814,3.342,8.906,-0.692,0.049,-0.800,0.594,3372,0
222834,3.924,8.839,-1.695,0.280,-0.520,0.444,3372,0
222854,3.955,8.780,-0.893,0.145,-0.236,0.343,3377,0
222874,3.994,8.514,-1.087,0.462,-0.159,0.149,3379,2945
222894,3.761,8.945,-0.883,0.423,-0.027,0.189,3376,3413
222914,3.706,8.751,-1.168,0.698,-0.121,0.113,3374,3462
222934,3.807,9.455,-0.979,0.381,-0.094,0.107,3367,3617
222954,4.214,8.787,-1.946,0.330,-0.023,-0.070,3363,3756
222974,3.740,9.038,-1.408,0.010,0.242,-0.060,3359,3787
222994,3.838,8.969,-1.796,0.339,0.221,-0.097,3355,3822
223014,3.366,9.141,-0.950,0.218,0.068,0.126,3351,3873
223034,4.336,9.100,-2.057,0.496,0.015,-0.036,3346,3943
223054,3.529,8.619,-1.381,0.177,0.192,0.013,3343,4015
223074,4.278,9.371,-2.049,0.398,0.248,-0.138,3341,4047
223094,3.199,8.645,-1.281,0.191,0.241,0.023,3337,4071
223114,3.692,9.373,-1.683,0.332,0.105,0.018,3339,4094
223134,3.809,8.756,-1.458,0.142,0.043,0.010,3331,4095
223154,3.900,8.679,-1.444,0.112,0.101,-0.074,3329,4095
223174,3.658,8.969,-1.386,0.082,0.122,-0.076,3327,4095
223194,3.713,8.921,-1.286,0.054,-0.005,-0.017,3322,4095
223214,3.926,8.887,-1.489,0.071,-0.042,-0.019,3322,4095
223234,3.852,9.057,-1.489,0.090,-0.007,-0.020,3319,4095
223254,3.780,9.143,-1.405,0.079,-0.032,-0.025,3314,4095
223274,3.792,9.045,-1.487,0.060,-0.057,0.006,3312,4095
223294,3.907,8.966,-1.602,0.089,-0.071,0.027,3311,4095
223314,3.816,8.997,-1.549,0.093,-0.061,0.011,3310,4095
223334,3.792,9.017,-1.501,0.024,-0.092,-0.000,3308,4095
223354,3.905,8.849,-1.662,-0.002,-0.080,-0.019,3308,4095
223374,3.836,8.945,-1.604,0.045,-0.064,0.005,3304,4095
223394,3.780,8.961,-1.563,0.075,-0.119,0.037,3303,4095
223414,3.886,8.902,-1.683,0.077,-0.124,0.037,3300,4095
223434,3.915,8.887,-1.693,0.053,-0.081,0.032,3298,4095
223454,3.855,8.885,-1.654,0.029,-0.079,0.017,3297,4095
223474,3.828,8.844,-1.566,0.008,-0.123,0.030,3294,4095
223494,3.948,8.844,-1.683,0.013,-0.145,0.050,3272,4095
223514,3.979,8.734,-1.784,0.023,-0.110,0.038,3291,4095
223534,3.955,8.701,-1.760,0.033,-0.063,-0.011,3289,4095
223554,3.881,8.796,-1.776,0.042,-0.030,-0.024,3287,4095
223574,3.764,8.856,-1.678,0.051,-0.035,-0.012,3285,4095
223594,3.747,8.988,-1.733,0.053,-0.070,0.029,3286,4095
223614,3.651,9.131,-1.580,0.008,-0.085,0.083,3285,4095
223634,3.606,9.048,-0.778,-0.075,-0.175,0.224,3292,4019
223654,3.742,8.820,-1.350,-0.028,-0.302,0.298,3298,3677
223674,3.658,8.298,-1.927,0.085,-0.245,0.125,3296,3189
223694,4.750,9.246,-2.385,0.097,0.062,-0.099,3281,2662
223714,3.160,9.222,-2.354,-0.272,0.383,-0.105,3247,1361
223734,4.448,9.218,-2.540,-0.228,0.714,-0.223,3199,0
223754,3.460,8.308,-1.942,-0.371,0.868,-0.180,3154,0
223774,4.175,8.238,-0.946,-0.298,0.720,-0.326,3123,0
223794,4.137,8.274,-0.769,-0.067,0.630,-0.383,3093,0
223814,3.242,9.175,-0.618,-0.066,0.406,-0.249,3057,0
223834,4.348,9.392,-1.211,0.106,0.250,-0.214,3023,0
223854,3.493,9.175,-1.245,0.053,0.237,-0.061,2984,0
223874,3.881,9.311,-1.456,-0.050,0.365,-0.066,2939,0
223894,4.149,8.871,-1.130,0.054,0.417,-0.141,2892,0
223914,3.215,8.894,-0.766,-0.090,0.313,-0.013,2843,0
223934,4.207,9.093,-1.259,0.155,0.347,-0.067,2785,0
223954,3.476,9.031,-1.312,0.272,0.363,0.015,2719,0
223974,3.670,9.299,-0.943,0.242,0.394,0.056,2652,0
223994,4.092,8.916,-1.796,0.112,0.262,0.025,2607,0
224014,3.270,9.002,-1.214,0.112,0.423,0.028,2553,0
224034,4.525,8.784,-1.480,0.381,0.535,-0.110,2510,0
224054,3.081,9.026,-0.611,0.258,0.459,0.003,2473,0
224074,4.269,8.902,-0.479,0.338,0.367,-0.048,2446,0
224094,3.014,9.256,-0.661,0.250,0.171,0.084,2431,0
224114,3.800,9.158,-1.073,0.183,0.151,-0.031,2421,0
224134,3.752,9.148,-1.013,0.035,0.091,0.015,2418,0
224154,3.776,9.182,-0.804,0.013,0.039,0.016,2422,0
224174,3.807,9.062,-0.836,0.012,-0.007,0.008,2434,0
224194,3.867,9.069,-0.871,0.052,-0.008,-0.003,2447,0
224214,3.795,9.033,-0.922,0.057,-0.046,0.014,2446,0
224234,3.778,9.067,-1.018,0.089,-0.038,0.016,2465,0
224254,3.804,9.060,-1.058,0.053,-0.039,0.015,2472,0
224274,3.764,8.966,-1.113,0.033,-0.033,0.014,2475,0
224294,3.785,8.947,-1.082,0.072,-0.047,0.022,2478,0
224314,3.828,8.938,-1.113,0.138,-0.060,0.030,2464,0
224334,3.857,8.926,-1.132,0.165,-0.062,0.035,2480,0
224354,3.833,8.995,-1.140,0.150,-0.066,0.028,2481,0
224374,3.826,9.029,-1.188,0.088,-0.070,0.019,2482,0
224394,3.847,8.983,-1.209,0.024,-0.068,0.004,2487,0
224414,3.855,8.890,-1.195,0.002,-0.074,-0.003,2486,0
224434,3.845,8.899,-1.094,0.029,-0.066,-0.006,2490,0
224454,3.852,8.935,-1.192,0.044,-0.054,-0.005,2492,0
224474,3.826,9.033,-1.202,0.041,-0.040,-0.014,2493,0
224494,3.824,9.076,-1.161,0.018,-0.037,-0.012,2494,0
224514,3.802,9.048,-1.168,0.014,-0.035,-0.006,2496,0
224534,3.809,9.041,-1.161,0.018,-0.055,-0.003,2497,0
224554,3.816,9.033,-1.142,0.026,-0.064,0.001,2498,0
224574,3.795,9.000,-1.152,0.011,-0.054,-0.011,2493,0
224594,3.745,8.964,-1.135,0.021,-0.045,-0.014,2498,0
224614,3.792,9.055,-1.041,0.019,-0.045,-0.021,2492,0
224634,3.783,9.139,-0.608,-0.045,-0.071,0.005,2494,0
224654,3.369,9.038,-0.953,-0.089,-0.053,0.053,2497,0
224674,3.366,9.115,-1.001,0.007,-0.085,0.037,2497,0
224694,3.654,9.299,-1.271,0.135,-0.100,-0.034,2497,0
224714,4.195,9.227,-1.362,0.179,-0.075,-0.113,2497,0
224734,4.398,8.854,-0.946,0.050,-0.033,-0.084,2498,0
224754,3.809,8.662,-0.721,-0.119,-0.001,0.029,2497,0
224774,3.172,8.782,-0.888,-0.095,-0.054,0.097,2496,0
224794,3.383,9.079,-1.221,0.060,-0.129,0.022,2473,0
224814,4.022,9.225,-1.470,0.174,-0.142,-0.083,2496,0
224834,4.389,8.971,-1.240,0.120,-0.074,-0.079,2496,0
224854,4.046,8.811,-1.252,-0.036,-0.028,0.032,2495,0
224874,3.187,8.818,-1.176,-0.040,-0.066,0.103,2497,0
224894,3.405,9.143,-1.532,0.103,-0.119,0.030,2496,0
224914,4.142,9.306,-1.686,0.185,-0.081,-0.089,2498,0
224934,4.539,9.081,-1.405,0.069,0.002,-0.086,2497,0
224954,3.886,8.746,-1.056,-0.101,0.056,0.019,2497,0
224974,3.093,8.801,-1.030,-0.072,0.015,0.066,2498,0
224994,3.364,9.177,-1.288,0.111,-0.038,-0.007,2498,0
225014,4.140,9.359,-1.346,0.205,-0.034,-0.102,2498,0
225034,4.293,8.990,-0.869,0.057,0.014,-0.058,2500,0
225054,3.615,8.748,-0.776,-0.114,0.026,0.060,2499,0
225074,3.156,8.861,-1.065,-0.017,-0.036,0.078,2498,0
225094,3.598,9.196,-1.274,0.165,-0.094,-0.029,2498,0
225114,3.907,9.146,-1.183,0.119,-0.078,-0.044,2500,0
225134,3.807,8.911,-1.317,0.046,-0.081,-0.006,2501,0
225154,3.845,8.906,-1.267,0.033,-0.064,-0.022,2501,0
225174,3.814,8.985,-1.314,0.038,-0.046,-0.037,2501,0
225194,3.792,8.990,-1.302,0.038,-0.026,-0.043,2502,0
225214,3.766,9.067,-1.326,0.045,-0.009,-0.036,2501,0
225234,3.718,9.086,-1.312,0.034,-0.010,-0.029,2501,0
